-- MySQL Administrator dump 1.4
--
-- ------------------------------------------------------
-- Server version	5.5.55-0+deb8u1


/*!40101 SET @OLD_CHARACTER_SET_CLIENT=@@CHARACTER_SET_CLIENT */;
/*!40101 SET @OLD_CHARACTER_SET_RESULTS=@@CHARACTER_SET_RESULTS */;
/*!40101 SET @OLD_COLLATION_CONNECTION=@@COLLATION_CONNECTION */;
/*!40101 SET NAMES utf8 */;

/*!40014 SET @OLD_UNIQUE_CHECKS=@@UNIQUE_CHECKS, UNIQUE_CHECKS=0 */;
/*!40014 SET @OLD_FOREIGN_KEY_CHECKS=@@FOREIGN_KEY_CHECKS, FOREIGN_KEY_CHECKS=0 */;
/*!40101 SET @OLD_SQL_MODE=@@SQL_MODE, SQL_MODE='NO_AUTO_VALUE_ON_ZERO' */;


--
-- Create schema processar_arenera
--

CREATE DATABASE IF NOT EXISTS processar_arenera;
USE processar_arenera;

--
-- Definition of table `afipescalas`
--

DROP TABLE IF EXISTS `afipescalas`;
CREATE TABLE `afipescalas` (
  `idafipesc` int(10) unsigned NOT NULL AUTO_INCREMENT,
  `codigo` int(10) unsigned NOT NULL,
  `descrip` char(100) NOT NULL,
  `valmin` double(13,2) NOT NULL,
  `valmax` double(13,2) NOT NULL,
  `valfijo` double(13,2) NOT NULL,
  `razon` double(13,2) NOT NULL,
  `minret` double(13,2) NOT NULL,
  `escala` char(100) NOT NULL,
  PRIMARY KEY (`idafipesc`)
) ENGINE=InnoDB AUTO_INCREMENT=114 DEFAULT CHARSET=latin1;

--
-- Dumping data for table `afipescalas`
--

/*!40000 ALTER TABLE `afipescalas` DISABLE KEYS */;
INSERT INTO `afipescalas` (`idafipesc`,`codigo`,`descrip`,`valmin`,`valmax`,`valfijo`,`razon`,`minret`,`escala`) VALUES 
 (1,1,'Escala Ret. Gan. Inscriptos Reg 19',0.00,-1.00,0.00,3.00,240.00,'Escala Ret. Gan. Inscriptos Reg 19'),
 (2,2,'Escala Ret. Gan. NO Inscriptos Reg 19',0.00,-1.00,0.00,10.00,240.00,'Escala Ret. Gan. NO Inscriptos Reg 19'),
 (3,3,'Escala Ret. Gan. Inscriptos Reg 21',0.00,-1.00,0.00,6.00,240.00,'Escala Ret. Gan. Inscriptos Reg 21'),
 (4,4,'Escala Ret. Gan. NO Inscriptos Reg 21',0.00,-1.00,0.00,25.00,240.00,'Escala Ret. Gan. NO Inscriptos Reg 21'),
 (5,5,'Escala Ret. Gan. Inscriptos Reg 30',0.00,-1.00,0.00,6.00,240.00,'Escala Ret. Gan. Inscriptos Reg 30'),
 (6,6,'Escala Ret. Gan. NO Inscriptos Reg 30',0.00,-1.00,0.00,25.00,240.00,'Escala Ret. Gan. NO Inscriptos Reg 30'),
 (7,7,'Escala Ret. Gan. Inscriptos Reg 31',0.00,-1.00,0.00,6.00,240.00,'Escala Ret. Gan. Inscriptos Reg 31'),
 (8,8,'Escala Ret. Gan. NO Inscriptos Reg 31',0.00,-1.00,0.00,25.00,1020.00,'Escala Ret. Gan. NO Inscriptos Reg 31'),
 (9,9,'Escala Ret. Gan. Inscriptos Reg 32',0.00,-1.00,0.00,6.00,240.00,'Escala Ret. Gan. Inscriptos Reg 32'),
 (10,10,'Escala Ret. Gan. NO Inscriptos Reg 32',0.00,-1.00,0.00,25.00,240.00,'Escala Ret. Gan. NO Inscriptos Reg 32'),
 (11,11,'Escala Ret. Gan. Inscriptos Reg 35',0.00,-1.00,0.00,6.00,240.00,'Escala Ret. Gan. Inscriptos Reg 35'),
 (12,12,'Escala Ret. Gan. NO Inscriptos Reg 35',0.00,-1.00,0.00,25.00,240.00,'Escala Ret. Gan. NO Inscriptos Reg 35'),
 (13,13,'Escala Ret. Gan. Inscriptos Reg 43',0.00,-1.00,0.00,6.00,240.00,'Escala Ret. Gan. Inscriptos Reg 43'),
 (14,14,'Escala Ret. Gan. NO Inscriptos Reg 43',0.00,-1.00,0.00,25.00,240.00,'Escala Ret. Gan. NO Inscriptos Reg 43'),
 (15,15,'Escala Ret. Gan. Inscriptos Reg 51',0.00,-1.00,0.00,6.00,240.00,'Escala Ret. Gan. Inscriptos Reg 51'),
 (16,16,'Escala Ret. Gan. NO Inscriptos Reg 51',0.00,-1.00,0.00,25.00,240.00,'Escala Ret. Gan. NO Inscriptos Reg 51'),
 (17,17,'Escala Ret. Gan. Inscriptos Reg 78',0.00,-1.00,0.00,2.00,240.00,'Escala Ret. Gan. Inscriptos Reg 78'),
 (18,18,'Escala Ret. Gan. NO Inscriptos Reg 78',0.00,-1.00,0.00,10.00,240.00,'Escala Ret. Gan. NO Inscriptos Reg 78'),
 (19,19,'Escala Ret. Gan. Inscriptos Reg 86',0.00,-1.00,0.00,2.00,240.00,'Escala Ret. Gan. Inscriptos Reg 86'),
 (20,20,'Escala Ret. Gan. NO Inscriptos Reg 86',0.00,-1.00,0.00,10.00,240.00,'Escala Ret. Gan. NO Inscriptos Reg 86'),
 (21,21,'Escala Ret. Gan. Inscriptos Reg 110 a',0.00,8000.00,0.00,5.00,0.00,'Escala Ret. Gan. Inscriptos Reg 110'),
 (22,21,'Escala Ret. Gan. Inscriptos Reg 110 b',8000.00,16000.00,400.00,9.00,0.00,'Escala Ret. Gan. Inscriptos Reg 110'),
 (23,21,'Escala Ret. Gan. Inscriptos Reg 110 c',16000.00,24000.00,1120.00,12.00,0.00,'Escala Ret. Gan. Inscriptos Reg 110'),
 (24,21,'Escala Ret. Gan. Inscriptos Reg 110 d',24000.00,32000.00,2080.00,15.00,0.00,'Escala Ret. Gan. Inscriptos Reg 110'),
 (25,21,'Escala Ret. Gan. Inscriptos Reg 110 e',32000.00,48000.00,3280.00,19.00,0.00,'Escala Ret. Gan. Inscriptos Reg 110'),
 (26,21,'Escala Ret. Gan. Inscriptos Reg 110 f',48000.00,64000.00,6320.00,23.00,0.00,'Escala Ret. Gan. Inscriptos Reg 110'),
 (27,21,'Escala Ret. Gan. Inscriptos Reg 110 g',64000.00,96000.00,10000.00,27.00,0.00,'Escala Ret. Gan. Inscriptos Reg 110'),
 (28,21,'Escala Ret. Gan. Inscriptos Reg 110 h',96000.00,-1.00,18640.00,31.00,0.00,'Escala Ret. Gan. Inscriptos Reg 110'),
 (29,22,'Escala Ret. Gan. NO Inscriptos Reg 110',0.00,-1.00,0.00,28.00,240.00,'Escala Ret. Gan. NO Inscriptos Reg 110'),
 (30,23,'Escala Ret. Gan. Inscriptos Reg 94',0.00,-1.00,0.00,2.00,240.00,'Escala Ret. Gan. Inscriptos Reg 94'),
 (31,24,'Escala Ret. Gan. NO Inscriptos Reg 94',0.00,-1.00,0.00,25.00,240.00,'Escala Ret. Gan. NO Inscriptos Reg 94'),
 (32,25,'Escala Ret. Gan. Inscriptos Reg 25 a',0.00,8000.00,0.00,5.00,0.00,'Escala Ret. Gan. Inscriptos Reg 25'),
 (33,25,'Escala Ret. Gan. Inscriptos Reg 25 b',8000.00,16000.00,400.00,9.00,0.00,'Escala Ret. Gan. Inscriptos Reg 25'),
 (34,25,'Escala Ret. Gan. Inscriptos Reg 25 c',16000.00,24000.00,1120.00,12.00,0.00,'Escala Ret. Gan. Inscriptos Reg 25'),
 (35,25,'Escala Ret. Gan. Inscriptos Reg 25 d',24000.00,32000.00,2080.00,15.00,0.00,'Escala Ret. Gan. Inscriptos Reg 25'),
 (36,25,'Escala Ret. Gan. Inscriptos Reg 25 e',32000.00,48000.00,3280.00,19.00,0.00,'Escala Ret. Gan. Inscriptos Reg 25'),
 (37,25,'Escala Ret. Gan. Inscriptos Reg 25 f',48000.00,64000.00,6320.00,23.00,0.00,'Escala Ret. Gan. Inscriptos Reg 25'),
 (38,25,'Escala Ret. Gan. Inscriptos Reg 25 g',64000.00,96000.00,10000.00,27.00,0.00,'Escala Ret. Gan. Inscriptos Reg 25'),
 (39,25,'Escala Ret. Gan. Inscriptos Reg 25 h',96000.00,-1.00,18640.00,31.00,0.00,'Escala Ret. Gan. Inscriptos Reg 25'),
 (40,26,'Escala Ret. Gan. NO Inscriptos Reg 25',0.00,-1.00,0.00,28.00,240.00,'Escala Ret. Gan. NO Inscriptos Reg 25'),
 (41,27,'Escala Ret. Gan. Inscriptos Reg 116 a',0.00,8000.00,0.00,5.00,0.00,'Escala Ret. Gan. Inscriptos Reg 116'),
 (42,27,'Escala Ret. Gan. Inscriptos Reg 116 b',8000.00,16000.00,400.00,9.00,0.00,'Escala Ret. Gan. Inscriptos Reg 116'),
 (43,27,'Escala Ret. Gan. Inscriptos Reg 116 c',16000.00,24000.00,1120.00,12.00,0.00,'Escala Ret. Gan. Inscriptos Reg 116'),
 (44,27,'Escala Ret. Gan. Inscriptos Reg 116 d',24000.00,32000.00,2080.00,15.00,0.00,'Escala Ret. Gan. Inscriptos Reg 116'),
 (45,27,'Escala Ret. Gan. Inscriptos Reg 116 e',32000.00,48000.00,3280.00,19.00,0.00,'Escala Ret. Gan. Inscriptos Reg 116'),
 (46,27,'Escala Ret. Gan. Inscriptos Reg 116 f',48000.00,64000.00,6320.00,23.00,0.00,'Escala Ret. Gan. Inscriptos Reg 116'),
 (47,27,'Escala Ret. Gan. Inscriptos Reg 116 g',64000.00,96000.00,10000.00,27.00,0.00,'Escala Ret. Gan. Inscriptos Reg 116'),
 (48,27,'Escala Ret. Gan. Inscriptos Reg 116 h',96000.00,-1.00,18640.00,31.00,0.00,'Escala Ret. Gan. Inscriptos Reg 116'),
 (49,28,'Escala Ret. Gan. NO Inscriptos Reg 116',0.00,-1.00,0.00,28.00,240.00,'Escala Ret. Gan. NO Inscriptos Reg 116'),
 (50,29,'Escala Ret. Gan. Inscriptos Reg 116 a',0.00,8000.00,0.00,5.00,0.00,'Escala Ret. Gan. Inscriptos Reg 116'),
 (51,29,'Escala Ret. Gan. Inscriptos Reg 116 b',8000.00,16000.00,400.00,9.00,0.00,'Escala Ret. Gan. Inscriptos Reg 116'),
 (52,29,'Escala Ret. Gan. Inscriptos Reg 116 c',16000.00,24000.00,1120.00,12.00,0.00,'Escala Ret. Gan. Inscriptos Reg 116'),
 (53,29,'Escala Ret. Gan. Inscriptos Reg 116 d',24000.00,32000.00,2080.00,15.00,0.00,'Escala Ret. Gan. Inscriptos Reg 116'),
 (54,29,'Escala Ret. Gan. Inscriptos Reg 116 e',32000.00,48000.00,3280.00,19.00,0.00,'Escala Ret. Gan. Inscriptos Reg 116'),
 (55,29,'Escala Ret. Gan. Inscriptos Reg 116 f',48000.00,64000.00,6320.00,23.00,0.00,'Escala Ret. Gan. Inscriptos Reg 116'),
 (56,29,'Escala Ret. Gan. Inscriptos Reg 116 g',64000.00,96000.00,10000.00,27.00,0.00,'Escala Ret. Gan. Inscriptos Reg 116'),
 (57,29,'Escala Ret. Gan. Inscriptos Reg 116 h',96000.00,-1.00,18640.00,31.00,0.00,'Escala Ret. Gan. Inscriptos Reg 116'),
 (58,30,'Escala Ret. Gan. NO Inscriptos Reg 116',0.00,-1.00,0.00,28.00,240.00,'Escala Ret. Gan. NO Inscriptos Reg 116'),
 (59,31,'Escala Ret. Gan. Inscriptos Reg 124 a',0.00,8000.00,0.00,5.00,0.00,'Escala Ret. Gan. Inscriptos Reg 124'),
 (60,31,'Escala Ret. Gan. Inscriptos Reg 124 b',8000.00,16000.00,400.00,9.00,0.00,'Escala Ret. Gan. Inscriptos Reg 124'),
 (61,31,'Escala Ret. Gan. Inscriptos Reg 124 c',16000.00,24000.00,1120.00,12.00,0.00,'Escala Ret. Gan. Inscriptos Reg 124'),
 (62,31,'Escala Ret. Gan. Inscriptos Reg 124 d',24000.00,32000.00,2080.00,15.00,0.00,'Escala Ret. Gan. Inscriptos Reg 124'),
 (63,31,'Escala Ret. Gan. Inscriptos Reg 124 e',32000.00,48000.00,3280.00,19.00,0.00,'Escala Ret. Gan. Inscriptos Reg 124'),
 (64,31,'Escala Ret. Gan. Inscriptos Reg 124 f',48000.00,64000.00,6320.00,23.00,0.00,'Escala Ret. Gan. Inscriptos Reg 124'),
 (65,31,'Escala Ret. Gan. Inscriptos Reg 124 g',64000.00,96000.00,10000.00,27.00,0.00,'Escala Ret. Gan. Inscriptos Reg 124'),
 (66,31,'Escala Ret. Gan. Inscriptos Reg 124 h',96000.00,-1.00,18640.00,31.00,0.00,'Escala Ret. Gan. Inscriptos Reg 124'),
 (67,32,'Escala Ret. Gan. NO Inscriptos Reg 124',0.00,-1.00,0.00,28.00,240.00,'Escala Ret. Gan. NO Inscriptos Reg 124'),
 (68,33,'Escala Ret. Gan. Inscriptos Reg 95',0.00,-1.00,0.00,0.25,240.00,'Escala Ret. Gan. Inscriptos Reg 95'),
 (69,34,'Escala Ret. Gan. NO Inscriptos Reg 95',0.00,-1.00,0.00,25.00,240.00,'Escala Ret. Gan. NO Inscriptos Reg 95'),
 (70,35,'Escala Ret. Gan. Inscriptos Reg 53',0.00,-1.00,0.00,0.50,240.00,'Escala Ret. Gan. Inscriptos Reg 53'),
 (71,36,'Escala Ret. Gan. NO Inscriptos Reg 53',0.00,-1.00,0.00,2.00,240.00,'Escala Ret. Gan. NO Inscriptos Reg 53'),
 (72,37,'Escala Ret. Gan. Inscriptos Reg 55',0.00,-1.00,0.00,0.50,240.00,'Escala Ret. Gan. Inscriptos Reg 55'),
 (73,38,'Escala Ret. Gan. NO Inscriptos Reg 55',0.00,-1.00,0.00,2.00,240.00,'Escala Ret. Gan. NO Inscriptos Reg 55'),
 (74,39,'Escala Ret. Gan. Inscriptos Reg 111',0.00,-1.00,0.00,0.50,240.00,'Escala Ret. Gan. Inscriptos Reg 111'),
 (75,40,'Escala Ret. Gan. NO Inscriptos Reg 111',0.00,-1.00,0.00,2.00,240.00,'Escala Ret. Gan. NO Inscriptos Reg 111'),
 (76,41,'Escala Ret. Gan. Inscriptos Reg 112',0.00,-1.00,0.00,3.00,240.00,'Escala Ret. Gan. Inscriptos Reg 112'),
 (77,42,'Escala Ret. Gan. NO Inscriptos Reg 112',0.00,-1.00,0.00,3.00,240.00,'Escala Ret. Gan. NO Inscriptos Reg 112'),
 (78,43,'Escala Ret. Gan. Inscriptos Reg 113',0.00,-1.00,0.00,3.00,240.00,'Escala Ret. Gan. Inscriptos Reg 113'),
 (79,44,'Escala Ret. Gan. NO Inscriptos Reg 113',0.00,-1.00,0.00,3.00,240.00,'Escala Ret. Gan. NO Inscriptos Reg 113'),
 (80,45,'Escala Ret. Gan. Inscriptos Reg 779',0.00,-1.00,0.00,2.00,240.00,'Escala Ret. Gan. Inscriptos Reg 779'),
 (81,46,'Escala Ret. Gan. NO Inscriptos Reg 779',0.00,-1.00,0.00,10.00,240.00,'Escala Ret. Gan. NO Inscriptos Reg 779'),
 (82,47,'Escala Ret. Gan. Inscriptos Reg 780',0.00,-1.00,0.00,2.00,240.00,'Escala Ret. Gan. Inscriptos Reg 780'),
 (83,48,'Escala Ret. Gan. NO Inscriptos Reg 780',0.00,-1.00,0.00,25.00,240.00,'Escala Ret. Gan. NO Inscriptos Reg 780'),
 (86,50,'Escala Ret. IIBB ARBA Ali. 0,10',0.00,-1.00,0.00,0.10,0.00,'Escala Ret. IIBB ARBA Ali. 0,10'),
 (87,51,'Escala Ret. IIBB ARBA Ali. 0,20',0.00,-1.00,0.00,0.20,0.00,'Escala Ret. IIBB ARBA Ali. 0,20'),
 (88,52,'Escala Ret. IIBB ARBA Ali. 0,30',0.00,-1.00,0.00,0.30,0.00,'Escala Ret. IIBB ARBA Ali. 0,30'),
 (89,53,'Escala Ret. IIBB ARBA Ali. 0,40',0.00,-1.00,0.00,0.40,0.00,'Escala Ret. IIBB ARBA Ali. 0,40'),
 (90,54,'Escala Ret. IIBB ARBA Ali. 0,50',0.00,-1.00,0.00,0.50,0.00,'Escala Ret. IIBB ARBA Ali. 0,50'),
 (91,55,'Escala Ret. IIBB ARBA Ali. 0,60',0.00,-1.00,0.00,0.60,0.00,'Escala Ret. IIBB ARBA Ali. 0,60'),
 (92,56,'Escala Ret. IIBB ARBA Ali. 0,70',0.00,-1.00,0.00,0.70,0.00,'Escala Ret. IIBB ARBA Ali. 0,70'),
 (93,57,'Escala Ret. IIBB ARBA Ali. 0,80',0.00,-1.00,0.00,0.80,0.00,'Escala Ret. IIBB ARBA Ali. 0,80'),
 (94,58,'Escala Ret. IIBB ARBA Ali. 0,90',0.00,-1.00,0.00,0.90,0.00,'Escala Ret. IIBB ARBA Ali. 0,90'),
 (95,59,'Escala Ret. IIBB ARBA Ali. 1,00',0.00,-1.00,0.00,1.00,0.00,'Escala Ret. IIBB ARBA Ali. 1,00'),
 (96,60,'Escala Ret. IIBB ARBA Ali. 1,10',0.00,-1.00,0.00,1.10,0.00,'Escala Ret. IIBB ARBA Ali. 1,10'),
 (97,61,'Escala Ret. IIBB ARBA Ali. 1,20',0.00,-1.00,0.00,1.20,0.00,'Escala Ret. IIBB ARBA Ali. 1,20'),
 (98,62,'Escala Ret. IIBB ARBA Ali. 1,30',0.00,-1.00,0.00,1.30,0.00,'Escala Ret. IIBB ARBA Ali. 1,30'),
 (99,63,'Escala Ret. IIBB ARBA Ali. 1,50',0.00,-1.00,0.00,1.50,0.00,'Escala Ret. IIBB ARBA Ali. 1,50'),
 (100,64,'Escala Ret. IIBB ARBA Ali. 1,60',0.00,-1.00,0.00,1.60,0.00,'Escala Ret. IIBB ARBA Ali. 1,60'),
 (101,65,'Escala Ret. IIBB ARBA Ali. 1,75',0.00,-1.00,0.00,1.75,0.00,'Escala Ret. IIBB ARBA Ali. 1,75'),
 (102,66,'Escala Ret. IIBB ARBA Ali. 2,00',0.00,-1.00,0.00,2.00,0.00,'Escala Ret. IIBB ARBA Ali. 2,00'),
 (103,67,'Escala Ret. IIBB ARBA Ali. 2,50',0.00,-1.00,0.00,2.50,0.00,'Escala Ret. IIBB ARBA Ali. 2,50'),
 (104,68,'Escala Ret. IIBB ARBA Ali. 3,00',0.00,-1.00,0.00,3.00,0.00,'Escala Ret. IIBB ARBA Ali. 3,00'),
 (105,69,'Escala Ret. IIBB ARBA Ali. 3,50',0.00,-1.00,0.00,3.50,0.00,'Escala Ret. IIBB ARBA Ali. 3,50'),
 (106,70,'Escala Ret. IIBB ARBA Ali. 4,00',0.00,-1.00,0.00,4.00,0.00,'Escala Ret. IIBB ARBA Ali. 4,00'),
 (107,71,'Escala Ret. IIBB ARBA Ali. 5,00',0.00,-1.00,0.00,5.00,0.00,'Escala Ret. IIBB ARBA Ali. 5,00'),
 (108,72,'Escala Ret. IIBB ARBA Ali. 6,00',0.00,-1.00,0.00,6.00,0.00,'Escala Ret. IIBB ARBA Ali. 6,00');
/*!40000 ALTER TABLE `afipescalas` ENABLE KEYS */;


--
-- Definition of table `entidadper`
--

DROP TABLE IF EXISTS `entidadper`;
CREATE TABLE `entidadper` (
  `identper` int(10) unsigned NOT NULL AUTO_INCREMENT,
  `entidad` int(10) unsigned NOT NULL,
  `idimpuper` int(10) unsigned NOT NULL,
  `enconvenio` char(1) NOT NULL DEFAULT 'N',
  PRIMARY KEY (`identper`)
) ENGINE=InnoDB AUTO_INCREMENT=597 DEFAULT CHARSET=latin1;

--
-- Dumping data for table `entidadper`
--

/*!40000 ALTER TABLE `entidadper` DISABLE KEYS */;
INSERT INTO `entidadper` (`identper`,`entidad`,`idimpuper`,`enconvenio`) VALUES 
 (1,18,25,'S'),
 (2,19,28,'N'),
 (3,25,23,'N'),
 (4,28,12,'N'),
 (5,41,26,'N'),
 (6,104,12,'S'),
 (7,135,26,'N'),
 (8,141,26,'N'),
 (9,148,23,'S'),
 (10,149,27,'S'),
 (11,154,23,'S'),
 (12,163,27,'S'),
 (13,206,23,'N'),
 (14,211,12,'N'),
 (15,213,12,'S'),
 (16,219,12,'N'),
 (17,220,23,'S'),
 (18,223,12,'S'),
 (19,232,12,'N'),
 (20,240,12,'N'),
 (21,241,26,'S'),
 (22,244,26,'S'),
 (23,252,23,'S'),
 (24,258,27,'N'),
 (25,260,12,'S'),
 (26,261,12,'S'),
 (27,262,12,'S'),
 (28,266,27,'S'),
 (29,269,27,'S'),
 (30,270,26,'N'),
 (31,292,26,'N'),
 (32,294,12,'S'),
 (33,302,26,'N'),
 (34,304,27,'N'),
 (35,305,23,'S'),
 (36,306,12,'N'),
 (37,307,12,'S'),
 (38,308,25,'S'),
 (39,309,23,'N'),
 (40,311,26,'N'),
 (41,314,27,'S'),
 (42,320,12,'S'),
 (43,321,26,'N'),
 (44,323,28,'N'),
 (45,329,26,'N'),
 (46,346,26,'N'),
 (47,347,12,'S'),
 (48,359,23,'N'),
 (49,365,23,'N'),
 (50,371,26,'N'),
 (51,385,25,'S'),
 (52,390,26,'N'),
 (53,397,23,'N'),
 (54,400,23,'N'),
 (55,410,28,'S'),
 (56,413,26,'N'),
 (57,427,26,'N'),
 (58,454,27,'S'),
 (59,467,12,'S'),
 (60,519,12,'N'),
 (61,522,26,'N'),
 (62,525,23,'S'),
 (63,561,26,'N'),
 (64,566,12,'S'),
 (65,570,12,'N'),
 (66,587,26,'N'),
 (67,602,27,'N'),
 (68,603,26,'N'),
 (69,632,27,'N'),
 (70,636,23,'N'),
 (71,644,23,'N'),
 (72,652,12,'S'),
 (73,668,25,'S'),
 (74,669,27,'S'),
 (75,673,26,'S'),
 (76,682,26,'N'),
 (77,683,23,'N'),
 (78,693,12,'S'),
 (79,695,26,'N'),
 (80,707,26,'N'),
 (81,708,27,'S'),
 (82,711,12,'N'),
 (83,712,23,'S'),
 (84,731,26,'N'),
 (85,746,25,'S'),
 (86,748,27,'N'),
 (87,771,23,'N'),
 (88,772,26,'N'),
 (89,778,27,'S'),
 (90,779,23,'N'),
 (91,781,26,'N'),
 (92,782,27,'N'),
 (93,783,26,'N'),
 (94,791,27,'N'),
 (95,803,12,'S'),
 (96,814,23,'N'),
 (97,830,25,'S'),
 (98,847,26,'N'),
 (99,859,26,'N'),
 (100,880,23,'N'),
 (101,881,26,'N'),
 (102,883,26,'N'),
 (103,888,23,'S'),
 (104,890,12,'S'),
 (105,904,27,'N'),
 (106,914,26,'N'),
 (107,920,12,'S'),
 (108,921,12,'N'),
 (109,924,26,'N'),
 (110,927,23,'S'),
 (111,945,26,'N'),
 (112,947,27,'N'),
 (113,949,23,'N'),
 (114,961,23,'N'),
 (115,965,27,'S'),
 (116,966,26,'N'),
 (117,968,26,'S'),
 (118,983,23,'N'),
 (119,990,23,'N'),
 (120,995,26,'N'),
 (121,1017,26,'S'),
 (122,1043,23,'N'),
 (123,1048,12,'N'),
 (124,1064,26,'N'),
 (125,1066,12,'S'),
 (126,1080,25,'S'),
 (127,1103,26,'N'),
 (128,1110,12,'N'),
 (129,1135,23,'N'),
 (130,1168,12,'S'),
 (131,1175,27,'S'),
 (132,1179,23,'S'),
 (133,1182,26,'S'),
 (134,1199,26,'S'),
 (135,1203,26,'N'),
 (136,1207,26,'N'),
 (137,1208,26,'N'),
 (138,1214,26,'N'),
 (139,1216,26,'N'),
 (140,1223,26,'N'),
 (141,1227,26,'N'),
 (142,1233,26,'S'),
 (143,1237,12,'S'),
 (144,1242,12,'S'),
 (145,1248,12,'S'),
 (146,1256,27,'N'),
 (147,1298,12,'N'),
 (148,1300,28,'N'),
 (149,1309,27,'S'),
 (150,1335,26,'N'),
 (151,1341,12,'N'),
 (152,1346,26,'N'),
 (153,1347,12,'N'),
 (154,1355,12,'S'),
 (155,1356,26,'N'),
 (156,1357,26,'N'),
 (157,1360,23,'N'),
 (158,1361,26,'N'),
 (159,1366,27,'S'),
 (160,1367,26,'N'),
 (161,1368,26,'N'),
 (162,2032,12,'S'),
 (163,2326,12,'N'),
 (164,2354,27,'S'),
 (165,3036,28,'S'),
 (166,3057,28,'S'),
 (167,4041,27,'S'),
 (168,5294,23,'N'),
 (169,5426,27,'N'),
 (170,5443,12,'N'),
 (171,5467,27,'S'),
 (172,5470,26,'N'),
 (173,5484,12,'N'),
 (174,5486,12,'N'),
 (175,5510,12,'N'),
 (176,5511,12,'N'),
 (177,5513,12,'N'),
 (178,5514,12,'S'),
 (179,5532,23,'N'),
 (180,5624,23,'N'),
 (181,5627,26,'N'),
 (182,5639,12,'N'),
 (183,5669,12,'N'),
 (184,5672,23,'N'),
 (185,5677,12,'N'),
 (186,5693,12,'N'),
 (187,5736,27,'N'),
 (188,5742,26,'N'),
 (189,5747,26,'N'),
 (190,5751,12,'N'),
 (191,5764,25,'N'),
 (192,5766,27,'S'),
 (193,5773,23,'S'),
 (194,5779,12,'S'),
 (195,5786,26,'N'),
 (196,5788,25,'S'),
 (197,5792,26,'N'),
 (198,5794,26,'N'),
 (199,5801,12,'N'),
 (200,5802,26,'N'),
 (201,5813,26,'N'),
 (202,5818,25,'S'),
 (203,5828,26,'N'),
 (204,5829,26,'N'),
 (205,5837,12,'N'),
 (206,5852,12,'N'),
 (207,5863,27,'S'),
 (208,5866,26,'N'),
 (209,5876,23,'N'),
 (210,5878,27,'S'),
 (211,5879,27,'S'),
 (212,5883,26,'S'),
 (213,5885,23,'N'),
 (214,5887,27,'N'),
 (215,5890,27,'N'),
 (216,5896,27,'S'),
 (217,5899,26,'N'),
 (218,5902,12,'S'),
 (219,5903,23,'S'),
 (220,5906,27,'N'),
 (221,5907,26,'N'),
 (222,5909,23,'N'),
 (223,5915,23,'S'),
 (224,5922,26,'S'),
 (225,5927,23,'N'),
 (226,5936,23,'S'),
 (227,5937,12,'N'),
 (228,5939,26,'N'),
 (229,5943,26,'S'),
 (230,5945,25,'S'),
 (231,5947,27,'S'),
 (232,5948,23,'S'),
 (233,6001,23,'N'),
 (234,6002,23,'S'),
 (235,6008,26,'S'),
 (236,6014,28,'N'),
 (237,6016,26,'N'),
 (238,6026,26,'N'),
 (239,6027,12,'N'),
 (240,6032,12,'N'),
 (241,6033,23,'N'),
 (242,6037,27,'S'),
 (243,6041,26,'N'),
 (244,6051,27,'S'),
 (245,6053,12,'N'),
 (246,6081,26,'N'),
 (247,6085,12,'N'),
 (248,6101,12,'S'),
 (249,6106,28,'N'),
 (250,6114,26,'N'),
 (251,6127,26,'N'),
 (252,6141,27,'N'),
 (253,6142,26,'N'),
 (254,6191,12,'N'),
 (255,6203,26,'N'),
 (256,6212,26,'N'),
 (257,6217,12,'S'),
 (258,6218,23,'S'),
 (259,6240,23,'N'),
 (260,6242,26,'N'),
 (261,6245,12,'N'),
 (262,6247,12,'N'),
 (263,6272,23,'N'),
 (264,6286,26,'N'),
 (265,6301,12,'N'),
 (266,6311,25,'N'),
 (267,6312,26,'N'),
 (268,6318,26,'N'),
 (269,6322,12,'S'),
 (270,6323,26,'N'),
 (271,6337,25,'N'),
 (272,6338,26,'S'),
 (273,6339,26,'S'),
 (274,6345,26,'N'),
 (275,6355,12,'N'),
 (276,6359,28,'S'),
 (277,6365,12,'N'),
 (278,6367,27,'S'),
 (279,6381,27,'N'),
 (280,6392,28,'N'),
 (281,6396,26,'N'),
 (282,6402,28,'S'),
 (283,6409,26,'N'),
 (284,6415,12,'N'),
 (285,6416,26,'S'),
 (286,6421,26,'N'),
 (287,6422,26,'S'),
 (288,6430,26,'N'),
 (289,6431,12,'N'),
 (290,6434,26,'N'),
 (291,6438,26,'N'),
 (292,6440,12,'N'),
 (293,6443,27,'N'),
 (294,6446,27,'N'),
 (295,6448,26,'N'),
 (296,6456,12,'S'),
 (297,6457,12,'N'),
 (298,6459,26,'N'),
 (299,6473,23,'N'),
 (300,6503,26,'N'),
 (301,6506,26,'N'),
 (302,6507,23,'S'),
 (303,6513,12,'N'),
 (304,6514,28,'N'),
 (305,6515,25,'N'),
 (306,6519,26,'N'),
 (307,6520,12,'N'),
 (308,6523,27,'S'),
 (309,6527,26,'N'),
 (310,6529,26,'N'),
 (311,6530,12,'N'),
 (312,6534,27,'S'),
 (313,6539,23,'N'),
 (314,6544,23,'N'),
 (315,6545,12,'S'),
 (316,6550,27,'S'),
 (317,6551,12,'N'),
 (318,6553,12,'N'),
 (319,6560,12,'N'),
 (320,6561,23,'N'),
 (321,6563,23,'N'),
 (322,6565,27,'S'),
 (323,6569,12,'N'),
 (324,6571,26,'N'),
 (325,6574,27,'N'),
 (326,6576,12,'N'),
 (327,6579,12,'N'),
 (328,6580,12,'S'),
 (329,6586,12,'N'),
 (330,6587,12,'N'),
 (331,6593,12,'N'),
 (332,6595,12,'N'),
 (333,6598,26,'S'),
 (334,6599,12,'N'),
 (335,6601,23,'N'),
 (336,6603,23,'S'),
 (337,6604,12,'N'),
 (338,6606,26,'N'),
 (339,6608,28,'S'),
 (340,6610,12,'S'),
 (341,6615,23,'S'),
 (342,6617,23,'S'),
 (343,6620,12,'N'),
 (344,6621,12,'N'),
 (345,6624,26,'N'),
 (346,6625,23,'S'),
 (347,6626,12,'N'),
 (348,6638,12,'N'),
 (349,6640,26,'N'),
 (350,6643,26,'N'),
 (351,6644,26,'S'),
 (352,6645,12,'N'),
 (353,6646,26,'N'),
 (354,6652,12,'S'),
 (355,6662,12,'N'),
 (356,6663,30,'S'),
 (357,6664,12,'N'),
 (358,6666,26,'N'),
 (359,6670,26,'N'),
 (360,6672,23,'S'),
 (361,6674,27,'N'),
 (362,6706,23,'N'),
 (363,6712,12,'S'),
 (364,6715,27,'S'),
 (365,6716,23,'S'),
 (366,6717,23,'S'),
 (367,6808,23,'N'),
 (368,6814,26,'N'),
 (369,7002,26,'S'),
 (370,7006,12,'N'),
 (371,7009,12,'N'),
 (372,7011,26,'N'),
 (373,7015,26,'N'),
 (374,7016,12,'N'),
 (375,7018,26,'N'),
 (376,7029,28,'N'),
 (377,7032,26,'N'),
 (378,7036,23,'N'),
 (379,7037,26,'N'),
 (380,7041,26,'N'),
 (381,7046,26,'N'),
 (382,7049,12,'N'),
 (383,7051,27,'S'),
 (384,7055,25,'N'),
 (385,7230,23,'S'),
 (386,7231,27,'N'),
 (387,7254,28,'N'),
 (388,7260,12,'N'),
 (389,7262,26,'S'),
 (390,7263,28,'S'),
 (391,7268,28,'N'),
 (392,7269,12,'N'),
 (393,7271,26,'N'),
 (394,7272,12,'N'),
 (395,7273,12,'N'),
 (396,7276,12,'N'),
 (397,7279,26,'S'),
 (398,7280,12,'S'),
 (399,7283,23,'N'),
 (400,7284,23,'N'),
 (401,7287,23,'N'),
 (402,7291,26,'N'),
 (403,7292,23,'N'),
 (404,7295,23,'N'),
 (405,7296,26,'N'),
 (406,7297,27,'N'),
 (407,7299,26,'N'),
 (408,7300,26,'N'),
 (409,7303,23,'N'),
 (410,7310,12,'N'),
 (411,7602,26,'N'),
 (412,7662,26,'N'),
 (413,8000,12,'S'),
 (414,8009,23,'N'),
 (415,8017,23,'N'),
 (416,8022,26,'S'),
 (417,8032,26,'S'),
 (418,8035,27,'S'),
 (419,8036,27,'N'),
 (420,8037,12,'S'),
 (421,8043,26,'N'),
 (422,8048,12,'N'),
 (423,8065,23,'N'),
 (424,8066,12,'N'),
 (425,8075,27,'N'),
 (426,8076,26,'N'),
 (427,8077,25,'S'),
 (428,8079,25,'N'),
 (429,8082,27,'N'),
 (430,8086,23,'N'),
 (431,8089,12,'N'),
 (432,8090,23,'S'),
 (433,8094,12,'N'),
 (434,8096,12,'N'),
 (435,8102,12,'S'),
 (436,8103,12,'N'),
 (437,8104,25,'N'),
 (438,8105,27,'S'),
 (439,8106,28,'S'),
 (440,8150,23,'N'),
 (441,8151,26,'N'),
 (442,8155,12,'N'),
 (443,8159,27,'N'),
 (444,8160,26,'N'),
 (445,8163,23,'S'),
 (446,8166,12,'N'),
 (447,8167,12,'N'),
 (448,8171,28,'N'),
 (449,8175,12,'N'),
 (450,8178,26,'N'),
 (451,8179,12,'N'),
 (452,8186,12,'N'),
 (453,8188,12,'N'),
 (454,8190,12,'N'),
 (455,8191,26,'N'),
 (456,8192,12,'S'),
 (457,8193,27,'N'),
 (458,8194,26,'N'),
 (459,8198,23,'S'),
 (460,8199,27,'N'),
 (461,8201,12,'N'),
 (462,8207,12,'N'),
 (463,8208,12,'N'),
 (464,8209,27,'N'),
 (465,8210,26,'N'),
 (466,8212,12,'S'),
 (467,8699,23,'N'),
 (468,9062,26,'N'),
 (469,9067,23,'N'),
 (470,9071,26,'N'),
 (471,9074,12,'S'),
 (472,9077,26,'N'),
 (473,9079,27,'S'),
 (474,9642,12,'S'),
 (475,9644,27,'N'),
 (476,9669,26,'N'),
 (477,9679,12,'N'),
 (478,9684,27,'S'),
 (479,9689,23,'N'),
 (480,9690,23,'N'),
 (481,9692,23,'S'),
 (482,9698,26,'S'),
 (483,9701,12,'S'),
 (484,9704,12,'S'),
 (485,9708,26,'S'),
 (486,9710,26,'N'),
 (487,9711,23,'N'),
 (488,9716,23,'N'),
 (489,9721,26,'N'),
 (490,9726,23,'N'),
 (491,9731,27,'S'),
 (492,9734,23,'S'),
 (493,9741,27,'S'),
 (494,9742,27,'S'),
 (495,9743,26,'N'),
 (496,9745,27,'N'),
 (497,9756,26,'S'),
 (498,9757,26,'N'),
 (499,9766,12,'S'),
 (500,9768,12,'N'),
 (501,9769,26,'N'),
 (502,9779,27,'S'),
 (503,9791,27,'S'),
 (504,9792,12,'S'),
 (505,9802,23,'S'),
 (506,9804,26,'N'),
 (507,9812,26,'S'),
 (508,9813,27,'N'),
 (509,9815,12,'S'),
 (510,9826,26,'S'),
 (511,9827,23,'N'),
 (512,9838,12,'S'),
 (513,9845,12,'N'),
 (514,9847,27,'N'),
 (515,9849,27,'S'),
 (516,9862,23,'S'),
 (517,9871,23,'N'),
 (518,9876,23,'S'),
 (519,9882,25,'N'),
 (520,9884,27,'S'),
 (521,9903,26,'N'),
 (522,9908,12,'N'),
 (523,9909,26,'S'),
 (524,9914,12,'N'),
 (525,9915,26,'N'),
 (526,9918,12,'S'),
 (527,9919,26,'S'),
 (528,9925,12,'N'),
 (529,9933,27,'N'),
 (530,9936,23,'S'),
 (531,9951,26,'N'),
 (532,9955,23,'S'),
 (533,9961,25,'S'),
 (534,9964,26,'N'),
 (535,9968,23,'S'),
 (536,9970,26,'S'),
 (537,9972,30,'S'),
 (538,9977,23,'S'),
 (539,9982,12,'S'),
 (540,9996,12,'S'),
 (541,9997,12,'S'),
 (542,10000,12,'S'),
 (543,10002,23,'S'),
 (544,10007,12,'S'),
 (545,10015,25,'S'),
 (546,10018,12,'S'),
 (547,10019,12,'N'),
 (548,10020,26,'N'),
 (549,10021,27,'N'),
 (550,10025,12,'S'),
 (551,10032,23,'S'),
 (552,10034,23,'S'),
 (553,10038,23,'N'),
 (554,10051,23,'S'),
 (555,10053,23,'N'),
 (556,10056,12,'S'),
 (557,10068,26,'N'),
 (558,10070,26,'S'),
 (559,10072,27,'S'),
 (560,10083,26,'S'),
 (561,10087,26,'N'),
 (562,10088,27,'S'),
 (563,10089,23,'S'),
 (564,10097,27,'N'),
 (565,10098,23,'S'),
 (566,10099,12,'N'),
 (567,10100,26,'N'),
 (568,10102,26,'S'),
 (569,10103,26,'N'),
 (570,10104,23,'S'),
 (571,10105,12,'S'),
 (572,10107,26,'N'),
 (573,10108,12,'N'),
 (574,10109,12,'S'),
 (575,10111,26,'S'),
 (576,10112,28,'S'),
 (577,10114,23,'S'),
 (578,10121,27,'S'),
 (579,10132,26,'N'),
 (580,10136,23,'S'),
 (581,10138,26,'S'),
 (582,10151,26,'N'),
 (583,10153,12,'N'),
 (584,10154,25,'S'),
 (585,10158,23,'S'),
 (586,10160,12,'S'),
 (587,10170,23,'S'),
 (588,10177,27,'S'),
 (589,10178,26,'N'),
 (590,10186,25,'N'),
 (591,10187,26,'N'),
 (592,10188,12,'S'),
 (593,10199,12,'S'),
 (594,10200,23,'S'),
 (595,10204,26,'S'),
 (596,10205,25,'S');
/*!40000 ALTER TABLE `entidadper` ENABLE KEYS */;


--
-- Definition of table `entidadret`
--

DROP TABLE IF EXISTS `entidadret`;
CREATE TABLE `entidadret` (
  `identret` int(10) unsigned NOT NULL AUTO_INCREMENT,
  `entidad` int(10) unsigned NOT NULL,
  `idimpuret` int(10) unsigned NOT NULL,
  `enconvenio` char(1) NOT NULL DEFAULT 'N',
  PRIMARY KEY (`identret`)
) ENGINE=InnoDB AUTO_INCREMENT=613 DEFAULT CHARSET=latin1;

--
-- Dumping data for table `entidadret`
--

/*!40000 ALTER TABLE `entidadret` DISABLE KEYS */;
INSERT INTO `entidadret` (`identret`,`entidad`,`idimpuret`,`enconvenio`) VALUES 
 (6,19,47,'N'),
 (7,21,35,'S'),
 (8,25,35,'N'),
 (9,41,35,'N'),
 (10,107,35,'S'),
 (11,130,42,'S'),
 (12,135,35,'N'),
 (13,136,35,'N'),
 (14,148,35,'S'),
 (15,149,42,'S'),
 (16,150,42,'S'),
 (17,154,42,'S'),
 (18,163,42,'S'),
 (19,206,35,'N'),
 (20,213,42,'S'),
 (21,219,35,'N'),
 (22,220,35,'S'),
 (23,222,35,'S'),
 (24,241,35,'S'),
 (25,244,35,'S'),
 (26,248,35,'S'),
 (27,252,42,'S'),
 (30,266,42,'S'),
 (31,267,35,'S'),
 (32,269,42,'S'),
 (33,270,35,'N'),
 (34,274,42,'S'),
 (35,285,35,'S'),
 (36,292,42,'N'),
 (37,302,35,'N'),
 (40,305,35,'S'),
 (42,309,35,'N'),
 (43,311,35,'N'),
 (44,312,35,'S'),
 (45,314,42,'S'),
 (46,321,42,'N'),
 (47,323,46,'N'),
 (48,329,42,'N'),
 (49,331,42,'S'),
 (50,333,35,'S'),
 (51,336,42,'S'),
 (52,340,42,'S'),
 (53,344,42,'N'),
 (54,346,35,'N'),
 (55,347,42,'S'),
 (56,350,35,'S'),
 (57,359,35,'N'),
 (58,360,42,'S'),
 (59,365,35,'N'),
 (60,366,42,'S'),
 (61,367,42,'S'),
 (62,371,42,'N'),
 (63,379,42,'S'),
 (66,385,42,'S'),
 (69,391,42,'S'),
 (70,397,35,'N'),
 (71,410,46,'S'),
 (72,413,35,'N'),
 (73,427,35,'N'),
 (74,444,42,'S'),
 (75,454,42,'S'),
 (76,459,42,'S'),
 (77,467,42,'S'),
 (78,481,35,'S'),
 (79,488,42,'S'),
 (80,496,35,'S'),
 (81,522,42,'N'),
 (82,525,42,'S'),
 (83,561,35,'N'),
 (84,566,35,'S'),
 (85,570,35,'N'),
 (86,587,35,'N'),
 (87,602,42,'N'),
 (88,603,35,'N'),
 (89,632,42,'N'),
 (90,636,35,'N'),
 (91,638,35,'S'),
 (92,644,35,'N'),
 (93,652,42,'S'),
 (94,668,46,'S'),
 (95,669,42,'S'),
 (96,673,35,'S'),
 (97,682,35,'N'),
 (98,683,35,'N'),
 (99,690,42,'S'),
 (100,695,35,'N'),
 (101,707,42,'N'),
 (102,708,42,'S'),
 (103,712,42,'S'),
 (104,724,35,'S'),
 (105,731,42,'N'),
 (106,734,42,'S'),
 (107,736,42,'S'),
 (108,748,42,'N'),
 (109,757,42,'S'),
 (110,759,35,'S'),
 (111,771,35,'N'),
 (112,772,35,'N'),
 (113,778,42,'S'),
 (114,779,35,'N'),
 (115,781,35,'N'),
 (116,782,42,'N'),
 (117,783,35,'N'),
 (118,791,42,'N'),
 (119,803,42,'S'),
 (120,807,42,'S'),
 (121,808,35,'S'),
 (122,814,35,'N'),
 (123,826,35,'S'),
 (124,830,42,'S'),
 (125,833,42,'S'),
 (126,837,35,'S'),
 (127,838,42,'S'),
 (128,847,35,'N'),
 (129,859,42,'N'),
 (130,874,35,'S'),
 (131,878,42,'S'),
 (132,880,35,'N'),
 (133,881,35,'N'),
 (134,883,35,'N'),
 (135,888,35,'S'),
 (136,890,42,'S'),
 (137,891,35,'S'),
 (138,902,42,'S'),
 (139,904,42,'N'),
 (140,911,35,'S'),
 (141,914,35,'N'),
 (142,923,35,'S'),
 (143,924,35,'N'),
 (144,927,42,'S'),
 (145,945,35,'N'),
 (146,947,42,'N'),
 (147,949,35,'N'),
 (148,961,35,'N'),
 (149,964,42,'S'),
 (150,965,42,'S'),
 (151,966,35,'N'),
 (152,968,42,'S'),
 (153,972,35,'S'),
 (154,979,35,'S'),
 (155,983,35,'N'),
 (156,984,35,'S'),
 (157,986,35,'S'),
 (158,990,35,'N'),
 (159,995,35,'N'),
 (160,1017,35,'S'),
 (161,1031,42,'S'),
 (162,1043,35,'N'),
 (163,1052,35,'S'),
 (164,1064,35,'N'),
 (165,1080,42,'S'),
 (166,1081,35,'S'),
 (167,1084,42,'S'),
 (168,1103,42,'N'),
 (169,1135,35,'N'),
 (170,1163,35,'N'),
 (171,1167,42,'S'),
 (172,1168,35,'S'),
 (173,1175,42,'S'),
 (174,1179,35,'S'),
 (175,1182,42,'S'),
 (176,1190,42,'S'),
 (177,1199,35,'S'),
 (178,1203,35,'N'),
 (179,1207,42,'N'),
 (180,1208,35,'N'),
 (181,1214,42,'N'),
 (182,1216,35,'N'),
 (183,1223,42,'N'),
 (184,1227,35,'N'),
 (185,1233,42,'S'),
 (186,1237,35,'S'),
 (187,1238,42,'S'),
 (188,1242,35,'S'),
 (189,1246,42,'S'),
 (194,1309,42,'S'),
 (195,1335,42,'N'),
 (196,1346,42,'N'),
 (197,1355,42,'S'),
 (198,1356,35,'N'),
 (199,1357,35,'N'),
 (200,1360,35,'N'),
 (201,1361,35,'N'),
 (202,1366,42,'S'),
 (203,1367,42,'N'),
 (204,1368,42,'N'),
 (205,2088,42,'S'),
 (206,2123,35,'S'),
 (207,2144,35,'S'),
 (208,2187,35,'S'),
 (209,2189,35,'S'),
 (210,2218,35,'S'),
 (211,2253,42,'S'),
 (212,2280,35,'S'),
 (213,2334,35,'S'),
 (214,2352,35,'S'),
 (217,2367,35,'S'),
 (218,2371,35,'S'),
 (219,2380,35,'S'),
 (220,2388,35,'S'),
 (221,2459,42,'S'),
 (222,3036,47,'S'),
 (223,3057,46,'S'),
 (224,3200,42,'S'),
 (225,4041,42,'S'),
 (226,5294,35,'N'),
 (227,5426,42,'N'),
 (228,5467,42,'S'),
 (229,5470,35,'N'),
 (230,5529,35,'S'),
 (231,5532,35,'N'),
 (232,5624,35,'N'),
 (233,5627,35,'N'),
 (234,5672,35,'N'),
 (237,5742,35,'N'),
 (238,5747,35,'N'),
 (239,5764,42,'N'),
 (240,5766,42,'S'),
 (241,5767,35,'S'),
 (242,5773,42,'S'),
 (243,5774,42,'S'),
 (244,5786,35,'N'),
 (245,5788,42,'S'),
 (246,5792,35,'N'),
 (247,5794,35,'N'),
 (248,5795,42,'S'),
 (249,5796,35,'S'),
 (250,5802,42,'N'),
 (251,5807,42,'S'),
 (252,5813,35,'N'),
 (253,5818,42,'S'),
 (254,5828,35,'N'),
 (255,5829,35,'N'),
 (256,5846,42,'S'),
 (257,5847,35,'S'),
 (258,5863,42,'S'),
 (259,5865,35,'N'),
 (260,5866,35,'N'),
 (261,5876,35,'N'),
 (262,5878,42,'S'),
 (263,5879,42,'S'),
 (264,5883,42,'S'),
 (265,5885,35,'N'),
 (266,5887,42,'N'),
 (269,5896,42,'S'),
 (270,5899,42,'N'),
 (271,5903,42,'S'),
 (272,5906,42,'N'),
 (273,5907,35,'N'),
 (274,5909,35,'N'),
 (275,5915,35,'S'),
 (276,5922,35,'S'),
 (277,5927,35,'N'),
 (278,5936,35,'S'),
 (279,5937,35,'N'),
 (280,5939,35,'N'),
 (281,5942,42,'S'),
 (282,5943,35,'S'),
 (283,5945,42,'S'),
 (284,5947,42,'S'),
 (285,6001,35,'N'),
 (286,6002,35,'S'),
 (287,6008,35,'S'),
 (288,6014,46,'N'),
 (289,6016,35,'N'),
 (290,6026,35,'N'),
 (291,6033,35,'N'),
 (294,6041,42,'N'),
 (295,6051,42,'S'),
 (296,6081,35,'N'),
 (297,6106,47,'N'),
 (298,6114,35,'N'),
 (299,6127,35,'N'),
 (300,6141,42,'N'),
 (301,6142,35,'N'),
 (302,6189,35,'N'),
 (303,6203,35,'N'),
 (304,6212,35,'N'),
 (305,6218,35,'S'),
 (306,6240,35,'N'),
 (307,6242,35,'N'),
 (308,6272,35,'N'),
 (309,6280,35,'S'),
 (310,6286,42,'N'),
 (311,6311,42,'N'),
 (312,6312,42,'N'),
 (313,6318,42,'N'),
 (314,6323,42,'N'),
 (315,6337,35,'N'),
 (316,6338,35,'S'),
 (317,6339,42,'S'),
 (318,6345,35,'N'),
 (319,6348,35,'N'),
 (320,6359,47,'S'),
 (321,6367,42,'S'),
 (322,6381,42,'N'),
 (325,6396,42,'N'),
 (326,6402,47,'S'),
 (327,6409,35,'N'),
 (328,6416,35,'S'),
 (329,6421,35,'N'),
 (330,6422,35,'S'),
 (331,6425,35,'N'),
 (332,6430,35,'N'),
 (333,6434,35,'N'),
 (334,6438,35,'N'),
 (335,6443,42,'N'),
 (338,6448,35,'N'),
 (339,6459,35,'N'),
 (340,6473,42,'N'),
 (341,6503,35,'N'),
 (342,6506,35,'N'),
 (343,6507,35,'S'),
 (344,6514,47,'N'),
 (345,6515,35,'N'),
 (346,6519,35,'N'),
 (347,6523,42,'S'),
 (348,6527,35,'N'),
 (349,6529,35,'N'),
 (350,6530,35,'N'),
 (353,6539,35,'N'),
 (354,6541,35,'S'),
 (355,6544,35,'N'),
 (356,6545,35,'S'),
 (359,6561,35,'N'),
 (360,6563,35,'N'),
 (361,6564,35,'S'),
 (362,6565,42,'S'),
 (363,6571,35,'N'),
 (366,6598,35,'S'),
 (367,6601,42,'N'),
 (368,6603,35,'S'),
 (369,6605,35,'N'),
 (370,6606,35,'N'),
 (373,6615,35,'S'),
 (374,6617,35,'S'),
 (375,6620,35,'N'),
 (376,6624,35,'N'),
 (377,6625,42,'S'),
 (378,6639,35,'N'),
 (379,6640,35,'N'),
 (380,6643,35,'N'),
 (381,6644,35,'S'),
 (382,6646,35,'N'),
 (383,6652,35,'S'),
 (384,6663,48,'S'),
 (385,6666,35,'N'),
 (386,6670,35,'N'),
 (387,6672,35,'S'),
 (388,6674,42,'N'),
 (389,6706,35,'N'),
 (390,6713,42,'S'),
 (391,6715,42,'S'),
 (392,6716,35,'S'),
 (393,6717,35,'S'),
 (394,6808,35,'N'),
 (395,6814,35,'N'),
 (396,7002,35,'S'),
 (397,7011,35,'N'),
 (400,7018,35,'N'),
 (401,7029,47,'N'),
 (402,7032,35,'N'),
 (403,7036,35,'N'),
 (404,7037,35,'N'),
 (405,7041,35,'N'),
 (406,7046,35,'N'),
 (407,7051,42,'S'),
 (408,7055,42,'N'),
 (409,7230,35,'S'),
 (410,7231,42,'N'),
 (411,7254,46,'N'),
 (412,7256,35,'S'),
 (413,7262,35,'S'),
 (414,7263,46,'S'),
 (415,7268,46,'N'),
 (416,7271,35,'N'),
 (417,7279,35,'S'),
 (418,7283,35,'N'),
 (419,7284,35,'N'),
 (420,7287,35,'N'),
 (421,7291,35,'N'),
 (422,7292,35,'N'),
 (423,7295,35,'N'),
 (424,7296,35,'N'),
 (425,7297,42,'N'),
 (426,7299,35,'N'),
 (427,7300,35,'N'),
 (428,7303,35,'N'),
 (429,7602,35,'N'),
 (430,7662,35,'N'),
 (431,8009,35,'N'),
 (432,8017,42,'N'),
 (433,8022,35,'S'),
 (434,8032,42,'S'),
 (435,8035,42,'S'),
 (436,8036,42,'N'),
 (437,8043,35,'N'),
 (438,8065,35,'N'),
 (439,8066,35,'N'),
 (440,8075,42,'N'),
 (441,8076,35,'N'),
 (442,8077,42,'S'),
 (443,8079,42,'N'),
 (444,8082,42,'N'),
 (445,8086,35,'N'),
 (446,8090,35,'S'),
 (447,8104,42,'N'),
 (450,8106,47,'S'),
 (451,8150,35,'N'),
 (452,8151,35,'N'),
 (455,8160,35,'N'),
 (456,8163,35,'S'),
 (457,8167,35,'N'),
 (458,8171,46,'N'),
 (459,8178,35,'N'),
 (460,8191,35,'N'),
 (461,8192,35,'S'),
 (462,8193,42,'N'),
 (463,8194,35,'N'),
 (464,8198,35,'S'),
 (465,8199,42,'N'),
 (466,8209,42,'N'),
 (467,8210,35,'N'),
 (468,8699,35,'N'),
 (469,8700,35,'S'),
 (470,9062,35,'N'),
 (471,9067,35,'N'),
 (472,9071,35,'N'),
 (473,9077,42,'N'),
 (474,9079,42,'S'),
 (475,9642,35,'S'),
 (478,9669,42,'N'),
 (479,9679,35,'N'),
 (480,9684,42,'S'),
 (481,9689,35,'N'),
 (482,9690,35,'N'),
 (483,9692,35,'S'),
 (484,9698,35,'S'),
 (485,9699,35,'S'),
 (486,9701,35,'S'),
 (487,9704,42,'S'),
 (488,9708,35,'S'),
 (489,9710,42,'N'),
 (490,9711,35,'N'),
 (491,9716,35,'N'),
 (492,9717,35,'S'),
 (493,9721,35,'N'),
 (494,9726,35,'N'),
 (495,9731,42,'S'),
 (496,9734,35,'S'),
 (497,9741,42,'S'),
 (498,9742,42,'S'),
 (499,9743,35,'N'),
 (502,9756,42,'S'),
 (503,9757,42,'N'),
 (504,9769,35,'N'),
 (505,9779,42,'S'),
 (508,9792,35,'S'),
 (509,9800,35,'N'),
 (510,9802,35,'S'),
 (511,9804,35,'N'),
 (512,9812,42,'S'),
 (513,9813,42,'N'),
 (514,9815,35,'S'),
 (515,9818,35,'S'),
 (516,9826,35,'S'),
 (517,9827,35,'N'),
 (520,9849,42,'S'),
 (521,9859,42,'S'),
 (522,9862,35,'S'),
 (523,9871,35,'N'),
 (524,9872,42,'S'),
 (525,9876,35,'S'),
 (526,9882,42,'N'),
 (527,9884,42,'S'),
 (528,9885,42,'S'),
 (529,9903,35,'N'),
 (532,9909,42,'S'),
 (533,9913,42,'S'),
 (534,9915,35,'N'),
 (535,9918,35,'S'),
 (536,9919,42,'S'),
 (537,9930,42,'S'),
 (538,9933,42,'N'),
 (539,9936,42,'S'),
 (540,9951,35,'N'),
 (541,9955,35,'S'),
 (542,9961,42,'S'),
 (543,9964,35,'N'),
 (544,9968,35,'S'),
 (545,9970,35,'S'),
 (546,9972,47,'S'),
 (547,9977,35,'S'),
 (548,9982,42,'S'),
 (549,9996,35,'S'),
 (550,10001,35,'S'),
 (551,10002,42,'S'),
 (552,10005,42,'S'),
 (553,10010,35,'S'),
 (554,10018,42,'S'),
 (555,10020,35,'N'),
 (556,10021,46,'N'),
 (557,10029,35,'S'),
 (558,10032,42,'S'),
 (559,10033,42,'S'),
 (560,10034,42,'S'),
 (561,10038,35,'N'),
 (562,10045,42,'S'),
 (563,10051,42,'S'),
 (564,10053,35,'N'),
 (565,10068,35,'N'),
 (566,10070,42,'S'),
 (567,10072,42,'S'),
 (568,10079,42,'S'),
 (569,10083,42,'S'),
 (570,10087,35,'N'),
 (571,10088,42,'S'),
 (572,10089,42,'S'),
 (573,10092,47,'S'),
 (576,10098,42,'S'),
 (577,10100,35,'N'),
 (578,10102,35,'S'),
 (579,10103,35,'N'),
 (580,10104,42,'S'),
 (581,10107,35,'N'),
 (582,10108,42,'N'),
 (583,10109,42,'S'),
 (584,10111,35,'S'),
 (585,10112,47,'S'),
 (586,10113,42,'S'),
 (587,10114,35,'S'),
 (588,10121,42,'S'),
 (589,10132,35,'N'),
 (590,10136,42,'S'),
 (591,10138,35,'S'),
 (592,10153,35,'N'),
 (593,10154,46,'S'),
 (594,10158,42,'S'),
 (599,10177,42,'S'),
 (600,10178,42,'N'),
 (601,10186,35,'N'),
 (602,10187,35,'N'),
 (603,10188,42,'S'),
 (604,10189,35,'S'),
 (605,10199,35,'S'),
 (606,10200,42,'S'),
 (607,10201,35,'S'),
 (608,10204,35,'S'),
 (609,10205,35,'S'),
 (610,18,35,'S'),
 (611,308,35,'N'),
 (612,308,9,'N');
/*!40000 ALTER TABLE `entidadret` ENABLE KEYS */;


--
-- Definition of table `impupercepcion`
--

DROP TABLE IF EXISTS `impupercepcion`;
CREATE TABLE `impupercepcion` (
  `idimpuper` int(10) unsigned NOT NULL AUTO_INCREMENT,
  `detalle` char(200) NOT NULL,
  `razon` double(10,2) NOT NULL,
  `baseimpon` double(13,2) NOT NULL,
  `funcion` char(100) NOT NULL,
  PRIMARY KEY (`idimpuper`)
) ENGINE=InnoDB AUTO_INCREMENT=32 DEFAULT CHARSET=latin1;

--
-- Dumping data for table `impupercepcion`
--

/*!40000 ALTER TABLE `impupercepcion` DISABLE KEYS */;
INSERT INTO `impupercepcion` (`idimpuper`,`detalle`,`razon`,`baseimpon`,`funcion`) VALUES 
 (1,'Percepción IIBB ARBA 0,05%',0.05,0.00,'PER_IIBB_ARBA_IFN'),
 (2,'Percepción IIBB ARBA 0,1%',0.10,0.00,'PER_IIBB_ARBA_IFN'),
 (3,'Percepción IIBB ARBA 0,2%',0.20,0.00,'PER_IIBB_ARBA_IFN'),
 (4,'Percepción IIBB ARBA 0,3%',0.30,0.00,'PER_IIBB_ARBA_IFN'),
 (5,'Percepción IIBB ARBA 0,4%',0.00,0.00,'PER_IIBB_ARBA_IFN'),
 (6,'Percepción IIBB ARBA 0,5%',0.50,0.00,'PER_IIBB_ARBA_IFN'),
 (7,'Percepción IIBB ARBA 0,6%',0.60,0.00,'PER_IIBB_ARBA_IFN'),
 (8,'Percepción IIBB ARBA 0,7%',0.60,0.00,'PER_IIBB_ARBA_IFN'),
 (9,'Percepción IIBB ARBA 0,7%',0.70,0.00,'PER_IIBB_ARBA_IFN'),
 (10,'Percepción IIBB ARBA 0,8%',0.80,0.00,'PER_IIBB_ARBA_IFN'),
 (11,'Percepción IIBB ARBA 0,9%',0.90,0.00,'PER_IIBB_ARBA_IFN'),
 (12,'Percepción IIBB ARBA 1,0%',1.00,0.00,'PER_IIBB_ARBA_IFN'),
 (13,'Percepción IIBB ARBA 1,1%',1.10,0.00,'PER_IIBB_ARBA_IFN'),
 (14,'Percepción IIBB ARBA 1,2%',1.20,0.00,'PER_IIBB_ARBA_IFN'),
 (15,'Percepción IIBB ARBA 1,3%',1.30,0.00,'PER_IIBB_ARBA_IFN'),
 (16,'Percepción IIBB ARBA 1,4%',1.40,0.00,'PER_IIBB_ARBA_IFN'),
 (17,'Percepción IIBB ARBA 1,5%',1.50,0.00,'PER_IIBB_ARBA_IFN'),
 (18,'Percepción IIBB ARBA 1,6%',1.60,0.00,'PER_IIBB_ARBA_IFN'),
 (19,'Percepción IIBB ARBA 1,7%',1.70,0.00,'PER_IIBB_ARBA_IFN'),
 (20,'Percepción IIBB ARBA 1,75%',1.75,0.00,'PER_IIBB_ARBA_IFN'),
 (21,'Percepción IIBB ARBA 1,8%',1.80,0.00,'PER_IIBB_ARBA_IFN'),
 (22,'Percepción IIBB ARBA 1,9%',1.90,0.00,'PER_IIBB_ARBA_IFN'),
 (23,'Percepción IIBB ARBA 2,0%',2.00,0.00,'PER_IIBB_ARBA_IFN'),
 (24,'Percepción IIBB ARBA 2,5%',2.50,0.00,'PER_IIBB_ARBA_IFN'),
 (25,'Percepción IIBB ARBA 3%',3.00,0.00,'PER_IIBB_ARBA_IFN'),
 (26,'Percepción IIBB ARBA 4%',4.00,0.00,'PER_IIBB_ARBA_IFN'),
 (27,'Percepción IIBB ARBA 5%',5.00,0.00,'PER_IIBB_ARBA_IFN'),
 (28,'Percepción IIBB ARBA 6%',6.00,0.00,'PER_IIBB_ARBA_IFN'),
 (29,'Percepción IIBB ARBA 7%',7.00,0.00,'PER_IIBB_ARBA_IFN'),
 (30,'Percepción IIBB ARBA 8%',8.00,0.00,'PER_IIBB_ARBA_IFN'),
 (31,'Percepción IIBB ARBA 9%',9.00,0.00,'PER_IIBB_ARBA_IFN');
/*!40000 ALTER TABLE `impupercepcion` ENABLE KEYS */;


--
-- Definition of table `impuretencion`
--

DROP TABLE IF EXISTS `impuretencion`;
CREATE TABLE `impuretencion` (
  `idimpuret` int(10) unsigned NOT NULL AUTO_INCREMENT,
  `detalle` char(200) NOT NULL,
  `razonin` int(10) unsigned NOT NULL,
  `baseimpon` double(13,2) NOT NULL,
  `idtipopago` int(10) unsigned NOT NULL,
  `funcion` char(100) NOT NULL,
  `razonnin` int(10) unsigned NOT NULL,
  `baseimponn` double(13,2) NOT NULL,
  `regimen` int(10) unsigned NOT NULL,
  PRIMARY KEY (`idimpuret`)
) ENGINE=InnoDB AUTO_INCREMENT=50 DEFAULT CHARSET=latin1;

--
-- Dumping data for table `impuretencion`
--

/*!40000 ALTER TABLE `impuretencion` DISABLE KEYS */;
INSERT INTO `impuretencion` (`idimpuret`,`detalle`,`razonin`,`baseimpon`,`idtipopago`,`funcion`,`razonnin`,`baseimponn`,`regimen`) VALUES 
 (1,'Reg. 19 - Intereses por op. realizadas en entidades financieras. Ley 21526 o agentes de bolsa o mercado',1,0.00,5,'RET_GANANCIAS_IFN',2,0.00,19),
 (2,'Reg. 21 - Intereses originados en op. no comprendidas en Reg. 19',3,7870.00,5,'RET_GANANCIAS_IFN',4,0.00,21),
 (3,'Reg. 30 - Alquileres o arrendamientos de bienes muebles',5,11200.00,5,'RET_GANANCIAS_IFN',6,0.00,30),
 (4,'Reg. 31 - Bienes inmuebles urbanos, incluidos los efectuados bajo la modalidad de leasing - incluye suburbanos',7,11200.00,5,'RET_GANANCIAS_IFN',8,0.00,31),
 (5,'Reg. 32 - Bienes inmuebles rurales, incluidos los efectuados bajo la modalidad de leasing - incluye subrurales',9,11200.00,5,'RET_GANANCIAS_IFN',10,0.00,32),
 (6,'Reg. 35 - Regalias',11,7870.00,5,'RET_GANANCIAS_IFN',12,0.00,35),
 (7,'Reg. 43 - Interés accionario, excedentes y retornos distribuidos entre asociados, cooperativas - excepto consumo',13,7870.00,5,'RET_GANANCIAS_IFN',14,0.00,43),
 (8,'Reg. 51 - Obligaciones de no hacer, o por abandono o no ejercicio de una actividad',15,7870.00,5,'RET_GANANCIAS_IFN',16,0.00,51),
 (9,'Reg. 78 - Enajenación de bienes muebles y bienes de cambio',17,224000.00,5,'RET_GANANCIAS_IFN',18,0.00,78),
 (10,'Reg. 86 - Transf. temporaria o definitiva de derechos de llave, marcas, patentes de inv., regalías, concesiones y similares',19,224000.00,5,'RET_GANANCIAS_IFN',20,0.00,86),
 (11,'Reg. 110 - Explotación de derechos de autor',21,10000.00,5,'RET_GANANCIAS_IFN',22,0.00,110),
 (12,'Reg. 94 - Locaciones de obra y/o servicios no ejecutados en rel. de dep. no mencionados en otros incisos',23,67170.00,5,'RET_GANANCIAS_IFN',24,0.00,94),
 (13,'Reg. 25 - Comisiones u otras retribuciones derivadas de act. comisionista, rematador, consignatario y aux de comercio que se refiere en el articulo c del articulo 49',25,16830.00,5,'RET_GANANCIAS_IFN',26,0.00,25),
 (14,'Reg. 116 - Honorarios de director de SA., sidico, fiduciario, consejero de soc. coop., integrante de consejos de vigilancia y soc. admin. de SRL...',27,67170.00,5,'RET_GANANCIAS_IFN',28,0.00,116),
 (15,'Reg. 116 - Profesionales liberales, oficios, albacea, mandatarios, gestor de negocio',29,16830.00,5,'RET_GANANCIAS_IFN',30,0.00,116),
 (16,'Reg. 124 - Corredor viajante de comercio y despachante de aduana',31,16830.00,5,'RET_GANANCIAS_IFN',32,0.00,124),
 (17,'Reg. 95 - Operaciones de transporte de carga nacional e internacional',33,67170.00,5,'RET_GANANCIAS_IFN',34,0.00,95),
 (18,'Reg. 53 - Operaciones realizadas por intermedio de mercados de cereales a término',35,0.00,5,'RET_GANANCIAS_IFN',36,0.00,53),
 (19,'Reg. 55 - Distribución de películas. Transmisión de programación. Televisión via satelital',37,0.00,5,'RET_GANANCIAS_IFN',38,0.00,55),
 (20,'Reg. 111 - Cualquier otra cesión o locación de derechos, excepto las que correspondan a operaciones realizadas por intermedio de mercados de cereales',39,0.00,5,'RET_GANANCIAS_IFN',40,0.00,111),
 (21,'Reg. 112 - Benef. provenientes de los req. de los planes de seguro de retiro privados admin. lo establecido en el inciso d del art. 45 y el inciso d del art 79 excepto lo alcanzado por RG 2437',41,16830.00,5,'RET_GANANCIAS_IFN',42,16830.00,112),
 (22,'Reg. 113 - Rescates por desistimiento de planes de seguro de retiro referido en el inciso o, excepto que sea de aplicación lo normalizado en el art 101 de la ley de imp. a las ganancias',43,16830.00,5,'RET_GANANCIAS_IFN',44,16830.00,113),
 (23,'Reg. 779 - Subsidios abonados por los Est. Nacional, provinciales, municipales, en concepto de enajenación de bs muebles y bs de cambio',45,76140.00,5,'RET_GANANCIAS_IFN',46,0.00,779),
 (24,'Reg. 780 - Subsidios abonados por los Est. Nacional, provinciales, municipales en concepto de locaciones de obras y/o serv. no en rel de dependencia',47,31460.00,5,'RET_GANANCIAS_IFN',48,0.00,780),
 (26,'Ret. IIBB ARBA Alicuota 0,10',50,0.00,5,'RET_IIBB_ARBA_IFN',50,0.00,0),
 (27,'Ret. IIBB ARBA Alicuota 0,20',51,0.00,5,'RET_IIBB_ARBA_IFN',51,0.00,0),
 (28,'Ret. IIBB ARBA Alicuota 0,30',52,0.00,5,'RET_IIBB_ARBA_IFN',52,0.00,0),
 (29,'Ret. IIBB ARBA Alicuota 0,40',53,0.00,5,'RET_IIBB_ARBA_IFN',53,0.00,0),
 (30,'Ret. IIBB ARBA Alicuota 0,50',54,0.00,5,'RET_IIBB_ARBA_IFN',54,0.00,0),
 (31,'Ret. IIBB ARBA Alicuota 0,60',55,0.00,5,'RET_IIBB_ARBA_IFN',55,0.00,0),
 (32,'Ret. IIBB ARBA Alicuota 0,70',56,0.00,5,'RET_IIBB_ARBA_IFN',56,0.00,0),
 (33,'Ret. IIBB ARBA Alicuota 0,80',57,0.00,5,'RET_IIBB_ARBA_IFN',57,0.00,0),
 (34,'Ret. IIBB ARBA Alicuota 0,90',58,0.00,5,'RET_IIBB_ARBA_IFN',58,0.00,0),
 (35,'Ret. IIBB ARBA Alicuota 1,00',59,0.00,5,'RET_IIBB_ARBA_IFN',59,0.00,0),
 (36,'Ret. IIBB ARBA Alicuota 1,10',60,0.00,5,'RET_IIBB_ARBA_IFN',60,0.00,0),
 (37,'Ret. IIBB ARBA Alicuota 1,20',61,0.00,5,'RET_IIBB_ARBA_IFN',61,0.00,0),
 (38,'Ret. IIBB ARBA Alicuota 1,30',62,0.00,5,'RET_IIBB_ARBA_IFN',62,0.00,0),
 (39,'Ret. IIBB ARBA Alicuota 1,50',63,0.00,5,'RET_IIBB_ARBA_IFN',63,0.00,0),
 (40,'Ret. IIBB ARBA Alicuota 1,60',64,0.00,5,'RET_IIBB_ARBA_IFN',64,0.00,0),
 (41,'Ret. IIBB ARBA Alicuota 1,75',65,0.00,5,'RET_IIBB_ARBA_IFN',65,0.00,0),
 (42,'Ret. IIBB ARBA Alicuota 2,00',66,0.00,5,'RET_IIBB_ARBA_IFN',66,0.00,0),
 (43,'Ret. IIBB ARBA Alicuota 2,50',67,0.00,5,'RET_IIBB_ARBA_IFN',67,0.00,0),
 (44,'Ret. IIBB ARBA Alicuota 3,00',68,0.00,5,'RET_IIBB_ARBA_IFN',68,0.00,0),
 (45,'Ret. IIBB ARBA Alicuota 3,50',69,0.00,5,'RET_IIBB_ARBA_IFN',69,0.00,0),
 (46,'Ret. IIBB ARBA Alicuota 4,00',70,0.00,5,'RET_IIBB_ARBA_IFN',70,0.00,0),
 (47,'Ret. IIBB ARBA Alicuota 5,00',71,0.00,5,'RET_IIBB_ARBA_IFN',71,0.00,0),
 (48,'Ret. IIBB ARBA Alicuota 6,00',72,0.00,5,'RET_IIBB_ARBA_IFN',72,0.00,0);
/*!40000 ALTER TABLE `impuretencion` ENABLE KEYS */;




/*!40101 SET SQL_MODE=@OLD_SQL_MODE */;
/*!40014 SET FOREIGN_KEY_CHECKS=@OLD_FOREIGN_KEY_CHECKS */;
/*!40014 SET UNIQUE_CHECKS=@OLD_UNIQUE_CHECKS */;
/*!40101 SET CHARACTER_SET_CLIENT=@OLD_CHARACTER_SET_CLIENT */;
/*!40101 SET CHARACTER_SET_RESULTS=@OLD_CHARACTER_SET_RESULTS */;
/*!40101 SET COLLATION_CONNECTION=@OLD_COLLATION_CONNECTION */;
/*!40101 SET CHARACTER_SET_CLIENT=@OLD_CHARACTER_SET_CLIENT */;
