-- MySQL Administrator dump 1.4
--
-- ------------------------------------------------------
-- Server version	5.5.55-0+deb8u1


/*!40101 SET @OLD_CHARACTER_SET_CLIENT=@@CHARACTER_SET_CLIENT */;
/*!40101 SET @OLD_CHARACTER_SET_RESULTS=@@CHARACTER_SET_RESULTS */;
/*!40101 SET @OLD_COLLATION_CONNECTION=@@COLLATION_CONNECTION */;
/*!40101 SET NAMES utf8 */;

/*!40014 SET @OLD_UNIQUE_CHECKS=@@UNIQUE_CHECKS, UNIQUE_CHECKS=0 */;
/*!40014 SET @OLD_FOREIGN_KEY_CHECKS=@@FOREIGN_KEY_CHECKS, FOREIGN_KEY_CHECKS=0 */;
/*!40101 SET @OLD_SQL_MODE=@@SQL_MODE, SQL_MODE='NO_AUTO_VALUE_ON_ZERO' */;


--
-- Create schema trsoftdb
--

CREATE DATABASE IF NOT EXISTS trsoftdb;
USE trsoftdb;

--
-- Temporary table structure for view `articulostock`
--
DROP TABLE IF EXISTS `articulostock`;
DROP VIEW IF EXISTS `articulostock`;
CREATE TABLE `articulostock` (
  `articulo` char(50),
  `stocktot` double(21,4)
);

--
-- Temporary table structure for view `ctactefact`
--
DROP TABLE IF EXISTS `ctactefact`;
DROP VIEW IF EXISTS `ctactefact`;
CREATE TABLE `ctactefact` (
  `entidad` int(10) unsigned,
  `saldo` double(21,4)
);

--
-- Temporary table structure for view `ctacterec`
--
DROP TABLE IF EXISTS `ctacterec`;
DROP VIEW IF EXISTS `ctacterec`;
CREATE TABLE `ctacterec` (
  `entidad` int(10) unsigned,
  `saldo` double(21,4)
);

--
-- Temporary table structure for view `ctactesaldo`
--
DROP TABLE IF EXISTS `ctactesaldo`;
DROP VIEW IF EXISTS `ctactesaldo`;
CREATE TABLE `ctactesaldo` (
  `entidad` int(11),
  `saldo` double(21,4)
);

--
-- Temporary table structure for view `depostock`
--
DROP TABLE IF EXISTS `depostock`;
DROP VIEW IF EXISTS `depostock`;
CREATE TABLE `depostock` (
  `deposito` int(10) unsigned,
  `articulo` char(50),
  `nombreart` char(254),
  `stocktot` double(21,4),
  `stock` double(21,4),
  `stockmin` float(13,4)
);

--
-- Temporary table structure for view `factuprovesaldo`
--
DROP TABLE IF EXISTS `factuprovesaldo`;
DROP VIEW IF EXISTS `factuprovesaldo`;
CREATE TABLE `factuprovesaldo` (
  `idfactprov` int(10) unsigned,
  `cobrado` double(21,4),
  `saldof` double(21,4)
);

--
-- Temporary table structure for view `facturasaldo`
--
DROP TABLE IF EXISTS `facturasaldo`;
DROP VIEW IF EXISTS `facturasaldo`;
CREATE TABLE `facturasaldo` (
  `idfactura` int(10) unsigned,
  `cobrado` double(21,4),
  `saldof` double(21,4)
);

--
-- Temporary table structure for view `facturasctasaldo`
--
DROP TABLE IF EXISTS `facturasctasaldo`;
DROP VIEW IF EXISTS `facturasctasaldo`;
CREATE TABLE `facturasctasaldo` (
  `idcuotafc` int(10) unsigned,
  `cuota` int(10) unsigned,
  `idfactura` int(10) unsigned,
  `importe` float(13,4),
  `cobrado` double(21,4),
  `saldof` double(21,4)
);

--
-- Temporary table structure for view `maxidestados`
--
DROP TABLE IF EXISTS `maxidestados`;
DROP VIEW IF EXISTS `maxidestados`;
CREATE TABLE `maxidestados` (
  `idestadosreg` int(10) unsigned,
  `tabla` char(100),
  `campo` char(100),
  `id` char(30)
);

--
-- Temporary table structure for view `otdepostock`
--
DROP TABLE IF EXISTS `otdepostock`;
DROP VIEW IF EXISTS `otdepostock`;
CREATE TABLE `otdepostock` (
  `iddepo` int(10) unsigned,
  `idmate` int(10) unsigned,
  `codigomat` char(20),
  `nombremat` char(200),
  `stocktot` double(19,2),
  `stock` double(19,2),
  `stockmin` float(13,3),
  `constock` char(1),
  `horas` char(1)
);

--
-- Temporary table structure for view `otmatestock`
--
DROP TABLE IF EXISTS `otmatestock`;
DROP VIEW IF EXISTS `otmatestock`;
CREATE TABLE `otmatestock` (
  `idmate` int(10) unsigned,
  `stocktot` double(19,2)
);

--
-- Temporary table structure for view `pagosprovsaldo`
--
DROP TABLE IF EXISTS `pagosprovsaldo`;
DROP VIEW IF EXISTS `pagosprovsaldo`;
CREATE TABLE `pagosprovsaldo` (
  `idcomproba` int(10) unsigned,
  `totimputado` double(21,4),
  `idpago` int(10) unsigned,
  `importe` float(13,4),
  `saldo` double(21,4)
);

--
-- Temporary table structure for view `recibossaldo`
--
DROP TABLE IF EXISTS `recibossaldo`;
DROP VIEW IF EXISTS `recibossaldo`;
CREATE TABLE `recibossaldo` (
  `idcomproba` int(10) unsigned,
  `totimputado` double(21,4),
  `totrecargo` double(21,4),
  `idrecibo` int(10) unsigned,
  `importe` float(13,4),
  `saldo` double(21,4)
);

--
-- Temporary table structure for view `recmaxidest`
--
DROP TABLE IF EXISTS `recmaxidest`;
DROP VIEW IF EXISTS `recmaxidest`;
CREATE TABLE `recmaxidest` (
  `maxid` int(10) unsigned,
  `idreclamop` int(10) unsigned,
  `idrecsec` int(10) unsigned
);

--
-- Temporary table structure for view `recultestr`
--
DROP TABLE IF EXISTS `recultestr`;
DROP VIEW IF EXISTS `recultestr`;
CREATE TABLE `recultestr` (
  `maxid` int(10) unsigned,
  `idreclamop` int(10) unsigned,
  `idrecsec` int(10) unsigned,
  `idrecest` int(10) unsigned,
  `fecha` char(16),
  `estado` char(50),
  `colore` int(10) unsigned
);

--
-- Temporary table structure for view `ultimoestado`
--
DROP TABLE IF EXISTS `ultimoestado`;
DROP VIEW IF EXISTS `ultimoestado`;
CREATE TABLE `ultimoestado` (
  `tabla` char(100),
  `campo` char(100),
  `id` char(30),
  `idestador` int(10) unsigned,
  `tipo` char(1),
  `fechaest` char(16)
);

--
-- Definition of table `afipcompro`
--

DROP TABLE IF EXISTS `afipcompro`;
CREATE TABLE `afipcompro` (
  `idafipcom` int(10) unsigned NOT NULL,
  `codigo` char(10) NOT NULL,
  `detalle` char(100) NOT NULL,
  PRIMARY KEY (`idafipcom`)
) ENGINE=InnoDB DEFAULT CHARSET=latin1;

--
-- Dumping data for table `afipcompro`
--

/*!40000 ALTER TABLE `afipcompro` DISABLE KEYS */;
INSERT INTO `afipcompro` (`idafipcom`,`codigo`,`detalle`) VALUES 
 (1,'001','FACTURA A'),
 (2,'002','NOTA DE DEBITO A'),
 (3,'003','NOTA DE CREDITO A'),
 (4,'004','RECIBO A'),
 (5,'006','FACTURA B'),
 (6,'007','NOTA DE DEBITO B'),
 (7,'008','NOTA DE CREDITO B'),
 (8,'009','RECIBO B'),
 (9,'011','FACTURA C'),
 (10,'012','NOTA DE DEBITO C'),
 (11,'013','NOTA DE CREDITO C'),
 (12,'015','RECIBO C'),
 (13,'091','REMITO R');
/*!40000 ALTER TABLE `afipcompro` ENABLE KEYS */;


--
-- Definition of table `afipimpuestos`
--

DROP TABLE IF EXISTS `afipimpuestos`;
CREATE TABLE `afipimpuestos` (
  `idafipimp` int(10) unsigned NOT NULL,
  `codigo` char(10) NOT NULL,
  `tipo` char(10) NOT NULL,
  `detalle` char(100) NOT NULL,
  PRIMARY KEY (`idafipimp`)
) ENGINE=InnoDB DEFAULT CHARSET=latin1;

--
-- Dumping data for table `afipimpuestos`
--

/*!40000 ALTER TABLE `afipimpuestos` DISABLE KEYS */;
INSERT INTO `afipimpuestos` (`idafipimp`,`codigo`,`tipo`,`detalle`) VALUES 
 (2,'4','IVA','IVA 10.5'),
 (5,'5','IVA','IVA 21');
/*!40000 ALTER TABLE `afipimpuestos` ENABLE KEYS */;


--
-- Definition of table `afiptipodocu`
--

DROP TABLE IF EXISTS `afiptipodocu`;
CREATE TABLE `afiptipodocu` (
  `idafiptipod` int(10) unsigned NOT NULL,
  `codafip` char(20) NOT NULL,
  `detalle` char(100) NOT NULL,
  PRIMARY KEY (`idafiptipod`)
) ENGINE=InnoDB DEFAULT CHARSET=latin1;

--
-- Dumping data for table `afiptipodocu`
--

/*!40000 ALTER TABLE `afiptipodocu` DISABLE KEYS */;
INSERT INTO `afiptipodocu` (`idafiptipod`,`codafip`,`detalle`) VALUES 
 (1,'96','DNI'),
 (2,'80','CUIT'),
 (3,'86','CUIL'),
 (4,'87','CDI'),
 (5,'89','LE'),
 (6,'90','LC'),
 (7,'99','VENTA DIARIA');
/*!40000 ALTER TABLE `afiptipodocu` ENABLE KEYS */;


--
-- Definition of table `ajustestocke`
--

DROP TABLE IF EXISTS `ajustestocke`;
CREATE TABLE `ajustestocke` (
  `idajustestocke` int(10) unsigned NOT NULL,
  `idajusteh` int(10) unsigned NOT NULL,
  `etiqueta` int(10) unsigned NOT NULL,
  PRIMARY KEY (`idajustestocke`) USING BTREE
) ENGINE=InnoDB DEFAULT CHARSET=latin1;

--
-- Dumping data for table `ajustestocke`
--

/*!40000 ALTER TABLE `ajustestocke` DISABLE KEYS */;
INSERT INTO `ajustestocke` (`idajustestocke`,`idajusteh`,`etiqueta`) VALUES 
 (1,51,2),
 (2,53,3),
 (3,55,4),
 (4,58,5),
 (5,60,7),
 (6,61,8),
 (7,62,9),
 (8,63,10),
 (9,64,11),
 (10,65,12),
 (11,66,13),
 (12,67,14),
 (13,68,15),
 (14,68,16),
 (15,68,17),
 (16,68,18),
 (17,68,19),
 (18,68,20),
 (19,68,21),
 (20,68,22),
 (21,68,23),
 (22,68,24),
 (23,68,25),
 (24,68,26),
 (25,68,27),
 (26,68,28),
 (27,68,29),
 (28,68,30),
 (29,68,31),
 (30,68,32),
 (31,68,33),
 (32,68,34),
 (33,69,35),
 (34,69,36),
 (35,69,37),
 (36,69,38),
 (37,69,39),
 (38,69,40),
 (39,69,41),
 (40,69,42),
 (41,69,43),
 (42,69,44),
 (43,69,45),
 (44,69,46),
 (45,69,47),
 (46,69,48),
 (47,69,49),
 (48,69,50),
 (49,69,51),
 (50,69,52),
 (51,69,53),
 (52,69,54),
 (53,69,55),
 (54,69,56),
 (55,69,57),
 (56,69,58),
 (57,69,59),
 (58,69,60),
 (59,69,61),
 (60,69,62),
 (61,69,63),
 (62,69,64),
 (63,70,65),
 (64,70,66),
 (65,70,67),
 (66,70,68),
 (67,70,69),
 (68,70,70),
 (69,70,71),
 (70,70,72),
 (71,70,73),
 (72,70,74),
 (73,70,75),
 (74,70,76),
 (75,70,77),
 (76,70,78),
 (77,70,79),
 (78,70,80),
 (79,70,81),
 (80,70,82),
 (81,70,83),
 (82,70,84),
 (83,70,85),
 (84,70,86),
 (85,70,87),
 (86,70,88),
 (87,70,89),
 (88,70,90),
 (89,70,91),
 (90,70,92),
 (91,70,93),
 (92,70,94),
 (93,70,95),
 (94,70,96),
 (95,70,97),
 (96,70,98),
 (97,70,99),
 (98,70,100),
 (99,70,101),
 (100,70,102),
 (101,70,103),
 (102,70,104),
 (103,70,105),
 (104,70,106),
 (105,70,107),
 (106,70,108),
 (107,70,109),
 (108,70,110),
 (109,70,111),
 (110,70,112),
 (111,70,113),
 (112,70,114),
 (113,70,115),
 (114,70,116),
 (115,70,117),
 (116,70,118),
 (117,70,119),
 (118,70,120),
 (119,70,121),
 (120,70,122),
 (121,70,123),
 (122,70,124),
 (123,70,125),
 (124,70,126),
 (125,70,127),
 (126,70,128),
 (127,70,129),
 (128,70,130),
 (129,70,131),
 (130,70,132),
 (131,70,133),
 (132,70,134),
 (133,70,135),
 (134,70,136),
 (135,70,137),
 (136,70,138),
 (137,70,139),
 (138,70,140),
 (139,70,141),
 (140,70,142),
 (141,70,143),
 (142,70,144),
 (143,70,145),
 (144,70,146),
 (145,70,147),
 (146,70,148),
 (147,70,149),
 (148,70,150),
 (149,70,151),
 (150,70,152),
 (151,70,153),
 (152,70,154),
 (153,70,155),
 (154,70,156),
 (155,70,157),
 (156,70,158),
 (157,70,159),
 (158,70,160),
 (159,70,161),
 (160,70,162),
 (161,70,163),
 (162,70,164),
 (163,70,165),
 (164,70,166),
 (165,70,167),
 (166,70,168),
 (167,70,169),
 (168,70,170),
 (169,70,171),
 (170,70,172),
 (171,70,173),
 (172,70,174),
 (173,70,175),
 (174,70,176),
 (175,70,177),
 (176,70,178),
 (177,70,179),
 (178,70,180),
 (179,70,181),
 (180,70,182),
 (181,70,183),
 (182,70,184),
 (183,70,185),
 (184,70,186),
 (185,70,187),
 (186,70,188),
 (187,70,189),
 (188,70,190),
 (189,70,191),
 (190,70,192),
 (191,70,193),
 (192,70,194),
 (193,70,195),
 (194,70,196),
 (195,70,197),
 (196,70,198),
 (197,70,199),
 (198,70,200),
 (199,70,201),
 (200,70,202),
 (201,70,203),
 (202,70,204),
 (203,70,205),
 (204,70,206),
 (205,70,207),
 (206,70,208),
 (207,70,209),
 (208,70,210),
 (209,70,211),
 (210,70,212),
 (211,70,213),
 (212,70,214),
 (213,70,215),
 (214,70,216),
 (215,70,217),
 (216,70,218),
 (217,70,219),
 (218,70,220),
 (219,70,221),
 (220,70,222),
 (221,70,223),
 (222,70,224),
 (223,70,225),
 (224,70,226),
 (225,70,227),
 (226,70,228),
 (227,70,229),
 (228,70,230),
 (229,70,231),
 (230,70,232),
 (231,70,233),
 (232,70,234),
 (233,70,235),
 (234,70,236),
 (235,70,237),
 (236,70,238),
 (237,70,239),
 (238,70,240),
 (239,70,241),
 (240,70,242),
 (241,70,243),
 (242,70,244),
 (243,70,245),
 (244,70,246),
 (245,70,247),
 (246,70,248),
 (247,70,249),
 (248,70,250),
 (249,70,251),
 (250,70,252),
 (251,70,253),
 (252,70,254),
 (253,70,255),
 (254,70,256),
 (255,70,257),
 (256,70,258),
 (257,70,259),
 (258,70,260),
 (259,70,261),
 (260,70,262),
 (261,70,263),
 (262,70,264),
 (263,72,265),
 (264,72,266),
 (265,72,267),
 (266,72,268),
 (267,72,269),
 (268,72,270),
 (269,72,271),
 (270,72,272),
 (271,72,273),
 (272,72,274),
 (273,73,275),
 (274,79,276),
 (275,79,277),
 (276,79,278),
 (277,79,279),
 (278,79,280),
 (279,79,281),
 (280,79,282),
 (281,79,283),
 (282,79,284),
 (283,79,285),
 (284,79,286),
 (285,79,287),
 (286,79,288),
 (287,79,289),
 (288,79,290),
 (289,79,291),
 (290,79,292),
 (291,79,293),
 (292,79,294),
 (293,79,295),
 (294,79,296),
 (295,79,297),
 (296,79,298),
 (297,79,299),
 (298,79,300),
 (299,79,301),
 (300,79,302),
 (301,79,303),
 (302,79,304),
 (303,79,305),
 (304,79,306),
 (305,79,307),
 (306,79,308),
 (307,79,309),
 (308,79,310),
 (309,79,311),
 (310,79,312),
 (311,79,313),
 (312,79,314),
 (313,79,315),
 (314,79,316),
 (315,79,317),
 (316,79,318),
 (317,79,319),
 (318,79,320),
 (319,79,321),
 (320,79,322),
 (321,79,323),
 (322,79,324),
 (323,79,325),
 (324,79,326),
 (325,79,327),
 (326,79,328),
 (327,79,329),
 (328,79,330),
 (329,79,331),
 (330,79,332),
 (331,79,333),
 (332,79,334),
 (333,79,335),
 (334,79,336),
 (335,79,337),
 (336,79,338),
 (337,79,339),
 (338,79,340),
 (339,79,341),
 (340,79,342),
 (341,79,343),
 (342,79,344),
 (343,79,345),
 (344,79,346),
 (345,79,347),
 (346,79,348),
 (347,79,349),
 (348,79,350),
 (349,79,351),
 (350,79,352),
 (351,79,353),
 (352,79,354),
 (353,79,355),
 (354,79,356),
 (355,79,357),
 (356,79,358),
 (357,79,359),
 (358,79,360),
 (359,79,361),
 (360,79,362),
 (361,79,363),
 (362,79,364),
 (363,79,365),
 (364,79,366),
 (365,79,367),
 (366,79,368),
 (367,79,369),
 (368,79,370),
 (369,79,371),
 (370,79,372),
 (371,79,373),
 (372,79,374),
 (373,79,375),
 (374,80,376),
 (375,80,377),
 (376,80,378),
 (377,80,379),
 (378,80,380),
 (379,80,381),
 (380,80,382),
 (381,80,383),
 (382,80,384),
 (383,80,385),
 (384,80,386),
 (385,80,387),
 (386,80,388),
 (387,80,389),
 (388,80,390),
 (389,80,391),
 (390,80,392),
 (391,80,393),
 (392,80,394),
 (393,80,395),
 (394,80,396),
 (395,80,397),
 (396,80,398),
 (397,80,399),
 (398,80,400),
 (399,80,401),
 (400,80,402),
 (401,80,403),
 (402,80,404),
 (403,80,405),
 (404,80,406),
 (405,80,407),
 (406,80,408),
 (407,80,409),
 (408,80,410),
 (409,80,411),
 (410,80,412),
 (411,80,413),
 (412,80,414),
 (413,80,415),
 (414,80,416),
 (415,80,417),
 (416,80,418),
 (417,80,419),
 (418,80,420),
 (419,80,421),
 (420,80,422),
 (421,80,423),
 (422,80,424),
 (423,80,425),
 (424,124,426),
 (425,124,427),
 (426,124,428),
 (427,124,429),
 (428,124,430),
 (429,124,431),
 (430,124,432),
 (431,124,433),
 (432,124,434),
 (433,124,435),
 (434,125,436),
 (435,125,437),
 (436,125,438),
 (437,125,439),
 (438,125,440),
 (439,126,441),
 (440,126,442),
 (441,126,443),
 (442,126,444),
 (443,126,445),
 (444,128,446),
 (445,129,447);
/*!40000 ALTER TABLE `ajustestocke` ENABLE KEYS */;


--
-- Definition of table `ajustestockh`
--

DROP TABLE IF EXISTS `ajustestockh`;
CREATE TABLE `ajustestockh` (
  `idajuste` int(10) unsigned NOT NULL,
  `articulo` char(50) NOT NULL,
  `detalle` char(254) NOT NULL,
  `idtipomov` int(10) unsigned NOT NULL,
  `descmov` char(254) NOT NULL,
  `cantidad` float(13,4) NOT NULL,
  `idajusteh` int(10) unsigned NOT NULL,
  `neto` float(13,4) NOT NULL,
  `total` float(13,4) NOT NULL,
  `deposito` int(10) unsigned NOT NULL,
  `fecha` char(8) NOT NULL,
  PRIMARY KEY (`idajusteh`) USING BTREE
) ENGINE=InnoDB DEFAULT CHARSET=latin1;

--
-- Dumping data for table `ajustestockh`
--

/*!40000 ALTER TABLE `ajustestockh` DISABLE KEYS */;
INSERT INTO `ajustestockh` (`idajuste`,`articulo`,`detalle`,`idtipomov`,`descmov`,`cantidad`,`idajusteh`,`neto`,`total`,`deposito`,`fecha`) VALUES 
 (1,'0101001','Alambre de bajada c/autop.2 x 0.61',4,'EGRESO POR VENTA',2.0000,1,101.0000,244.4200,1,'20181108'),
 (2,'0101002','Alambre de bajada PVC 2 x 0.81',4,'EGRESO POR VENTA',32.0000,2,102.0000,3949.4399,1,'20181108'),
 (1,'0101001','Alambre de bajada c/autop.2 x 0.61',4,'EGRESO POR VENTA',35.0000,3,101.0000,4284.7002,1,'20181108'),
 (1,'0101002','Alambre de bajada PVC 2 x 0.81',4,'EGRESO POR VENTA',46.0000,4,102.0000,5677.3198,1,'20181108'),
 (2,'0101001','Alambre de bajada c/autop.2 x 0.61',4,'EGRESO POR VENTA',2.0000,5,101.0000,244.8400,1,'20181108'),
 (2,'0101002','Alambre de bajada PVC 2 x 0.81',4,'EGRESO POR VENTA',3.0000,6,102.0000,370.2600,1,'20181108'),
 (3,'0101001','Alambre de bajada c/autop.2 x 0.61',4,'EGRESO POR VENTA',35.0000,7,101.0000,4277.3501,1,'20181108'),
 (1,'0101001','Alambre de bajada c/autop.2 x 0.61',4,'EGRESO POR VENTA',35.0000,8,101.0000,4277.3501,1,'20181108'),
 (2,'0101002','Alambre de bajada PVC 2 x 0.81',4,'EGRESO POR VENTA',55.0000,9,102.0000,6788.1001,1,'20181108'),
 (3,'0101001','Alambre de bajada c/autop.2 x 0.61',7,'EGRESO POR AJUSTE DE STOCK',35.0000,10,101.0000,4284.7002,1,'20181108'),
 (4,'0101001','Alambre de bajada c/autop.2 x 0.61',7,'EGRESO POR AJUSTE DE STOCK',35.0000,11,101.0000,4277.3501,1,'20181108'),
 (4,'0101001','Alambre de bajada c/autop.2 x 0.61',7,'EGRESO POR AJUSTE DE STOCK',35.0000,12,101.0000,4277.3501,1,'20181108'),
 (5,'0101001','Alambre de bajada c/autop.2 x 0.61',7,'EGRESO POR AJUSTE DE STOCK',35.0000,13,101.0000,4284.7002,1,'20181108'),
 (5,'0101002','Alambre de bajada PVC 2 x 0.81',7,'EGRESO POR AJUSTE DE STOCK',54.0000,14,102.0000,6664.6802,1,'20181108'),
 (6,'0101001','Alambre de bajada c/autop.2 x 0.61',7,'EGRESO POR AJUSTE DE STOCK',65.0000,15,101.0000,7943.6499,1,'20181108'),
 (5,'0101001','Alambre de bajada c/autop.2 x 0.61',7,'EGRESO POR AJUSTE DE STOCK',35.0000,16,101.0000,4277.3501,1,'20181108'),
 (7,'0101001','Alambre de bajada c/autop.2 x 0.61',7,'EGRESO POR AJUSTE DE STOCK',8.0000,17,101.0000,979.3600,1,'20181108'),
 (7,'0101002','Alambre de bajada PVC 2 x 0.81',7,'EGRESO POR AJUSTE DE STOCK',58.0000,18,102.0000,7158.3599,1,'20181108'),
 (8,'0101001','Alambre de bajada c/autop.2 x 0.61',7,'EGRESO POR AJUSTE DE STOCK',3.0000,19,101.0000,366.6300,1,'20181108'),
 (6,'0101001','Alambre de bajada c/autop.2 x 0.61',8,'INGRESO POR AJUSTE DE STOCK',25.0000,20,101.0000,3055.2500,1,'20181108'),
 (7,'0101002','Alambre de bajada PVC 2 x 0.81',7,'EGRESO POR AJUSTE DE STOCK',30.0000,21,102.0000,3702.6001,1,'20181108'),
 (8,'0101001','Alambre de bajada c/autop.2 x 0.61',7,'EGRESO POR AJUSTE DE STOCK',5.0000,22,101.0000,612.1000,1,'20181108'),
 (8,'0101002','Alambre de bajada PVC 2 x 0.81',7,'EGRESO POR AJUSTE DE STOCK',3.0000,23,102.0000,370.2600,1,'20181108'),
 (9,'0101001','Alambre de bajada c/autop.2 x 0.61',7,'EGRESO POR AJUSTE DE STOCK',5.0000,24,505.0000,612.1000,1,'20181108'),
 (9,'0101002','Alambre de bajada PVC 2 x 0.81',7,'EGRESO POR AJUSTE DE STOCK',6.0000,25,612.0000,740.5200,1,'20181108'),
 (10,'0101001','Alambre de bajada c/autop.2 x 0.61',7,'EGRESO POR AJUSTE DE STOCK',2.0000,27,202.0000,244.4200,1,'20181108'),
 (11,'0101001','Alambre de bajada c/autop.2 x 0.61',7,'EGRESO POR AJUSTE DE STOCK',2.0000,28,202.0000,244.4200,1,'20181108'),
 (13,'0101002','Alambre de bajada PVC 2 x 0.81',7,'EGRESO POR AJUSTE DE STOCK',3.0000,29,306.0000,370.2600,1,'20181108'),
 (14,'0101001','Alambre de bajada c/autop.2 x 0.61',7,'EGRESO POR AJUSTE DE STOCK',3.0000,30,303.0000,366.6300,1,'20181108'),
 (15,'0101001','Alambre de bajada c/autop.2 x 0.61',7,'EGRESO POR AJUSTE DE STOCK',2.0000,31,202.0000,244.4200,1,'20181108'),
 (17,'0101001','Alambre de bajada c/autop.2 x 0.61',7,'EGRESO POR AJUSTE DE STOCK',5.0000,32,505.0000,611.0500,1,'20181108'),
 (25,'0101002','Alambre de bajada PVC 2 x 0.81',7,'EGRESO POR AJUSTE DE STOCK',1.0000,40,102.0000,123.4200,1,'20181108'),
 (18,'0101001','Alambre de bajada c/autop.2 x 0.61',7,'EGRESO POR AJUSTE DE STOCK',111.0000,41,11211.0000,13565.3096,1,'20181108'),
 (19,'0101002','Alambre de bajada PVC 2 x 0.81',7,'EGRESO POR AJUSTE DE STOCK',2.0000,42,204.0000,246.8400,1,'20181108'),
 (20,'0101002','Alambre de bajada PVC 2 x 0.81',7,'EGRESO POR AJUSTE DE STOCK',10.0000,43,1020.0000,1234.2000,1,'20181108'),
 (21,'0101002','Alambre de bajada PVC 2 x 0.81',7,'EGRESO POR AJUSTE DE STOCK',5.0000,44,510.0000,617.1000,1,'20181108'),
 (22,'0101002','Alambre de bajada PVC 2 x 0.81',7,'EGRESO POR AJUSTE DE STOCK',6.0000,45,612.0000,740.5200,1,'20181108'),
 (23,'0101001','Alambre de bajada c/autop.2 x 0.61',8,'INGRESO POR AJUSTE DE STOCK',1.0000,46,101.0000,122.2100,1,'20181108'),
 (24,'0101001','Alambre de bajada c/autop.2 x 0.61',8,'INGRESO POR AJUSTE DE STOCK',1.0000,47,101.0000,122.2100,1,'20181108'),
 (36,'0101001','Alambre de bajada c/autop.2 x 0.61',3,'INGRESO POR COMPRA-I',100.0000,48,101.0000,10100.0000,1,'20181114'),
 (37,'0101001','Alambre de bajada c/autop.2 x 0.61',3,'INGRESO POR COMPRA-I',100.0000,49,101.0000,10100.0000,1,'20181114'),
 (38,'0101002','Alambre de bajada PVC 2 x 0.81',3,'INGRESO POR COMPRA-I',100.0000,50,102.0000,10200.0000,1,'20181114'),
 (39,'0101002','Alambre de bajada PVC 2 x 0.81',3,'INGRESO POR COMPRA-I',100.0000,51,102.0000,10200.0000,1,'20181114'),
 (40,'0101001','Alambre de bajada c/autop.2 x 0.61',3,'INGRESO POR COMPRA-I',100.0000,52,101.0000,10100.0000,1,'20181114'),
 (41,'0101002','Alambre de bajada PVC 2 x 0.81',3,'INGRESO POR COMPRA-I',100.0000,53,102.0000,10200.0000,1,'20181114'),
 (42,'0101001','Alambre de bajada c/autop.2 x 0.61',7,'EGRESO POR AJUSTE DE STOCK-E',1.0000,54,101.0000,101.0000,1,'20181114'),
 (43,'0101001','Alambre de bajada c/autop.2 x 0.61',7,'EGRESO POR AJUSTE DE STOCK-E',1.0000,55,101.0000,101.0000,1,'20181114'),
 (44,'0101002','Alambre de bajada PVC 2 x 0.81',6,'AJUSTE EGR. DE INVENTARIO-E',1.0000,56,102.0000,102.0000,1,'20181114'),
 (45,'0101002','Alambre de bajada PVC 2 x 0.81',5,'AJUSTE ING. DE INVENTARIO-I',1.0000,57,102.0000,102.0000,1,'20181114'),
 (46,'0101001','Alambre de bajada c/autop.2 x 0.61',3,'INGRESO POR COMPRA-I',200.0000,58,101.0000,20200.0000,1,'20181114'),
 (47,'0101002','Alambre de bajada PVC 2 x 0.81',3,'INGRESO POR COMPRA-I',20.0000,59,102.0000,2040.0000,1,'20181115'),
 (48,'0101002','Alambre de bajada PVC 2 x 0.81',3,'INGRESO POR COMPRA-I',20.0000,60,102.0000,2040.0000,1,'20181115'),
 (49,'0101002','Alambre de bajada PVC 2 x 0.81',3,'INGRESO POR COMPRA-I',20.0000,61,102.0000,2040.0000,1,'20181115'),
 (50,'0101002','Alambre de bajada PVC 2 x 0.81',3,'INGRESO POR COMPRA-I',20.0000,62,102.0000,2040.0000,1,'20181115'),
 (51,'0101002','Alambre de bajada PVC 2 x 0.81',3,'INGRESO POR COMPRA-I',20.0000,63,102.0000,2040.0000,1,'20181115'),
 (52,'0101002','Alambre de bajada PVC 2 x 0.81',3,'INGRESO POR COMPRA-I',20.0000,64,102.0000,2040.0000,1,'20181115'),
 (53,'0101002','Alambre de bajada PVC 2 x 0.81',3,'INGRESO POR COMPRA-I',20.0000,65,102.0000,2040.0000,1,'20181115'),
 (54,'0101002','Alambre de bajada PVC 2 x 0.81',3,'INGRESO POR COMPRA-I',20.0000,66,102.0000,2040.0000,1,'20181115'),
 (55,'0101002','Alambre de bajada PVC 2 x 0.81',3,'INGRESO POR COMPRA-I',2.0000,67,102.0000,204.0000,1,'20181115'),
 (56,'0101001','Alambre de bajada c/autop.2 x 0.61',3,'INGRESO POR COMPRA-I',20.0000,68,101.0000,2020.0000,1,'20181115'),
 (57,'0101002','Alambre de bajada PVC 2 x 0.81',3,'INGRESO POR COMPRA-I',30.0000,69,102.0000,3060.0000,1,'20181115'),
 (58,'0101003','Alambre de cruzada bicolor 2 x 0.51',8,'INGRESO POR AJUSTE DE STOCK-I',200.0000,70,0.0000,0.0000,1,'20181115'),
 (59,'0101003','Alambre de cruzada bicolor 2 x 0.51',7,'EGRESO POR AJUSTE DE STOCK-E',200.0000,71,0.0000,0.0000,1,'20181115'),
 (60,'0101001','Alambre de bajada c/autop.2 x 0.61',3,'INGRESO POR COMPRA-I',10.0000,72,101.0000,1010.0000,1,'20181122'),
 (61,'0101004','Alambre p/rienda 4,8 c/PVC',3,'INGRESO POR COMPRA-I',1.0000,73,0.0000,0.0000,1,'20181126'),
 (62,'0101025','Cable autop. pesado PAL 0.50/30 ps',1,'INGRESO POR DEVOLUCION-I',1.0000,74,0.0000,0.0000,1,'20181126'),
 (63,'0101001','Alambre de bajada c/autop.2 x 0.61',5,'AJUSTE ING. DE INVENTARIO-I',10.0000,75,101.0000,1010.0000,1,'20181126'),
 (63,'0101002','Alambre de bajada PVC 2 x 0.81',5,'AJUSTE ING. DE INVENTARIO-I',5.0000,76,102.0000,510.0000,1,'20181126'),
 (64,'0101012','Cable autop. liviano PAL 0.50/20 ps',1,'INGRESO POR DEVOLUCION-I',1.0000,77,0.0000,0.0000,1,'20181126'),
 (65,'0101005','Alambre p/rienda de  6 mm',1,'INGRESO POR DEVOLUCION-I',10.0000,78,0.0000,0.0000,1,'20181126'),
 (66,'0101005','Alambre p/rienda de  6 mm',3,'INGRESO POR COMPRA-I',100.0000,79,0.0000,0.0000,1,'20181127'),
 (66,'0101012','Cable autop. liviano PAL 0.50/20 ps',3,'INGRESO POR COMPRA-I',50.0000,80,0.0000,0.0000,1,'20181127'),
 (72,'0101001','Alambre de bajada c/autop.2 x 0.61',4,'EGRESO POR VENTA',5.0000,84,0.0000,0.0000,1,'20190613'),
 (72,'0101002','Alambre de bajada PVC 2 x 0.81',4,'EGRESO POR VENTA',2.0000,85,0.0000,0.0000,1,'20190613'),
 (73,'0101001','Alambre de bajada c/autop.2 x 0.61',4,'EGRESO POR VENTA',10.0000,86,0.0000,0.0000,1,'20190613'),
 (74,'0101001','Alambre de bajada c/autop.2 x 0.61',4,'EGRESO POR VENTA',10.0000,87,0.0000,0.0000,1,'20190613'),
 (75,'0101001','Alambre de bajada c/autop.2 x 0.61',4,'EGRESO POR VENTA',5.0000,88,0.0000,0.0000,1,'20190614'),
 (76,'0101001','Alambre de bajada c/autop.2 x 0.61',4,'EGRESO POR VENTA',1.0000,89,0.0000,0.0000,1,'20190614'),
 (77,'0101001','Alambre de bajada c/autop.2 x 0.61',4,'EGRESO POR VENTA',2.0000,90,0.0000,0.0000,1,'20190614'),
 (78,'0101001','Alambre de bajada c/autop.2 x 0.61',4,'EGRESO POR VENTA',2.0000,91,0.0000,0.0000,1,'20190614'),
 (79,'0101001','Alambre de bajada c/autop.2 x 0.61',4,'EGRESO POR VENTA',2.0000,92,0.0000,0.0000,1,'20190615'),
 (80,'0101001','Alambre de bajada c/autop.2 x 0.61',4,'EGRESO POR VENTA',2.0000,93,0.0000,0.0000,1,'20190615'),
 (81,'0101001','Alambre de bajada c/autop.2 x 0.61',4,'EGRESO POR VENTA',5.0000,94,0.0000,0.0000,1,'20190618'),
 (82,'0101001','Alambre de bajada c/autop.2 x 0.61',4,'EGRESO POR VENTA',2.0000,95,0.0000,0.0000,1,'20190618'),
 (82,'0101002','Alambre de bajada PVC 2 x 0.81',4,'EGRESO POR VENTA',10.0000,96,0.0000,0.0000,1,'20190618'),
 (83,'0101001','Alambre de bajada c/autop.2 x 0.61',4,'EGRESO POR VENTA',2.0000,97,0.0000,0.0000,1,'20190618'),
 (83,'0101002','Alambre de bajada PVC 2 x 0.81',4,'EGRESO POR VENTA',5.0000,98,0.0000,0.0000,1,'20190618'),
 (84,'0101001','Alambre de bajada c/autop.2 x 0.61',4,'EGRESO POR VENTA',2.0000,99,0.0000,0.0000,1,'20190618'),
 (84,'0101002','Alambre de bajada PVC 2 x 0.81',4,'EGRESO POR VENTA',5.0000,100,0.0000,0.0000,1,'20190618'),
 (85,'0101002','Alambre de bajada PVC 2 x 0.81',4,'EGRESO POR VENTA',10.0000,101,0.0000,0.0000,1,'20190618'),
 (86,'0101001','Alambre de bajada c/autop.2 x 0.61',4,'EGRESO POR VENTA',10.0000,102,0.0000,0.0000,1,'20190622'),
 (87,'0101001','Alambre de bajada c/autop.2 x 0.61',4,'EGRESO POR VENTA',5.0000,103,0.0000,0.0000,1,'20190627'),
 (87,'0101002','Alambre de bajada PVC 2 x 0.81',4,'EGRESO POR VENTA',10.0000,104,0.0000,0.0000,1,'20190627'),
 (88,'0101001','Alambre de bajada c/autop.2 x 0.61',4,'EGRESO POR VENTA',4.0000,105,0.0000,0.0000,1,'20190627'),
 (88,'0101002','Alambre de bajada PVC 2 x 0.81',4,'EGRESO POR VENTA',5.0000,106,0.0000,0.0000,1,'20190627'),
 (89,'0101001','Alambre de bajada c/autop.2 x 0.61',4,'EGRESO POR VENTA',5.0000,107,0.0000,0.0000,1,'20190628'),
 (90,'0101001','Alambre de bajada c/autop.2 x 0.61',4,'EGRESO POR VENTA',5.0000,108,0.0000,0.0000,1,'20190628'),
 (91,'0101001','Alambre de bajada c/autop.2 x 0.61',4,'EGRESO POR VENTA',5.0000,109,0.0000,0.0000,1,'20190628'),
 (92,'0101001','Alambre de bajada c/autop.2 x 0.61',4,'EGRESO POR VENTA',1.0000,110,0.0000,0.0000,1,'20190628'),
 (93,'0101001','Alambre de bajada c/autop.2 x 0.61',4,'EGRESO POR VENTA',5.0000,111,0.0000,0.0000,1,'20190628'),
 (94,'0000913019','Armario Sala de informatica-2,00x7,52x0,75 Mts',4,'EGRESO POR VENTA',4.0000,112,0.0000,0.0000,1,'20190628'),
 (94,'0000913020','Armario SUM-2,00x8,65x0,75 Mts',4,'EGRESO POR VENTA',1.0000,113,0.0000,0.0000,1,'20190628'),
 (94,'0000913021','Armario Laboratorio-2,00x8,65x0,75 Mts',4,'EGRESO POR VENTA',1.0000,114,0.0000,0.0000,1,'20190628'),
 (94,'0000913022','Armario Aula-1,98x5,00x0,75 Mts',4,'EGRESO POR VENTA',32.0000,115,0.0000,0.0000,1,'20190628'),
 (95,'0101001','Alambre de bajada c/autop.2 x 0.61',4,'EGRESO POR VENTA',5.0000,116,0.0000,0.0000,1,'20190628'),
 (96,'0101001','Alambre de bajada c/autop.2 x 0.61',4,'EGRESO POR VENTA',5.0000,117,0.0000,0.0000,1,'20190628'),
 (97,'0000913019','Armario Sala de informatica-2,00x7,52x0,75 Mts',4,'EGRESO POR VENTA',1.0000,118,0.0000,0.0000,1,'20190628'),
 (98,'0000913019','Armario Sala de informatica-2,00x7,52x0,75 Mts',4,'EGRESO POR VENTA',4.0000,119,0.0000,0.0000,1,'20190628'),
 (98,'0000913020','Armario SUM-2,00x8,65x0,75 Mts',4,'EGRESO POR VENTA',1.0000,120,0.0000,0.0000,1,'20190628'),
 (98,'0000913021','Armario Laboratorio-2,00x8,65x0,75 Mts',4,'EGRESO POR VENTA',1.0000,121,0.0000,0.0000,1,'20190628'),
 (98,'0000913022','Armario Aula-1,98x5,00x0,75 Mts',4,'EGRESO POR VENTA',32.0000,122,0.0000,0.0000,1,'20190628'),
 (99,'0101001','Alambre de bajada c/autop.2 x 0.61',4,'EGRESO POR VENTA',2.0000,123,0.0000,0.0000,1,'20190703'),
 (100,'0101001','Alambre de bajada c/autop.2 x 0.61',3,'INGRESO POR COMPRA',10.0000,124,0.0000,0.0000,1,'20190801'),
 (100,'0101002','Alambre de bajada PVC 2 x 0.81',3,'INGRESO POR COMPRA',5.0000,125,0.0000,0.0000,1,'20190801'),
 (102,'0101001','Alambre de bajada c/autop.2 x 0.61',3,'INGRESO POR COMPRA',5.0000,126,0.0000,0.0000,1,'20190802'),
 (103,'01','Amoblamiento a medida Amoblark Linea Oficina',4,'EGRESO POR VENTA',1.0000,127,0.0000,0.0000,1,'20190917'),
 (105,'0000913019','Armario Sala de informatica-2,00x7,52x0,75 Mts',3,'INGRESO POR COMPRA',1.0000,128,0.0000,0.0000,1,'20190921'),
 (106,'0000913019','Armario Sala de informatica-2,00x7,52x0,75 Mts',3,'INGRESO POR COMPRA',1.0000,129,0.0000,0.0000,1,'20190921');
/*!40000 ALTER TABLE `ajustestockh` ENABLE KEYS */;


--
-- Definition of table `ajustestockimp`
--

DROP TABLE IF EXISTS `ajustestockimp`;
CREATE TABLE `ajustestockimp` (
  `idajuste` int(10) unsigned NOT NULL,
  `idcomproba` int(10) unsigned NOT NULL,
  `puntov` char(4) NOT NULL,
  `numero` int(10) unsigned NOT NULL,
  `tipo` char(1) NOT NULL,
  `impuesto` int(10) unsigned NOT NULL,
  `detalle` char(200) NOT NULL,
  `neto` float(13,4) NOT NULL,
  `razon` float(13,4) NOT NULL,
  `importe` float(13,4) NOT NULL
) ENGINE=InnoDB DEFAULT CHARSET=utf8;

--
-- Dumping data for table `ajustestockimp`
--

/*!40000 ALTER TABLE `ajustestockimp` DISABLE KEYS */;
/*!40000 ALTER TABLE `ajustestockimp` ENABLE KEYS */;


--
-- Definition of table `ajustestockp`
--

DROP TABLE IF EXISTS `ajustestockp`;
CREATE TABLE `ajustestockp` (
  `idajuste` int(10) unsigned NOT NULL,
  `puntov` char(4) NOT NULL,
  `numero` int(10) unsigned NOT NULL,
  `fecha` char(8) NOT NULL,
  `entidad` int(10) unsigned NOT NULL,
  `nombre` char(254) NOT NULL,
  `responsable` char(254) NOT NULL,
  `observa1` char(254) NOT NULL,
  `observa2` char(254) NOT NULL,
  `observa3` char(254) NOT NULL,
  `observa4` char(254) NOT NULL,
  `idtipomov` int(10) unsigned NOT NULL,
  `idcomproba` int(10) unsigned NOT NULL,
  `pventa` int(10) unsigned NOT NULL,
  PRIMARY KEY (`idajuste`)
) ENGINE=InnoDB DEFAULT CHARSET=latin1;

--
-- Dumping data for table `ajustestockp`
--

/*!40000 ALTER TABLE `ajustestockp` DISABLE KEYS */;
INSERT INTO `ajustestockp` (`idajuste`,`puntov`,`numero`,`fecha`,`entidad`,`nombre`,`responsable`,`observa1`,`observa2`,`observa3`,`observa4`,`idtipomov`,`idcomproba`,`pventa`) VALUES 
 (1,'0001',1,'20170304',1,'ROSSI TULIO','FEDE','','','','',1,0,0),
 (2,'0001',2,'20170304',2,'ALSAFEX S.A. - Racca Gaston Ramon Alberto','FEDE','','','','',1,0,0),
 (3,'0001',3,'20170306',1,'ROSSI TULIO','FEDE','','','','',1,0,0),
 (4,'0001',4,'20170306',2,'ALSAFEX S.A. - Racca Gaston Ramon Alberto','FEDE','','','','',1,0,0),
 (5,'0001',5,'20170306',2,'ALSAFEX S.A. - Racca Gaston Ramon Alberto','FEDE','','','','',1,0,0),
 (6,'0001',6,'20170724',1,'ROSSI TULIO','FEDE','','','','',2,0,0),
 (7,'0001',7,'20170731',2,'ALSAFEX S.A. - Racca Gaston Ramon Alberto','FEDE','1','2','3','',1,0,0),
 (8,'0001',8,'20170804',2,'ALSAFEX S.A. - Racca Gaston Ramon Alberto','FEDE','PRUEBA','','','',1,0,0),
 (9,'0001',9,'20170804',2,'ALSAFEX S.A. - Racca Gaston Ramon Alberto','FEDE','PRUEBA','','','',1,0,0),
 (10,'0001',10,'20171009',1,'ROSSI TULIO','FEDE','','','','',1,0,0),
 (11,'0001',11,'20171009',1,'ROSSI TULIO','FEDE','','','','',1,0,0),
 (12,'0001',12,'20170804',2,'ALSAFEX S.A. - Racca Gaston Ramon Alberto','FEDE','PRUEBA','','','',1,0,0),
 (13,'0001',13,'20171009',1,'ROSSI TULIO','FEDE','','','','',1,0,0),
 (14,'0001',14,'20171009',1,'ROSSI TULIO','FEDE','','','','',1,0,0),
 (15,'0001',15,'20171009',1,'ROSSI TULIO','FEDE','','','','',1,0,0),
 (16,'0001',16,'20170804',2,'ALSAFEX S.A. - Racca Gaston Ramon Alberto','FEDE','PRUEBA','','','',1,0,0),
 (18,'0001',18,'20171010',1,'ROSSI TULIO','FEDE','','','','',1,0,0),
 (19,'0001',19,'20171010',1,'ROSSI TULIO','FEDE','','','','',1,0,0),
 (20,'0001',20,'20171010',1,'ROSSI TULIO','FEDE','','','','',1,0,0),
 (21,'0001',21,'20171010',1,'ROSSI TULIO','FEDE','','','','',1,0,0),
 (22,'0001',22,'20171010',1,'ROSSI TULIO','FEDE','','','','',1,0,0),
 (23,'0001',23,'20180131',1,'ROSSI TULIO','TULIO','','','','',2,0,0),
 (24,'0001',24,'20180131',2,'ALSAFEX S.A. - Racca Gaston Ramon Alberto','TULIO','','','','',2,0,0),
 (25,'0001',25,'20171010',1,'ROSSI TULIO','FEDE','','','','',1,0,0),
 (32,'0001',27,'20181114',1,'ROSSI TULIO','TULIO','','','','',3,3,1),
 (33,'0001',27,'20181114',1,'ROSSI TULIO','TULIO','','','','',3,3,1),
 (34,'0001',27,'20181114',1,'ROSSI TULIO','TULIO','','','','',3,3,1),
 (35,'0001',27,'20181114',1,'ROSSI TULIO','TULIO','','','','',3,3,1),
 (36,'0001',27,'20181114',1,'ROSSI TULIO','TULIO','','','','',3,3,1),
 (37,'0001',28,'20181114',1,'ROSSI TULIO','TULIO','','','','',3,3,1),
 (38,'0001',29,'20181114',4,'Bonet Pablo','TULIO','','','','',3,3,1),
 (39,'0001',30,'20181114',4,'Bonet Pablo','TULIO','','','','',3,3,1),
 (40,'0001',31,'20181114',1,'ROSSI TULIO','TULIO','','','','',3,3,1),
 (41,'0001',32,'20181114',1,'ROSSI TULIO','TULIO','','','','',3,3,1),
 (42,'0001',33,'20181114',4,'Bonet Pablo','TULIO','','','','',7,3,1),
 (43,'0001',34,'20181114',4,'Bonet Pablo','TULIO','','','','',7,3,1),
 (44,'0001',35,'20181114',4,'Bonet Pablo','TULIO','','','','',6,3,1),
 (45,'0001',36,'20181114',4,'Bonet Pablo','TULIO','','','','',0,3,1),
 (46,'0001',37,'20181114',1,'ROSSI TULIO','TULIO','','','','',3,3,1),
 (47,'0001',38,'20181115',4,'Bonet Pablo','TULIO','','','','',3,3,1),
 (48,'0001',39,'20181115',4,'Bonet Pablo','TULIO','','','','',3,3,1),
 (49,'0001',40,'20181115',4,'Bonet Pablo','TULIO','','','','',3,3,1),
 (50,'0001',41,'20181115',4,'Bonet Pablo','TULIO','','','','',3,3,1),
 (51,'0001',42,'20181115',2,'ALSAFEX S.A. - Racca Gaston Ramon Alberto','TULIO','','','','',3,3,1),
 (52,'0001',43,'20181115',4,'Bonet Pablo','TULIO','','','','',3,3,1),
 (53,'0001',44,'20181115',4,'Bonet Pablo','TULIO','','','','',3,3,1),
 (54,'0001',45,'20181115',4,'Bonet Pablo','TULIO','','','','',3,3,1),
 (55,'0001',46,'20181115',4,'Bonet Pablo','TULIO','','','','',3,3,1),
 (56,'0001',47,'20181115',4,'Bonet Pablo','TULIO','','','','',3,3,1),
 (57,'0001',48,'20181115',4,'Bonet Pablo','TULIO','','','','',3,3,1),
 (58,'0001',49,'20181115',2,'ALSAFEX S.A. - Racca Gaston Ramon Alberto','TULIO','','','','',8,3,1),
 (59,'0001',50,'20181115',2,'ALSAFEX S.A. - Racca Gaston Ramon Alberto','TULIO','','','','',0,3,1),
 (60,'0001',51,'20181122',1,'ROSSI TULIO','TULIO','','','','',3,3,1),
 (61,'0001',52,'20181126',1,'ROSSI TULIO','TULIO','','','','',3,3,1),
 (62,'0001',53,'20181126',1,'ROSSI TULIO','TULIO','','','','',1,3,1),
 (63,'0001',54,'20181126',1,'ROSSI TULIO','TULIO','','','','',5,3,1),
 (64,'0001',55,'20181126',3,'OLIVIERO GERMAN','TULIO','','','','',1,3,1),
 (65,'0001',56,'20181126',1,'ROSSI TULIO','TULIO','','','','',1,3,1),
 (66,'0001',57,'20181127',1,'ROSSI TULIO','TULIO','','','','',3,3,1),
 (69,'0001',60,'20190613',1,'TULIO','TULIO','Comprobante asociado: 000100000027','','','',4,3,1),
 (70,'0001',61,'20190613',1,'TULIO','TULIO','Comprobante asociado: 000100000028','','','',4,3,1),
 (71,'0001',62,'20190613',1,'TULIO','TULIO','Comprobante asociado: 000100000029','','','',4,3,1),
 (72,'0001',63,'20190613',1,'TULIO','TULIO','Comprobante asociado: 000100000030','','','',4,3,1),
 (73,'0001',64,'20190613',1,'TULIO','TULIO','Comprobante asociado: 000100000031','','','',4,3,1),
 (74,'0001',65,'20190613',1,'TULIO','TULIO','Comprobante asociado: 0001 - 00000033','','','',4,3,1),
 (75,'0001',66,'20190614',1,'TULIO','TULIO','Comprobante asociado: 0001 - 00000388','','','',4,3,1),
 (76,'0001',67,'20190614',1,'TULIO','TULIO','Comprobante asociado: REMITO R 0001 - 00000035','','','',4,3,1),
 (77,'0001',68,'20190614',1,'TULIO','TULIO','Comprobante asociado: FACTURA A 0001 - 00000389','','','',4,3,1),
 (78,'0001',69,'20190614',1,'TULIO','TULIO','Comprobante asociado: REMITO R 0001 - 00000039','','','',4,3,1),
 (79,'0001',70,'20190615',1,'TULIO','TULIO','Comprobante asociado: REMITO R 0001 - 00000041','','','',4,3,1),
 (80,'0001',71,'20190615',1,'TULIO','TULIO','Comprobante asociado: REMITO R 0001 - 00000042','','','',4,3,1),
 (81,'0001',72,'20190618',1,'TULIO','TULIO','Comprobante asociado: REMITO R 0001 - 00000043','','','',4,3,1),
 (82,'0001',73,'20190618',1,'TULIO','TULIO','Comprobante asociado: REMITO R 0001 - 00000044','','','',4,3,1),
 (83,'0001',74,'20190618',1,'TULIO','TULIO','Comprobante asociado: REMITO R 0001 - 00000045','','','',4,3,1),
 (84,'0001',75,'20190618',1,'TULIO','TULIO','Comprobante asociado: REMITO R 0001 - 00000046','','','',4,3,1),
 (85,'0001',76,'20190618',1,'GERMAN','TULIO','Comprobante asociado: REMITO R 0001 - 00000048','','','',4,3,1),
 (86,'0001',77,'20190622',1,'TULIO','TULIO','Comprobante asociado: REMITO R 0001 - 00000049','','','',4,3,1),
 (87,'0001',78,'20190627',1,'TULIO','TULIO','Comprobante asociado: REMITO R 0001 - 00000050','','','',4,3,1),
 (88,'0001',79,'20190627',1,'TULIO','TULIO','Comprobante asociado: REMITO R 0001 - 00000052','','','',4,3,1),
 (89,'0001',80,'20190628',1,'TULIO','TULIO','Comprobante asociado: REMITO R 0001 - 00000053','','','',4,3,1),
 (90,'0001',81,'20190628',1,'TULIO','TULIO','Comprobante asociado: REMITO R 0001 - 00000054','','','',4,3,1),
 (91,'0001',82,'20190628',1,'TULIO','TULIO','Comprobante asociado: REMITO R 0001 - 00000055','','','',4,3,1),
 (92,'0001',83,'20190628',1,'TULIO','TULIO','Comprobante asociado: REMITO R 0001 - 00000056','','','',4,3,1),
 (93,'0001',84,'20190628',1,'TULIO','TULIO','Comprobante asociado: REMITO R 0001 - 00000057','','','',4,3,1),
 (94,'0001',85,'20190628',1,'TULIO','TULIO','Comprobante asociado: REMITO R 0001 - 00000058','','','',4,3,1),
 (95,'0001',86,'20190628',3,'GERMAN','TULIO','Comprobante asociado: REMITO R 0001 - 00000004','','','',4,3,1),
 (96,'0001',87,'20190628',7,'','TULIO','Comprobante asociado: REMITO R 0001 - 00000003','','','',4,3,1),
 (97,'0001',88,'20190628',7,'','TULIO','Comprobante asociado: REMITO R 0001 - 00000004','','','',4,3,1),
 (98,'0001',89,'20190628',7,'','TULIO','Comprobante asociado: REMITO R 0001 - 00000001','','','',4,3,1),
 (99,'0001',90,'20190703',1,'TULIO','TULIO','Comprobante asociado: REMITO R 0001 - 00000059','','','',4,3,1),
 (100,'0001',91,'20190801',1,'TULIO','TULIO','Comprobante asociado: FACTURA PROV A 0001 - 00123456','','','',3,3,1),
 (102,'0001',93,'20190802',1,'TULIO','TULIO','Comprobante asociado: FACTURA PROV A 0001 - 00014578','','','',3,3,1),
 (103,'0001',94,'20190917',10,'','TULIO','Comprobante asociado: REMITO R 0001 - 00000069','','','',4,3,1),
 (104,'0001',0,'20190921',1,'TULIO','TULIO','Comprobante asociado: FACTURA PROV A 0001 - 00123456','','','',3,2,3),
 (105,'0001',95,'20190921',1,'TULIO','TULIO','Comprobante asociado: FACTURA PROV A 0001 - 00001111','','','',3,3,1),
 (106,'0001',96,'20190921',1,'TULIO','TULIO','Comprobante asociado: FACTURA PROV A 0001 - 00123458','','','',3,3,1),
 (107,'0001',97,'20190921',1,'TULIO','TULIO','Comprobante asociado: FACTURA PROV A 0001 - 00000122','','','',3,3,1);
/*!40000 ALTER TABLE `ajustestockp` ENABLE KEYS */;


--
-- Definition of table `archivosadj`
--

DROP TABLE IF EXISTS `archivosadj`;
CREATE TABLE `archivosadj` (
  `idarchivoa` int(10) unsigned NOT NULL AUTO_INCREMENT,
  `nombre` char(250) NOT NULL,
  `ubicacion` char(250) NOT NULL,
  `descrip` char(250) NOT NULL,
  `fecha` char(8) NOT NULL,
  `nombori` char(250) NOT NULL,
  `numero` int(10) unsigned NOT NULL,
  PRIMARY KEY (`idarchivoa`) USING BTREE
) ENGINE=InnoDB AUTO_INCREMENT=6 DEFAULT CHARSET=latin1;

--
-- Dumping data for table `archivosadj`
--

/*!40000 ALTER TABLE `archivosadj` DISABLE KEYS */;
INSERT INTO `archivosadj` (`idarchivoa`,`nombre`,`ubicacion`,`descrip`,`fecha`,`nombori`,`numero`) VALUES 
 (1,'prueba.txt','C:\\GitHub\\ProyectoProcessar\\Archivos\\adjuntos\\reclamop\\prueba.txt','prueba','20190912','prueba.txt',1),
 (2,'prueba.txt','C:\\GitHub\\ProyectoProcessar\\Archivos\\adjuntos\\reclamop\\prueba.txt','prueba','20190919','prueba.txt',2),
 (3,'00000001_prueba.txt','C:\\GitHub\\ProyectoProcessar\\Archivos\\adjuntos\\reclamop\\00000001_prueba.txt','descripcion','20190921','00000001_prueba.txt',3),
 (4,'00000001_prueba.txt','C:\\GitHub\\ProyectoProcessar\\Archivos\\adjuntos\\reclamop\\00000001_prueba.txt','descripcion','20190921','00000001_prueba.txt',4),
 (5,'prueba.txt','C:\\GitHub\\ProyectoProcessar\\Archivos\\adjuntos\\reclamop\\prueba.txt','archivo prueba','20190928','prueba.txt',5);
/*!40000 ALTER TABLE `archivosadj` ENABLE KEYS */;


--
-- Definition of table `arqueocajah`
--

DROP TABLE IF EXISTS `arqueocajah`;
CREATE TABLE `arqueocajah` (
  `idarqueo` int(10) unsigned NOT NULL,
  `cantidad` float(13,4) NOT NULL,
  `importe` float(13,4) NOT NULL,
  `tipovalor` char(20) NOT NULL
) ENGINE=InnoDB DEFAULT CHARSET=latin1;

--
-- Dumping data for table `arqueocajah`
--

/*!40000 ALTER TABLE `arqueocajah` DISABLE KEYS */;
/*!40000 ALTER TABLE `arqueocajah` ENABLE KEYS */;


--
-- Definition of table `arqueocajap`
--

DROP TABLE IF EXISTS `arqueocajap`;
CREATE TABLE `arqueocajap` (
  `idarqueo` int(10) unsigned NOT NULL,
  `idcajareca` int(10) unsigned NOT NULL,
  `usuario` char(50) NOT NULL,
  `fechad` char(50) NOT NULL,
  `fechah` char(50) NOT NULL,
  `detalle` char(254) NOT NULL,
  PRIMARY KEY (`idarqueo`)
) ENGINE=InnoDB DEFAULT CHARSET=latin1;

--
-- Dumping data for table `arqueocajap`
--

/*!40000 ALTER TABLE `arqueocajap` DISABLE KEYS */;
/*!40000 ALTER TABLE `arqueocajap` ENABLE KEYS */;


--
-- Definition of table `articulos`
--

DROP TABLE IF EXISTS `articulos`;
CREATE TABLE `articulos` (
  `articulo` char(50) NOT NULL,
  `detalle` char(254) NOT NULL,
  `unidad` char(200) NOT NULL,
  `abrevia` char(50) NOT NULL,
  `codbarra` char(100) NOT NULL,
  `costo` float(13,4) NOT NULL,
  `linea` char(20) NOT NULL,
  `ctrlstock` char(1) NOT NULL,
  `observa` char(254) NOT NULL,
  `ocultar` char(1) NOT NULL,
  `stockmin` float(13,4) NOT NULL,
  `desc1` float(13,4) NOT NULL,
  `desc2` float(13,4) NOT NULL,
  `desc3` float(13,4) NOT NULL,
  `desc4` float(13,4) NOT NULL,
  `desc5` float(13,4) NOT NULL,
  `moneda` int(10) unsigned NOT NULL,
  PRIMARY KEY (`articulo`) USING BTREE
) ENGINE=InnoDB DEFAULT CHARSET=latin1;

--
-- Dumping data for table `articulos`
--

/*!40000 ALTER TABLE `articulos` DISABLE KEYS */;
INSERT INTO `articulos` (`articulo`,`detalle`,`unidad`,`abrevia`,`codbarra`,`costo`,`linea`,`ctrlstock`,`observa`,`ocultar`,`stockmin`,`desc1`,`desc2`,`desc3`,`desc4`,`desc5`,`moneda`) VALUES 
 ('0000001','Interés por financiación','pesos','','',0.0000,'0214','N','','N',1.0000,0.0000,0.0000,0.0000,0.0000,0.0000,0),
 ('0000002','ND por interés tarjeta','pesos','','',0.0000,'0214','N','','N',1.0000,0.0000,0.0000,0.0000,0.0000,0.0000,0),
 ('0000003','Descuentos','pesos','','',-1.0000,'0214','N','','N',1.0000,0.0000,0.0000,0.0000,0.0000,0.0000,0),
 ('0000913019','Armario Sala de informatica-2,00x7,52x0,75 Mts','UNI','','99999',1.0000,'0214','N','','N',0.0000,0.0000,0.0000,0.0000,0.0000,0.0000,1),
 ('0000913020','Armario SUM-2,00x8,65x0,75 Mts','UNI','','99999',1.0000,'0214','N','','N',0.0000,0.0000,0.0000,0.0000,0.0000,0.0000,1),
 ('0000913021','Armario Laboratorio-2,00x8,65x0,75 Mts','UNI','','99999',1.0000,'0214','N','','N',0.0000,0.0000,0.0000,0.0000,0.0000,0.0000,1),
 ('0000913022','Armario Aula-1,98x5,00x0,75 Mts','UNI','','99999',1.0000,'0214','N','','N',0.0000,0.0000,0.0000,0.0000,0.0000,0.0000,1),
 ('004847','Armario Sala de informatica-2,00x7,52x0,75 Mts','UNI','','',0.0000,'0214','N','','N',0.0000,0.0000,0.0000,0.0000,0.0000,0.0000,1),
 ('004867','Armario Sala de informatica-2,00x7,52x0,75 Mts','UNI','','',0.0000,'0214','N','','N',0.0000,0.0000,0.0000,0.0000,0.0000,0.0000,1),
 ('01','Amoblamiento a medida Amoblark Linea Oficina','UNI','','99999',1.0000,'0214','N','','N',0.0000,0.0000,0.0000,0.0000,0.0000,0.0000,1),
 ('0101001','Alambre de bajada c/autop.2 x 0.61','unidades','alambre de bajada','999999',101.0000,'0101','S','obs','N',1.0000,5.0000,2.0000,1.0000,5.0000,0.0000,1),
 ('0101002','Alambre de bajada PVC 2 x 0.81','unidades','alambre','122222',102.0000,'0101','S','','N',5.0000,10.0000,0.0000,0.0000,0.0000,0.0000,1),
 ('0101003','Alambre de cruzada bicolor 2 x 0.51','','','',0.0000,'0101','S','','N',1.0000,0.0000,0.0000,0.0000,0.0000,0.0000,0),
 ('0101004','Alambre p/rienda 4,8 c/PVC','','','',0.0000,'0101','S','','N',1.0000,0.0000,0.0000,0.0000,0.0000,0.0000,0),
 ('0101005','Alambre p/rienda de  6 mm','','','',0.0000,'0101','S','','N',1.0000,0.0000,0.0000,0.0000,0.0000,0.0000,0),
 ('0101006','Alambre p/rienda de 3  y 4 mm','','','',0.0000,'0101','S','','N',1.0000,0.0000,0.0000,0.0000,0.0000,0.0000,0),
 ('0101007','Alambre p/rienda de 8 mm','','','',0.0000,'0101','S','','N',1.0000,0.0000,0.0000,0.0000,0.0000,0.0000,0),
 ('0101008','Alambre p/rienda de 9 mm','','','',0.0000,'0101','S','','N',1.0000,0.0000,0.0000,0.0000,0.0000,0.0000,0),
 ('0101009','Cable Autop. Liv. (4,8) 30ps. 0,40','','','',0.0000,'0101','S','','N',1.0000,0.0000,0.0000,0.0000,0.0000,0.0000,0),
 ('0101010','Cable Autop. Liv. (4,8) 50ps. 0,40','','','',0.0000,'0101','S','','N',1.0000,0.0000,0.0000,0.0000,0.0000,0.0000,0),
 ('0101011','Cable Autop. Liviano 0.50/10 ps','','','',0.0000,'0101','S','','N',1.0000,0.0000,0.0000,0.0000,0.0000,0.0000,0),
 ('0101012','Cable autop. liviano PAL 0.50/20 ps','','','',0.0000,'0101','S','','N',1.0000,0.0000,0.0000,0.0000,0.0000,0.0000,0),
 ('0101013','Cable autop. liviano PAL 0.50/30 ps','','','',0.0000,'0101','S','','N',1.0000,0.0000,0.0000,0.0000,0.0000,0.0000,0),
 ('0101014','Cable autop. pesado PAL 0.40/100 ps','','','',0.0000,'0101','S','','N',1.0000,0.0000,0.0000,0.0000,0.0000,0.0000,0),
 ('0101015','Cable autop. pesado PAL 0.40/150 ps','','','',0.0000,'0101','S','','N',1.0000,0.0000,0.0000,0.0000,0.0000,0.0000,0),
 ('0101016','Cable autop. pesado PAL 0.40/20 ps','','','',0.0000,'0101','S','','N',1.0000,0.0000,0.0000,0.0000,0.0000,0.0000,0),
 ('0101017','Cable autop. pesado PAL 0.40/200 ps','','','',0.0000,'0101','S','','N',1.0000,0.0000,0.0000,0.0000,0.0000,0.0000,0),
 ('0101018','Cable autop. pesado PAL 0.40/30 ps','','','',0.0000,'0101','S','','N',1.0000,0.0000,0.0000,0.0000,0.0000,0.0000,0),
 ('0101019','Cable autop. pesado PAL 0.40/300 ps','','','',0.0000,'0101','S','','N',1.0000,0.0000,0.0000,0.0000,0.0000,0.0000,0),
 ('0101020','Cable autop. pesado PAL 0.40/50 ps','','','',0.0000,'0101','S','','N',1.0000,0.0000,0.0000,0.0000,0.0000,0.0000,0),
 ('0101021','Cable autop. pesado PAL 0.50/100 ps','','','',0.0000,'0101','S','','N',1.0000,0.0000,0.0000,0.0000,0.0000,0.0000,0),
 ('0101022','Cable autop. pesado PAL 0.50/150 ps','','','',0.0000,'0101','S','','N',1.0000,0.0000,0.0000,0.0000,0.0000,0.0000,0),
 ('0101023','Cable autop. pesado PAL 0.50/20 ps','','','',0.0000,'0101','S','','N',1.0000,0.0000,0.0000,0.0000,0.0000,0.0000,0),
 ('0101024','Cable autop. pesado PAL 0.50/200 ps','','','',0.0000,'0101','S','','N',1.0000,0.0000,0.0000,0.0000,0.0000,0.0000,0),
 ('0101025','Cable autop. pesado PAL 0.50/30 ps','','','',0.0000,'0101','S','','N',1.0000,0.0000,0.0000,0.0000,0.0000,0.0000,0),
 ('0101026','Cable autop. pesado PAL 0.50/50 ps','','','',0.0000,'0101','S','','N',1.0000,0.0000,0.0000,0.0000,0.0000,0.0000,0),
 ('0101027','Cable bajada XDSL 1 par c/portante','','','',0.0000,'0101','S','','N',1.0000,0.0000,0.0000,0.0000,0.0000,0.0000,0),
 ('0101028','Cable cilind. subt. PAL 0.50/100 ps','','','',0.0000,'0101','S','','N',1.0000,0.0000,0.0000,0.0000,0.0000,0.0000,0),
 ('0101029','Cable cilind. subt. PAL 0.50/150 ps','','','',0.0000,'0101','S','','N',1.0000,0.0000,0.0000,0.0000,0.0000,0.0000,0),
 ('0101030','Cable cilind. subt. PAL 0.50/20 ps','','','',0.0000,'0101','S','','N',1.0000,0.0000,0.0000,0.0000,0.0000,0.0000,0),
 ('0101031','Cable cilind. subt. PAL 0.50/200 ps','','','',0.0000,'0101','S','','N',1.0000,0.0000,0.0000,0.0000,0.0000,0.0000,0),
 ('0101032','Cable cilind. subt. PAL 0.50/30 ps','','','',0.0000,'0101','S','','N',1.0000,0.0000,0.0000,0.0000,0.0000,0.0000,0),
 ('0101033','Cable cilind. subt. PAL 0.50/300 ps','','','',0.0000,'0101','S','','N',1.0000,0.0000,0.0000,0.0000,0.0000,0.0000,0),
 ('0101034','Cable cilind. subt. PAL 0.50/400 ps','','','',0.0000,'0101','S','','N',1.0000,0.0000,0.0000,0.0000,0.0000,0.0000,0),
 ('0101035','Cable cilind. Subt. PAL 0.50/50 ps','','','',0.0000,'0101','S','','N',1.0000,0.0000,0.0000,0.0000,0.0000,0.0000,0),
 ('0101036','Cable cilind. subt. PAL 0.50/500 ps','','','',0.0000,'0101','S','','N',1.0000,0.0000,0.0000,0.0000,0.0000,0.0000,0),
 ('0101037','Cable cilind. subt. PAL 0.50/600 ps','','','',0.0000,'0101','S','','N',1.0000,0.0000,0.0000,0.0000,0.0000,0.0000,0),
 ('0101038','Cable de bajada c/suspensor 0.50 x 2 ps','','','',0.0000,'0101','S','','N',1.0000,0.0000,0.0000,0.0000,0.0000,0.0000,0),
 ('0101039','Cable de bajada c/suspensor 0.50 x 4 ps','','','',0.0000,'0101','S','','N',1.0000,0.0000,0.0000,0.0000,0.0000,0.0000,0),
 ('0101040','Cable de bajada c/suspensor 0.50 x 6 ps','','','',0.0000,'0101','S','','N',1.0000,0.0000,0.0000,0.0000,0.0000,0.0000,0),
 ('0101041','Cable de bajada c/suspensor 0.50 x 8 ps','','','',0.0000,'0101','S','','N',1.0000,0.0000,0.0000,0.0000,0.0000,0.0000,0),
 ('0101042','Cable p/inst. interior 2 x 0.51','','','',0.0000,'0101','S','','N',1.0000,0.0000,0.0000,0.0000,0.0000,0.0000,0),
 ('0101043','Cable p/instalacion de fachada 2 x 0.61','','','',0.0000,'0101','S','','N',1.0000,0.0000,0.0000,0.0000,0.0000,0.0000,0),
 ('0101044','Cable p/microfono balanceado','','','',0.0000,'0101','S','','N',1.0000,0.0000,0.0000,0.0000,0.0000,0.0000,0),
 ('0101045','Cable subterraneo 2 ps 0,50','','','',0.0000,'0101','S','','N',1.0000,0.0000,0.0000,0.0000,0.0000,0.0000,0),
 ('0101046','Cable telefonico p/interior 0.50 x 1 ps','','','',0.0000,'0101','S','','N',1.0000,0.0000,0.0000,0.0000,0.0000,0.0000,0),
 ('0101047','Cable telefonico p/interior 0.50 x 10 ps','','','',0.0000,'0101','S','','N',1.0000,0.0000,0.0000,0.0000,0.0000,0.0000,0),
 ('0101048','Cable telefonico p/interior 0.50 x 100 ps','','','',0.0000,'0101','S','','N',1.0000,0.0000,0.0000,0.0000,0.0000,0.0000,0),
 ('0101049','Cable telefonico p/interior 0.50 x 16 ps','','','',0.0000,'0101','S','','N',1.0000,0.0000,0.0000,0.0000,0.0000,0.0000,0),
 ('0101050','Cable telefonico p/interior 0.50 x 2 ps','','','',0.0000,'0101','S','','N',1.0000,0.0000,0.0000,0.0000,0.0000,0.0000,0),
 ('0101051','Cable telefonico p/interior 0.50 x 20 ps','','','',0.0000,'0101','S','','N',1.0000,0.0000,0.0000,0.0000,0.0000,0.0000,0),
 ('0101052','Cable telefonico p/interior 0.50 x 25 ps','','','',0.0000,'0101','S','','N',1.0000,0.0000,0.0000,0.0000,0.0000,0.0000,0),
 ('0101053','Cable telefonico p/interior 0.50 x 4 ps','','','',0.0000,'0101','S','','N',1.0000,0.0000,0.0000,0.0000,0.0000,0.0000,0),
 ('0101054','Cable telefonico p/interior 0.50 x 50 ps','','','',0.0000,'0101','S','','N',1.0000,0.0000,0.0000,0.0000,0.0000,0.0000,0),
 ('0101055','Cable telefonico p/interior 0.50 x 6 ps','','','',0.0000,'0101','S','','N',1.0000,0.0000,0.0000,0.0000,0.0000,0.0000,0),
 ('0101056','Cable telefonico p/interior 0.50 x 8 ps','','','',0.0000,'0101','S','','N',1.0000,0.0000,0.0000,0.0000,0.0000,0.0000,0),
 ('0101057','Cable UTP cat 5 c/portante','','','',0.0000,'0101','S','','N',1.0000,0.0000,0.0000,0.0000,0.0000,0.0000,0),
 ('0101058','Cable UTP Cat. 5 de 4 ps','','','',0.0000,'0101','S','','N',1.0000,0.0000,0.0000,0.0000,0.0000,0.0000,0),
 ('0101059','Cable UTP cat.5 p/exterior','','','',0.0000,'0101','S','','N',1.0000,0.0000,0.0000,0.0000,0.0000,0.0000,0),
 ('0102001','Arandela cuadrada curva 83/18','','','',0.0000,'0102','S','','N',1.0000,0.0000,0.0000,0.0000,0.0000,0.0000,0),
 ('0102002','Arandela cuadrada curva 89/22','','','',0.0000,'0102','S','','N',1.0000,0.0000,0.0000,0.0000,0.0000,0.0000,0),
 ('0102003','Arandela cuadrada curva 89/29','','','',0.0000,'0102','S','','N',1.0000,0.0000,0.0000,0.0000,0.0000,0.0000,0),
 ('0102004','Arandela cuadrada plana 102/29','','','',0.0000,'0102','S','','N',1.0000,0.0000,0.0000,0.0000,0.0000,0.0000,0),
 ('0102005','Arandela cuadrada plana 57/18','','','',0.0000,'0102','S','','N',1.0000,0.0000,0.0000,0.0000,0.0000,0.0000,0),
 ('0102006','Arandela cuadrada plana 76/18','','','',0.0000,'0102','S','','N',1.0000,0.0000,0.0000,0.0000,0.0000,0.0000,0),
 ('0102007','Arandela cuadrada plana 89/22','','','',0.0000,'0102','S','','N',1.0000,0.0000,0.0000,0.0000,0.0000,0.0000,0),
 ('0102008','Arandela de seguridad 21/13','','','',0.0000,'0102','S','','N',1.0000,0.0000,0.0000,0.0000,0.0000,0.0000,0),
 ('0102009','Arandela de seguridad 26/16','','','',0.0000,'0102','S','','N',1.0000,0.0000,0.0000,0.0000,0.0000,0.0000,0),
 ('0102010','Arandela redonda plana 26/11.5','','','',0.0000,'0102','S','','N',1.0000,0.0000,0.0000,0.0000,0.0000,0.0000,0),
 ('0102011','Arandela redonda plana 41/18','','','',0.0000,'0102','S','','N',1.0000,0.0000,0.0000,0.0000,0.0000,0.0000,0),
 ('0102012','Bulon cabeza cuadrada 16 x 140','','','',0.0000,'0102','S','','N',1.0000,0.0000,0.0000,0.0000,0.0000,0.0000,0),
 ('0102013','Bulon cabeza cuadrada 16 x 160','','','',0.0000,'0102','S','','N',1.0000,0.0000,0.0000,0.0000,0.0000,0.0000,0),
 ('0102014','Bulon cabeza cuadrada 16 x 180','','','',0.0000,'0102','S','','N',1.0000,0.0000,0.0000,0.0000,0.0000,0.0000,0),
 ('0102015','Bulon cabeza cuadrada 16 x 200','','','',0.0000,'0102','S','','N',1.0000,0.0000,0.0000,0.0000,0.0000,0.0000,0),
 ('0102016','Bulon cabeza cuadrada 16 x 260','','','',0.0000,'0102','S','','N',1.0000,0.0000,0.0000,0.0000,0.0000,0.0000,0),
 ('0102017','Bulon cabeza cuadrada 16 x 300','','','',0.0000,'0102','S','','N',1.0000,0.0000,0.0000,0.0000,0.0000,0.0000,0),
 ('0102018','Bulon cabeza cuadrada 16 x 350','','','',0.0000,'0102','S','','N',1.0000,0.0000,0.0000,0.0000,0.0000,0.0000,0),
 ('0102019','Bulon cabeza cuadrada 16 x 400','','','',0.0000,'0102','S','','N',1.0000,0.0000,0.0000,0.0000,0.0000,0.0000,0),
 ('0102020','Bulon cabeza cuadrada 16 x 630','','','',0.0000,'0102','S','','N',1.0000,0.0000,0.0000,0.0000,0.0000,0.0000,0),
 ('0102021','Bulon cabeza cuadrada 19 x 260','','','',0.0000,'0102','S','','N',1.0000,0.0000,0.0000,0.0000,0.0000,0.0000,0),
 ('0102022','Bulon cabeza cuadrada 9.5 x 80','','','',0.0000,'0102','S','','N',1.0000,0.0000,0.0000,0.0000,0.0000,0.0000,0),
 ('0102023','Bulon cabeza cuadrada 9.5 x 125','','','',0.0000,'0102','S','','N',1.0000,0.0000,0.0000,0.0000,0.0000,0.0000,0),
 ('0102024','Bulon cabeza redonda 9.5 x 100','','','',0.0000,'0102','S','','N',1.0000,0.0000,0.0000,0.0000,0.0000,0.0000,0),
 ('0102025','Bulon cabeza redonda 9.5 x 125','','','',0.0000,'0102','S','','N',1.0000,0.0000,0.0000,0.0000,0.0000,0.0000,0),
 ('0102026','Bulon de ojo curvo c/tuerca 16 x 180','','','',0.0000,'0102','S','','N',1.0000,0.0000,0.0000,0.0000,0.0000,0.0000,0),
 ('0102027','Bulon de ojo curvo c/tuerca 16 x 205','','','',0.0000,'0102','S','','N',1.0000,0.0000,0.0000,0.0000,0.0000,0.0000,0),
 ('0102028','Bulon de ojo curvo c/tuerca 16 x 230','','','',0.0000,'0102','S','','N',1.0000,0.0000,0.0000,0.0000,0.0000,0.0000,0),
 ('0102029','Bulon de ojo curvo c/tuerca 16 x 255','','','',0.0000,'0102','S','','N',1.0000,0.0000,0.0000,0.0000,0.0000,0.0000,0),
 ('0102030','Bulon de ojo curvo c/tuerca 19 x 180','','','',0.0000,'0102','S','','N',1.0000,0.0000,0.0000,0.0000,0.0000,0.0000,0),
 ('0102031','Bulon de ojo curvo c/tuerca 19 x 210','','','',0.0000,'0102','S','','N',1.0000,0.0000,0.0000,0.0000,0.0000,0.0000,0),
 ('0102032','Bulon de ojo curvo c/tuerca 19 x 240','','','',0.0000,'0102','S','','N',1.0000,0.0000,0.0000,0.0000,0.0000,0.0000,0),
 ('0102033','Bulon de ojo curvo c/tuerca 19 x 270','','','',0.0000,'0102','S','','N',1.0000,0.0000,0.0000,0.0000,0.0000,0.0000,0),
 ('0102034','Bulon de ojo curvo c/tuerca 25 x 180','','','',0.0000,'0102','S','','N',1.0000,0.0000,0.0000,0.0000,0.0000,0.0000,0),
 ('0102035','Bulon de ojo curvo c/tuerca 25 x 210','','','',0.0000,'0102','S','','N',1.0000,0.0000,0.0000,0.0000,0.0000,0.0000,0),
 ('0102036','Bulon de ojo curvo c/tuerca 25 x 240','','','',0.0000,'0102','S','','N',1.0000,0.0000,0.0000,0.0000,0.0000,0.0000,0),
 ('0102037','Bulon de ojo curvo c/tuerca 25 x 270','','','',0.0000,'0102','S','','N',1.0000,0.0000,0.0000,0.0000,0.0000,0.0000,0),
 ('0102038','Bulon de ojo recto c/tuerca 16 x 180','','','',0.0000,'0102','S','','N',1.0000,0.0000,0.0000,0.0000,0.0000,0.0000,0),
 ('0102039','Bulon de ojo recto c/tuerca 16 x 205','','','',0.0000,'0102','S','','N',1.0000,0.0000,0.0000,0.0000,0.0000,0.0000,0),
 ('0102040','Bulon de ojo recto c/tuerca 16 x 230','','','',0.0000,'0102','S','','N',1.0000,0.0000,0.0000,0.0000,0.0000,0.0000,0),
 ('0102041','Bulon de ojo recto c/tuerca 16 x 255','','','',0.0000,'0102','S','','N',1.0000,0.0000,0.0000,0.0000,0.0000,0.0000,0),
 ('0102042','Bulon de ojo recto c/tuerca 16 x 270','','','',0.0000,'0102','S','','N',1.0000,0.0000,0.0000,0.0000,0.0000,0.0000,0),
 ('0102043','Bulon de ojo recto c/tuerca 19 x 180','','','',0.0000,'0102','S','','N',1.0000,0.0000,0.0000,0.0000,0.0000,0.0000,0),
 ('0102044','Bulon de ojo recto c/tuerca 19 x 210','','','',0.0000,'0102','S','','N',1.0000,0.0000,0.0000,0.0000,0.0000,0.0000,0),
 ('0102045','Bulon de ojo recto c/tuerca 19 x 240','','','',0.0000,'0102','S','','N',1.0000,0.0000,0.0000,0.0000,0.0000,0.0000,0),
 ('0102046','Bulon de ojo recto c/tuerca 19 x 270','','','',0.0000,'0102','S','','N',1.0000,0.0000,0.0000,0.0000,0.0000,0.0000,0),
 ('0102047','Bulon de ojo recto c/tuerca 25 x 210','','','',0.0000,'0102','S','','N',1.0000,0.0000,0.0000,0.0000,0.0000,0.0000,0),
 ('0102048','Bulon de ojo recto c/tuerca 25 x 240','','','',0.0000,'0102','S','','N',1.0000,0.0000,0.0000,0.0000,0.0000,0.0000,0),
 ('0102049','Esparragos c/4 tuercas 16 x 350','','','',0.0000,'0102','S','','N',1.0000,0.0000,0.0000,0.0000,0.0000,0.0000,0),
 ('0102050','Esparragos c/4 tuercas 16 x 400','','','',0.0000,'0102','S','','N',1.0000,0.0000,0.0000,0.0000,0.0000,0.0000,0),
 ('0102051','Esparragos c/4 tuercas 16 x 450','','','',0.0000,'0102','S','','N',1.0000,0.0000,0.0000,0.0000,0.0000,0.0000,0),
 ('0102052','Esparragos c/4 tuercas 16 x 500','','','',0.0000,'0102','S','','N',1.0000,0.0000,0.0000,0.0000,0.0000,0.0000,0),
 ('0102053','Tuerca de ojo p/bulon 16','','','',0.0000,'0102','S','','N',1.0000,0.0000,0.0000,0.0000,0.0000,0.0000,0),
 ('0102054','Tuerca de ojo p/bulon 19','','','',0.0000,'0102','S','','N',1.0000,0.0000,0.0000,0.0000,0.0000,0.0000,0),
 ('0103001','Caja 10 ps. c/prot. s/cola 3M','','','',0.0000,'0103','S','','N',1.0000,0.0000,0.0000,0.0000,0.0000,0.0000,0),
 ('0103002','Caja 10 ps. c/prot.. c/cola 3M','','','',0.0000,'0103','S','','N',1.0000,0.0000,0.0000,0.0000,0.0000,0.0000,0),
 ('0103003','Caja 20 ps. c/prot. s/cola 3M','','','',0.0000,'0103','S','','N',1.0000,0.0000,0.0000,0.0000,0.0000,0.0000,0),
 ('0103004','Caja 20 ps. c/prot. c/cola 3M','','','',0.0000,'0103','S','','N',1.0000,0.0000,0.0000,0.0000,0.0000,0.0000,0),
 ('0103005','Caja distrib.ab.10 ps.  s/cola Pouyet','','','',0.0000,'0103','S','','N',1.0000,0.0000,0.0000,0.0000,0.0000,0.0000,0),
 ('0103006','Caja distrib.ab.10 ps.  c/cola Pouyet','','','',0.0000,'0103','S','','N',1.0000,0.0000,0.0000,0.0000,0.0000,0.0000,0),
 ('0103007','Caja p/empalme reentrable 100 ps','','','',0.0000,'0103','S','','N',1.0000,0.0000,0.0000,0.0000,0.0000,0.0000,0),
 ('0103008','Caja p/empalme reentrable 200 ps','','','',0.0000,'0103','S','','N',1.0000,0.0000,0.0000,0.0000,0.0000,0.0000,0),
 ('0103009','Caja p/empalme reentrable 300 ps','','','',0.0000,'0103','S','','N',1.0000,0.0000,0.0000,0.0000,0.0000,0.0000,0),
 ('0103010','Caja p/empalme vertical 200 ps','','','',0.0000,'0103','S','','N',1.0000,0.0000,0.0000,0.0000,0.0000,0.0000,0),
 ('0103011','Caja p/empalme vertical 300 ps','','','',0.0000,'0103','S','','N',1.0000,0.0000,0.0000,0.0000,0.0000,0.0000,0),
 ('0103012','Caja p/empalme vertical 50 ps.','','','',0.0000,'0103','S','','N',1.0000,0.0000,0.0000,0.0000,0.0000,0.0000,0),
 ('0103013','Caja p/conexion RJ11 x 4','','','',0.0000,'0103','S','','N',1.0000,0.0000,0.0000,0.0000,0.0000,0.0000,0),
 ('0103014','Caja p/conexion RJ11 x 8','','','',0.0000,'0103','S','','N',1.0000,0.0000,0.0000,0.0000,0.0000,0.0000,0),
 ('0103015','Caja estanca 10 pares','','','',0.0000,'0103','S','','N',1.0000,0.0000,0.0000,0.0000,0.0000,0.0000,0),
 ('0103016','Caja p/ fachada 1pr. c/proteccion','','','',0.0000,'0103','S','','N',1.0000,0.0000,0.0000,0.0000,0.0000,0.0000,0),
 ('0103017','Caja p/fachada 2pr. c/proteccion','','','',0.0000,'0103','S','','N',1.0000,0.0000,0.0000,0.0000,0.0000,0.0000,0),
 ('0103018','Caño  de PVC 87/90 - 6 m','','','',0.0000,'0103','S','','N',1.0000,0.0000,0.0000,0.0000,0.0000,0.0000,0),
 ('0103019','Curva de PVC 87/90 - 45 grados','','','',0.0000,'0103','S','','N',1.0000,0.0000,0.0000,0.0000,0.0000,0.0000,0),
 ('0103020','Curva de PVC 87/90 - 90 grados','','','',0.0000,'0103','S','','N',1.0000,0.0000,0.0000,0.0000,0.0000,0.0000,0),
 ('0103021','Cierre Slic 100 ps. 3M','','','',0.0000,'0103','S','','N',1.0000,0.0000,0.0000,0.0000,0.0000,0.0000,0),
 ('0103022','Cierre Slic 200 ps. 3M','','','',0.0000,'0103','S','','N',1.0000,0.0000,0.0000,0.0000,0.0000,0.0000,0),
 ('0103023','Cierre Slic 50 ps. 3M','','','',0.0000,'0103','S','','N',1.0000,0.0000,0.0000,0.0000,0.0000,0.0000,0),
 ('0103024','Tira abrazadera de aluminio 250 mm','','','',0.0000,'0103','S','','N',1.0000,0.0000,0.0000,0.0000,0.0000,0.0000,0),
 ('0103025','Tira abrazadera de aluminio 300 mm','','','',0.0000,'0103','S','','N',1.0000,0.0000,0.0000,0.0000,0.0000,0.0000,0),
 ('0103026','Tira abrazadera de aluminio 350 mm','','','',0.0000,'0103','S','','N',1.0000,0.0000,0.0000,0.0000,0.0000,0.0000,0),
 ('0103027','Tira abrazadera de aluminio 520 mm','','','',0.0000,'0103','S','','N',1.0000,0.0000,0.0000,0.0000,0.0000,0.0000,0),
 ('0103028','Tira abrazadera de aluminio 650 mm','','','',0.0000,'0103','S','','N',1.0000,0.0000,0.0000,0.0000,0.0000,0.0000,0),
 ('0103029','Tira abrazadera de aluminio 700 mm','','','',0.0000,'0103','S','','N',1.0000,0.0000,0.0000,0.0000,0.0000,0.0000,0),
 ('0103030','Juego continuidad a tierra','','','',0.0000,'0103','S','','N',1.0000,0.0000,0.0000,0.0000,0.0000,0.0000,0),
 ('0103031','Descargado Trip. 3M p/c/Pouyet','','','',0.0000,'0103','S','','N',1.0000,0.0000,0.0000,0.0000,0.0000,0.0000,0),
 ('0103032','Modulo de conexion p/ cajas 3M','','','',0.0000,'0103','S','','N',1.0000,0.0000,0.0000,0.0000,0.0000,0.0000,0),
 ('0103033','Manguito de union de PVC 87/90','','','',0.0000,'0103','S','','N',1.0000,0.0000,0.0000,0.0000,0.0000,0.0000,0),
 ('0103034','Sellador p/ducto 90mm Raychem','','','',0.0000,'0103','S','','N',1.0000,0.0000,0.0000,0.0000,0.0000,0.0000,0),
 ('0103035','Tapon 90mm Ultraflex','','','',0.0000,'0103','S','','N',1.0000,0.0000,0.0000,0.0000,0.0000,0.0000,0),
 ('0103036','Tubo corrugado 90 mm Ultraflex','','','',0.0000,'0103','S','','N',1.0000,0.0000,0.0000,0.0000,0.0000,0.0000,0),
 ('0104001','Adaptador Amer. doble','','','',0.0000,'0104','S','','N',1.0000,0.0000,0.0000,0.0000,0.0000,0.0000,0),
 ('0104002','Adaptador Americano Triple','','','',0.0000,'0104','S','','N',1.0000,0.0000,0.0000,0.0000,0.0000,0.0000,0),
 ('0104003','Conector BNC macho acodado 90ø','','','',0.0000,'0104','S','','N',1.0000,0.0000,0.0000,0.0000,0.0000,0.0000,0),
 ('0104004','Conector hembra 4 cables RJ11','','','',0.0000,'0104','S','','N',1.0000,0.0000,0.0000,0.0000,0.0000,0.0000,0),
 ('0104005','Conector hembra 4 cables RJ9','','','',0.0000,'0104','S','','N',1.0000,0.0000,0.0000,0.0000,0.0000,0.0000,0),
 ('0104006','Conector hembra RJ 45 cat.5','','','',0.0000,'0104','S','','N',1.0000,0.0000,0.0000,0.0000,0.0000,0.0000,0),
 ('0104007','Conector hembra RJ11 p/crimpear','','','',0.0000,'0104','S','','N',1.0000,0.0000,0.0000,0.0000,0.0000,0.0000,0),
 ('0104008','Conector hembra RJ45 cat.5 p/crimpear','','','',0.0000,'0104','S','','N',1.0000,0.0000,0.0000,0.0000,0.0000,0.0000,0),
 ('0104009','Conector plug c/capuchon RJ45','','','',0.0000,'0104','S','','N',1.0000,0.0000,0.0000,0.0000,0.0000,0.0000,0),
 ('0104010','Conectores antienrosque TP 801','','','',0.0000,'0104','S','','N',1.0000,0.0000,0.0000,0.0000,0.0000,0.0000,0),
 ('0104011','Conectores plug RJ45  flexibles AMP','','','',0.0000,'0104','S','','N',1.0000,0.0000,0.0000,0.0000,0.0000,0.0000,0),
 ('0104012','Conector Telesplise 2 vias c/derv.','','','',0.0000,'0104','S','','N',1.0000,0.0000,0.0000,0.0000,0.0000,0.0000,0),
 ('0104013','Conectores Telesplice 2 vias','','','',0.0000,'0104','S','','N',1.0000,0.0000,0.0000,0.0000,0.0000,0.0000,0),
 ('0104014','Conectores Telesplice de 3 vias','','','',0.0000,'0104','S','','N',1.0000,0.0000,0.0000,0.0000,0.0000,0.0000,0),
 ('0104015','Cupla alargue Americana RJ11','','','',0.0000,'0104','S','','N',1.0000,0.0000,0.0000,0.0000,0.0000,0.0000,0),
 ('0104016','Cupla Alargue Americana RJ45','','','',0.0000,'0104','S','','N',1.0000,0.0000,0.0000,0.0000,0.0000,0.0000,0),
 ('0104017','Cupla prolongacion RJ45 H-H','','','',0.0000,'0104','S','','N',1.0000,0.0000,0.0000,0.0000,0.0000,0.0000,0),
 ('0104018','Grampas Kalop N§  5','','','',0.0000,'0104','S','','N',1.0000,0.0000,0.0000,0.0000,0.0000,0.0000,0),
 ('0104019','Grampas Kalop N§  8','','','',0.0000,'0104','S','','N',1.0000,0.0000,0.0000,0.0000,0.0000,0.0000,0),
 ('0104020','Grampas Kalop N§  10','','','',0.0000,'0104','S','','N',1.0000,0.0000,0.0000,0.0000,0.0000,0.0000,0),
 ('0104021','Jack Americano  exterior c/gel','','','',0.0000,'0104','S','','N',1.0000,0.0000,0.0000,0.0000,0.0000,0.0000,0),
 ('0104022','Jack Americano exterior simple','','','',0.0000,'0104','S','','N',1.0000,0.0000,0.0000,0.0000,0.0000,0.0000,0),
 ('0104023','Jack Americano  exterior doble','','','',0.0000,'0104','S','','N',1.0000,0.0000,0.0000,0.0000,0.0000,0.0000,0),
 ('0104024','Jack Americano  embutido doble c/filtro','','','',0.0000,'0104','S','','N',1.0000,0.0000,0.0000,0.0000,0.0000,0.0000,0),
 ('0104025','Jack Americano  embutido simple c/filtro','','','',0.0000,'0104','S','','N',1.0000,0.0000,0.0000,0.0000,0.0000,0.0000,0),
 ('0104026','Jack Americano  exterior  c/filtro','','','',0.0000,'0104','S','','N',1.0000,0.0000,0.0000,0.0000,0.0000,0.0000,0),
 ('0104027','Plug 6,5 mono metal','','','',0.0000,'0104','S','','N',1.0000,0.0000,0.0000,0.0000,0.0000,0.0000,0),
 ('0104028','Plug 6.5 Stereo metal','','','',0.0000,'0104','S','','N',1.0000,0.0000,0.0000,0.0000,0.0000,0.0000,0),
 ('0104029','Plug p/cordon Americano RJ9','','','',0.0000,'0104','S','','N',1.0000,0.0000,0.0000,0.0000,0.0000,0.0000,0),
 ('0104030','Plug p/linea Americano RJ 11 - 6C','','','',0.0000,'0104','S','','N',1.0000,0.0000,0.0000,0.0000,0.0000,0.0000,0),
 ('0104031','Plug p/linea Americano  RJ11 - 4C','','','',0.0000,'0104','S','','N',1.0000,0.0000,0.0000,0.0000,0.0000,0.0000,0),
 ('0104032','Roseta 2 bocas ext. p/con. hem. RJ11 y 45','','','',0.0000,'0104','S','','N',1.0000,0.0000,0.0000,0.0000,0.0000,0.0000,0),
 ('0105001','Anillas de distribucion  32 mm','','','',0.0000,'0105','S','','N',1.0000,0.0000,0.0000,0.0000,0.0000,0.0000,0),
 ('0105002','Anillas de distribucion 41 mm','','','',0.0000,'0105','S','','N',1.0000,0.0000,0.0000,0.0000,0.0000,0.0000,0),
 ('0105003','Anillas de distribucion 76 mm','','','',0.0000,'0105','S','','N',1.0000,0.0000,0.0000,0.0000,0.0000,0.0000,0),
 ('0105004','Anillas de retencion 115 mm','','','',0.0000,'0105','S','','N',1.0000,0.0000,0.0000,0.0000,0.0000,0.0000,0),
 ('0105005','Anillas de retencion 155 mm','','','',0.0000,'0105','S','','N',1.0000,0.0000,0.0000,0.0000,0.0000,0.0000,0),
 ('0105006','Anillas de retencion 80 mm','','','',0.0000,'0105','S','','N',1.0000,0.0000,0.0000,0.0000,0.0000,0.0000,0),
 ('0105007','Anillas p/instalacion de bajada 10 mm','','','',0.0000,'0105','S','','N',1.0000,0.0000,0.0000,0.0000,0.0000,0.0000,0),
 ('0105008','Anillas p/instalacion de bajada 15 mm','','','',0.0000,'0105','S','','N',1.0000,0.0000,0.0000,0.0000,0.0000,0.0000,0),
 ('0105009','Anillas p/retencion de bajada 115 mm','','','',0.0000,'0105','S','','N',1.0000,0.0000,0.0000,0.0000,0.0000,0.0000,0),
 ('0105010','Anillas p/retencion de bajada 80 mm','','','',0.0000,'0105','S','','N',1.0000,0.0000,0.0000,0.0000,0.0000,0.0000,0),
 ('0105011','Brazo de extension 1.220 mm','','','',0.0000,'0105','S','','N',1.0000,0.0000,0.0000,0.0000,0.0000,0.0000,0),
 ('0105012','Brazo de extension 750 mm','','','',0.0000,'0105','S','','N',1.0000,0.0000,0.0000,0.0000,0.0000,0.0000,0),
 ('0105013','Clavo de acero cincado 127 mm','','','',0.0000,'0105','S','','N',1.0000,0.0000,0.0000,0.0000,0.0000,0.0000,0),
 ('0105014','Clavo de acero cincado 152 mm','','','',0.0000,'0105','S','','N',1.0000,0.0000,0.0000,0.0000,0.0000,0.0000,0),
 ('0105015','Clavo de acero cincado 38 mm','','','',0.0000,'0105','S','','N',1.0000,0.0000,0.0000,0.0000,0.0000,0.0000,0),
 ('0105016','Clavo de acero cincado 51 mm','','','',0.0000,'0105','S','','N',1.0000,0.0000,0.0000,0.0000,0.0000,0.0000,0),
 ('0105017','Gancho de suspension tipo J','','','',0.0000,'0101','S','','N',1.0000,0.0000,0.0000,0.0000,0.0000,0.0000,0),
 ('0105018','Grampa de 1 oreja D 10 L 32.5','','','',0.0000,'0105','S','','N',1.0000,0.0000,0.0000,0.0000,0.0000,0.0000,0),
 ('0105019','Grampa de 1 oreja D 13 L 36.5','','','',0.0000,'0105','S','','N',1.0000,0.0000,0.0000,0.0000,0.0000,0.0000,0),
 ('0105020','Grampa de 1 oreja D 16 L 39.5','','','',0.0000,'0105','S','','N',1.0000,0.0000,0.0000,0.0000,0.0000,0.0000,0),
 ('0105021','Grampa de 1 oreja D 18 L 57','','','',0.0000,'0105','S','','N',1.0000,0.0000,0.0000,0.0000,0.0000,0.0000,0),
 ('0105022','Grampa de 1 oreja D 23 L 62','','','',0.0000,'0105','S','','N',1.0000,0.0000,0.0000,0.0000,0.0000,0.0000,0),
 ('0105023','Grampa de 1 oreja D 25 L 66','','','',0.0000,'0105','S','','N',1.0000,0.0000,0.0000,0.0000,0.0000,0.0000,0),
 ('0105024','Grampa de 1 oreja D 29 L 72.5','','','',0.0000,'0105','S','','N',1.0000,0.0000,0.0000,0.0000,0.0000,0.0000,0),
 ('0105025','Grampa de 1 oreja D 35 L 79','','','',0.0000,'0105','S','','N',1.0000,0.0000,0.0000,0.0000,0.0000,0.0000,0),
 ('0105026','Grampa de 1 oreja D 8 L 29','','','',0.0000,'0105','S','','N',1.0000,0.0000,0.0000,0.0000,0.0000,0.0000,0),
 ('0105027','Grampa de 2 orejas D 116 L 171.4','','','',0.0000,'0105','S','','N',1.0000,0.0000,0.0000,0.0000,0.0000,0.0000,0),
 ('0105028','Grampa de 2 orejas D 16 L 65.2','','','',0.0000,'0105','S','','N',1.0000,0.0000,0.0000,0.0000,0.0000,0.0000,0),
 ('0105029','Grampa de 2 orejas D 23 L 72.2','','','',0.0000,'0105','S','','N',1.0000,0.0000,0.0000,0.0000,0.0000,0.0000,0),
 ('0105030','Grampa de 2 orejas D 25 L 77.2','','','',0.0000,'0105','S','','N',1.0000,0.0000,0.0000,0.0000,0.0000,0.0000,0),
 ('0105031','Grampa de 2 orejas D 28 L 80.2','','','',0.0000,'0105','S','','N',1.0000,0.0000,0.0000,0.0000,0.0000,0.0000,0),
 ('0105032','Grampa de 2 orejas D 35 L 87.2','','','',0.0000,'0105','S','','N',1.0000,0.0000,0.0000,0.0000,0.0000,0.0000,0),
 ('0105033','Grampa de 2 orejas D 42 L 94.2','','','',0.0000,'0105','S','','N',1.0000,0.0000,0.0000,0.0000,0.0000,0.0000,0),
 ('0105034','Grampa de 2 orejas D 51 L 103.2','','','',0.0000,'0105','S','','N',1.0000,0.0000,0.0000,0.0000,0.0000,0.0000,0),
 ('0105035','Grampa de 2 orejas D 60 L 112.2','','','',0.0000,'0105','S','','N',1.0000,0.0000,0.0000,0.0000,0.0000,0.0000,0),
 ('0105036','Grampa de 2 orejas D 77 L 129.2','','','',0.0000,'0105','S','','N',1.0000,0.0000,0.0000,0.0000,0.0000,0.0000,0),
 ('0105037','Grampa de 2 orejas D 91 L 146.4','','','',0.0000,'0105','S','','N',1.0000,0.0000,0.0000,0.0000,0.0000,0.0000,0),
 ('0105038','Grampa prensacable tipo U p/alam.3mm','','','',0.0000,'0105','S','','N',1.0000,0.0000,0.0000,0.0000,0.0000,0.0000,0),
 ('0105039','Grampa prensacable tipo U p/alam.5mm','','','',0.0000,'0105','S','','N',1.0000,0.0000,0.0000,0.0000,0.0000,0.0000,0),
 ('0105040','Grampa prensacable tipo U p/alam.6mm','','','',0.0000,'0105','S','','N',1.0000,0.0000,0.0000,0.0000,0.0000,0.0000,0),
 ('0105041','Grampa prensacable tipo U p/alam.8mm','','','',0.0000,'0105','S','','N',1.0000,0.0000,0.0000,0.0000,0.0000,0.0000,0),
 ('0105042','Kit de continuidad  a tierra p/empalmes','','','',0.0000,'0105','S','','N',1.0000,0.0000,0.0000,0.0000,0.0000,0.0000,0),
 ('0105043','Modulo de conexion 10 ps Krone','','','',0.0000,'0105','S','','N',1.0000,0.0000,0.0000,0.0000,0.0000,0.0000,0),
 ('0105044','Modulo de corte 10 ps Krone','','','',0.0000,'0105','S','','N',1.0000,0.0000,0.0000,0.0000,0.0000,0.0000,0),
 ('0105045','Modulo de proteccion electronico MPE','','','',0.0000,'0105','S','','N',1.0000,0.0000,0.0000,0.0000,0.0000,0.0000,0),
 ('0105046','Modulo MPG p/cajas Tecsel','','','',0.0000,'0105','S','','N',1.0000,0.0000,0.0000,0.0000,0.0000,0.0000,0),
 ('0105047','Modulo p/puesta a tierra MT','','','',0.0000,'0105','S','','N',1.0000,0.0000,0.0000,0.0000,0.0000,0.0000,0),
 ('0105048','Mordaza galvanizada p/bajada','','','',0.0000,'0105','S','','N',1.0000,0.0000,0.0000,0.0000,0.0000,0.0000,0),
 ('0105049','Mordaza p/cable XDSL','','','',0.0000,'0105','S','','N',1.0000,0.0000,0.0000,0.0000,0.0000,0.0000,0),
 ('0105050','Mordaza reforzada de PVC p/bajada','','','',0.0000,'0105','S','','N',1.0000,0.0000,0.0000,0.0000,0.0000,0.0000,0),
 ('0105051','Morseto de susp. 3 agujeros 2 bulones','','','',0.0000,'0105','S','','N',1.0000,0.0000,0.0000,0.0000,0.0000,0.0000,0),
 ('0105052','Morseto p/alam.de susp. 3 bulones','','','',0.0000,'0105','S','','N',1.0000,0.0000,0.0000,0.0000,0.0000,0.0000,0),
 ('0105053','Morseto p/alam.de susp. chica 2 bulones','','','',0.0000,'0105','S','','N',1.0000,0.0000,0.0000,0.0000,0.0000,0.0000,0),
 ('0105054','Morseto p/conexion a tierra','','','',0.0000,'0105','S','','N',1.0000,0.0000,0.0000,0.0000,0.0000,0.0000,0),
 ('0105055','Prec.metal.c/recub.plas.PMPCH40','','','',0.0000,'0105','S','','N',1.0000,0.0000,0.0000,0.0000,0.0000,0.0000,0),
 ('0105056','Proteccion forma U de chapa 2.440x36x32','','','',0.0000,'0105','S','','N',1.0000,0.0000,0.0000,0.0000,0.0000,0.0000,0),
 ('0105057','Proteccion forma U de chapa 2.440x59x55','','','',0.0000,'0105','S','','N',1.0000,0.0000,0.0000,0.0000,0.0000,0.0000,0),
 ('0105058','Proteccion forma U de chapa 2.440x84x80','','','',0.0000,'0105','S','','N',1.0000,0.0000,0.0000,0.0000,0.0000,0.0000,0),
 ('0105059','Soporte cadena','','','',0.0000,'0105','S','','N',1.0000,0.0000,0.0000,0.0000,0.0000,0.0000,0),
 ('0105060','Tirafondo cabaza cuadrada 9.5 x 100 mm','','','',0.0000,'0105','S','','N',1.0000,0.0000,0.0000,0.0000,0.0000,0.0000,0),
 ('0105061','Tirafondo cabeza cuadrada 12.7 x 110 mm','','','',0.0000,'0105','S','','N',1.0000,0.0000,0.0000,0.0000,0.0000,0.0000,0),
 ('0105062','Tirafondo cabeza cuadrada 8 x 63 mm','','','',0.0000,'0105','S','','N',1.0000,0.0000,0.0000,0.0000,0.0000,0.0000,0),
 ('0105063','Tirafondo cabeza cuadrada 8 x 80 mm','','','',0.0000,'0105','S','','N',1.0000,0.0000,0.0000,0.0000,0.0000,0.0000,0),
 ('0105064','Tirafondo cabeza redonda 25 mm','','','',0.0000,'0105','S','','N',1.0000,0.0000,0.0000,0.0000,0.0000,0.0000,0),
 ('0105065','Tirafondo cabeza redonda 35 mm','','','',0.0000,'0105','S','','N',1.0000,0.0000,0.0000,0.0000,0.0000,0.0000,0),
 ('0106001','Barra P/Ancla de Madera de 16 x 1.50','','','',0.0000,'0106','S','','N',1.0000,0.0000,0.0000,0.0000,0.0000,0.0000,0),
 ('0106002','Barra P/ ancla de Madera 19 x 1.80','','','',0.0000,'0106','S','','N',1.0000,0.0000,0.0000,0.0000,0.0000,0.0000,0),
 ('0106003','Barra p/Ancla de Madera de 16 x 1.80','','','',0.0000,'0106','S','','N',1.0000,0.0000,0.0000,0.0000,0.0000,0.0000,0),
 ('0106004','Barra p/ancla de madera de 19 x 2.25','','','',0.0000,'0106','S','','N',1.0000,0.0000,0.0000,0.0000,0.0000,0.0000,0),
 ('0106005','Barra  p/anclaje doble elice  de 16 x 1.50','','','',0.0000,'0106','S','','N',1.0000,0.0000,0.0000,0.0000,0.0000,0.0000,0),
 ('0106006','Barra p/anclaje doble elice de 19 x 1.90','','','',0.0000,'0106','S','','N',1.0000,0.0000,0.0000,0.0000,0.0000,0.0000,0),
 ('0106007','Barra p/puesta a tierra de Cu  1.50 m','','','',0.0000,'0106','S','','N',1.0000,0.0000,0.0000,0.0000,0.0000,0.0000,0),
 ('0106008','Barra p/puesta a tierra de Cu 2.00 m','','','',0.0000,'0106','S','','N',1.0000,0.0000,0.0000,0.0000,0.0000,0.0000,0),
 ('0106009','Barra p/puesta a tierra de Cu 2.50 m','','','',0.0000,'0106','S','','N',1.0000,0.0000,0.0000,0.0000,0.0000,0.0000,0),
 ('0106010','Barra p/puesta a tierra de Cu 3.00 m','','','',0.0000,'0106','S','','N',1.0000,0.0000,0.0000,0.0000,0.0000,0.0000,0),
 ('0106011','Bulones p/guardarriendas','','','',0.0000,'0106','S','','N',1.0000,0.0000,0.0000,0.0000,0.0000,0.0000,0),
 ('0106012','Guardarriendas','','','',0.0000,'0106','S','','N',1.0000,0.0000,0.0000,0.0000,0.0000,0.0000,0),
 ('0106013','Poste de eucalipto tratado c/CCA de 6 m','','','',0.0000,'0106','S','','N',1.0000,0.0000,0.0000,0.0000,0.0000,0.0000,0),
 ('0106014','Poste de eucalipto tratado c/CCa de 7 m','','','',0.0000,'0106','S','','N',1.0000,0.0000,0.0000,0.0000,0.0000,0.0000,0),
 ('0106015','Poste de eucalipto tratado c/CCA de 7.50 m','','','',0.0000,'0106','S','','N',1.0000,0.0000,0.0000,0.0000,0.0000,0.0000,0),
 ('0106016','Poste de eucalipto tratado c/CCA de 8 m','','','',0.0000,'0106','S','','N',1.0000,0.0000,0.0000,0.0000,0.0000,0.0000,0),
 ('0106017','Poste de eucalipto tratado c/CCA de 8.50 m','','','',0.0000,'0106','S','','N',1.0000,0.0000,0.0000,0.0000,0.0000,0.0000,0),
 ('0106018','Poste de eucalipto tratado c/CCA de 9 m','','','',0.0000,'0106','S','','N',1.0000,0.0000,0.0000,0.0000,0.0000,0.0000,0),
 ('0106019','Poste de eucalipto tratado c/CCA de 9.50 m','','','',0.0000,'0106','S','','N',1.0000,0.0000,0.0000,0.0000,0.0000,0.0000,0),
 ('0106020','Poste de eucalipto tratado c/CCA de 10 m','','','',0.0000,'0106','S','','N',1.0000,0.0000,0.0000,0.0000,0.0000,0.0000,0),
 ('0106021','Poste de eucalipto tratado c/CCA de 11 m','','','',0.0000,'0106','S','','N',1.0000,0.0000,0.0000,0.0000,0.0000,0.0000,0),
 ('0109001','Antena omni 4 dipolos (pol.Vert.) Fr. 165.400 - 172.100 MHZ','','','',0.0000,'0109','S','','N',1.0000,0.0000,0.0000,0.0000,0.0000,0.0000,0),
 ('0109002','Bateria SN358 Ion-Li 1030mA','','','',0.0000,'0109','S','','N',1.0000,0.0000,0.0000,0.0000,0.0000,0.0000,0),
 ('0109003','Booster 160MHz (equipo TRASA)','','','',0.0000,'0109','S','','N',1.0000,0.0000,0.0000,0.0000,0.0000,0.0000,0),
 ('0109004','Cabezal Plantronics 142 p/TE 901','','','',0.0000,'0109','S','','N',1.0000,0.0000,0.0000,0.0000,0.0000,0.0000,0),
 ('0109005','Capsula Rx Panasonic inalam.','','','',0.0000,'0109','S','','N',1.0000,0.0000,0.0000,0.0000,0.0000,0.0000,0),
 ('0109006','Capsula Tx electronica','','','',0.0000,'0109','S','','N',1.0000,0.0000,0.0000,0.0000,0.0000,0.0000,0),
 ('0109007','Casula Rx electronica','','','',0.0000,'0109','S','','N',1.0000,0.0000,0.0000,0.0000,0.0000,0.0000,0),
 ('0109008','Cinta aisladora','','','',0.0000,'0109','S','','N',1.0000,0.0000,0.0000,0.0000,0.0000,0.0000,0),
 ('0109009','Cinta TZ231, 12mm blanco','','','',0.0000,'0109','S','','N',1.0000,0.0000,0.0000,0.0000,0.0000,0.0000,0),
 ('0109010','Cordon de linea Amer.','','','',0.0000,'0109','S','','N',1.0000,0.0000,0.0000,0.0000,0.0000,0.0000,0),
 ('0109011','Cordon de linea Amer. p/metro','','','',0.0000,'0109','S','','N',1.0000,0.0000,0.0000,0.0000,0.0000,0.0000,0),
 ('0109012','Cordon de Pacheo 0.90 m','','','',0.0000,'0109','S','','N',1.0000,0.0000,0.0000,0.0000,0.0000,0.0000,0),
 ('0109013','Cordon de pacheo 1.80 m','','','',0.0000,'0109','S','','N',1.0000,0.0000,0.0000,0.0000,0.0000,0.0000,0),
 ('0109014','Cordon de pacheo 2.10 m','','','',0.0000,'0109','S','','N',1.0000,0.0000,0.0000,0.0000,0.0000,0.0000,0),
 ('0109015','Cordon de pacheo 3.00 m','','','',0.0000,'0109','S','','N',1.0000,0.0000,0.0000,0.0000,0.0000,0.0000,0),
 ('0109016','Cordon de pacheo 5.00 m','','','',0.0000,'0109','S','','N',1.0000,0.0000,0.0000,0.0000,0.0000,0.0000,0),
 ('0109017','Cordon micro Amer.','','','',0.0000,'0109','S','','N',1.0000,0.0000,0.0000,0.0000,0.0000,0.0000,0),
 ('0109018','Kit aliment. TRASA','','','',0.0000,'0109','S','','N',1.0000,0.0000,0.0000,0.0000,0.0000,0.0000,0),
 ('0109019','Molex H y M  15C.062 TRASA','','','',0.0000,'0109','S','','N',1.0000,0.0000,0.0000,0.0000,0.0000,0.0000,0),
 ('0109020','Piezo electronico p/telefonos','','','',0.0000,'0109','S','','N',1.0000,0.0000,0.0000,0.0000,0.0000,0.0000,0),
 ('0109021','Pin p/molex H y M  .062 TRASA','','','',0.0000,'0109','S','','N',1.0000,0.0000,0.0000,0.0000,0.0000,0.0000,0),
 ('0109022','Resitencia 50 Ohm 40 W (TASA)','','','',0.0000,'0109','S','','N',1.0000,0.0000,0.0000,0.0000,0.0000,0.0000,0),
 ('0109023','Turbina 12V 4 s/rod','','','',0.0000,'0109','S','','N',1.0000,0.0000,0.0000,0.0000,0.0000,0.0000,0),
 ('0109024','Turbina 220V 4','','','',0.0000,'','S','','N',1.0000,0.0000,0.0000,0.0000,0.0000,0.0000,0),
 ('0109025','Varistor 235V 18mm','','','',0.0000,'0109','S','','N',1.0000,0.0000,0.0000,0.0000,0.0000,0.0000,0),
 ('0110001','Adpt. VoIP p/telef. anal¢gico GKM 2210T','','','',0.0000,'0110','S','','N',1.0000,0.0000,0.0000,0.0000,0.0000,0.0000,0),
 ('0110002','Airgrid Ubiquiti M5','','','',0.0000,'0110','S','','N',1.0000,0.0000,0.0000,0.0000,0.0000,0.0000,0),
 ('0110003','Ampliacion 2 inter. central 284','','','',0.0000,'0110','S','','N',1.0000,0.0000,0.0000,0.0000,0.0000,0.0000,0),
 ('0110004','Ampliacion 4 inter. central 412','','','',0.0000,'0110','S','','N',1.0000,0.0000,0.0000,0.0000,0.0000,0.0000,0),
 ('0110005','Ampliacion de linea central 412','','','',0.0000,'0110','S','','N',1.0000,0.0000,0.0000,0.0000,0.0000,0.0000,0),
 ('0110006','Antena grillada NRD 29Db','','','',0.0000,'0110','S','','N',1.0000,0.0000,0.0000,0.0000,0.0000,0.0000,0),
 ('0110007','Antena Omni Ubiquiti 2.4 - 10 dB','','','',0.0000,'0110','S','','N',1.0000,0.0000,0.0000,0.0000,0.0000,0.0000,0),
 ('0110008','Antena p/TRAM 11 elementos','','','',0.0000,'0110','S','','N',1.0000,0.0000,0.0000,0.0000,0.0000,0.0000,0),
 ('0110009','Antena p/TRAM 13 o 14 elementos','','','',0.0000,'0110','S','','N',1.0000,0.0000,0.0000,0.0000,0.0000,0.0000,0),
 ('0110010','Antena p/TRAM 4 elementos','','','',0.0000,'0110','S','','N',1.0000,0.0000,0.0000,0.0000,0.0000,0.0000,0),
 ('0110011','Antena p/TRAM 5 elementos','','','',0.0000,'0110','S','','N',1.0000,0.0000,0.0000,0.0000,0.0000,0.0000,0),
 ('0110012','Antena p/TRAM 7 elementos','','','',0.0000,'0110','S','','N',1.0000,0.0000,0.0000,0.0000,0.0000,0.0000,0),
 ('0110013','Antena p/TRAM 9 elementos','','','',0.0000,'0110','S','','N',1.0000,0.0000,0.0000,0.0000,0.0000,0.0000,0),
 ('0110014','Antena parab. Hyperlink 5Ghz - 27dBi','','','',0.0000,'0110','S','','N',1.0000,0.0000,0.0000,0.0000,0.0000,0.0000,0),
 ('0110015','Antena pasiva p/telef. celular','','','',0.0000,'0110','S','','N',1.0000,0.0000,0.0000,0.0000,0.0000,0.0000,0),
 ('0110016','Antena Ubiquiti 5 Ghz s¢lida 21 dB','','','',0.0000,'0110','S','','N',1.0000,0.0000,0.0000,0.0000,0.0000,0.0000,0),
 ('0110017','Antena Ubiquiti 5Ghz s¢lida 30 dBi','','','',0.0000,'0110','S','','N',1.0000,0.0000,0.0000,0.0000,0.0000,0.0000,0),
 ('0110018','ATA Audiocodes MP202B/2Fxs','','','',0.0000,'0110','S','','N',1.0000,0.0000,0.0000,0.0000,0.0000,0.0000,0),
 ('0110019','ATA Planet Vip-156 / 156PE','','','',0.0000,'0110','S','','N',1.0000,0.0000,0.0000,0.0000,0.0000,0.0000,0),
 ('0110020','Bateria 12 V - 7 Amp.','','','',0.0000,'0110','S','','N',1.0000,0.0000,0.0000,0.0000,0.0000,0.0000,0),
 ('0110021','Bateria 6 V - 4 Amp.','','','',0.0000,'0110','S','','N',1.0000,0.0000,0.0000,0.0000,0.0000,0.0000,0),
 ('0110022','Bateria Gel 12 V x 2,3A','','','',0.0000,'0110','S','','N',1.0000,0.0000,0.0000,0.0000,0.0000,0.0000,0),
 ('0110023','Bateria n° 31 tipo Panasonic','','','',0.0000,'0110','S','','N',1.0000,0.0000,0.0000,0.0000,0.0000,0.0000,0),
 ('0110024','Bateria Ni-Mh panasonic nø 14','','','',0.0000,'0110','S','','N',1.0000,0.0000,0.0000,0.0000,0.0000,0.0000,0),
 ('0110025','Bateria Ni-Mh Panasonic nø 31','','','',0.0000,'0110','S','','N',1.0000,0.0000,0.0000,0.0000,0.0000,0.0000,0),
 ('0110026','Bateria p/telef. celular Nokia','','','',0.0000,'0110','S','','N',1.0000,0.0000,0.0000,0.0000,0.0000,0.0000,0),
 ('0110027','Bateria p/telef. inalam. 280 x 3.6 trebol','','','',0.0000,'0110','S','','N',1.0000,0.0000,0.0000,0.0000,0.0000,0.0000,0),
 ('0110028','Bateria p/telef. inalam. 300 x 2.4','','','',0.0000,'0110','S','','N',1.0000,0.0000,0.0000,0.0000,0.0000,0.0000,0),
 ('0110029','Baterias 3.6 V x 700mA','','','',0.0000,'0110','S','','N',1.0000,0.0000,0.0000,0.0000,0.0000,0.0000,0),
 ('0110030','Baterias Ni-Cd 3.6V - 300mA','','','',0.0000,'0110','S','','N',1.0000,0.0000,0.0000,0.0000,0.0000,0.0000,0),
 ('0110031','Baterias p/telef. inalam. AA270','','','',0.0000,'0110','S','','N',1.0000,0.0000,0.0000,0.0000,0.0000,0.0000,0),
 ('0110032','Enlace  Bullet Ubiquiti 5Ghz  Mimo Airmax','','','',0.0000,'0110','S','','N',1.0000,0.0000,0.0000,0.0000,0.0000,0.0000,0),
 ('0110033','Cabezal Panasonic 110','','','',0.0000,'0110','S','','N',1.0000,0.0000,0.0000,0.0000,0.0000,0.0000,0),
 ('0110034','Cable coaxil RG213','','','',0.0000,'0110','S','','N',1.0000,0.0000,0.0000,0.0000,0.0000,0.0000,0),
 ('0110035','Cable coaxil RG58','','','',0.0000,'0110','S','','N',1.0000,0.0000,0.0000,0.0000,0.0000,0.0000,0),
 ('0110036','Cable coaxil UHF26/73','','','',0.0000,'0110','S','','N',1.0000,0.0000,0.0000,0.0000,0.0000,0.0000,0),
 ('0110037','Caller Id Siemens ID199','','','',0.0000,'0110','S','','N',1.0000,0.0000,0.0000,0.0000,0.0000,0.0000,0),
 ('0110038','Campanilla auxiliar 220/75 - 10 cm','','','',0.0000,'0110','S','','N',1.0000,0.0000,0.0000,0.0000,0.0000,0.0000,0),
 ('0110039','Campanilla auxiliar 220/75 - 15 cm','','','',0.0000,'0110','S','','N',1.0000,0.0000,0.0000,0.0000,0.0000,0.0000,0),
 ('0110040','Campanilla auxiliar 220/75 - 20 cm','','','',0.0000,'0110','S','','N',1.0000,0.0000,0.0000,0.0000,0.0000,0.0000,0),
 ('0110041','Campanilla auxiliar 75 Vcc','','','',0.0000,'0110','S','','N',1.0000,0.0000,0.0000,0.0000,0.0000,0.0000,0),
 ('0110042','Cargador p/Gigaset 3000','','','',0.0000,'0110','S','','N',1.0000,0.0000,0.0000,0.0000,0.0000,0.0000,0),
 ('0110043','Cargador p/pilas 4xAA, 4xAAA','','','',0.0000,'0110','S','','N',1.0000,0.0000,0.0000,0.0000,0.0000,0.0000,0),
 ('0110044','Cargador para Gigaset 3000','','','',0.0000,'0110','S','','N',1.0000,0.0000,0.0000,0.0000,0.0000,0.0000,0),
 ('0110045','Cartucho  Ng. Fax Brother','','','',0.0000,'0110','S','','N',1.0000,0.0000,0.0000,0.0000,0.0000,0.0000,0),
 ('0110046','Cartucho color Fax Brother','','','',0.0000,'0110','S','','N',1.0000,0.0000,0.0000,0.0000,0.0000,0.0000,0),
 ('0110047','Central Avatec Nova 206','','','',0.0000,'0110','S','','N',1.0000,0.0000,0.0000,0.0000,0.0000,0.0000,0),
 ('0110048','Central Intelbras Corp6000 -2 x 12','','','',0.0000,'0110','S','','N',1.0000,0.0000,0.0000,0.0000,0.0000,0.0000,0),
 ('0110049','Central Nexo Tekna 1248','','','',0.0000,'0110','S','','N',1.0000,0.0000,0.0000,0.0000,0.0000,0.0000,0),
 ('0110050','Central Panasonic KX-TES824','','','',0.0000,'0110','S','','N',1.0000,0.0000,0.0000,0.0000,0.0000,0.0000,0),
 ('0110051','Central Starligh MC104','','','',0.0000,'0110','S','','N',1.0000,0.0000,0.0000,0.0000,0.0000,0.0000,0),
 ('0110052','Central telef. Nexo Facil 1 x 4','','','',0.0000,'0110','S','','N',1.0000,0.0000,0.0000,0.0000,0.0000,0.0000,0),
 ('0110053','Central Telef. Nexo Facil 3x8 eq. 2x8','','','',0.0000,'0110','S','','N',1.0000,0.0000,0.0000,0.0000,0.0000,0.0000,0),
 ('0110054','Central telef. Nor-K 1 x 4','','','',0.0000,'0110','S','','N',1.0000,0.0000,0.0000,0.0000,0.0000,0.0000,0),
 ('0110055','Central telef. Nor-K 2 x 8','','','',0.0000,'0110','S','','N',1.0000,0.0000,0.0000,0.0000,0.0000,0.0000,0),
 ('0110056','Central telef. Nor-K 284 sub.2 x 6','','','',0.0000,'0110','S','','N',1.0000,0.0000,0.0000,0.0000,0.0000,0.0000,0),
 ('0110057','Central telef. Nor-K 412','','','',0.0000,'0110','S','','N',1.0000,0.0000,0.0000,0.0000,0.0000,0.0000,0),
 ('0110058','Central Telef.Digitek 1 x 2','','','',0.0000,'0110','S','','N',1.0000,0.0000,0.0000,0.0000,0.0000,0.0000,0),
 ('0110059','Conector adaptador N a UHF','','','',0.0000,'0110','S','','N',1.0000,0.0000,0.0000,0.0000,0.0000,0.0000,0),
 ('0110060','Conector BNC p/cable  RG58','','','',0.0000,'0110','S','','N',1.0000,0.0000,0.0000,0.0000,0.0000,0.0000,0),
 ('0110061','Conector N p/coaxil RG213','','','',0.0000,'0110','S','','N',1.0000,0.0000,0.0000,0.0000,0.0000,0.0000,0),
 ('0110062','Conector N p/UHF26/73 Cod.240','','','',0.0000,'0110','S','','N',1.0000,0.0000,0.0000,0.0000,0.0000,0.0000,0),
 ('0110063','Conector UHF p/cable RG213','','','',0.0000,'0110','S','','N',1.0000,0.0000,0.0000,0.0000,0.0000,0.0000,0),
 ('0110064','Conector UHF p/cable RG58','','','',0.0000,'0110','S','','N',1.0000,0.0000,0.0000,0.0000,0.0000,0.0000,0),
 ('0110065','Contestador digital GE 2-9875','','','',0.0000,'0110','S','','N',1.0000,0.0000,0.0000,0.0000,0.0000,0.0000,0),
 ('0110066','Contestador telef. G.E. 2-9802','','','',0.0000,'0110','S','','N',1.0000,0.0000,0.0000,0.0000,0.0000,0.0000,0),
 ('0110067','Conversor AP 485 p/sistema Delsat','','','',0.0000,'0110','S','','N',1.0000,0.0000,0.0000,0.0000,0.0000,0.0000,0),
 ('0110068','Conversor celular (interfase)','','','',0.0000,'0110','S','','N',1.0000,0.0000,0.0000,0.0000,0.0000,0.0000,0),
 ('0110069','Desoldador a piston','','','',0.0000,'0110','S','','N',1.0000,0.0000,0.0000,0.0000,0.0000,0.0000,0),
 ('0110070','Detector de llamas','','','',0.0000,'0110','S','','N',1.0000,0.0000,0.0000,0.0000,0.0000,0.0000,0),
 ('0110071','Enlace Ubiquiti Bullet 5 c/poe','','','',0.0000,'0110','S','','N',1.0000,0.0000,0.0000,0.0000,0.0000,0.0000,0),
 ('0110072','Enlace Ubiquiti Nano 2 c/poe y fuente','','','',0.0000,'0110','S','','N',1.0000,0.0000,0.0000,0.0000,0.0000,0.0000,0),
 ('0110073','Equipo terminal de ab. TRASA 10W','','','',0.0000,'0110','S','','N',1.0000,0.0000,0.0000,0.0000,0.0000,0.0000,0),
 ('0110074','Equpo terminal abonado TRASA UP','','','',0.0000,'0110','S','','N',1.0000,0.0000,0.0000,0.0000,0.0000,0.0000,0),
 ('0110075','Fax Brother 275','','','',0.0000,'0110','S','','N',1.0000,0.0000,0.0000,0.0000,0.0000,0.0000,0),
 ('0110076','Fax color Brother MFC210C','','','',0.0000,'0110','S','','N',1.0000,0.0000,0.0000,0.0000,0.0000,0.0000,0),
 ('0110077','Fax Panasonic KX-FT908AG','','','',0.0000,'0110','S','','N',1.0000,0.0000,0.0000,0.0000,0.0000,0.0000,0),
 ('0110078','Fax Panasonic KX-FT932AG','','','',0.0000,'0110','S','','N',1.0000,0.0000,0.0000,0.0000,0.0000,0.0000,0),
 ('0110079','Fax Panasonic KX-FT982AG-B','','','',0.0000,'0110','S','','N',1.0000,0.0000,0.0000,0.0000,0.0000,0.0000,0),
 ('0110080','Fax Panasonic KX-FT988AG c/cont.dig','','','',0.0000,'0110','S','','N',1.0000,0.0000,0.0000,0.0000,0.0000,0.0000,0),
 ('0110081','Fax Samsumg SF100','','','',0.0000,'0110','S','','N',1.0000,0.0000,0.0000,0.0000,0.0000,0.0000,0),
 ('0110082','Fax Sarp FO-165 / 175','','','',0.0000,'0110','S','','N',1.0000,0.0000,0.0000,0.0000,0.0000,0.0000,0),
 ('0110083','Fax Sharp UX-45 papel termico','','','',0.0000,'0110','S','','N',1.0000,0.0000,0.0000,0.0000,0.0000,0.0000,0),
 ('0110084','Fax Siemens','','','',0.0000,'0110','S','','N',1.0000,0.0000,0.0000,0.0000,0.0000,0.0000,0),
 ('0110085','Filtro p/alta frecuencia HF-1','','','',0.0000,'0110','S','','N',1.0000,0.0000,0.0000,0.0000,0.0000,0.0000,0),
 ('0110086','Frente Port. Elect. Nor-K','','','',0.0000,'0110','S','','N',1.0000,0.0000,0.0000,0.0000,0.0000,0.0000,0),
 ('0110087','Frente Port.Electr.Starligh DR10','','','',0.0000,'0110','S','','N',1.0000,0.0000,0.0000,0.0000,0.0000,0.0000,0),
 ('0110088','Fuente 6 V 500 mA','','','',0.0000,'0110','S','','N',1.0000,0.0000,0.0000,0.0000,0.0000,0.0000,0),
 ('0110089','Fuente 7,5 V 500mA','','','',0.0000,'0110','S','','N',1.0000,0.0000,0.0000,0.0000,0.0000,0.0000,0),
 ('0110090','Fuente 9 Vcc / 500mA','','','',0.0000,'0110','S','','N',1.0000,0.0000,0.0000,0.0000,0.0000,0.0000,0),
 ('0110091','Fuente F9 para TRAM','','','',0.0000,'0110','S','','N',1.0000,0.0000,0.0000,0.0000,0.0000,0.0000,0),
 ('0110092','Fuente p/comunic 13,8 V x 10 A','','','',0.0000,'0110','S','','N',1.0000,0.0000,0.0000,0.0000,0.0000,0.0000,0),
 ('0110093','Fuente POE Ubiquiti 24 V - 0,5A','','','',0.0000,'0110','S','','N',1.0000,0.0000,0.0000,0.0000,0.0000,0.0000,0),
 ('0110094','Fuente switching 5v - 25w','','','',0.0000,'0110','S','','N',1.0000,0.0000,0.0000,0.0000,0.0000,0.0000,0),
 ('0110095','Fuente switching 5v - 5w','','','',0.0000,'0110','S','','N',1.0000,0.0000,0.0000,0.0000,0.0000,0.0000,0),
 ('0110096','Fuente universal 1,5 a 12VCC 800mA','','','',0.0000,'0110','S','','N',1.0000,0.0000,0.0000,0.0000,0.0000,0.0000,0),
 ('0110097','Gategway AudioCode MP202B/2S/SIP','','','',0.0000,'0110','S','','N',1.0000,0.0000,0.0000,0.0000,0.0000,0.0000,0),
 ('0110098','Gateway Grandstream HT286','','','',0.0000,'0110','S','','N',1.0000,0.0000,0.0000,0.0000,0.0000,0.0000,0),
 ('0110099','Gateway Grandstream HT502','','','',0.0000,'0110','S','','N',1.0000,0.0000,0.0000,0.0000,0.0000,0.0000,0),
 ('0110100','Handy Gigaset 3000','','','',0.0000,'0110','S','','N',1.0000,0.0000,0.0000,0.0000,0.0000,0.0000,0),
 ('0110101','Identificador de llamadas','','','',0.0000,'0110','S','','N',1.0000,0.0000,0.0000,0.0000,0.0000,0.0000,0),
 ('0110102','Impactadora Noga T/814 c/filo','','','',0.0000,'0110','S','','N',1.0000,0.0000,0.0000,0.0000,0.0000,0.0000,0),
 ('0110103','Kit Handy Ucom 3500 UHF','','','',0.0000,'0110','S','','N',1.0000,0.0000,0.0000,0.0000,0.0000,0.0000,0),
 ('0110104','Kit TRAM: PTL1,F9,Ant.5,Coax.30m,2 con,tabl.','','','',0.0000,'0110','S','','N',1.0000,0.0000,0.0000,0.0000,0.0000,0.0000,0),
 ('0110105','Mikrotik AAB RB 750','','','',0.0000,'0110','S','','N',1.0000,0.0000,0.0000,0.0000,0.0000,0.0000,0),
 ('0110106','Mini Gbic 40 km 1 pelo','','','',0.0000,'0110','S','','N',1.0000,0.0000,0.0000,0.0000,0.0000,0.0000,0),
 ('0110107','Modem ADSL','','','',0.0000,'0110','S','','N',1.0000,0.0000,0.0000,0.0000,0.0000,0.0000,0),
 ('0110108','Modem interno p/sistema Delsat','','','',0.0000,'0110','S','','N',1.0000,0.0000,0.0000,0.0000,0.0000,0.0000,0),
 ('0110109','Modem-Fax externo','','','',0.0000,'0110','S','','N',1.0000,0.0000,0.0000,0.0000,0.0000,0.0000,0),
 ('0110110','Modem-Fax interno','','','',0.0000,'0110','S','','N',1.0000,0.0000,0.0000,0.0000,0.0000,0.0000,0),
 ('0110111','Modulo Port. Elect. Nor-K','','','',0.0000,'0110','S','','N',1.0000,0.0000,0.0000,0.0000,0.0000,0.0000,0),
 ('0110112','Modulo portero elect. Nexo Facil','','','',0.0000,'0110','S','','N',1.0000,0.0000,0.0000,0.0000,0.0000,0.0000,0),
 ('0110113','Enlace Nano Bridge M5','','','',0.0000,'0110','S','','N',1.0000,0.0000,0.0000,0.0000,0.0000,0.0000,0),
 ('0110114','Enlace  Nanostation Ubiquiti 5Ghz','','','',0.0000,'0110','S','','N',1.0000,0.0000,0.0000,0.0000,0.0000,0.0000,0),
 ('0110115','Patchcord 0,60 cm Gen‚rico','','','',0.0000,'0110','S','','N',1.0000,0.0000,0.0000,0.0000,0.0000,0.0000,0),
 ('0110116','Patchera 24 P Gen‚rica','','','',0.0000,'0110','S','','N',1.0000,0.0000,0.0000,0.0000,0.0000,0.0000,0),
 ('0110117','Pilas Niquel-Metal 900 mA','','','',0.0000,'0110','S','','N',1.0000,0.0000,0.0000,0.0000,0.0000,0.0000,0),
 ('0110118','Pilas Nique-Matal 1200 mA','','','',0.0000,'0110','S','','N',1.0000,0.0000,0.0000,0.0000,0.0000,0.0000,0),
 ('0110119','Pinz.metal p/con.Amer.RJ45','','','',0.0000,'0110','S','','N',1.0000,0.0000,0.0000,0.0000,0.0000,0.0000,0),
 ('0110120','Placa ampli. 1 linea  central Modulare','','','',0.0000,'0110','S','','N',1.0000,0.0000,0.0000,0.0000,0.0000,0.0000,0),
 ('0110121','Placa Ubiquitti XR2','','','',0.0000,'0110','S','','N',1.0000,0.0000,0.0000,0.0000,0.0000,0.0000,0),
 ('0110122','Protector base Tecsel 10 ps','','','',0.0000,'0110','S','','N',1.0000,0.0000,0.0000,0.0000,0.0000,0.0000,0),
 ('0110123','Protector base Tecsel 2 ps','','','',0.0000,'0110','S','','N',1.0000,0.0000,0.0000,0.0000,0.0000,0.0000,0),
 ('0110124','Protector guardafax dual','','','',0.0000,'0110','S','','N',1.0000,0.0000,0.0000,0.0000,0.0000,0.0000,0),
 ('0110125','Protector modolo MPG','','','',0.0000,'0110','S','','N',1.0000,0.0000,0.0000,0.0000,0.0000,0.0000,0),
 ('0110126','Enlace Rocket Ubiquiti 5Ghz mimo Airmax','','','',0.0000,'0110','S','','N',1.0000,0.0000,0.0000,0.0000,0.0000,0.0000,0),
 ('0110127','Router inalam. TP-LINK  TL-WR743ND','','','',0.0000,'0110','S','','N',1.0000,0.0000,0.0000,0.0000,0.0000,0.0000,0),
 ('0110128','Router Mikrotik RB 450','','','',0.0000,'0110','S','','N',1.0000,0.0000,0.0000,0.0000,0.0000,0.0000,0),
 ('0110129','Router TP-Link 740','','','',0.0000,'0110','S','','N',1.0000,0.0000,0.0000,0.0000,0.0000,0.0000,0),
 ('0110130','Router TP-Link WR741N','','','',0.0000,'0110','S','','N',1.0000,0.0000,0.0000,0.0000,0.0000,0.0000,0),
 ('0110131','Router WiFi Senao ESR 1221','','','',0.0000,'0110','S','','N',1.0000,0.0000,0.0000,0.0000,0.0000,0.0000,0),
 ('0110132','Soldador punta ceramica 60W','','','',0.0000,'0110','S','','N',1.0000,0.0000,0.0000,0.0000,0.0000,0.0000,0),
 ('0110133','Soldador ZR-400 de 40W','','','',0.0000,'0110','S','','N',1.0000,0.0000,0.0000,0.0000,0.0000,0.0000,0),
 ('0110134','Soporte soldador HS-88','','','',0.0000,'0110','S','','N',1.0000,0.0000,0.0000,0.0000,0.0000,0.0000,0),
 ('0110135','Spliter PoE TP-LINK TL-POE10R','','','',0.0000,'0110','S','','N',1.0000,0.0000,0.0000,0.0000,0.0000,0.0000,0),
 ('0110136','Swicht TP-Link 5p','','','',0.0000,'0110','S','','N',1.0000,0.0000,0.0000,0.0000,0.0000,0.0000,0),
 ('0110137','Switch Micronet SP 608K','','','',0.0000,'0110','S','','N',1.0000,0.0000,0.0000,0.0000,0.0000,0.0000,0),
 ('0110138','Switch micronet SP 616B','','','',0.0000,'0110','S','','N',1.0000,0.0000,0.0000,0.0000,0.0000,0.0000,0),
 ('0110139','Switch TP-Link 24 P','','','',0.0000,'0110','S','','N',1.0000,0.0000,0.0000,0.0000,0.0000,0.0000,0),
 ('0110140','TE inal.Panasonic KX-TG1311AG-2','','','',0.0000,'0110','S','','N',1.0000,0.0000,0.0000,0.0000,0.0000,0.0000,0),
 ('0110141','TE inalam. Panasonic KX-TG1712 AGB','','','',0.0000,'0110','S','','N',1.0000,0.0000,0.0000,0.0000,0.0000,0.0000,0),
 ('0110142','TE inalambrico Gigaset 4000','','','',0.0000,'0110','S','','N',1.0000,0.0000,0.0000,0.0000,0.0000,0.0000,0),
 ('0110143','TE inalm. Gigaset A390','','','',0.0000,'0110','S','','N',1.0000,0.0000,0.0000,0.0000,0.0000,0.0000,0),
 ('0110144','TE inalm. Panasaonic KX-TG1711','','','',0.0000,'0110','S','','N',1.0000,0.0000,0.0000,0.0000,0.0000,0.0000,0),
 ('0110145','TE IP Grandstream GXP-1405 Poe','','','',0.0000,'0110','S','','N',1.0000,0.0000,0.0000,0.0000,0.0000,0.0000,0),
 ('0110146','TE IP Grandstream GXP-280 1 l¡nea','','','',0.0000,'0110','S','','N',1.0000,0.0000,0.0000,0.0000,0.0000,0.0000,0),
 ('0110147','TE IP Yealink SIP-T20','','','',0.0000,'0110','S','','N',1.0000,0.0000,0.0000,0.0000,0.0000,0.0000,0),
 ('0110148','TE Nexo NP-315','','','',0.0000,'0110','S','','N',1.0000,0.0000,0.0000,0.0000,0.0000,0.0000,0),
 ('0110149','TE Nexo NP-80 Gondola','','','',0.0000,'0110','S','','N',1.0000,0.0000,0.0000,0.0000,0.0000,0.0000,0),
 ('0110150','TE Panasonic KX-T7703x c/ident.','','','',0.0000,'0110','S','','N',1.0000,0.0000,0.0000,0.0000,0.0000,0.0000,0),
 ('0110151','TE Panasonic KX-T7730 inteligente','','','',0.0000,'0110','S','','N',1.0000,0.0000,0.0000,0.0000,0.0000,0.0000,0),
 ('0110152','TE Panasonic KX-TG4011','','','',0.0000,'0110','S','','N',1.0000,0.0000,0.0000,0.0000,0.0000,0.0000,0),
 ('0110153','TE Panasonic KX-TG6421 c/contestador','','','',0.0000,'0110','S','','N',1.0000,0.0000,0.0000,0.0000,0.0000,0.0000,0),
 ('0110154','TE Panasonic KX-TG7521 c/cont.','','','',0.0000,'0110','S','','N',1.0000,0.0000,0.0000,0.0000,0.0000,0.0000,0),
 ('0110155','TE Stromberg BG-51 Gondola','','','',0.0000,'0110','S','','N',1.0000,0.0000,0.0000,0.0000,0.0000,0.0000,0),
 ('0110156','TE. inal. Panasonic KX-TG3510 2.4 Mhz','','','',0.0000,'0110','S','','N',1.0000,0.0000,0.0000,0.0000,0.0000,0.0000,0),
 ('0110157','TE. inalam.Siemens Gigaset 3000 clasico','','','',0.0000,'0110','S','','N',1.0000,0.0000,0.0000,0.0000,0.0000,0.0000,0),
 ('0110158','TE. inalam.Siemens Gigaset 3010 m/lib.','','','',0.0000,'0110','S','','N',1.0000,0.0000,0.0000,0.0000,0.0000,0.0000,0),
 ('0110159','TE. Nexo NP-1919 C/ID M/Libre','','','',0.0000,'0110','S','','N',1.0000,0.0000,0.0000,0.0000,0.0000,0.0000,0),
 ('0110160','TE. Nexo Sigma','','','',0.0000,'0110','S','','N',1.0000,0.0000,0.0000,0.0000,0.0000,0.0000,0),
 ('0110161','TE. Panasonic Auto-Logic KX-T2390','','','',0.0000,'0110','S','','N',1.0000,0.0000,0.0000,0.0000,0.0000,0.0000,0),
 ('0110162','TE. Panasonic KX-TS 11C/ID','','','',0.0000,'0110','S','','N',1.0000,0.0000,0.0000,0.0000,0.0000,0.0000,0),
 ('0110163','TE. Panasonic KX-TS500','','','',0.0000,'0110','S','','N',1.0000,0.0000,0.0000,0.0000,0.0000,0.0000,0),
 ('0110164','TE.GE 2-9480 2 lineas','','','',0.0000,'0110','S','','N',1.0000,0.0000,0.0000,0.0000,0.0000,0.0000,0),
 ('0110165','TE.Inal. Panasonic KX-TG1311AG','','','',0.0000,'0110','S','','N',1.0000,0.0000,0.0000,0.0000,0.0000,0.0000,0),
 ('0110166','TE.Panacom PA7272 C/ID','','','',0.0000,'0110','S','','N',1.0000,0.0000,0.0000,0.0000,0.0000,0.0000,0),
 ('0110167','Enlace TP-Link 2.4 TL-W5210G','','','',0.0000,'0110','S','','N',1.0000,0.0000,0.0000,0.0000,0.0000,0.0000,0),
 ('0110168','UPS APC Back 650 watt - 230vca','','','',0.0000,'0110','S','','N',1.0000,0.0000,0.0000,0.0000,0.0000,0.0000,0),
 ('0110169','UPS Excel 500','','','',0.0000,'0110','S','','N',1.0000,0.0000,0.0000,0.0000,0.0000,0.0000,0),
 ('0110170','UPS Lyonn 1000VA Online','','','',0.0000,'0110','S','','N',1.0000,0.0000,0.0000,0.0000,0.0000,0.0000,0),
 ('0110171','UPS Lyonn 800','','','',0.0000,'0110','S','','N',1.0000,0.0000,0.0000,0.0000,0.0000,0.0000,0),
 ('0110172','UPS M.G.E. Modelo Pulsar  EL4','','','',0.0000,'0110','S','','N',1.0000,0.0000,0.0000,0.0000,0.0000,0.0000,0),
 ('0110173','UPS M.G.E. Pulsar Elipse 500','','','',0.0000,'0110','S','','N',1.0000,0.0000,0.0000,0.0000,0.0000,0.0000,0),
 ('0110174','UPS TRV Pro500F','','','',0.0000,'0110','S','','N',1.0000,0.0000,0.0000,0.0000,0.0000,0.0000,0),
 ('0110175','Visor p/telecabina sistema Delsat','','','',0.0000,'0110','S','','N',1.0000,0.0000,0.0000,0.0000,0.0000,0.0000,0),
 ('0110176','VOIP Grandstream GXW 4008 - 8 FXS','','','',0.0000,'0110','S','','N',1.0000,0.0000,0.0000,0.0000,0.0000,0.0000,0),
 ('0110177','VOIP Grandstream GXW4104 - 4 Fxo','','','',0.0000,'0110','S','','N',1.0000,0.0000,0.0000,0.0000,0.0000,0.0000,0),
 ('0201001','Abrazadera 50 -PVC- 1/2 - Con Cuña','','','',0.0000,'0101','S','','N',1.0000,0.0000,0.0000,0.0000,0.0000,0.0000,0),
 ('0201002','Abrazadera 63 -PVC- 1/2 - Con Cuña','','','',0.0000,'0110','S','','N',1.0000,0.0000,0.0000,0.0000,0.0000,0.0000,0),
 ('0201003','Abrazadera 75 -PVC- 1/2 - Con Cuña','','','',0.0000,'0201','S','','N',1.0000,0.0000,0.0000,0.0000,0.0000,0.0000,0),
 ('0201004','Abrazadera 90 -PVC- 1/2 - Con Cuña','','','',0.0000,'','S','','N',1.0000,0.0000,0.0000,0.0000,0.0000,0.0000,0),
 ('0201005','Abrazadera 110 -PVC- 1/2 - Con Cuña','','','',0.0000,'','S','','N',1.0000,0.0000,0.0000,0.0000,0.0000,0.0000,0),
 ('0201006','Abrazadera 140 -PVC- 1/2 - Con Cuña','','','',0.0000,'','S','','N',1.0000,0.0000,0.0000,0.0000,0.0000,0.0000,0),
 ('0201007','Abrazadera 160 -PVC- 1/2 - Con Cuña','','','',0.0000,'','S','','N',1.0000,0.0000,0.0000,0.0000,0.0000,0.0000,0),
 ('0201008','Abrazadera 50 -PVC- 3/4 - Con Cuña','','','',0.0000,'','S','','N',1.0000,0.0000,0.0000,0.0000,0.0000,0.0000,0),
 ('0201009','Abrazadera 63 -PVC- 3/4 - Con Cuña','','','',0.0000,'','S','','N',1.0000,0.0000,0.0000,0.0000,0.0000,0.0000,0),
 ('0201010','Abrazadera 75 -PVC- 3/4 - Con Cuña','','','',0.0000,'','S','','N',1.0000,0.0000,0.0000,0.0000,0.0000,0.0000,0),
 ('0201011','Abrazadera 90 -PVC- 3/4 - Con Cuña','','','',0.0000,'','S','','N',1.0000,0.0000,0.0000,0.0000,0.0000,0.0000,0),
 ('0201012','Abrazadera 110 -PVC- 3/4 - Con Cuña','','','',0.0000,'','S','','N',1.0000,0.0000,0.0000,0.0000,0.0000,0.0000,0),
 ('0201013','Abrazadera 140 -PVC- 3/4 - Con Cuña','','','',0.0000,'','S','','N',1.0000,0.0000,0.0000,0.0000,0.0000,0.0000,0),
 ('0201014','Abrazadera 160 -PVC- 3/4 - Con Cuña','','','',0.0000,'','S','','N',1.0000,0.0000,0.0000,0.0000,0.0000,0.0000,0),
 ('0201015','Abrazadera 50 -PVC- 1 - Con Cuña','','','',0.0000,'','S','','N',1.0000,0.0000,0.0000,0.0000,0.0000,0.0000,0),
 ('0201016','Abrazadera 63 -PVC- 1 - Con Cuña','','','',0.0000,'','S','','N',1.0000,0.0000,0.0000,0.0000,0.0000,0.0000,0),
 ('0201017','Abrazadera 75 -PVC- 1 - Con Cuña','','','',0.0000,'','S','','N',1.0000,0.0000,0.0000,0.0000,0.0000,0.0000,0),
 ('0201018','Abrazadera 90 -PVC- 1 - Con Cuña','','','',0.0000,'','S','','N',1.0000,0.0000,0.0000,0.0000,0.0000,0.0000,0),
 ('0201019','Abrazadera 110 -PVC- 1 - Con Cuña','','','',0.0000,'','S','','N',1.0000,0.0000,0.0000,0.0000,0.0000,0.0000,0),
 ('0201020','Abrazadera 140 -PVC- 1 - Con Cuña','','','',0.0000,'','S','','N',1.0000,0.0000,0.0000,0.0000,0.0000,0.0000,0),
 ('0201021','Abrazadera 160 -PVC- 1 - Con Cuña','','','',0.0000,'','S','','N',1.0000,0.0000,0.0000,0.0000,0.0000,0.0000,0),
 ('0201022','Abrazadera 50 -PVC- 1/2 - Doble Bulon','','','',0.0000,'','S','','N',1.0000,0.0000,0.0000,0.0000,0.0000,0.0000,0),
 ('0201023','Abrazadera 63 -PVC- 1/2 - Doble Bulon','','','',0.0000,'','S','','N',1.0000,0.0000,0.0000,0.0000,0.0000,0.0000,0),
 ('0201024','Abrazadera 75 -PVC- 1/2 - Doble Bulon','','','',0.0000,'','S','','N',1.0000,0.0000,0.0000,0.0000,0.0000,0.0000,0),
 ('0201025','Abrazadera 90 -PVC- 1/2 - Doble Bulon','','','',0.0000,'','S','','N',1.0000,0.0000,0.0000,0.0000,0.0000,0.0000,0),
 ('0201026','Abrazadera 110 -PVC- 1/2 - Doble Bulon','','','',0.0000,'','S','','N',1.0000,0.0000,0.0000,0.0000,0.0000,0.0000,0),
 ('0201027','Abrazadera 140 -PVC- 1/2 - Doble Bulon','','','',0.0000,'','S','','N',1.0000,0.0000,0.0000,0.0000,0.0000,0.0000,0),
 ('0201028','Abrazadera 160 -PVC- 1/2 - Doble Bulon','','','',0.0000,'','S','','N',1.0000,0.0000,0.0000,0.0000,0.0000,0.0000,0),
 ('0201029','Abrazadera 50 -PVC- 3/4 - Doble Bulon','','','',0.0000,'','S','','N',1.0000,0.0000,0.0000,0.0000,0.0000,0.0000,0),
 ('0201030','Abrazadera 63 -PVC- 3/4 - Doble Bulon','','','',0.0000,'','S','','N',1.0000,0.0000,0.0000,0.0000,0.0000,0.0000,0),
 ('0201031','Abrazadera 75 -PVC- 3/4 - Doble Bulon','','','',0.0000,'','S','','N',1.0000,0.0000,0.0000,0.0000,0.0000,0.0000,0),
 ('0201032','Abrazadera 90 -PVC- 3/4 - Doble Bulon','','','',0.0000,'','S','','N',1.0000,0.0000,0.0000,0.0000,0.0000,0.0000,0),
 ('0201033','Abrazadera 110 -PVC- 3/4 - Doble Bulon','','','',0.0000,'','S','','N',1.0000,0.0000,0.0000,0.0000,0.0000,0.0000,0);
INSERT INTO `articulos` (`articulo`,`detalle`,`unidad`,`abrevia`,`codbarra`,`costo`,`linea`,`ctrlstock`,`observa`,`ocultar`,`stockmin`,`desc1`,`desc2`,`desc3`,`desc4`,`desc5`,`moneda`) VALUES 
 ('0201034','Abrazadera 140 -PVC- 3/4 - Doble Bulon','','','',0.0000,'','S','','N',1.0000,0.0000,0.0000,0.0000,0.0000,0.0000,0),
 ('0201035','Abrazadera 160 -PVC- 3/4 - Doble Bulon','','','',0.0000,'','S','','N',1.0000,0.0000,0.0000,0.0000,0.0000,0.0000,0),
 ('0201036','Abrazadera 50 -PVC- 1 - Doble Bulon','','','',0.0000,'','S','','N',1.0000,0.0000,0.0000,0.0000,0.0000,0.0000,0),
 ('0201037','Abrazadera 63 -PVC- 1 - Doble Bulon','','','',0.0000,'','S','','N',1.0000,0.0000,0.0000,0.0000,0.0000,0.0000,0),
 ('0201038','Abrazadera 75 -PVC- 1 - Doble Bulon','','','',0.0000,'','S','','N',1.0000,0.0000,0.0000,0.0000,0.0000,0.0000,0),
 ('0201039','Abrazadera 90 -PVC- 1 - Doble Bulon','','','',0.0000,'','S','','N',1.0000,0.0000,0.0000,0.0000,0.0000,0.0000,0),
 ('0201040','Abrazadera 110 -PVC- 1 - Doble Bulon','','','',0.0000,'','S','','N',1.0000,0.0000,0.0000,0.0000,0.0000,0.0000,0),
 ('0201041','Abrazadera 140 -PVC- 1 - Doble Bulon','','','',0.0000,'','S','','N',1.0000,0.0000,0.0000,0.0000,0.0000,0.0000,0),
 ('0201042','Abrazadera 160 -PVC- 1 - Doble Bulon','','','',0.0000,'','S','','N',1.0000,0.0000,0.0000,0.0000,0.0000,0.0000,0),
 ('0202001','Adaptador con Registro - PVC - 20 x 3/4','','','',0.0000,'','S','','N',1.0000,0.0000,0.0000,0.0000,0.0000,0.0000,0),
 ('0203001','Brida para tubo 63 mm.','','','',0.0000,'0203','S','','N',1.0000,0.0000,0.0000,0.0000,0.0000,0.0000,0),
 ('0203002','Brida H§F§ c/aro de goma p/ca¤o 110mm','','','',0.0000,'0203','S','','N',1.0000,0.0000,0.0000,0.0000,0.0000,0.0000,0),
 ('0203003','Brida c/aro goma 160x140','','','',0.0000,'0203','S','','N',1.0000,0.0000,0.0000,0.0000,0.0000,0.0000,0),
 ('0203004','Bulón de acero p/brida 1/2 x 2 1/2','','','',0.0000,'','S','','N',1.0000,0.0000,0.0000,0.0000,0.0000,0.0000,0),
 ('0203005','Tuerca de acero  p/bulon 1/2','','','',0.0000,'','S','','N',1.0000,0.0000,0.0000,0.0000,0.0000,0.0000,0),
 ('0203006','Arandela  Plana   p/bulon','','','',0.0000,'0203','S','','N',1.0000,0.0000,0.0000,0.0000,0.0000,0.0000,0),
 ('0203007','Junta de Goma p/brida de 110mm','','','',0.0000,'0203','S','','N',1.0000,0.0000,0.0000,0.0000,0.0000,0.0000,0),
 ('0204001','Buje Reduccion   PVC  1 a 1/2','','','',0.0000,'','S','','N',1.0000,0.0000,0.0000,0.0000,0.0000,0.0000,0),
 ('0204002','Buje Reduccion - PVC -1 x 3/4','','','',0.0000,'','S','','N',1.0000,0.0000,0.0000,0.0000,0.0000,0.0000,0),
 ('0204003','Buje Reduccion - PPN -3/4 a 1/2','','','',0.0000,'','S','','N',1.0000,0.0000,0.0000,0.0000,0.0000,0.0000,0),
 ('0204004','Buje Reduccion - Bronce - 1 x 3/4','','','',0.0000,'','S','','N',1.0000,0.0000,0.0000,0.0000,0.0000,0.0000,0),
 ('0204005','Buje reduccion galvanizado  1 1/4 a 3/4','','','',0.0000,'','S','','N',1.0000,0.0000,0.0000,0.0000,0.0000,0.0000,0),
 ('0204006','Buje reduccion galvanizado  1 1/4 a 1','','','',0.0000,'','S','','N',1.0000,0.0000,0.0000,0.0000,0.0000,0.0000,0),
 ('0204007','Buje reduccion galvanizado  2 1/2 a 2','','','',0.0000,'','S','','N',1.0000,0.0000,0.0000,0.0000,0.0000,0.0000,0),
 ('0204008','Buje reduccion galvanizado  2 1/2 a 1 1/2','','','',0.0000,'','S','','N',1.0000,0.0000,0.0000,0.0000,0.0000,0.0000,0),
 ('0204009','Buje reduccion galvanizado  2 1/2 a 1 1/4','','','',0.0000,'','S','','N',1.0000,0.0000,0.0000,0.0000,0.0000,0.0000,0),
 ('0204010','Buje reduccion galvanizado 3 a 1','','','',0.0000,'','S','','N',1.0000,0.0000,0.0000,0.0000,0.0000,0.0000,0),
 ('0204011','Buje reduccion galvanizado 3 a 1 1/2','','','',0.0000,'','S','','N',1.0000,0.0000,0.0000,0.0000,0.0000,0.0000,0),
 ('0204012','Buje reduccion galvanizado 3 a 1 1/4','','','',0.0000,'','S','','N',1.0000,0.0000,0.0000,0.0000,0.0000,0.0000,0),
 ('0204013','Buje reduccion galvanizado 3 a 2','','','',0.0000,'','S','','N',1.0000,0.0000,0.0000,0.0000,0.0000,0.0000,0),
 ('0204014','Niple galvanizado de 2 x 10 cm','','','',0.0000,'','S','','N',1.0000,0.0000,0.0000,0.0000,0.0000,0.0000,0),
 ('0204015','Buje Niple entre rosca de 1/2 PPM','','','',0.0000,'','S','','N',1.0000,0.0000,0.0000,0.0000,0.0000,0.0000,0),
 ('0204016','Buje entrerosca de 3/4 PPM','','','',0.0000,'0204','S','','N',1.0000,0.0000,0.0000,0.0000,0.0000,0.0000,0),
 ('0204017','Buje entrerosca galvanizada de 2','','','',0.0000,'','S','','N',1.0000,0.0000,0.0000,0.0000,0.0000,0.0000,0),
 ('0204018','Buje entrerosca galvanizada de 2 1/2','','','',0.0000,'','S','','N',1.0000,0.0000,0.0000,0.0000,0.0000,0.0000,0),
 ('0204019','Buje entrerosca galvanizada de 3','','','',0.0000,'','S','','N',1.0000,0.0000,0.0000,0.0000,0.0000,0.0000,0),
 ('0204020','Espiga Conica - PVC','','','',0.0000,'0204','S','','N',1.0000,0.0000,0.0000,0.0000,0.0000,0.0000,0),
 ('0204021','Espiga Plana - PVC','','','',0.0000,'0204','S','','N',1.0000,0.0000,0.0000,0.0000,0.0000,0.0000,0),
 ('0204022','Espiga/Espiga - Bronce','','','',0.0000,'0204','S','','N',1.0000,0.0000,0.0000,0.0000,0.0000,0.0000,0),
 ('0204023','Espiga con Rosca Macho 3/4','','','',0.0000,'0204','S','','N',1.0000,0.0000,0.0000,0.0000,0.0000,0.0000,0),
 ('0204024','Racord RM - 1/2 x 17mm - K6','','','',0.0000,'0101','S','','N',1.0000,0.0000,0.0000,0.0000,0.0000,0.0000,0),
 ('0204025','Racord RM - 1/2 x 20mm - K10','','','',0.0000,'','S','','N',1.0000,0.0000,0.0000,0.0000,0.0000,0.0000,0),
 ('0204026','Racord con tuerca loca 1 x 17mm','','','',0.0000,'','S','','N',1.0000,0.0000,0.0000,0.0000,0.0000,0.0000,0),
 ('0204027','Racord con tuerca loca 1 x 20mm','','','',0.0000,'','S','','N',1.0000,0.0000,0.0000,0.0000,0.0000,0.0000,0),
 ('0205001','Caño PVC - 50 - J/D','','','',0.0000,'0205','S','','N',1.0000,0.0000,0.0000,0.0000,0.0000,0.0000,0),
 ('0205002','Caño PVC - 63 - J/D','','','',0.0000,'0205','S','','N',1.0000,0.0000,0.0000,0.0000,0.0000,0.0000,0),
 ('0205003','Caño PVC - 75 - J/D','','','',0.0000,'0205','S','','N',1.0000,0.0000,0.0000,0.0000,0.0000,0.0000,0),
 ('0205004','Caño PVC - 90 - J/D','','','',0.0000,'0205','S','','N',1.0000,0.0000,0.0000,0.0000,0.0000,0.0000,0),
 ('0205005','Caño PVC - 110 - J/D','','','',0.0000,'0205','S','','N',1.0000,0.0000,0.0000,0.0000,0.0000,0.0000,0),
 ('0205006','Caño PVC - 140 - J/D','','','',0.0000,'0205','S','','N',1.0000,0.0000,0.0000,0.0000,0.0000,0.0000,0),
 ('0205007','Caño PVC - 160 - J/D','','','',0.0000,'0205','S','','N',1.0000,0.0000,0.0000,0.0000,0.0000,0.0000,0),
 ('0205008','Caño PVC - 200 - J/D','','','',0.0000,'0205','S','','N',1.0000,0.0000,0.0000,0.0000,0.0000,0.0000,0),
 ('0205009','Caño PVC - 250 - J/D','','','',0.0000,'0205','S','','N',1.0000,0.0000,0.0000,0.0000,0.0000,0.0000,0),
 ('0205010','Caño PVC - 300 - J/D','','','',0.0000,'0205','S','','N',1.0000,0.0000,0.0000,0.0000,0.0000,0.0000,0),
 ('0205011','Caño PVC - 50 - J/P','','','',0.0000,'0205','S','','N',1.0000,0.0000,0.0000,0.0000,0.0000,0.0000,0),
 ('0205012','Caño PVC - 63 - J/P','','','',0.0000,'0205','S','','N',1.0000,0.0000,0.0000,0.0000,0.0000,0.0000,0),
 ('0205013','Caño PVC - 75 - J/P','','','',0.0000,'0205','S','','N',1.0000,0.0000,0.0000,0.0000,0.0000,0.0000,0),
 ('0205014','Caño PVC - 90 - J/P','','','',0.0000,'0205','S','','N',1.0000,0.0000,0.0000,0.0000,0.0000,0.0000,0),
 ('0205015','Caño PVC - 110 - J/P','','','',0.0000,'0205','S','','N',1.0000,0.0000,0.0000,0.0000,0.0000,0.0000,0),
 ('0205016','Caño PVC - 140 - J/P','','','',0.0000,'0205','S','','N',1.0000,0.0000,0.0000,0.0000,0.0000,0.0000,0),
 ('0205017','Caño PVC - 160 - J/P','','','',0.0000,'0205','S','','N',1.0000,0.0000,0.0000,0.0000,0.0000,0.0000,0),
 ('0205018','Caño PeBD 1/2 x 20 mm.','','','',0.0000,'','S','','N',1.0000,0.0000,0.0000,0.0000,0.0000,0.0000,0),
 ('0205019','Caño PeBD 1/2 x 20 mm.','','','',0.0000,'','S','','N',1.0000,0.0000,0.0000,0.0000,0.0000,0.0000,0),
 ('0205020','Caño PPM  1/2','','','',0.0000,'','S','','N',1.0000,0.0000,0.0000,0.0000,0.0000,0.0000,0),
 ('0205021','Caño PeBD 3/4','','','',0.0000,'','S','','N',1.0000,0.0000,0.0000,0.0000,0.0000,0.0000,0),
 ('0205022','Caño Bicapa 3/4 PPM','','','',0.0000,'0205','S','','N',1.0000,0.0000,0.0000,0.0000,0.0000,0.0000,0),
 ('0205023','Caño galvanizado de  2 1/2','','','',0.0000,'','S','','N',1.0000,0.0000,0.0000,0.0000,0.0000,0.0000,0),
 ('0205024','Ramal Y a 45° de 100 x 100 c/bridas H°F°','','','',0.0000,'','S','','N',1.0000,0.0000,0.0000,0.0000,0.0000,0.0000,0),
 ('0205025','Ramal Y doble de 160 X 160 X 110','','','',0.0000,'','S','','N',1.0000,0.0000,0.0000,0.0000,0.0000,0.0000,0),
 ('0206001','Cupla PVC - 50 - J/P','','','',0.0000,'0206','S','','N',1.0000,0.0000,0.0000,0.0000,0.0000,0.0000,0),
 ('0206002','Cupla PVC - 63 - J/P','','','',0.0000,'0206','S','','N',1.0000,0.0000,0.0000,0.0000,0.0000,0.0000,0),
 ('0206003','Cupla PVC - 75 - J/P','','','',0.0000,'0206','S','','N',1.0000,0.0000,0.0000,0.0000,0.0000,0.0000,0),
 ('0206004','Cupla PVC - 90 - J/P','','','',0.0000,'0206','S','','N',1.0000,0.0000,0.0000,0.0000,0.0000,0.0000,0),
 ('0206005','Cupla PVC - 110 - J/P','','','',0.0000,'0206','S','','N',1.0000,0.0000,0.0000,0.0000,0.0000,0.0000,0),
 ('0206006','Cupla PVC - 140 - J/P','','','',0.0000,'0206','S','','N',1.0000,0.0000,0.0000,0.0000,0.0000,0.0000,0),
 ('0206007','Cupla PVC - 160 - J/P','','','',0.0000,'0206','S','','N',1.0000,0.0000,0.0000,0.0000,0.0000,0.0000,0),
 ('0206008','Cupla PVC - 50 - J/D','','','',0.0000,'0206','S','','N',1.0000,0.0000,0.0000,0.0000,0.0000,0.0000,0),
 ('0206009','Cupla PVC - 63 - J/D','','','',0.0000,'0206','S','','N',1.0000,0.0000,0.0000,0.0000,0.0000,0.0000,0),
 ('0206010','Cupla PVC - 75 - J/D','','','',0.0000,'0206','S','','N',1.0000,0.0000,0.0000,0.0000,0.0000,0.0000,0),
 ('0206011','Cupla PVC - 90 - J/D','','','',0.0000,'0206','S','','N',1.0000,0.0000,0.0000,0.0000,0.0000,0.0000,0),
 ('0206012','Cupla PVC - 110 - J/D','','','',0.0000,'0206','S','','N',1.0000,0.0000,0.0000,0.0000,0.0000,0.0000,0),
 ('0206013','Cupla PVC - 140 - J/D','','','',0.0000,'0206','S','','N',1.0000,0.0000,0.0000,0.0000,0.0000,0.0000,0),
 ('0206014','Cupla PVC - 160 - J/D','','','',0.0000,'0206','S','','N',1.0000,0.0000,0.0000,0.0000,0.0000,0.0000,0),
 ('0206015','Cupla PPN - H H - 1/2','','','',0.0000,'','S','','N',1.0000,0.0000,0.0000,0.0000,0.0000,0.0000,0),
 ('0206016','Cupla PPN - H H - 3/4','','','',0.0000,'','S','','N',1.0000,0.0000,0.0000,0.0000,0.0000,0.0000,0),
 ('0206017','Cupla PPN - H H - 1','','','',0.0000,'','S','','N',1.0000,0.0000,0.0000,0.0000,0.0000,0.0000,0),
 ('0206018','Cupla PPN - H H - 1 1/4','','','',0.0000,'','S','','N',1.0000,0.0000,0.0000,0.0000,0.0000,0.0000,0),
 ('0206019','Cupla PPN - H H - 1 1/2','','','',0.0000,'','S','','N',1.0000,0.0000,0.0000,0.0000,0.0000,0.0000,0),
 ('0206020','Cupla PPN - H H - 1 3/4','','','',0.0000,'','S','','N',1.0000,0.0000,0.0000,0.0000,0.0000,0.0000,0),
 ('0206021','Cupla PPN - H H - 2','','','',0.0000,'','S','','N',1.0000,0.0000,0.0000,0.0000,0.0000,0.0000,0),
 ('0206022','Cupla PPN - H H - 2 1/4','','','',0.0000,'','S','','N',1.0000,0.0000,0.0000,0.0000,0.0000,0.0000,0),
 ('0206023','Cupla PPN - H H - 2 1/2','','','',0.0000,'','S','','N',1.0000,0.0000,0.0000,0.0000,0.0000,0.0000,0),
 ('0206024','Cupla PPN - H H - 2 3/4','','','',0.0000,'','S','','N',1.0000,0.0000,0.0000,0.0000,0.0000,0.0000,0),
 ('0206025','Cupla PPN - H H - 3','','','',0.0000,'','S','','N',1.0000,0.0000,0.0000,0.0000,0.0000,0.0000,0),
 ('0206026','Cupla Galvanizada H H - 1/2','','','',0.0000,'','S','','N',1.0000,0.0000,0.0000,0.0000,0.0000,0.0000,0),
 ('0206027','Cupla Galvanizada - H H - 3/4','','','',0.0000,'','S','','N',1.0000,0.0000,0.0000,0.0000,0.0000,0.0000,0),
 ('0206028','Cupla Galvanizada - H H - 1','','','',0.0000,'','S','','N',1.0000,0.0000,0.0000,0.0000,0.0000,0.0000,0),
 ('0206029','Cupla Galvanizada - H H - 1 1/4','','','',0.0000,'','S','','N',1.0000,0.0000,0.0000,0.0000,0.0000,0.0000,0),
 ('0206030','Cupla Galvanizada - H H - 1 1/2','','','',0.0000,'','S','','N',1.0000,0.0000,0.0000,0.0000,0.0000,0.0000,0),
 ('0206031','Cupla Galvanizada - H H - 1 3/4','','','',0.0000,'','S','','N',1.0000,0.0000,0.0000,0.0000,0.0000,0.0000,0),
 ('0206032','Cupla Galvanizada - H H - 2','','','',0.0000,'','S','','N',1.0000,0.0000,0.0000,0.0000,0.0000,0.0000,0),
 ('0206033','Cupla Galvanizada - H H - 2 1/4','','','',0.0000,'','S','','N',1.0000,0.0000,0.0000,0.0000,0.0000,0.0000,0),
 ('0206034','Cupla Galvanizada - H H - 2 1/2','','','',0.0000,'','S','','N',1.0000,0.0000,0.0000,0.0000,0.0000,0.0000,0),
 ('0206035','Cupla Galvanizada - H H - 2 3/4','','','',0.0000,'','S','','N',1.0000,0.0000,0.0000,0.0000,0.0000,0.0000,0),
 ('0206036','Cupla Galvanizada - H H - 3','','','',0.0000,'','S','','N',1.0000,0.0000,0.0000,0.0000,0.0000,0.0000,0),
 ('0207001','Curva 45° - PVC - 50 - J/D','','','',0.0000,'0207','S','','N',1.0000,0.0000,0.0000,0.0000,0.0000,0.0000,0),
 ('0207002','Curva 45° - PVC - 63 - J/D','','','',0.0000,'0207','S','','N',1.0000,0.0000,0.0000,0.0000,0.0000,0.0000,0),
 ('0207003','Curva 45° - PVC - 75 - J/D','','','',0.0000,'0207','S','','N',1.0000,0.0000,0.0000,0.0000,0.0000,0.0000,0),
 ('0207004','Curva 45° - PVC - 90 - J/D','','','',0.0000,'0207','S','','N',1.0000,0.0000,0.0000,0.0000,0.0000,0.0000,0),
 ('0207005','Curva 45° - PVC - 110 - J/D','','','',0.0000,'0207','S','','N',1.0000,0.0000,0.0000,0.0000,0.0000,0.0000,0),
 ('0207006','Curva 45° - PVC - 140 - J/D','','','',0.0000,'0207','S','','N',1.0000,0.0000,0.0000,0.0000,0.0000,0.0000,0),
 ('0207007','Curva 45° - PVC - 160 - J/D','','','',0.0000,'0207','S','','N',1.0000,0.0000,0.0000,0.0000,0.0000,0.0000,0),
 ('0207008','Curva 45° - PVC - 50 - J/P','','','',0.0000,'0207','S','','N',1.0000,0.0000,0.0000,0.0000,0.0000,0.0000,0),
 ('0207009','Curva 45° - PVC - 63 - J/P','','','',0.0000,'0207','S','','N',1.0000,0.0000,0.0000,0.0000,0.0000,0.0000,0),
 ('0207010','Curva 45° - PVC - 75 - J/P','','','',0.0000,'0207','S','','N',1.0000,0.0000,0.0000,0.0000,0.0000,0.0000,0),
 ('0207011','Curva 45° - PVC - 90 - J/P','','','',0.0000,'0207','S','','N',1.0000,0.0000,0.0000,0.0000,0.0000,0.0000,0),
 ('0207012','Curva 45° - PVC - 110 - J/P','','','',0.0000,'0207','S','','N',1.0000,0.0000,0.0000,0.0000,0.0000,0.0000,0),
 ('0207013','Curva 45° - PVC - 140 - J/P','','','',0.0000,'0207','S','','N',1.0000,0.0000,0.0000,0.0000,0.0000,0.0000,0),
 ('0207014','Curva 45° - PVC - 160 - J/P','','','',0.0000,'0207','S','','N',1.0000,0.0000,0.0000,0.0000,0.0000,0.0000,0),
 ('0207015','Curva 90° - PVC - 50 - J/D','','','',0.0000,'0207','S','','N',1.0000,0.0000,0.0000,0.0000,0.0000,0.0000,0),
 ('0207016','Curva 90° - PVC - 63 - J/D','','','',0.0000,'0207','S','','N',1.0000,0.0000,0.0000,0.0000,0.0000,0.0000,0),
 ('0207017','Curva 90° - PVC - 75 - J/D','','','',0.0000,'0207','S','','N',1.0000,0.0000,0.0000,0.0000,0.0000,0.0000,0),
 ('0207018','Curva 90° - PVC - 90 - J/D','','','',0.0000,'0207','S','','N',1.0000,0.0000,0.0000,0.0000,0.0000,0.0000,0),
 ('0207019','Curva 90° - PVC - 110 - J/D','','','',0.0000,'0207','S','','N',1.0000,0.0000,0.0000,0.0000,0.0000,0.0000,0),
 ('0207020','Curva 90° - PVC - 140 - J/D','','','',0.0000,'0207','S','','N',1.0000,0.0000,0.0000,0.0000,0.0000,0.0000,0),
 ('0207021','Curva 90° - PVC - 160 - J/D','','','',0.0000,'0207','S','','N',1.0000,0.0000,0.0000,0.0000,0.0000,0.0000,0),
 ('0207022','Curva 90° - PVC - 50 - J/P','','','',0.0000,'0207','S','','N',1.0000,0.0000,0.0000,0.0000,0.0000,0.0000,0),
 ('0207023','Curva 90° - PVC - 63 - J/P','','','',0.0000,'0207','S','','N',1.0000,0.0000,0.0000,0.0000,0.0000,0.0000,0),
 ('0207024','Curva 90° - PVC - 75 - J/P','','','',0.0000,'0207','S','','N',1.0000,0.0000,0.0000,0.0000,0.0000,0.0000,0),
 ('0207025','Curva 90° - PVC - 90 - J/P','','','',0.0000,'0207','S','','N',1.0000,0.0000,0.0000,0.0000,0.0000,0.0000,0),
 ('0207026','Curva 90° - PVC - 110 - J/P','','','',0.0000,'0207','S','','N',1.0000,0.0000,0.0000,0.0000,0.0000,0.0000,0),
 ('0207027','Curva 90° - PVC - 140 - J/P','','','',0.0000,'0207','S','','N',1.0000,0.0000,0.0000,0.0000,0.0000,0.0000,0),
 ('0207028','Curva 90° - PVC - 160 - J/P','','','',0.0000,'0207','S','','N',1.0000,0.0000,0.0000,0.0000,0.0000,0.0000,0),
 ('0207029','Curva a 45° 1/2 ppm','','','',0.0000,'','S','','N',1.0000,0.0000,0.0000,0.0000,0.0000,0.0000,0),
 ('0207030','Curva  galvanizada  HH  2 1/2','','','',0.0000,'','S','','N',1.0000,0.0000,0.0000,0.0000,0.0000,0.0000,0),
 ('0207031','Codo de 1/2 PPM','','','',0.0000,'','S','','N',1.0000,0.0000,0.0000,0.0000,0.0000,0.0000,0),
 ('0207032','Codo 3/4 PPM','','','',0.0000,'0207','S','','N',1.0000,0.0000,0.0000,0.0000,0.0000,0.0000,0),
 ('0207033','Codo de 1 PPM','','','',0.0000,'','S','','N',1.0000,0.0000,0.0000,0.0000,0.0000,0.0000,0),
 ('0208001','Llave Esferica -PVC - 1/2 - HH','','','',0.0000,'','S','','N',1.0000,0.0000,0.0000,0.0000,0.0000,0.0000,0),
 ('0208002','Llave Esferica - PVC - 3/4 - HH','','','',0.0000,'','S','','N',1.0000,0.0000,0.0000,0.0000,0.0000,0.0000,0),
 ('0208003','Llave Esferica - PVC - 1 - HH','','','',0.0000,'','S','','N',1.0000,0.0000,0.0000,0.0000,0.0000,0.0000,0),
 ('0208004','Llave Esferica - PVC - 1 1/4 - HH','','','',0.0000,'','S','','N',1.0000,0.0000,0.0000,0.0000,0.0000,0.0000,0),
 ('0208005','Llave Esferica - PVC - 1 1/2 - HH','','','',0.0000,'','S','','N',1.0000,0.0000,0.0000,0.0000,0.0000,0.0000,0),
 ('0208006','Llave Esferica - PVC - 1 3/4 - HH','','','',0.0000,'','S','','N',1.0000,0.0000,0.0000,0.0000,0.0000,0.0000,0),
 ('0208007','Llave Esferica - PVC - 2 - HH','','','',0.0000,'','S','','N',1.0000,0.0000,0.0000,0.0000,0.0000,0.0000,0),
 ('0208008','Llave Esferica - PVC - 2 1/4 - HH','','','',0.0000,'','S','','N',1.0000,0.0000,0.0000,0.0000,0.0000,0.0000,0),
 ('0208009','Llave Esferica - PVC - 2 1/2 - HH','','','',0.0000,'','S','','N',1.0000,0.0000,0.0000,0.0000,0.0000,0.0000,0),
 ('0208010','Llave Esferica - PVC - 2  3/4 - HH','','','',0.0000,'','S','','N',1.0000,0.0000,0.0000,0.0000,0.0000,0.0000,0),
 ('0208011','Llave Esferica - PVC -  3 - HH','','','',0.0000,'','S','','N',1.0000,0.0000,0.0000,0.0000,0.0000,0.0000,0),
 ('0208012','Llave Esferica - Racord 17 - T/L 1','','','',0.0000,'','S','','N',1.0000,0.0000,0.0000,0.0000,0.0000,0.0000,0),
 ('0208013','Llave Esferica - Racord 20 - T/L 1','','','',0.0000,'','S','','N',1.0000,0.0000,0.0000,0.0000,0.0000,0.0000,0),
 ('0208014','Llave esferica  1/2 HH de Bronce','','','',0.0000,'0208','S','','N',1.0000,0.0000,0.0000,0.0000,0.0000,0.0000,0),
 ('0208015','Valvula Esclusa - Bronce - 2 - HH','','','',0.0000,'','S','','N',1.0000,0.0000,0.0000,0.0000,0.0000,0.0000,0),
 ('0208016','Valvula Esclusa - Bronce - 2 1/2 - HH','','','',0.0000,'','S','','N',1.0000,0.0000,0.0000,0.0000,0.0000,0.0000,0),
 ('0208017','Valvula Esclusa - Bronce - 4 - HH','','','',0.0000,'','S','','N',1.0000,0.0000,0.0000,0.0000,0.0000,0.0000,0),
 ('0208018','Valvula esferica Polietileno  2 1/2','','','',0.0000,'','S','','N',1.0000,0.0000,0.0000,0.0000,0.0000,0.0000,0),
 ('0208019','Valvula de Retencion de Bronce de 3','','','',0.0000,'','S','','N',1.0000,0.0000,0.0000,0.0000,0.0000,0.0000,0),
 ('0208020','Valvula EURO de 63 mm.','','','',0.0000,'0208','S','','N',1.0000,0.0000,0.0000,0.0000,0.0000,0.0000,0),
 ('0208021','Valvula EURO de 110 mm.  J/D.','','','',0.0000,'0208','S','','N',1.0000,0.0000,0.0000,0.0000,0.0000,0.0000,0),
 ('0208022','Valvula Mariposa 100 - 4','','','',0.0000,'','S','','N',1.0000,0.0000,0.0000,0.0000,0.0000,0.0000,0),
 ('0208023','Valvula Mariposa 150 - 6','','','',0.0000,'','S','','N',1.0000,0.0000,0.0000,0.0000,0.0000,0.0000,0),
 ('0209001','Mango Deslizante - PVC - 50','','','',0.0000,'0209','S','','N',1.0000,0.0000,0.0000,0.0000,0.0000,0.0000,0),
 ('0209002','Mango Deslizante - PVC - 63','','','',0.0000,'0209','S','','N',1.0000,0.0000,0.0000,0.0000,0.0000,0.0000,0),
 ('0209003','Mango Deslizante - PVC - 75','','','',0.0000,'0209','S','','N',1.0000,0.0000,0.0000,0.0000,0.0000,0.0000,0),
 ('0209004','Mango Deslizante - PVC - 90','','','',0.0000,'0209','S','','N',1.0000,0.0000,0.0000,0.0000,0.0000,0.0000,0),
 ('0209005','Mango Deslizante - PVC - 110','','','',0.0000,'0209','S','','N',1.0000,0.0000,0.0000,0.0000,0.0000,0.0000,0),
 ('0209006','Mango Deslizante - PVC - 140','','','',0.0000,'0209','S','','N',1.0000,0.0000,0.0000,0.0000,0.0000,0.0000,0),
 ('0209007','Mango Deslizante - PVC - 160','','','',0.0000,'0209','S','','N',1.0000,0.0000,0.0000,0.0000,0.0000,0.0000,0),
 ('0209008','Manguito Roscado - PVC - 50 - J/D','','','',0.0000,'0209','S','','N',1.0000,0.0000,0.0000,0.0000,0.0000,0.0000,0),
 ('0209009','Manguito Roscado - PVC - 63 - J/D','','','',0.0000,'0209','S','','N',1.0000,0.0000,0.0000,0.0000,0.0000,0.0000,0),
 ('0209010','Manguito Roscado - PVC - 75 - J/D','','','',0.0000,'0209','S','','N',1.0000,0.0000,0.0000,0.0000,0.0000,0.0000,0),
 ('0209011','Manguito Roscado - PVC - 90 - J/D','','','',0.0000,'0209','S','','N',1.0000,0.0000,0.0000,0.0000,0.0000,0.0000,0),
 ('0209012','Manguito Roscado - PVC - 110 - J/D','','','',0.0000,'0209','S','','N',1.0000,0.0000,0.0000,0.0000,0.0000,0.0000,0),
 ('0209013','Manguito Roscado - PVC - 140 - J/D','','','',0.0000,'0209','S','','N',1.0000,0.0000,0.0000,0.0000,0.0000,0.0000,0),
 ('0209014','Manguito Roscado - PVC - 160 - J/D','','','',0.0000,'0209','S','','N',1.0000,0.0000,0.0000,0.0000,0.0000,0.0000,0),
 ('0209015','Manguito Roscado J/P 50x2','','','',0.0000,'','S','','N',1.0000,0.0000,0.0000,0.0000,0.0000,0.0000,0),
 ('0209016','Manguito Roscado JP 63x 2 1/2','','','',0.0000,'','S','','N',1.0000,0.0000,0.0000,0.0000,0.0000,0.0000,0),
 ('0209017','Manguito Roscado J/P 160 x 6','','','',0.0000,'','S','','N',1.0000,0.0000,0.0000,0.0000,0.0000,0.0000,0),
 ('0209018','Aro de Goma Diam. 50mm','','','',0.0000,'0209','S','','N',1.0000,0.0000,0.0000,0.0000,0.0000,0.0000,0),
 ('0209019','Aro de Goma para Union de Rep.','','','',0.0000,'0209','S','','N',1.0000,0.0000,0.0000,0.0000,0.0000,0.0000,0),
 ('0210001','Medidor Clase C PVC  marca','','','',0.0000,'','S','','N',1.0000,0.0000,0.0000,0.0000,0.0000,0.0000,0),
 ('0210002','Medidor Clase C PVC  marca','','','',0.0000,'','S','','N',1.0000,0.0000,0.0000,0.0000,0.0000,0.0000,0),
 ('0210003','Medidor Clase C PVC  marca','','','',0.0000,'','S','','N',1.0000,0.0000,0.0000,0.0000,0.0000,0.0000,0),
 ('0210004','Medidor Clase C Bronce marca','','','',0.0000,'','S','','N',1.0000,0.0000,0.0000,0.0000,0.0000,0.0000,0),
 ('0210005','Medidor Clase C Bronce marca','','','',0.0000,'','S','','N',1.0000,0.0000,0.0000,0.0000,0.0000,0.0000,0),
 ('0210006','Medidor Clase C Bronce marca','','','',0.0000,'','S','','N',1.0000,0.0000,0.0000,0.0000,0.0000,0.0000,0),
 ('0210007','Macromedidor','','','',0.0000,'0210','S','','N',1.0000,0.0000,0.0000,0.0000,0.0000,0.0000,0),
 ('0210008','Prolongacion para medidores','','','',0.0000,'0210','S','','N',1.0000,0.0000,0.0000,0.0000,0.0000,0.0000,0),
 ('0210009','Prolongacion para medidores (pl stico)','','','',0.0000,'0210','S','','N',1.0000,0.0000,0.0000,0.0000,0.0000,0.0000,0),
 ('0210010','Tuerca de Bronce x 1','','','',0.0000,'','S','','N',1.0000,0.0000,0.0000,0.0000,0.0000,0.0000,0),
 ('0210011','Caja Unificada PVC - P/Medidores','','','',0.0000,'0210','S','','N',1.0000,0.0000,0.0000,0.0000,0.0000,0.0000,0),
 ('0210012','Caja vereda p/ llave Gde.PVC 200x200x180mm','','','',0.0000,'0210','S','','N',1.0000,0.0000,0.0000,0.0000,0.0000,0.0000,0),
 ('0210013','Caja p/ Macromedidor PVC','','','',0.0000,'0210','S','','N',1.0000,0.0000,0.0000,0.0000,0.0000,0.0000,0),
 ('0210014','Tapa Inspeccion Limpieza','','','',0.0000,'0210','S','','N',1.0000,0.0000,0.0000,0.0000,0.0000,0.0000,0),
 ('0210015','Tapa y Marco - F Gris - 500mm x 600mm','','','',0.0000,'0210','S','','N',1.0000,0.0000,0.0000,0.0000,0.0000,0.0000,0),
 ('0210016','Tapa con Marcos - F Gris - P/Medidores','','','',0.0000,'0210','S','','N',1.0000,0.0000,0.0000,0.0000,0.0000,0.0000,0),
 ('0211001','Reduccion - PVC - 63x50 - J/D','','','',0.0000,'0211','S','','N',1.0000,0.0000,0.0000,0.0000,0.0000,0.0000,0),
 ('0211002','Reduccion - PVC - 75x63 - J/D','','','',0.0000,'0211','S','','N',1.0000,0.0000,0.0000,0.0000,0.0000,0.0000,0),
 ('0211003','Reduccion - PVC - 90x75 - J/D','','','',0.0000,'0211','S','','N',1.0000,0.0000,0.0000,0.0000,0.0000,0.0000,0),
 ('0211004','Reduccion - PVC - 110x90 - J/D','','','',0.0000,'0211','S','','N',1.0000,0.0000,0.0000,0.0000,0.0000,0.0000,0),
 ('0211005','Reduccion - PVC - 140x110 - J/D','','','',0.0000,'0211','S','','N',1.0000,0.0000,0.0000,0.0000,0.0000,0.0000,0),
 ('0211006','Reduccion - PVC - 160x140 - J/D','','','',0.0000,'0211','S','','N',1.0000,0.0000,0.0000,0.0000,0.0000,0.0000,0),
 ('0211007','Reduccion - PVC - 63x50 - J/P','','','',0.0000,'0211','S','','N',1.0000,0.0000,0.0000,0.0000,0.0000,0.0000,0),
 ('0211008','Reduccion - PVC - 75x63 - J/P','','','',0.0000,'0211','S','','N',1.0000,0.0000,0.0000,0.0000,0.0000,0.0000,0),
 ('0211009','Reduccion - PVC - 90x75 - J/P','','','',0.0000,'0211','S','','N',1.0000,0.0000,0.0000,0.0000,0.0000,0.0000,0),
 ('0211010','Reduccion - PVC - 110x90 - J/P','','','',0.0000,'0211','S','','N',1.0000,0.0000,0.0000,0.0000,0.0000,0.0000,0),
 ('0211011','Reduccion - PVC - 140x110 - J/P','','','',0.0000,'0211','S','','N',1.0000,0.0000,0.0000,0.0000,0.0000,0.0000,0),
 ('0211012','Reduccion - PVC - 160x140 - J/P','','','',0.0000,'0211','S','','N',1.0000,0.0000,0.0000,0.0000,0.0000,0.0000,0),
 ('0211013','Reduccion (especial) 75 x 50mm','','','',0.0000,'0211','S','','N',1.0000,0.0000,0.0000,0.0000,0.0000,0.0000,0),
 ('0211014','Reduccion (especial) 110   x  75','','','',0.0000,'0211','S','','N',1.0000,0.0000,0.0000,0.0000,0.0000,0.0000,0),
 ('0211015','Reduccion (especial) 160 x 110','','','',0.0000,'0211','S','','N',1.0000,0.0000,0.0000,0.0000,0.0000,0.0000,0),
 ('0212001','Tapon Terminal - PVC - 50','','','',0.0000,'0212','S','','N',1.0000,0.0000,0.0000,0.0000,0.0000,0.0000,0),
 ('0212002','Tapon Terminal - PVC - 63','','','',0.0000,'0212','S','','N',1.0000,0.0000,0.0000,0.0000,0.0000,0.0000,0),
 ('0212003','Tapon Terminal - PVC - 75','','','',0.0000,'0212','S','','N',1.0000,0.0000,0.0000,0.0000,0.0000,0.0000,0),
 ('0212004','Tapon Terminal - PVC - 90','','','',0.0000,'0212','S','','N',1.0000,0.0000,0.0000,0.0000,0.0000,0.0000,0),
 ('0212005','Tapon Terminal - PVC - 110','','','',0.0000,'0212','S','','N',1.0000,0.0000,0.0000,0.0000,0.0000,0.0000,0),
 ('0212006','Tapon Terminal - PVC - 140','','','',0.0000,'0212','S','','N',1.0000,0.0000,0.0000,0.0000,0.0000,0.0000,0),
 ('0212007','Tapon Terminal - PVC - 160','','','',0.0000,'0212','S','','N',1.0000,0.0000,0.0000,0.0000,0.0000,0.0000,0),
 ('0212008','Tapon Terminal 1/2 RM PPM','','','',0.0000,'','S','','N',1.0000,0.0000,0.0000,0.0000,0.0000,0.0000,0),
 ('0212009','TEE 1/2 PPM','','','',0.0000,'','S','','N',1.0000,0.0000,0.0000,0.0000,0.0000,0.0000,0),
 ('0212010','TEE - PVC - 50 - J/D','','','',0.0000,'0212','S','','N',1.0000,0.0000,0.0000,0.0000,0.0000,0.0000,0),
 ('0212011','TEE - PVC - 63 - J/D','','','',0.0000,'0212','S','','N',1.0000,0.0000,0.0000,0.0000,0.0000,0.0000,0),
 ('0212012','TEE - PVC - 75 - J/D','','','',0.0000,'0212','S','','N',1.0000,0.0000,0.0000,0.0000,0.0000,0.0000,0),
 ('0212013','TEE - PVC - 90 - J/D','','','',0.0000,'0212','S','','N',1.0000,0.0000,0.0000,0.0000,0.0000,0.0000,0),
 ('0212014','TEE - PVC - 110 - J/D','','','',0.0000,'0212','S','','N',1.0000,0.0000,0.0000,0.0000,0.0000,0.0000,0),
 ('0212015','TEE - PVC - 140 - J/D','','','',0.0000,'0212','S','','N',1.0000,0.0000,0.0000,0.0000,0.0000,0.0000,0),
 ('0212016','TEE - PVC - 160 - J/D','','','',0.0000,'0212','S','','N',1.0000,0.0000,0.0000,0.0000,0.0000,0.0000,0),
 ('0212017','TEE - PVC - 50 - J/P','','','',0.0000,'0212','S','','N',1.0000,0.0000,0.0000,0.0000,0.0000,0.0000,0),
 ('0212018','TEE - PVC - 63 - J/P','','','',0.0000,'0212','S','','N',1.0000,0.0000,0.0000,0.0000,0.0000,0.0000,0),
 ('0212019','TEE - PVC - 75 - J/P','','','',0.0000,'0212','S','','N',1.0000,0.0000,0.0000,0.0000,0.0000,0.0000,0),
 ('0212020','TEE - PVC - 90 - J/P','','','',0.0000,'0212','S','','N',1.0000,0.0000,0.0000,0.0000,0.0000,0.0000,0),
 ('0212021','TEE - PVC - 110 - J/P','','','',0.0000,'0212','S','','N',1.0000,0.0000,0.0000,0.0000,0.0000,0.0000,0),
 ('0212022','TEE - PVC - 140 - J/P','','','',0.0000,'0212','S','','N',1.0000,0.0000,0.0000,0.0000,0.0000,0.0000,0),
 ('0212023','TEE - PVC - 160 - J/P','','','',0.0000,'0212','S','','N',1.0000,0.0000,0.0000,0.0000,0.0000,0.0000,0),
 ('0212024','TEE Galvanizada de 3','','','',0.0000,'','S','','N',1.0000,0.0000,0.0000,0.0000,0.0000,0.0000,0),
 ('0213001','Union de Reparacion - 1/2 - K 6','','','',0.0000,'0213','S','','N',1.0000,0.0000,0.0000,0.0000,0.0000,0.0000,0),
 ('0213002','Union de Reparacion - 1/2 - K 10','','','',0.0000,'0213','S','','N',1.0000,0.0000,0.0000,0.0000,0.0000,0.0000,0),
 ('0213003','Union de Reparacion - 1/2 - Conica - K6','','','',0.0000,'0213','S','','N',1.0000,0.0000,0.0000,0.0000,0.0000,0.0000,0),
 ('0213004','Union de Reparacion - 1/2 - Conica - K10','','','',0.0000,'0213','S','','N',1.0000,0.0000,0.0000,0.0000,0.0000,0.0000,0),
 ('0213005','Union de Reparaci¢n 3/4 (Junta Dressel)','','','',0.0000,'0213','S','','N',1.0000,0.0000,0.0000,0.0000,0.0000,0.0000,0),
 ('0213006','Union de Reparacion 50 x 20','','','',0.0000,'0213','S','','N',1.0000,0.0000,0.0000,0.0000,0.0000,0.0000,0),
 ('0213007','Union de Reparacion 50 x 30','','','',0.0000,'0213','S','','N',1.0000,0.0000,0.0000,0.0000,0.0000,0.0000,0),
 ('0213008','Union de Reparacion 50 x 40','','','',0.0000,'0213','S','','N',1.0000,0.0000,0.0000,0.0000,0.0000,0.0000,0),
 ('0213009','Union de Reparacion 50 x 50','','','',0.0000,'0213','S','','N',1.0000,0.0000,0.0000,0.0000,0.0000,0.0000,0),
 ('0213010','Union de Reparacion 50 x 60','','','',0.0000,'0213','S','','N',1.0000,0.0000,0.0000,0.0000,0.0000,0.0000,0),
 ('0213011','Union de Reparacion 50 x 70','','','',0.0000,'0213','S','','N',1.0000,0.0000,0.0000,0.0000,0.0000,0.0000,0),
 ('0213012','Union de Reparacion 50 x 80','','','',0.0000,'0213','S','','N',1.0000,0.0000,0.0000,0.0000,0.0000,0.0000,0),
 ('0213013','Union de Reparacion 50 x 90','','','',0.0000,'0213','S','','N',1.0000,0.0000,0.0000,0.0000,0.0000,0.0000,0),
 ('0213014','Union de Reparacion 50 x 1 mt.','','','',0.0000,'0213','S','','N',1.0000,0.0000,0.0000,0.0000,0.0000,0.0000,0),
 ('0213015','Union de Reparacion 63 x 20','','','',0.0000,'0213','S','','N',1.0000,0.0000,0.0000,0.0000,0.0000,0.0000,0),
 ('0213016','Union de Reparacion 63 x 30','','','',0.0000,'0213','S','','N',1.0000,0.0000,0.0000,0.0000,0.0000,0.0000,0),
 ('0213017','Union de Reparacion 63 x 40','','','',0.0000,'0213','S','','N',1.0000,0.0000,0.0000,0.0000,0.0000,0.0000,0),
 ('0213018','Union de Reparacion 63 x 50','','','',0.0000,'0213','S','','N',1.0000,0.0000,0.0000,0.0000,0.0000,0.0000,0),
 ('0213019','Union de Reparacion 63 x 60','','','',0.0000,'0213','S','','N',1.0000,0.0000,0.0000,0.0000,0.0000,0.0000,0),
 ('0213020','Union de Reparacion 63 x 70','','','',0.0000,'0213','S','','N',1.0000,0.0000,0.0000,0.0000,0.0000,0.0000,0),
 ('0213021','Union de Reparacion 63 x 80','','','',0.0000,'0213','S','','N',1.0000,0.0000,0.0000,0.0000,0.0000,0.0000,0),
 ('0213022','Union de Reparacion 63 x 90','','','',0.0000,'0213','S','','N',1.0000,0.0000,0.0000,0.0000,0.0000,0.0000,0),
 ('0213023','Union de Reparacion 63 x 1 mt.','','','',0.0000,'0213','S','','N',1.0000,0.0000,0.0000,0.0000,0.0000,0.0000,0),
 ('0213024','Union de Reparacion 75 x 20','','','',0.0000,'0213','S','','N',1.0000,0.0000,0.0000,0.0000,0.0000,0.0000,0),
 ('0213025','Union de Reparacion 75 x 30','','','',0.0000,'0213','S','','N',1.0000,0.0000,0.0000,0.0000,0.0000,0.0000,0),
 ('0213026','Union de Reparacion 75 x 40','','','',0.0000,'0213','S','','N',1.0000,0.0000,0.0000,0.0000,0.0000,0.0000,0),
 ('0213027','Union de Reparacion 75 x 50','','','',0.0000,'0213','S','','N',1.0000,0.0000,0.0000,0.0000,0.0000,0.0000,0),
 ('0213028','Union de Reparacion 75 x 60','','','',0.0000,'0213','S','','N',1.0000,0.0000,0.0000,0.0000,0.0000,0.0000,0),
 ('0213029','Union de Reparacion 75 x 70','','','',0.0000,'0213','S','','N',1.0000,0.0000,0.0000,0.0000,0.0000,0.0000,0),
 ('0213030','Union de Reparacion 75 x 80','','','',0.0000,'0213','S','','N',1.0000,0.0000,0.0000,0.0000,0.0000,0.0000,0),
 ('0213031','Union de Reparacion 75 x 90','','','',0.0000,'0213','S','','N',1.0000,0.0000,0.0000,0.0000,0.0000,0.0000,0),
 ('0213032','Union de Reparacion 75 x 1 mt.','','','',0.0000,'0213','S','','N',1.0000,0.0000,0.0000,0.0000,0.0000,0.0000,0),
 ('0213033','Union de Reparacion 90 x 20','','','',0.0000,'0213','S','','N',1.0000,0.0000,0.0000,0.0000,0.0000,0.0000,0),
 ('0213034','Union de Reparacion 90 x 30','','','',0.0000,'0213','S','','N',1.0000,0.0000,0.0000,0.0000,0.0000,0.0000,0),
 ('0213035','Union de Reparacion 90 x 40','','','',0.0000,'0213','S','','N',1.0000,0.0000,0.0000,0.0000,0.0000,0.0000,0),
 ('0213036','Union de Reparacion 90 x 50','','','',0.0000,'0213','S','','N',1.0000,0.0000,0.0000,0.0000,0.0000,0.0000,0),
 ('0213037','Union de Reparacion 90 x 60','','','',0.0000,'0213','S','','N',1.0000,0.0000,0.0000,0.0000,0.0000,0.0000,0),
 ('0213038','Union de Reparacion 90 x 70','','','',0.0000,'0213','S','','N',1.0000,0.0000,0.0000,0.0000,0.0000,0.0000,0),
 ('0213039','Union de Reparacion 90 x 80','','','',0.0000,'0213','S','','N',1.0000,0.0000,0.0000,0.0000,0.0000,0.0000,0),
 ('0213040','Union de Reparacion 90 x 90','','','',0.0000,'0213','S','','N',1.0000,0.0000,0.0000,0.0000,0.0000,0.0000,0),
 ('0213041','Union de Reparacion 90 x 1 mt.','','','',0.0000,'0213','S','','N',1.0000,0.0000,0.0000,0.0000,0.0000,0.0000,0),
 ('0213042','Union de Reparacion 110 x 20','','','',0.0000,'0213','S','','N',1.0000,0.0000,0.0000,0.0000,0.0000,0.0000,0),
 ('0213043','Union de Reparacion 110 x 30','','','',0.0000,'0213','S','','N',1.0000,0.0000,0.0000,0.0000,0.0000,0.0000,0),
 ('0213044','Union de Reparacion 110 x 40','','','',0.0000,'0213','S','','N',1.0000,0.0000,0.0000,0.0000,0.0000,0.0000,0),
 ('0213045','Union de Reparacion 110 c/tensores','','','',0.0000,'0213','S','','N',1.0000,0.0000,0.0000,0.0000,0.0000,0.0000,0),
 ('0213046','Union de reparaci¢n 140 x 40 cm con tensores','','','',0.0000,'0213','S','','N',1.0000,0.0000,0.0000,0.0000,0.0000,0.0000,0),
 ('0213047','Union Desmontable de 1/2 PPM','','','',0.0000,'','S','','N',1.0000,0.0000,0.0000,0.0000,0.0000,0.0000,0),
 ('0213048','Union Desmontable 3/4 PPM','','','',0.0000,'','S','','N',1.0000,0.0000,0.0000,0.0000,0.0000,0.0000,0),
 ('0213049','Union Desmontable 1 PPM','','','',0.0000,'','S','','N',1.0000,0.0000,0.0000,0.0000,0.0000,0.0000,0),
 ('0213050','Union Desmontable 1 1/4 PPM','','','',0.0000,'','S','','N',1.0000,0.0000,0.0000,0.0000,0.0000,0.0000,0),
 ('0213051','Union Desmontable 1 1/2 PPM','','','',0.0000,'','S','','N',1.0000,0.0000,0.0000,0.0000,0.0000,0.0000,0),
 ('0213052','Union Desmontable 2 PPM','','','',0.0000,'','S','','N',1.0000,0.0000,0.0000,0.0000,0.0000,0.0000,0),
 ('0213053','Union Doble x 2 1/2 PPM','','','',0.0000,'','S','','N',1.0000,0.0000,0.0000,0.0000,0.0000,0.0000,0),
 ('0214001','Cuerpo de Bomba Rotor Pump 2.5 -4','','','',0.0000,'','S','','N',1.0000,0.0000,0.0000,0.0000,0.0000,0.0000,0),
 ('0214002','Motor Sumergible Franklin Rotor PUMP','','','',0.0000,'0214','S','','N',1.0000,0.0000,0.0000,0.0000,0.0000,0.0000,0),
 ('0214003','Cable Chato Alimentacion B. 4x2.5mm','','','',0.0000,'0214','S','','N',1.0000,0.0000,0.0000,0.0000,0.0000,0.0000,0),
 ('0214004','Empalme para Cable','','','',0.0000,'0214','S','','N',1.0000,0.0000,0.0000,0.0000,0.0000,0.0000,0),
 ('0214005','Clorinador Mod 015 Milenio (1.45 l/h)','','','',0.0000,'0214','S','','N',1.0000,0.0000,0.0000,0.0000,0.0000,0.0000,0),
 ('0214006','Kit Cabezal p/Clorinador','','','',0.0000,'0214','S','','N',1.0000,0.0000,0.0000,0.0000,0.0000,0.0000,0),
 ('0214007','Valvula de pie (Filtro Clorinador)','','','',0.0000,'0214','S','','N',1.0000,0.0000,0.0000,0.0000,0.0000,0.0000,0),
 ('0214008','Cinta Peligro de 8 cm','','','',0.0000,'0214','S','','N',1.0000,0.0000,0.0000,0.0000,0.0000,0.0000,0),
 ('0214009','Hidro Faja - 50','','','',0.0000,'0214','S','','N',1.0000,0.0000,0.0000,0.0000,0.0000,0.0000,0),
 ('0214010','Hidro Faja - 63','','','',0.0000,'0214','S','','N',1.0000,0.0000,0.0000,0.0000,0.0000,0.0000,0),
 ('0214011','Hidro Faja 135 - 145 Ajustable','','','',0.0000,'0214','S','','N',1.0000,0.0000,0.0000,0.0000,0.0000,0.0000,0),
 ('0214012','Adhesivo PVC - 500 grs.','','','',0.0000,'0214','S','','N',1.0000,0.0000,0.0000,0.0000,0.0000,0.0000,0),
 ('0214013','Adhesivo  PVC -  250g','','','',0.0000,'0214','S','','N',1.0000,0.0000,0.0000,0.0000,0.0000,0.0000,0),
 ('0214014','Guarniciones','','','',0.0000,'0214','S','','N',1.0000,0.0000,0.0000,0.0000,0.0000,0.0000,0),
 ('0214015','Guarnicion de Nylon','','','',0.0000,'0214','S','','N',1.0000,0.0000,0.0000,0.0000,0.0000,0.0000,0),
 ('0214016','Pasta Lubricante','','','',0.0000,'0214','S','','N',1.0000,0.0000,0.0000,0.0000,0.0000,0.0000,0),
 ('0214017','Teflon - 19 x 50','','','',0.0000,'0214','S','','N',1.0000,0.0000,0.0000,0.0000,0.0000,0.0000,0),
 ('0215001','Monturas  (abrazaderas)  160 a 110  a  45°','','','',0.0000,'0215','S','','N',1.0000,0.0000,0.0000,0.0000,0.0000,0.0000,0),
 ('0215002','Monturas  (abrazaderas)  160 a 110  a  90°','','','',0.0000,'0215','S','','N',1.0000,0.0000,0.0000,0.0000,0.0000,0.0000,0),
 ('0215003','Monturas  (abrazaderas)  200 a 110  a  45°','','','',0.0000,'0215','S','','N',1.0000,0.0000,0.0000,0.0000,0.0000,0.0000,0),
 ('0215004','Monturas  (abrazaderas)  250 a 110  a  45°','','','',0.0000,'0215','S','','N',1.0000,0.0000,0.0000,0.0000,0.0000,0.0000,0),
 ('0215005','Caños  PVC  110 - J/P','','','',0.0000,'0215','S','','N',1.0000,0.0000,0.0000,0.0000,0.0000,0.0000,0),
 ('0215006','Caños PVC  110 - J/D','','','',0.0000,'0215','S','','N',1.0000,0.0000,0.0000,0.0000,0.0000,0.0000,0),
 ('0215007','Caños PVC  160 - J/D','','','',0.0000,'0215','S','','N',1.0000,0.0000,0.0000,0.0000,0.0000,0.0000,0),
 ('0215008','Caños PVC 200 - J/D','','','',0.0000,'0215','S','','N',1.0000,0.0000,0.0000,0.0000,0.0000,0.0000,0),
 ('0215009','Caños PVC  250 - J/D','','','',0.0000,'0215','S','','N',1.0000,0.0000,0.0000,0.0000,0.0000,0.0000,0),
 ('0215010','Caños PVC  300 - J/D','','','',0.0000,'0215','S','','N',1.0000,0.0000,0.0000,0.0000,0.0000,0.0000,0),
 ('0215011','Curvas a  45° de 110 - J/P','','','',0.0000,'0215','S','','N',1.0000,0.0000,0.0000,0.0000,0.0000,0.0000,0),
 ('0215012','Curvas a  90° de 110 - J/P','','','',0.0000,'0215','S','','N',1.0000,0.0000,0.0000,0.0000,0.0000,0.0000,0),
 ('0215013','Curvas a  45° de 110 - J/D','','','',0.0000,'0215','S','','N',1.0000,0.0000,0.0000,0.0000,0.0000,0.0000,0),
 ('0215014','Curvas a 90° de 110 - J/D','','','',0.0000,'0215','S','','N',1.0000,0.0000,0.0000,0.0000,0.0000,0.0000,0),
 ('0215015','Curvas a 45° de 160 - J/D','','','',0.0000,'0215','S','','N',1.0000,0.0000,0.0000,0.0000,0.0000,0.0000,0),
 ('0215016','Curvas a 90° de 160 - J/D','','','',0.0000,'0215','S','','N',1.0000,0.0000,0.0000,0.0000,0.0000,0.0000,0),
 ('0215017','Ramal Y de 110','','','',0.0000,'','S','','N',1.0000,0.0000,0.0000,0.0000,0.0000,0.0000,0),
 ('0215018','Ramal Y de 160','','','',0.0000,'','S','','N',1.0000,0.0000,0.0000,0.0000,0.0000,0.0000,0),
 ('0215019','Cuplas de 110  J/P','','','',0.0000,'0215','S','','N',1.0000,0.0000,0.0000,0.0000,0.0000,0.0000,0),
 ('0215020','Cuplas de 110  J/D','','','',0.0000,'0215','S','','N',1.0000,0.0000,0.0000,0.0000,0.0000,0.0000,0),
 ('0215021','Tapa Terminal  de  110  J/P','','','',0.0000,'0215','S','','N',1.0000,0.0000,0.0000,0.0000,0.0000,0.0000,0),
 ('0215022','Tapa Terminal  de  160  J/P','','','',0.0000,'0215','S','','N',1.0000,0.0000,0.0000,0.0000,0.0000,0.0000,0),
 ('0215023','Tapa con marco H° F° para calle','','','',0.0000,'0215','S','','N',1.0000,0.0000,0.0000,0.0000,0.0000,0.0000,0),
 ('0215024','Tapa con marco H° F° para vereda','','','',0.0000,'0215','S','','N',1.0000,0.0000,0.0000,0.0000,0.0000,0.0000,0),
 ('0901001','KC 3301 para columna de alumbrado','','','',0.0000,'0901','S','','N',1.0000,0.0000,0.0000,0.0000,0.0000,0.0000,0),
 ('0901002','chica KC 3302  de 80 A 120 mm.','','','',0.0000,'0201','S','','N',1.0000,0.0000,0.0000,0.0000,0.0000,0.0000,0),
 ('0901003','mediana KC  3303  de 120 a 160 mm.','','','',0.0000,'0901','S','','N',1.0000,0.0000,0.0000,0.0000,0.0000,0.0000,0),
 ('0901004','grande  KC 3304  de 160   a  200  mm.','','','',0.0000,'0901','S','','N',1.0000,0.0000,0.0000,0.0000,0.0000,0.0000,0),
 ('0901005','soporte montaje p/fleje Kc3571','','','',0.0000,'0901','S','','N',1.0000,0.0000,0.0000,0.0000,0.0000,0.0000,0),
 ('0901006','fleje acero inoxidable 3/4','','','',0.0000,'0901','S','','N',1.0000,0.0000,0.0000,0.0000,0.0000,0.0000,0),
 ('0901007','hebilla 3/4','','','',0.0000,'0901','S','','N',1.0000,0.0000,0.0000,0.0000,0.0000,0.0000,0),
 ('0902001','extension para punto 500','','','',0.0000,'0902','S','','N',1.0000,0.0000,0.0000,0.0000,0.0000,0.0000,0),
 ('0902002','extension recto con pin para punto 500','','','',0.0000,'0902','S','','N',1.0000,0.0000,0.0000,0.0000,0.0000,0.0000,0),
 ('0902003','extension sin pin para punto 500','','','',0.0000,'0902','S','','N',1.0000,0.0000,0.0000,0.0000,0.0000,0.0000,0),
 ('0902004','extension 90° largo para punto 500','','','',0.0000,'0902','S','','N',1.0000,0.0000,0.0000,0.0000,0.0000,0.0000,0),
 ('0902005','extension 90° mediano para punto 500','','','',0.0000,'0902','S','','N',1.0000,0.0000,0.0000,0.0000,0.0000,0.0000,0),
 ('0902006','extension 90° corto para punto 500','','','',0.0000,'0902','S','','N',1.0000,0.0000,0.0000,0.0000,0.0000,0.0000,0),
 ('0902007','180° con pin para punto 500','','','',0.0000,'0902','S','','N',1.0000,0.0000,0.0000,0.0000,0.0000,0.0000,0),
 ('0902008','90° con pin para punto 500','','','',0.0000,'0902','S','','N',1.0000,0.0000,0.0000,0.0000,0.0000,0.0000,0),
 ('0903001','domiciliario AD 42114','','','',0.0000,'0903','S','','N',1.0000,0.0000,0.0000,0.0000,0.0000,0.0000,0),
 ('0903002','domiciliario con retorno 30dB','','','',0.0000,'0903','S','','N',1.0000,0.0000,0.0000,0.0000,0.0000,0.0000,0),
 ('0903003','line extender con retorno','','','',0.0000,'0903','S','','N',1.0000,0.0000,0.0000,0.0000,0.0000,0.0000,0),
 ('0903004','Mintroncal  MB','','','',0.0000,'0903','S','','N',1.0000,0.0000,0.0000,0.0000,0.0000,0.0000,0),
 ('0903005','Nodos','','','',0.0000,'0903','S','','N',1.0000,0.0000,0.0000,0.0000,0.0000,0.0000,0),
 ('0903006','Atenuador para Nodo LE/MB','','','',0.0000,'0903','S','','N',1.0000,0.0000,0.0000,0.0000,0.0000,0.0000,0),
 ('0903007','Ecualizador para Nodo LE/MB','','','',0.0000,'0903','S','','N',1.0000,0.0000,0.0000,0.0000,0.0000,0.0000,0),
 ('0903008','Spliter para amplificadores','','','',0.0000,'0903','S','','N',1.0000,0.0000,0.0000,0.0000,0.0000,0.0000,0),
 ('0903009','Duplexores','','','',0.0000,'0903','S','','N',1.0000,0.0000,0.0000,0.0000,0.0000,0.0000,0),
 ('0904001','ojo recto con tuerca 5/8 x 180 KC  6421','','','',0.0000,'0904','S','','N',1.0000,0.0000,0.0000,0.0000,0.0000,0.0000,0),
 ('0904002','ojo recto con tuerca 5/8 x  205KC 6422','','','',0.0000,'0904','S','','N',1.0000,0.0000,0.0000,0.0000,0.0000,0.0000,0),
 ('0904003','ojo recto con tuerca 3/4 x 180 KC 6425','','','',0.0000,'0904','S','','N',1.0000,0.0000,0.0000,0.0000,0.0000,0.0000,0),
 ('0904004','CR CC  5/16 x 1,1/4','','','',0.0000,'','S','','N',1.0000,0.0000,0.0000,0.0000,0.0000,0.0000,0),
 ('0904005','CR CC 3/8 x  2','','','',0.0000,'','S','','N',1.0000,0.0000,0.0000,0.0000,0.0000,0.0000,0),
 ('0904006','CR  CC 3/8 x 3','','','',0.0000,'','S','','N',1.0000,0.0000,0.0000,0.0000,0.0000,0.0000,0),
 ('0904007','CR  CC 3/8 x 3,1/2','','','',0.0000,'','S','','N',1.0000,0.0000,0.0000,0.0000,0.0000,0.0000,0),
 ('0904008','CR  CC 3/8 x 2,1/2','','','',0.0000,'','S','','N',1.0000,0.0000,0.0000,0.0000,0.0000,0.0000,0),
 ('0904009','CR CC 3/8  x  1,1/4','','','',0.0000,'','S','','N',1.0000,0.0000,0.0000,0.0000,0.0000,0.0000,0),
 ('0904010','3 bulones liviano  KC 3560','','','',0.0000,'0904','S','','N',1.0000,0.0000,0.0000,0.0000,0.0000,0.0000,0),
 ('0904011','3 bulones  pesado  KC 3520','','','',0.0000,'0904','S','','N',1.0000,0.0000,0.0000,0.0000,0.0000,0.0000,0),
 ('0904012','3 buolnes reforz. Para rienda 10 a 12 KC 3567','','','',0.0000,'0904','S','','N',1.0000,0.0000,0.0000,0.0000,0.0000,0.0000,0),
 ('0904013','curvo aluminio KC  3568','','','',0.0000,'0904','S','','N',1.0000,0.0000,0.0000,0.0000,0.0000,0.0000,0),
 ('0904014','de suspension para FO KC  3563','','','',0.0000,'0904','S','','N',1.0000,0.0000,0.0000,0.0000,0.0000,0.0000,0),
 ('0905001','RG 6 con portante','','','',0.0000,'0905','S','','N',1.0000,0.0000,0.0000,0.0000,0.0000,0.0000,0),
 ('0905002','RG 6 sin portante','','','',0.0000,'0905','S','','N',1.0000,0.0000,0.0000,0.0000,0.0000,0.0000,0),
 ('0905003','RG 59 con portante','','','',0.0000,'0905','S','','N',1.0000,0.0000,0.0000,0.0000,0.0000,0.0000,0),
 ('0905004','RG 59 sin portante','','','',0.0000,'0905','S','','N',1.0000,0.0000,0.0000,0.0000,0.0000,0.0000,0),
 ('0905005','Punto 500 con suspensor','','','',0.0000,'0905','S','','N',1.0000,0.0000,0.0000,0.0000,0.0000,0.0000,0),
 ('0905006','UTP  con portante','','','',0.0000,'0905','S','','N',1.0000,0.0000,0.0000,0.0000,0.0000,0.0000,0),
 ('0905007','UTP  sin portante','','','',0.0000,'0905','S','','N',1.0000,0.0000,0.0000,0.0000,0.0000,0.0000,0),
 ('0905008','RG  11 con suspensor','','','',0.0000,'0905','S','','N',1.0000,0.0000,0.0000,0.0000,0.0000,0.0000,0),
 ('0905009','Fibra optica  48 pelos','','','',0.0000,'0905','S','','N',1.0000,0.0000,0.0000,0.0000,0.0000,0.0000,0),
 ('0906001','F a com RG 6','','','',0.0000,'0906','S','','N',1.0000,0.0000,0.0000,0.0000,0.0000,0.0000,0),
 ('0906002','F a com RG 59','','','',0.0000,'0906','S','','N',1.0000,0.0000,0.0000,0.0000,0.0000,0.0000,0),
 ('0906003','F.H a F rapido','','','',0.0000,'0906','S','','N',1.0000,0.0000,0.0000,0.0000,0.0000,0.0000,0),
 ('0906004','F.H. A Din','','','',0.0000,'0906','S','','N',1.0000,0.0000,0.0000,0.0000,0.0000,0.0000,0),
 ('0906005','F-M a Din-H','','','',0.0000,'0906','S','','N',1.0000,0.0000,0.0000,0.0000,0.0000,0.0000,0),
 ('0906006','F con pollera RG 11','','','',0.0000,'0906','S','','N',1.0000,0.0000,0.0000,0.0000,0.0000,0.0000,0),
 ('0906007','F r pido a Din H','','','',0.0000,'0906','S','','N',1.0000,0.0000,0.0000,0.0000,0.0000,0.0000,0),
 ('0906008','Codo - Rosca 90° F M-H','','','',0.0000,'0906','S','','N',1.0000,0.0000,0.0000,0.0000,0.0000,0.0000,0),
 ('0906009','Para punto 500','','','',0.0000,'0906','S','','N',1.0000,0.0000,0.0000,0.0000,0.0000,0.0000,0),
 ('0906010','Para punto 500 con pin','','','',0.0000,'0906','S','','N',1.0000,0.0000,0.0000,0.0000,0.0000,0.0000,0),
 ('0906011','para punto 500  a  F.M.','','','',0.0000,'0906','S','','N',1.0000,0.0000,0.0000,0.0000,0.0000,0.0000,0),
 ('0906012','Ks para punto 500 a F.H','','','',0.0000,'0906','S','','N',1.0000,0.0000,0.0000,0.0000,0.0000,0.0000,0),
 ('0906013','con  pin a FH','','','',0.0000,'0906','S','','N',1.0000,0.0000,0.0000,0.0000,0.0000,0.0000,0),
 ('0906014','para  RG 11 Ks','','','',0.0000,'0906','S','','N',1.0000,0.0000,0.0000,0.0000,0.0000,0.0000,0),
 ('0906015','Ks-Ks para punto 500','','','',0.0000,'0906','S','','N',1.0000,0.0000,0.0000,0.0000,0.0000,0.0000,0),
 ('0906016','Adaptador de punto 500 H a FM','','','',0.0000,'0906','S','','N',1.0000,0.0000,0.0000,0.0000,0.0000,0.0000,0),
 ('0906017','Adaptador de punto 500 H a FH','','','',0.0000,'0906','S','','N',1.0000,0.0000,0.0000,0.0000,0.0000,0.0000,0),
 ('0906018','Adaptador RG 11 cripmear a FM','','','',0.0000,'0906','S','','N',1.0000,0.0000,0.0000,0.0000,0.0000,0.0000,0),
 ('0906019','KS 75 Ohm','','','',0.0000,'0906','S','','N',1.0000,0.0000,0.0000,0.0000,0.0000,0.0000,0),
 ('0906020','F 75 Ohm','','','',0.0000,'0906','S','','N',1.0000,0.0000,0.0000,0.0000,0.0000,0.0000,0),
 ('0906021','F Tramas 75 Ohm','','','',0.0000,'0906','S','','N',1.0000,0.0000,0.0000,0.0000,0.0000,0.0000,0),
 ('0907001','domiciliario  x  2','','','',0.0000,'0907','S','','N',1.0000,0.0000,0.0000,0.0000,0.0000,0.0000,0),
 ('0907002','domiciliario  x  3','','','',0.0000,'0907','S','','N',1.0000,0.0000,0.0000,0.0000,0.0000,0.0000,0),
 ('0907003','domiciliario x  4','','','',0.0000,'0907','S','','N',1.0000,0.0000,0.0000,0.0000,0.0000,0.0000,0),
 ('0907004','domiciliario  x  2','','','',0.0000,'0907','S','','N',1.0000,0.0000,0.0000,0.0000,0.0000,0.0000,0),
 ('0907005','de red x  2 vias troncales','','','',0.0000,'0907','S','','N',1.0000,0.0000,0.0000,0.0000,0.0000,0.0000,0),
 ('0907006','de red x 3 vias troncales','','','',0.0000,'0907','S','','N',1.0000,0.0000,0.0000,0.0000,0.0000,0.0000,0),
 ('0907007','de red acoplador 8 dB','','','',0.0000,'0907','S','','N',1.0000,0.0000,0.0000,0.0000,0.0000,0.0000,0),
 ('0907008','de red acoplador 12 dB','','','',0.0000,'0907','S','','N',1.0000,0.0000,0.0000,0.0000,0.0000,0.0000,0),
 ('0907009','de red acoplador 16 dB','','','',0.0000,'0907','S','','N',1.0000,0.0000,0.0000,0.0000,0.0000,0.0000,0),
 ('0907010','power insert','','','',0.0000,'0907','S','','N',1.0000,0.0000,0.0000,0.0000,0.0000,0.0000,0),
 ('0907011','filtros pasa bajos','','','',0.0000,'0907','S','','N',1.0000,0.0000,0.0000,0.0000,0.0000,0.0000,0),
 ('0907012','filtros pasa altos','','','',0.0000,'0907','S','','N',1.0000,0.0000,0.0000,0.0000,0.0000,0.0000,0),
 ('0908001','F H-H','','','',0.0000,'0908','S','','N',1.0000,0.0000,0.0000,0.0000,0.0000,0.0000,0),
 ('0908002','F M-M','','','',0.0000,'0908','S','','N',1.0000,0.0000,0.0000,0.0000,0.0000,0.0000,0),
 ('0908003','Splice . 500','','','',0.0000,'0908','S','','N',1.0000,0.0000,0.0000,0.0000,0.0000,0.0000,0),
 ('0908004','Cierre empalme  FO','','','',0.0000,'0908','S','','N',1.0000,0.0000,0.0000,0.0000,0.0000,0.0000,0),
 ('0909001','clavos  para  RG 6','','','',0.0000,'0909','S','','N',1.0000,0.0000,0.0000,0.0000,0.0000,0.0000,0),
 ('0909002','clavos  para  RG 59','','','',0.0000,'0909','S','','N',1.0000,0.0000,0.0000,0.0000,0.0000,0.0000,0),
 ('0909003','de sujección simple para  FO KC 3700 pared','','','',0.0000,'0909','S','','N',1.0000,0.0000,0.0000,0.0000,0.0000,0.0000,0),
 ('0909004','de sujección simple para  FO KC 3701 techo','','','',0.0000,'0909','S','','N',1.0000,0.0000,0.0000,0.0000,0.0000,0.0000,0),
 ('0909005','de sujección simple para  FO KC 3702 pared','','','',0.0000,'0909','S','','N',1.0000,0.0000,0.0000,0.0000,0.0000,0.0000,0),
 ('0909006','cerco forma U 38 x 6,5 mm.','','','',0.0000,'0909','S','','N',1.0000,0.0000,0.0000,0.0000,0.0000,0.0000,0),
 ('0909007','Omega  de 1/2','','','',0.0000,'','S','','N',1.0000,0.0000,0.0000,0.0000,0.0000,0.0000,0),
 ('0909008','prensacable 3/16 KC 5105','','','',0.0000,'0909','S','','N',1.0000,0.0000,0.0000,0.0000,0.0000,0.0000,0),
 ('0909009','prensacable  1/4  KC  5106','','','',0.0000,'0909','S','','N',1.0000,0.0000,0.0000,0.0000,0.0000,0.0000,0),
 ('0909010','prensacable   5/16 KC  5108','','','',0.0000,'0909','S','','N',1.0000,0.0000,0.0000,0.0000,0.0000,0.0000,0),
 ('0910001','cobreada 3/8 x 1000  KC 7110','','','',0.0000,'0910','S','','N',1.0000,0.0000,0.0000,0.0000,0.0000,0.0000,0),
 ('0910002','cobreada 3/8 x 1500  KC 7111','','','',0.0000,'0910','S','','N',1.0000,0.0000,0.0000,0.0000,0.0000,0.0000,0),
 ('0910003','cobreada  1/2  x 1500  KC 7121','','','',0.0000,'0910','S','','N',1.0000,0.0000,0.0000,0.0000,0.0000,0.0000,0),
 ('0910004','cobreada 1/2 x 2000  KC 7122','','','',0.0000,'0910','S','','N',1.0000,0.0000,0.0000,0.0000,0.0000,0.0000,0),
 ('0910005','cobreada 5/8 x 2500  KC 7133','','','',0.0000,'0910','S','','N',1.0000,0.0000,0.0000,0.0000,0.0000,0.0000,0),
 ('0910006','cobreada 5/8 x 3000  KC 7134','','','',0.0000,'0910','S','','N',1.0000,0.0000,0.0000,0.0000,0.0000,0.0000,0),
 ('0910007','para jabalina 3/8 KC 7150','','','',0.0000,'0910','S','','N',1.0000,0.0000,0.0000,0.0000,0.0000,0.0000,0),
 ('0910008','para jabalina 1/2 KC 7151','','','',0.0000,'0910','S','','N',1.0000,0.0000,0.0000,0.0000,0.0000,0.0000,0),
 ('0910009','para jabalina 5/8 KC  7152','','','',0.0000,'0910','S','','N',1.0000,0.0000,0.0000,0.0000,0.0000,0.0000,0),
 ('0910010','para jabalina  3/4  KC 7153','','','',0.0000,'0910','S','','N',1.0000,0.0000,0.0000,0.0000,0.0000,0.0000,0),
 ('0910011','cobreado  3 mm. KC 7160','','','',0.0000,'0910','S','','N',1.0000,0.0000,0.0000,0.0000,0.0000,0.0000,0),
 ('0911001','EOC','','','',0.0000,'0911','S','','N',1.0000,0.0000,0.0000,0.0000,0.0000,0.0000,0),
 ('0911002','Cablemodem','','','',0.0000,'0911','S','','N',1.0000,0.0000,0.0000,0.0000,0.0000,0.0000,0),
 ('0912001','Rienda de acero 3 mm KC 3410','','','',0.0000,'0912','S','','N',1.0000,0.0000,0.0000,0.0000,0.0000,0.0000,0),
 ('0912002','Rienda de acero 3 mm KC 3411','','','',0.0000,'0912','S','','N',1.0000,0.0000,0.0000,0.0000,0.0000,0.0000,0),
 ('0912003','Rienda de acero 4,8 mm KC 3412','','','',0.0000,'0912','S','','N',1.0000,0.0000,0.0000,0.0000,0.0000,0.0000,0),
 ('0912004','Rienda de acero  6mm KC 3413','','','',0.0000,'0912','S','','N',1.0000,0.0000,0.0000,0.0000,0.0000,0.0000,0),
 ('0912005','Rienda de acero 8  mm KC 3414','','','',0.0000,'0912','S','','N',1.0000,0.0000,0.0000,0.0000,0.0000,0.0000,0),
 ('0912006','Rienda de acero forrada en PVC 3 mm. KC 3450','','','',0.0000,'0912','S','','N',1.0000,0.0000,0.0000,0.0000,0.0000,0.0000,0),
 ('0912007','Rienda de acero forrada en PVC 4 mm. KC 3451','','','',0.0000,'0912','S','','N',1.0000,0.0000,0.0000,0.0000,0.0000,0.0000,0),
 ('0912008','Rienda de acero forrada en PVC 6 mm. KC 3453','','','',0.0000,'0912','S','','N',1.0000,0.0000,0.0000,0.0000,0.0000,0.0000,0),
 ('0912009','Rienda de acero forrada en PVC 8 mm. KC 3454','','','',0.0000,'0912','S','','N',1.0000,0.0000,0.0000,0.0000,0.0000,0.0000,0),
 ('0912010','Torniquete N° 5  KC 3401','','','',0.0000,'0912','S','','N',1.0000,0.0000,0.0000,0.0000,0.0000,0.0000,0),
 ('0912011','Torniquete N° 7  KC 3403','','','',0.0000,'0912','S','','N',1.0000,0.0000,0.0000,0.0000,0.0000,0.0000,0),
 ('0912012','Torniquete doble  KC 3405','','','',0.0000,'0912','S','','N',1.0000,0.0000,0.0000,0.0000,0.0000,0.0000,0),
 ('0912013','Proteccion para cable tipo U KC 3319','','','',0.0000,'0912','S','','N',1.0000,0.0000,0.0000,0.0000,0.0000,0.0000,0),
 ('0912014','Proteccion para cable tipo U KC 3320','','','',0.0000,'0912','S','','N',1.0000,0.0000,0.0000,0.0000,0.0000,0.0000,0),
 ('0913001','32  dB x 4 vias','','','',0.0000,'0913','S','','N',1.0000,0.0000,0.0000,0.0000,0.0000,0.0000,0),
 ('0913002','29  dB x 4 vias','','','',0.0000,'0913','S','','N',1.0000,0.0000,0.0000,0.0000,0.0000,0.0000,0),
 ('0913003','26  dB x 4 vias','','','',0.0000,'0913','S','','N',1.0000,0.0000,0.0000,0.0000,0.0000,0.0000,0),
 ('0913004','23  dB x 4 vias','','','',0.0000,'0913','S','','N',1.0000,0.0000,0.0000,0.0000,0.0000,0.0000,0),
 ('0913005','20  dB x 4 vias','','','',0.0000,'0913','S','','N',1.0000,0.0000,0.0000,0.0000,0.0000,0.0000,0),
 ('0913006','17  dB x 4 vias','','','',0.0000,'0913','S','','N',1.0000,0.0000,0.0000,0.0000,0.0000,0.0000,0),
 ('0913007','14  dB x 4 vias','','','',0.0000,'0913','S','','N',10.0000,0.0000,0.0000,0.0000,0.0000,0.0000,0),
 ('0913008','11  dB x 4 vias','','','',0.0000,'0913','S','','N',10.0000,0.0000,0.0000,0.0000,0.0000,0.0000,0),
 ('0913009','8  dB x 4 vias','','','',0.0000,'0913','S','','N',1.0000,0.0000,0.0000,0.0000,0.0000,0.0000,0),
 ('0913010','32  dB x 8 vias','','','',0.0000,'0913','S','','N',1.0000,0.0000,0.0000,0.0000,0.0000,0.0000,0),
 ('0913011','29  dB x8 vias','','','',0.0000,'0913','S','','N',1.0000,0.0000,0.0000,0.0000,0.0000,0.0000,0),
 ('0913012','26  dB x 8 vias','','','',0.0000,'0913','S','','N',1.0000,0.0000,0.0000,0.0000,0.0000,0.0000,0),
 ('0913013','23  dB x 8 vias','','','',0.0000,'0913','S','','N',1.0000,0.0000,0.0000,0.0000,0.0000,0.0000,0),
 ('0913014','20  dB x 8 vias','','','',0.0000,'0913','S','','N',1.0000,0.0000,0.0000,0.0000,0.0000,0.0000,0),
 ('0913015','17  dB x 8 vias','','','',0.0000,'0913','S','','N',1.0000,0.0000,0.0000,0.0000,0.0000,0.0000,0),
 ('0913016','14  dB x 8 vias','','','',0.0000,'0913','S','','N',11.0000,0.0000,0.0000,0.0000,0.0000,0.0000,0),
 ('0913017','11  dB x 8 vias','','','',0.0000,'0913','S','','N',10.0000,0.0000,0.0000,0.0000,0.0000,0.0000,0),
 ('0913018','Brackett KC 3556','','','',0.0000,'0913','S','','N',1.0000,0.0000,0.0000,0.0000,0.0000,0.0000,0);
/*!40000 ALTER TABLE `articulos` ENABLE KEYS */;


--
-- Definition of table `articulosf`
--

DROP TABLE IF EXISTS `articulosf`;
CREATE TABLE `articulosf` (
  `articulo` char(50) NOT NULL,
  `base` float(13,4) NOT NULL,
  `unidadf` char(50) NOT NULL,
  `idartf` int(10) unsigned NOT NULL,
  PRIMARY KEY (`idartf`) USING BTREE
) ENGINE=InnoDB DEFAULT CHARSET=latin1;

--
-- Dumping data for table `articulosf`
--

/*!40000 ALTER TABLE `articulosf` DISABLE KEYS */;
INSERT INTO `articulosf` (`articulo`,`base`,`unidadf`,`idartf`) VALUES 
 ('0201002',0.0000,'',1),
 ('0201001',0.0000,'',2),
 ('0215001',0.0000,'',3),
 ('0215002',0.0000,'',4),
 ('0215003',0.0000,'',5),
 ('0215004',0.0000,'',6),
 ('0901002',0.0000,'',7),
 ('0109021',0.0000,'',8),
 ('0109023',0.0000,'',9),
 ('0201003',0.0000,'',10),
 ('0208014',0.0000,'',11),
 ('0101003',0.0000,'',14),
 ('1000001',0.0000,'$',15),
 ('0000003',0.0000,'',21),
 ('0101001',0.0000,'',26),
 ('0101002',0.0000,'',31),
 ('0000001',0.0000,'',33),
 ('0000002',0.0000,'',34),
 ('004867',0.0000,'UNI',35),
 ('004847',0.0000,'UNI',36),
 ('0000913019',1.0000,'UNI',41),
 ('0000913020',1.0000,'UNI',42),
 ('0000913021',1.0000,'UNI',43),
 ('0000913022',1.0000,'UNI',44),
 ('01',1.0000,'UNI',46);
/*!40000 ALTER TABLE `articulosf` ENABLE KEYS */;


--
-- Definition of table `articulosimg`
--

DROP TABLE IF EXISTS `articulosimg`;
CREATE TABLE `articulosimg` (
  `idartimg` int(10) unsigned NOT NULL,
  `articulo` char(50) NOT NULL,
  `archivoimg` char(150) NOT NULL,
  `fechaalta` char(8) NOT NULL,
  PRIMARY KEY (`idartimg`) USING BTREE
) ENGINE=InnoDB DEFAULT CHARSET=latin1;

--
-- Dumping data for table `articulosimg`
--

/*!40000 ALTER TABLE `articulosimg` DISABLE KEYS */;
INSERT INTO `articulosimg` (`idartimg`,`articulo`,`archivoimg`,`fechaalta`) VALUES 
 (1,'0102013','img0102013','20171108'),
 (2,'0102013','img01012013','20171108'),
 (3,'0101001','img0101001','20180113');
/*!40000 ALTER TABLE `articulosimg` ENABLE KEYS */;


--
-- Definition of table `articulosimp`
--

DROP TABLE IF EXISTS `articulosimp`;
CREATE TABLE `articulosimp` (
  `articulo` char(50) NOT NULL,
  `impuesto` int(10) unsigned NOT NULL,
  `idartimp` int(10) unsigned NOT NULL,
  PRIMARY KEY (`idartimp`) USING BTREE
) ENGINE=InnoDB DEFAULT CHARSET=latin1;

--
-- Dumping data for table `articulosimp`
--

/*!40000 ALTER TABLE `articulosimp` DISABLE KEYS */;
INSERT INTO `articulosimp` (`articulo`,`impuesto`,`idartimp`) VALUES 
 ('0101001',1,1),
 ('0101002',1,2),
 ('0101004',1,3),
 ('1000001',1,4),
 ('0101003',1,7),
 ('0000001',1,8),
 ('0000002',1,9),
 ('0000003',1,10),
 ('0000913019',1,11),
 ('0000913020',1,12),
 ('0000913021',1,13),
 ('0000913022',1,14),
 ('01',1,15);
/*!40000 ALTER TABLE `articulosimp` ENABLE KEYS */;


--
-- Definition of table `articulospro`
--

DROP TABLE IF EXISTS `articulospro`;
CREATE TABLE `articulospro` (
  `idartpro` int(10) unsigned NOT NULL,
  `articulo` char(50) NOT NULL,
  `entidad` int(10) unsigned NOT NULL,
  `codigop` char(50) NOT NULL,
  PRIMARY KEY (`idartpro`) USING BTREE
) ENGINE=InnoDB DEFAULT CHARSET=utf8;

--
-- Dumping data for table `articulospro`
--

/*!40000 ALTER TABLE `articulospro` DISABLE KEYS */;
INSERT INTO `articulospro` (`idartpro`,`articulo`,`entidad`,`codigop`) VALUES 
 (1,'0101001',1,'+100');
/*!40000 ALTER TABLE `articulospro` ENABLE KEYS */;


--
-- Definition of table `asientos`
--

DROP TABLE IF EXISTS `asientos`;
CREATE TABLE `asientos` (
  `idasientod` int(10) unsigned NOT NULL,
  `numero` int(10) unsigned NOT NULL,
  `fecha` char(8) NOT NULL,
  `codigocta` char(20) NOT NULL,
  `nombrecta` char(254) NOT NULL,
  `debe` float(13,4) NOT NULL,
  `haber` float(13,4) NOT NULL,
  `detalle` char(254) NOT NULL,
  `ejercicio` int(10) unsigned NOT NULL,
  `idpland` int(10) unsigned NOT NULL,
  `detaasiento` char(254) NOT NULL,
  `idasiento` int(10) unsigned NOT NULL,
  `idtipoasi` int(10) unsigned NOT NULL,
  `idastomode` int(10) unsigned NOT NULL DEFAULT '0',
  `idfiltro` int(10) unsigned NOT NULL DEFAULT '0',
  `idastoe` int(10) unsigned NOT NULL DEFAULT '0',
  PRIMARY KEY (`idasientod`) USING BTREE
) ENGINE=InnoDB DEFAULT CHARSET=latin1;

--
-- Dumping data for table `asientos`
--

/*!40000 ALTER TABLE `asientos` DISABLE KEYS */;
INSERT INTO `asientos` (`idasientod`,`numero`,`fecha`,`codigocta`,`nombrecta`,`debe`,`haber`,`detalle`,`ejercicio`,`idpland`,`detaasiento`,`idasiento`,`idtipoasi`,`idastomode`,`idfiltro`,`idastoe`) VALUES 
 (24,16,'20190524','010200000000000000','Caja',100.0000,0.0000,'',2,28,'DKDJDFAÑSKFDSJK',16,2,0,0,3),
 (25,16,'20190524','010300000000000000','JDJFJF',0.0000,100.0000,'',2,29,'DKDJDFAÑSKFDSJK',16,2,0,0,3),
 (35,17,'20190603','010200000000000000','Caja',100.0000,0.0000,'',2,28,'DADF',17,4,0,0,1),
 (36,17,'20190603','050300000000000000','JDJFJF',0.0000,100.0000,'',2,44,'DADF',17,4,0,0,1),
 (51,15,'20190523','010200000000000000','Caja',100.0000,0.0000,'',2,28,'NUEVO ASIENTO DE PRUEBAS',15,2,0,0,1),
 (52,15,'20190523','010501000000000000','Deudores por Ventas',0.0000,100.0000,'',2,16,'NUEVO ASIENTO DE PRUEBAS',15,2,0,0,1),
 (53,2,'20190518','010501000000000000','Deudores por Ventas',14000.0000,0.0000,'cccccccccccc',1,16,'dddddddddddddddddd',2,2,2,2,1),
 (54,2,'20190518','050300000000000000','JDJFJF',0.0000,6000.0000,'140000000000',1,20,'dddddddddddddddddd',2,2,2,2,1),
 (55,2,'20190518','010200000000000000','Caja',0.0000,8000.0000,'vvvvvvvvvvv',1,28,'dddddddddddddddddd',2,2,2,2,1);
/*!40000 ALTER TABLE `asientos` ENABLE KEYS */;


--
-- Definition of table `asientoscompro`
--

DROP TABLE IF EXISTS `asientoscompro`;
CREATE TABLE `asientoscompro` (
  `idastocompro` int(10) unsigned NOT NULL DEFAULT '0',
  `idasiento` int(10) unsigned NOT NULL DEFAULT '0',
  `idcomproba` int(10) unsigned NOT NULL DEFAULT '0',
  `idregicomp` int(10) unsigned NOT NULL DEFAULT '0',
  PRIMARY KEY (`idastocompro`) USING BTREE
) ENGINE=InnoDB DEFAULT CHARSET=latin1;

--
-- Dumping data for table `asientoscompro`
--

/*!40000 ALTER TABLE `asientoscompro` DISABLE KEYS */;
INSERT INTO `asientoscompro` (`idastocompro`,`idasiento`,`idcomproba`,`idregicomp`) VALUES 
 (2,2,1,3);
/*!40000 ALTER TABLE `asientoscompro` ENABLE KEYS */;


--
-- Definition of table `astocuenta`
--

DROP TABLE IF EXISTS `astocuenta`;
CREATE TABLE `astocuenta` (
  `idastocuenta` int(10) unsigned NOT NULL DEFAULT '0',
  `idastomode` int(10) unsigned NOT NULL DEFAULT '0',
  `idcpoconta` int(10) unsigned NOT NULL DEFAULT '0',
  `dh` char(1) NOT NULL DEFAULT '',
  `detalle` char(254) NOT NULL DEFAULT '',
  PRIMARY KEY (`idastocuenta`)
) ENGINE=InnoDB DEFAULT CHARSET=latin1;

--
-- Dumping data for table `astocuenta`
--

/*!40000 ALTER TABLE `astocuenta` DISABLE KEYS */;
/*!40000 ALTER TABLE `astocuenta` ENABLE KEYS */;


--
-- Definition of table `astoestado`
--

DROP TABLE IF EXISTS `astoestado`;
CREATE TABLE `astoestado` (
  `idastoe` int(10) unsigned NOT NULL AUTO_INCREMENT,
  `estado` char(50) NOT NULL,
  PRIMARY KEY (`idastoe`)
) ENGINE=InnoDB AUTO_INCREMENT=4 DEFAULT CHARSET=latin1;

--
-- Dumping data for table `astoestado`
--

/*!40000 ALTER TABLE `astoestado` DISABLE KEYS */;
INSERT INTO `astoestado` (`idastoe`,`estado`) VALUES 
 (1,'VERIFICADO'),
 (2,'A REVISAR'),
 (3,'ERRONEO');
/*!40000 ALTER TABLE `astoestado` ENABLE KEYS */;


--
-- Definition of table `astofiltros`
--

DROP TABLE IF EXISTS `astofiltros`;
CREATE TABLE `astofiltros` (
  `idfiltro` int(10) unsigned NOT NULL,
  `detalle` char(254) NOT NULL,
  `tabla` char(100) NOT NULL,
  `idastomode` int(10) unsigned NOT NULL,
  PRIMARY KEY (`idfiltro`)
) ENGINE=InnoDB DEFAULT CHARSET=latin1;

--
-- Dumping data for table `astofiltros`
--

/*!40000 ALTER TABLE `astofiltros` DISABLE KEYS */;
/*!40000 ALTER TABLE `astofiltros` ENABLE KEYS */;


--
-- Definition of table `astofiltrosd`
--

DROP TABLE IF EXISTS `astofiltrosd`;
CREATE TABLE `astofiltrosd` (
  `idfiltrod` int(10) unsigned NOT NULL,
  `idfiltro` int(10) unsigned NOT NULL,
  `tabla` char(100) NOT NULL,
  `campo` char(100) NOT NULL,
  `tipo` char(1) NOT NULL,
  `valord` char(50) NOT NULL,
  `compara` char(10) NOT NULL,
  `valorh` char(50) NOT NULL,
  `detalle` char(254) NOT NULL,
  PRIMARY KEY (`idfiltrod`)
) ENGINE=InnoDB DEFAULT CHARSET=latin1;

--
-- Dumping data for table `astofiltrosd`
--

/*!40000 ALTER TABLE `astofiltrosd` DISABLE KEYS */;
/*!40000 ALTER TABLE `astofiltrosd` ENABLE KEYS */;


--
-- Definition of table `astomode`
--

DROP TABLE IF EXISTS `astomode`;
CREATE TABLE `astomode` (
  `codasto` int(10) unsigned NOT NULL,
  `detalle` char(254) NOT NULL,
  PRIMARY KEY (`codasto`)
) ENGINE=InnoDB DEFAULT CHARSET=latin1;

--
-- Dumping data for table `astomode`
--

/*!40000 ALTER TABLE `astomode` DISABLE KEYS */;
/*!40000 ALTER TABLE `astomode` ENABLE KEYS */;


--
-- Definition of table `astomodelo`
--

DROP TABLE IF EXISTS `astomodelo`;
CREATE TABLE `astomodelo` (
  `idastomode` int(10) unsigned NOT NULL DEFAULT '0',
  `detalle` char(254) NOT NULL DEFAULT '',
  PRIMARY KEY (`idastomode`) USING BTREE
) ENGINE=InnoDB DEFAULT CHARSET=latin1;

--
-- Dumping data for table `astomodelo`
--

/*!40000 ALTER TABLE `astomodelo` DISABLE KEYS */;
/*!40000 ALTER TABLE `astomodelo` ENABLE KEYS */;


--
-- Definition of table `astovalor`
--

DROP TABLE IF EXISTS `astovalor`;
CREATE TABLE `astovalor` (
  `idastovalor` int(10) unsigned NOT NULL,
  `idastocuenta` int(10) unsigned NOT NULL,
  `tabla` char(100) NOT NULL,
  `campo` char(100) NOT NULL,
  `opera` int(10) unsigned NOT NULL,
  PRIMARY KEY (`idastovalor`)
) ENGINE=InnoDB DEFAULT CHARSET=latin1;

--
-- Dumping data for table `astovalor`
--

/*!40000 ALTER TABLE `astovalor` DISABLE KEYS */;
/*!40000 ALTER TABLE `astovalor` ENABLE KEYS */;


--
-- Definition of table `bancos`
--

DROP TABLE IF EXISTS `bancos`;
CREATE TABLE `bancos` (
  `idbanco` int(10) unsigned NOT NULL,
  `banco` int(10) unsigned NOT NULL,
  `nombre` char(254) NOT NULL,
  `filial` int(10) unsigned NOT NULL,
  `cp` char(50) NOT NULL,
  PRIMARY KEY (`idbanco`)
) ENGINE=InnoDB DEFAULT CHARSET=latin1;

--
-- Dumping data for table `bancos`
--

/*!40000 ALTER TABLE `bancos` DISABLE KEYS */;
INSERT INTO `bancos` (`idbanco`,`banco`,`nombre`,`filial`,`cp`) VALUES 
 (1,0,'CAJA_SUCURSAL',1,''),
 (2,111,'CREDICOOP',20,'3000'),
 (3,222,'SANTA FE',10,'3018');
/*!40000 ALTER TABLE `bancos` ENABLE KEYS */;


--
-- Definition of table `bocaservicios`
--

DROP TABLE IF EXISTS `bocaservicios`;
CREATE TABLE `bocaservicios` (
  `identidadh` int(10) unsigned NOT NULL,
  `bocanumero` char(50) NOT NULL,
  `ruta1` int(10) unsigned NOT NULL,
  `folio1` int(10) unsigned NOT NULL,
  `ruta2` int(10) unsigned NOT NULL,
  `folio2` int(10) unsigned NOT NULL,
  `facturar` char(1) NOT NULL,
  `habilitado` char(1) NOT NULL,
  PRIMARY KEY (`identidadh`)
) ENGINE=InnoDB DEFAULT CHARSET=latin1;

--
-- Dumping data for table `bocaservicios`
--

/*!40000 ALTER TABLE `bocaservicios` DISABLE KEYS */;
/*!40000 ALTER TABLE `bocaservicios` ENABLE KEYS */;


--
-- Definition of table `cajabancos`
--

DROP TABLE IF EXISTS `cajabancos`;
CREATE TABLE `cajabancos` (
  `idcuenta` int(10) unsigned NOT NULL,
  `fecha` char(8) NOT NULL,
  `codcuenta` char(100) NOT NULL,
  `detalle` char(254) NOT NULL,
  `idtipocta` int(10) unsigned NOT NULL,
  `idbanco` int(10) unsigned NOT NULL,
  `cuentabco` char(100) NOT NULL,
  `cbu` char(100) NOT NULL,
  PRIMARY KEY (`idcuenta`)
) ENGINE=InnoDB DEFAULT CHARSET=latin1;

--
-- Dumping data for table `cajabancos`
--

/*!40000 ALTER TABLE `cajabancos` DISABLE KEYS */;
INSERT INTO `cajabancos` (`idcuenta`,`fecha`,`codcuenta`,`detalle`,`idtipocta`,`idbanco`,`cuentabco`,`cbu`) VALUES 
 (1,'20180315','CAJA1','CAJA1',1,1,'',''),
 (2,'20180320','CTA CTE 1','CTA CTE 1',2,2,'CTA CTE','1234567890');
/*!40000 ALTER TABLE `cajabancos` ENABLE KEYS */;


--
-- Definition of table `cajaie`
--

DROP TABLE IF EXISTS `cajaie`;
CREATE TABLE `cajaie` (
  `idcajaie` int(10) unsigned NOT NULL,
  `pventa` int(10) unsigned NOT NULL,
  `idcomproba` int(10) unsigned NOT NULL,
  `numero` int(10) unsigned NOT NULL,
  `fecha` char(8) NOT NULL,
  `entidad` int(10) unsigned NOT NULL,
  `apellido` char(254) NOT NULL,
  `direccion` char(254) NOT NULL,
  `cuit` char(13) NOT NULL,
  `concepto` char(254) NOT NULL,
  `contabilizado` int(10) unsigned NOT NULL,
  `importe` float(13,4) NOT NULL,
  PRIMARY KEY (`idcajaie`) USING BTREE
) ENGINE=InnoDB DEFAULT CHARSET=latin1;

--
-- Dumping data for table `cajaie`
--

/*!40000 ALTER TABLE `cajaie` DISABLE KEYS */;
/*!40000 ALTER TABLE `cajaie` ENABLE KEYS */;


--
-- Definition of table `cajamovih`
--

DROP TABLE IF EXISTS `cajamovih`;
CREATE TABLE `cajamovih` (
  `idcajamovip` int(10) unsigned NOT NULL,
  `idtipopago` int(10) unsigned NOT NULL,
  `idcheque` int(10) unsigned NOT NULL,
  `idcupon` int(10) unsigned NOT NULL,
  `importe` float(13,4) NOT NULL
) ENGINE=InnoDB DEFAULT CHARSET=latin1;

--
-- Dumping data for table `cajamovih`
--

/*!40000 ALTER TABLE `cajamovih` DISABLE KEYS */;
/*!40000 ALTER TABLE `cajamovih` ENABLE KEYS */;


--
-- Definition of table `cajamovip`
--

DROP TABLE IF EXISTS `cajamovip`;
CREATE TABLE `cajamovip` (
  `idcajamovip` int(10) unsigned NOT NULL,
  `idcajarecao` int(10) unsigned NOT NULL,
  `idcajarecad` int(10) unsigned NOT NULL,
  `numero` int(10) unsigned NOT NULL,
  `fecha` char(8) NOT NULL,
  `observa` char(254) NOT NULL,
  PRIMARY KEY (`idcajamovip`)
) ENGINE=InnoDB DEFAULT CHARSET=latin1;

--
-- Dumping data for table `cajamovip`
--

/*!40000 ALTER TABLE `cajamovip` DISABLE KEYS */;
/*!40000 ALTER TABLE `cajamovip` ENABLE KEYS */;


--
-- Definition of table `cajarecauda`
--

DROP TABLE IF EXISTS `cajarecauda`;
CREATE TABLE `cajarecauda` (
  `idcajareca` int(10) unsigned NOT NULL,
  `detalle` char(254) NOT NULL,
  PRIMARY KEY (`idcajareca`)
) ENGINE=InnoDB DEFAULT CHARSET=latin1;

--
-- Dumping data for table `cajarecauda`
--

/*!40000 ALTER TABLE `cajarecauda` DISABLE KEYS */;
INSERT INTO `cajarecauda` (`idcajareca`,`detalle`) VALUES 
 (1,'CAJA-PRINCIPAL'),
 (2,'CAJA-01'),
 (3,'CAJA-02');
/*!40000 ALTER TABLE `cajarecauda` ENABLE KEYS */;


--
-- Definition of table `cajarecaudah`
--

DROP TABLE IF EXISTS `cajarecaudah`;
CREATE TABLE `cajarecaudah` (
  `idcajareh` int(10) unsigned NOT NULL,
  `idcajareca` int(10) unsigned NOT NULL,
  `usuario` char(15) NOT NULL,
  `idcomproba` int(10) unsigned NOT NULL,
  `idregicomp` int(10) unsigned NOT NULL,
  PRIMARY KEY (`idcajareh`) USING BTREE
) ENGINE=InnoDB DEFAULT CHARSET=latin1;

--
-- Dumping data for table `cajarecaudah`
--

/*!40000 ALTER TABLE `cajarecaudah` DISABLE KEYS */;
INSERT INTO `cajarecaudah` (`idcajareh`,`idcajareca`,`usuario`,`idcomproba`,`idregicomp`) VALUES 
 (0,0,'',0,0),
 (3,2,'TULIO',1,98),
 (4,2,'TULIO',1,99),
 (5,2,'TULIO',1,100),
 (6,2,'TULIO',1,101),
 (7,2,'TULIO',1,101),
 (8,2,'TULIO',1,102),
 (9,2,'TULIO',1,103),
 (10,2,'TULIO',1,104),
 (11,2,'TULIO',1,105),
 (12,2,'TULIO',1,106),
 (13,2,'TULIO',1,107),
 (14,2,'TULIO',1,108),
 (15,2,'TULIO',1,109),
 (16,2,'TULIO',1,110),
 (17,2,'TULIO',1,111),
 (18,2,'TULIO',1,112),
 (19,2,'TULIO',1,113),
 (20,2,'TULIO',1,114),
 (21,2,'TULIO',1,115),
 (22,2,'TULIO',1,116),
 (23,2,'TULIO',1,117),
 (24,2,'TULIO',1,118),
 (25,2,'TULIO',1,119),
 (26,2,'TULIO',1,120),
 (27,2,'TULIO',1,121),
 (28,2,'TULIO',1,122),
 (29,2,'TULIO',1,123),
 (30,2,'TULIO',1,124),
 (31,2,'TULIO',1,125),
 (32,2,'TULIO',1,126),
 (33,2,'TULIO',1,127),
 (34,2,'TULIO',1,128),
 (35,2,'TULIO',1,129),
 (36,2,'TULIO',1,130),
 (37,2,'TULIO',1,131),
 (38,2,'TULIO',1,132),
 (39,2,'TULIO',1,133),
 (40,2,'TULIO',1,134),
 (41,2,'TULIO',1,135),
 (42,2,'TULIO',1,30),
 (43,2,'TULIO',1,136),
 (44,2,'TULIO',1,31),
 (45,2,'TULIO',1,137),
 (46,2,'TULIO',1,32),
 (47,2,'TULIO',202,138),
 (48,2,'TULIO',5,33),
 (49,2,'TULIO',101,139),
 (50,2,'TULIO',5,34),
 (51,2,'TULIO',202,140),
 (52,2,'TULIO',5,35),
 (53,2,'TULIO',202,141),
 (54,2,'TULIO',1,142),
 (55,2,'TULIO',5,36),
 (56,2,'TULIO',1,143),
 (57,2,'TULIO',5,37),
 (58,2,'TULIO',1,144),
 (59,2,'TULIO',5,38),
 (60,2,'TULIO',1,145),
 (61,2,'TULIO',5,39),
 (62,2,'TULIO',1,146),
 (63,2,'TULIO',5,40),
 (64,2,'TULIO',1,147),
 (65,2,'TULIO',5,41),
 (66,2,'TULIO',1,148),
 (67,2,'TULIO',5,42),
 (68,1,'TULIO',1,149),
 (69,2,'TULIO',1,150),
 (70,2,'TULIO',5,43),
 (71,2,'TULIO',1,151),
 (72,2,'TULIO',1,152),
 (73,2,'TULIO',1,153),
 (74,2,'TULIO',1,154),
 (75,2,'TULIO',1,155),
 (76,2,'TULIO',1,156),
 (77,2,'TULIO',1,157),
 (78,2,'TULIO',1,158),
 (79,2,'TULIO',1,159),
 (80,2,'TULIO',1,160),
 (81,2,'TULIO',1,161),
 (82,2,'TULIO',1,162),
 (83,2,'TULIO',5,44),
 (84,2,'TULIO',1,163),
 (85,2,'TULIO',5,45),
 (86,2,'TULIO',1,164),
 (87,2,'TULIO',1,165),
 (88,2,'TULIO',1,166),
 (89,2,'TULIO',5,46),
 (90,2,'TULIO',1,167),
 (91,2,'TULIO',1,168),
 (92,2,'TULIO',1,169),
 (93,2,'TULIO',1,170),
 (94,2,'TULIO',5,47),
 (95,2,'TULIO',1,171),
 (96,2,'TULIO',1,172),
 (97,2,'TULIO',5,48),
 (98,2,'TULIO',1,173),
 (99,2,'TULIO',5,49),
 (100,2,'TULIO',1,174),
 (101,2,'TULIO',5,50),
 (102,2,'TULIO',1,175),
 (103,2,'TULIO',5,51),
 (104,2,'TULIO',1,176),
 (105,2,'TULIO',1,177),
 (106,2,'TULIO',5,52),
 (107,2,'TULIO',1,178),
 (108,2,'TULIO',5,53),
 (109,2,'TULIO',1,179),
 (110,2,'TULIO',1,180),
 (111,2,'TULIO',1,181),
 (112,2,'TULIO',1,182),
 (113,2,'TULIO',5,54),
 (114,2,'TULIO',1,183),
 (115,2,'TULIO',5,55),
 (116,2,'TULIO',1,184),
 (117,2,'TULIO',5,56),
 (118,2,'TULIO',1,185),
 (119,2,'TULIO',1,186),
 (120,2,'TULIO',1,187),
 (121,2,'TULIO',1,188),
 (122,2,'TULIO',1,189),
 (123,2,'TULIO',5,57),
 (124,2,'TULIO',1,190),
 (125,2,'TULIO',5,58),
 (126,2,'TULIO',1,191),
 (127,2,'TULIO',5,59),
 (128,2,'TULIO',1,192),
 (129,2,'TULIO',5,60),
 (130,2,'TULIO',1,193),
 (131,2,'TULIO',5,61),
 (132,2,'TULIO',1,194),
 (133,2,'TULIO',1,195),
 (134,2,'TULIO',1,196),
 (135,2,'TULIO',5,62),
 (136,2,'TULIO',1,197),
 (137,2,'TULIO',1,198),
 (138,2,'TULIO',1,199),
 (139,2,'TULIO',1,200),
 (140,2,'TULIO',1,201),
 (141,2,'TULIO',1,202),
 (142,2,'TULIO',1,203),
 (143,1,'TULIO',4,204),
 (144,1,'TULIO',0,63),
 (145,1,'TULIO',1,205),
 (146,1,'TULIO',5,64),
 (147,1,'TULIO',1,208),
 (148,1,'TULIO',1,209),
 (149,1,'TULIO',1,210),
 (150,1,'TULIO',0,65),
 (151,1,'TULIO',1,211),
 (152,1,'TULIO',1,212),
 (153,1,'TULIO',1,213),
 (154,1,'TULIO',1,214),
 (155,1,'TULIO',1,215),
 (156,1,'TULIO',0,66),
 (157,1,'TULIO',1,216),
 (158,1,'TULIO',1,217),
 (159,1,'TULIO',0,67),
 (160,1,'TULIO',1,218),
 (161,1,'TULIO',0,68),
 (162,1,'TULIO',1,219),
 (163,1,'TULIO',0,69),
 (164,1,'TULIO',1,220),
 (165,1,'TULIO',1,221),
 (166,1,'TULIO',0,70),
 (167,1,'TULIO',1,222),
 (168,1,'TULIO',5,71),
 (169,1,'TULIO',1,223),
 (170,1,'TULIO',1,224),
 (171,1,'TULIO',5,72),
 (172,1,'TULIO',1,225),
 (173,1,'TULIO',1,226),
 (174,1,'TULIO',1,227),
 (175,1,'TULIO',5,73),
 (176,1,'TULIO',1,228),
 (177,1,'TULIO',5,74),
 (178,1,'TULIO',1,229),
 (179,1,'TULIO',5,75),
 (180,1,'TULIO',1,230),
 (181,1,'TULIO',1,231),
 (182,1,'TULIO',1,232),
 (183,1,'TULIO',5,76),
 (184,1,'TULIO',1,233),
 (185,1,'TULIO',1,234),
 (186,1,'TULIO',5,77),
 (187,1,'TULIO',1,235),
 (188,1,'TULIO',1,236),
 (189,1,'TULIO',5,78),
 (190,1,'TULIO',1,237),
 (191,1,'TULIO',1,238),
 (192,1,'TULIO',1,239),
 (193,1,'TULIO',1,240),
 (194,1,'TULIO',5,79),
 (195,1,'TULIO',1,241),
 (196,1,'TULIO',5,80),
 (197,1,'TULIO',1,242),
 (198,1,'TULIO',1,243),
 (199,1,'TULIO',5,81),
 (200,1,'TULIO',1,244),
 (201,1,'TULIO',5,82),
 (202,1,'TULIO',1,245),
 (203,1,'TULIO',5,83),
 (204,1,'TULIO',1,246),
 (205,1,'TULIO',1,247),
 (206,1,'TULIO',5,86),
 (207,1,'TULIO',1,248),
 (208,1,'TULIO',5,87),
 (209,1,'TULIO',5,88),
 (210,1,'TULIO',1,249),
 (211,1,'TULIO',5,89),
 (212,1,'TULIO',5,90),
 (213,1,'TULIO',1,250),
 (214,1,'TULIO',5,91),
 (215,1,'TULIO',1,251),
 (216,1,'TULIO',5,92),
 (217,1,'TULIO',5,93),
 (218,1,'TULIO',1,252),
 (219,1,'TULIO',5,94),
 (220,1,'TULIO',1,253),
 (221,1,'TULIO',5,95),
 (222,1,'TULIO',1,254),
 (223,1,'TULIO',5,96),
 (224,1,'TULIO',1,255),
 (225,1,'TULIO',1,256),
 (226,1,'TULIO',1,257),
 (227,1,'TULIO',1,258),
 (228,1,'TULIO',1,259),
 (229,1,'TULIO',1,260),
 (230,1,'TULIO',5,97),
 (231,1,'TULIO',1,261),
 (232,1,'TULIO',1,262),
 (233,1,'TULIO',1,263),
 (234,1,'TULIO',1,264),
 (235,1,'TULIO',5,98),
 (236,1,'TULIO',1,265),
 (237,1,'TULIO',5,99),
 (238,1,'TULIO',1,266),
 (239,1,'TULIO',1,267),
 (240,1,'TULIO',1,268),
 (241,1,'TULIO',1,269),
 (242,1,'TULIO',1,270),
 (243,1,'TULIO',1,271),
 (244,1,'TULIO',1,272),
 (245,1,'TULIO',1,273),
 (246,1,'TULIO',1,274),
 (247,1,'TULIO',1,275),
 (248,1,'TULIO',1,276),
 (249,1,'TULIO',1,277),
 (250,1,'TULIO',5,100),
 (251,1,'TULIO',1,278),
 (252,1,'TULIO',5,101),
 (253,1,'TULIO',5,102),
 (254,1,'TULIO',1,279),
 (255,1,'TULIO',1,280),
 (256,1,'TULIO',1,282),
 (257,1,'TULIO',5,103),
 (258,1,'TULIO',1,286),
 (259,1,'TULIO',1,287),
 (260,1,'TULIO',5,104),
 (261,1,'TULIO',1,288),
 (262,1,'TULIO',5,105),
 (263,1,'TULIO',1,289),
 (264,1,'TULIO',5,106),
 (265,1,'TULIO',1,291),
 (266,1,'TULIO',5,107),
 (267,1,'TULIO',1,292),
 (268,1,'TULIO',1,293),
 (269,1,'TULIO',1,294),
 (270,1,'TULIO',5,108),
 (271,1,'TULIO',1,295),
 (272,1,'TULIO',1,296),
 (273,1,'TULIO',1,299),
 (274,1,'TULIO',1,300),
 (275,1,'TULIO',1,301),
 (276,1,'TULIO',5,109),
 (277,1,'TULIO',5,110),
 (278,1,'TULIO',5,111),
 (279,1,'TULIO',1,302),
 (280,1,'TULIO',1,303),
 (281,1,'TULIO',1,304),
 (282,1,'TULIO',1,305),
 (283,1,'TULIO',1,306),
 (284,1,'TULIO',1,307),
 (285,1,'TULIO',1,308),
 (286,1,'TULIO',1,309),
 (287,1,'TULIO',1,310),
 (288,1,'TULIO',1,311),
 (289,1,'TULIO',1,312),
 (290,1,'TULIO',5,112),
 (291,1,'TULIO',1,313),
 (292,1,'TULIO',1,314),
 (293,1,'TULIO',1,315),
 (294,1,'TULIO',1,316),
 (295,1,'TULIO',5,113),
 (296,1,'TULIO',1,317),
 (297,1,'TULIO',4,318),
 (298,1,'TULIO',5,114),
 (299,1,'TULIO',4,319),
 (300,1,'TULIO',5,115),
 (301,1,'TULIO',4,320),
 (302,1,'TULIO',5,116),
 (303,1,'TULIO',4,321),
 (304,1,'TULIO',4,322),
 (305,1,'TULIO',5,117),
 (306,1,'TULIO',1,323),
 (307,1,'TULIO',5,118),
 (308,1,'TULIO',1,324),
 (309,1,'TULIO',5,119),
 (310,1,'TULIO',9,325),
 (311,1,'TULIO',5,120),
 (312,1,'TULIO',1,326),
 (313,1,'TULIO',1,327),
 (314,1,'TULIO',1,328),
 (315,1,'TULIO',5,121),
 (316,1,'TULIO',5,122),
 (317,1,'TULIO',1,329),
 (318,1,'TULIO',1,330),
 (319,1,'TULIO',7,331),
 (320,1,'TULIO',5,123),
 (321,1,'TULIO',5,124),
 (322,1,'TULIO',5,125),
 (323,1,'TULIO',1,334),
 (324,1,'TULIO',5,126),
 (325,1,'TULIO',4,335),
 (326,1,'TULIO',5,127),
 (327,1,'TULIO',4,336),
 (328,1,'TULIO',5,128),
 (329,1,'TULIO',7,337),
 (330,1,'TULIO',1,338),
 (331,1,'TULIO',7,339),
 (332,1,'TULIO',5,129),
 (333,1,'TULIO',5,130),
 (334,1,'TULIO',1,340),
 (335,1,'TULIO',1,343),
 (336,1,'TULIO',7,344),
 (337,1,'TULIO',1,345),
 (338,1,'TULIO',1,346),
 (339,1,'TULIO',1,347),
 (340,1,'TULIO',1,349),
 (341,1,'TULIO',1,352),
 (342,1,'TULIO',1,353),
 (343,1,'TULIO',1,354),
 (344,1,'TULIO',1,356),
 (345,1,'TULIO',1,358),
 (346,1,'TULIO',1,360),
 (347,1,'TULIO',1,362),
 (348,1,'TULIO',5,131),
 (349,1,'TULIO',4,363),
 (350,1,'TULIO',4,364),
 (351,1,'TULIO',5,132),
 (352,1,'TULIO',4,365),
 (353,1,'TULIO',4,366),
 (354,1,'TULIO',1,367),
 (355,1,'TULIO',4,368),
 (356,1,'TULIO',5,133),
 (357,1,'TULIO',4,369),
 (358,1,'TULIO',5,134),
 (359,1,'TULIO',4,370),
 (360,1,'TULIO',5,135),
 (361,1,'TULIO',4,371),
 (362,1,'TULIO',4,372),
 (363,1,'TULIO',1,373),
 (364,1,'TULIO',4,374),
 (365,1,'TULIO',4,375),
 (366,1,'TULIO',5,136),
 (367,1,'TULIO',4,376),
 (368,1,'TULIO',4,377),
 (369,1,'TULIO',4,378),
 (370,1,'TULIO',5,137),
 (371,1,'TULIO',4,379),
 (372,1,'TULIO',1,380),
 (373,1,'TULIO',5,138),
 (374,1,'TULIO',1,381),
 (375,1,'TULIO',1,382),
 (376,1,'TULIO',1,383),
 (377,1,'TULIO',1,384),
 (378,1,'TULIO',5,139),
 (379,1,'TULIO',1,385),
 (380,1,'TULIO',5,140),
 (381,1,'TULIO',1,386),
 (382,1,'TULIO',5,141),
 (383,1,'TULIO',1,387),
 (384,1,'TULIO',5,142),
 (385,1,'TULIO',1,388),
 (386,1,'TULIO',5,143),
 (387,1,'TULIO',1,389),
 (388,1,'TULIO',5,144),
 (389,1,'TULIO',10,390),
 (390,1,'TULIO',0,145),
 (391,1,'TULIO',10,391),
 (392,1,'TULIO',10,392),
 (393,1,'TULIO',10,393),
 (394,1,'TULIO',10,394),
 (395,1,'TULIO',10,395),
 (396,1,'TULIO',13,146),
 (397,1,'TULIO',1,396),
 (398,1,'TULIO',1,397),
 (399,1,'TULIO',1,398),
 (400,1,'TULIO',1,399),
 (401,1,'TULIO',5,147),
 (402,1,'TULIO',1,400),
 (403,1,'TULIO',1,401),
 (404,1,'TULIO',5,148),
 (405,1,'TULIO',1,402),
 (406,1,'TULIO',5,149),
 (407,1,'TULIO',1,403),
 (408,1,'TULIO',5,150),
 (409,1,'TULIO',1,404),
 (410,1,'TULIO',1,405),
 (411,1,'TULIO',1,406),
 (412,1,'TULIO',1,407),
 (413,1,'TULIO',1,408),
 (414,1,'TULIO',1,409),
 (415,1,'TULIO',1,410),
 (416,1,'TULIO',1,411),
 (417,1,'TULIO',1,412),
 (418,1,'TULIO',5,151),
 (419,1,'TULIO',1,413),
 (420,1,'TULIO',5,152),
 (421,1,'TULIO',1,414),
 (422,1,'TULIO',5,153),
 (423,1,'TULIO',1,415),
 (424,1,'TULIO',5,154),
 (425,1,'TULIO',1,416),
 (426,1,'TULIO',5,155),
 (427,1,'TULIO',1,417),
 (428,1,'TULIO',5,156),
 (429,1,'TULIO',1,418),
 (430,1,'TULIO',5,157),
 (431,1,'TULIO',1,419),
 (432,1,'TULIO',5,158),
 (433,1,'TULIO',1,420),
 (434,1,'TULIO',5,159),
 (435,1,'TULIO',1,421),
 (436,1,'TULIO',5,160),
 (437,1,'TULIO',1,422),
 (438,1,'TULIO',5,161),
 (439,1,'TULIO',1,423),
 (440,1,'TULIO',5,162),
 (441,1,'TULIO',1,424),
 (442,1,'TULIO',1,425),
 (443,1,'TULIO',1,426),
 (444,1,'TULIO',5,163),
 (445,1,'TULIO',1,427),
 (446,1,'TULIO',5,164),
 (447,1,'TULIO',1,428),
 (448,1,'TULIO',5,165),
 (449,1,'TULIO',1,429),
 (450,1,'TULIO',1,430),
 (451,1,'TULIO',5,166),
 (452,1,'TULIO',10,431),
 (453,1,'TULIO',10,432),
 (454,1,'TULIO',10,433),
 (455,1,'TULIO',0,167),
 (456,1,'TULIO',10,434),
 (457,1,'TULIO',0,168),
 (458,1,'TULIO',10,435),
 (459,1,'TULIO',0,169),
 (460,1,'TULIO',10,436),
 (461,1,'TULIO',0,170),
 (462,1,'TULIO',10,437),
 (463,1,'TULIO',0,171),
 (464,1,'TULIO',10,438),
 (465,1,'TULIO',0,172),
 (466,1,'TULIO',1,439),
 (467,1,'TULIO',5,173),
 (468,1,'TULIO',1,440),
 (469,1,'TULIO',1,441),
 (470,1,'TULIO',1,442),
 (471,1,'TULIO',5,174),
 (472,1,'TULIO',1,443),
 (473,1,'TULIO',1,444),
 (474,1,'TULIO',5,175),
 (475,1,'TULIO',1,445),
 (476,1,'TULIO',5,176),
 (477,1,'TULIO',10,446),
 (478,1,'TULIO',10,447),
 (479,1,'TULIO',0,177),
 (480,1,'TULIO',10,448),
 (481,1,'TULIO',5,178),
 (482,1,'TULIO',7,449),
 (483,1,'TULIO',9,450),
 (484,1,'TULIO',1,451),
 (485,1,'TULIO',5,179),
 (486,1,'TULIO',10,452),
 (487,1,'TULIO',10,453),
 (488,1,'TULIO',13,180),
 (489,1,'TULIO',10,454),
 (490,1,'TULIO',10,455),
 (491,1,'TULIO',10,456),
 (492,1,'TULIO',13,181),
 (493,1,'TULIO',10,457),
 (494,1,'TULIO',13,182),
 (495,1,'TULIO',1,458),
 (496,1,'TULIO',5,183),
 (497,1,'TULIO',10,459),
 (498,1,'TULIO',13,184),
 (499,1,'TULIO',1,460),
 (500,1,'TULIO',1,461),
 (501,1,'TULIO',1,462),
 (502,1,'TULIO',1,463),
 (503,1,'TULIO',10,464),
 (504,1,'TULIO',1,465),
 (505,1,'TULIO',1,466),
 (506,1,'TULIO',1,467),
 (507,1,'TULIO',14,185),
 (508,1,'TULIO',1,468),
 (509,1,'TULIO',14,186),
 (510,1,'TULIO',1,469),
 (511,1,'TULIO',1,470),
 (512,1,'TULIO',1,471),
 (513,1,'TULIO',1,472),
 (514,1,'TULIO',1,473),
 (515,1,'TULIO',1,474),
 (516,1,'TULIO',4,475),
 (517,1,'TULIO',1,478),
 (518,1,'TULIO',1,481),
 (519,1,'TULIO',1,482),
 (520,1,'TULIO',1,483),
 (521,1,'TULIO',4,484),
 (522,1,'TULIO',4,485),
 (523,1,'TULIO',4,486),
 (524,1,'TULIO',4,487),
 (525,1,'TULIO',4,488),
 (526,1,'TULIO',4,489),
 (527,1,'TULIO',4,490),
 (528,1,'TULIO',0,187),
 (529,1,'TULIO',4,491),
 (530,1,'TULIO',0,188),
 (531,1,'TULIO',4,492),
 (532,1,'TULIO',1,493),
 (533,1,'TULIO',14,189),
 (534,1,'TULIO',1,494),
 (535,1,'TULIO',14,190),
 (536,1,'TULIO',1,495),
 (537,1,'TULIO',14,191),
 (538,1,'TULIO',1,496),
 (539,1,'TULIO',14,192),
 (540,1,'TULIO',14,193),
 (541,1,'TULIO',14,194),
 (542,1,'TULIO',14,195),
 (543,1,'TULIO',14,196),
 (544,1,'TULIO',1,497),
 (545,1,'TULIO',7,498),
 (546,1,'TULIO',14,197),
 (547,1,'TULIO',1,499),
 (548,1,'TULIO',14,198),
 (549,1,'TULIO',14,199),
 (550,1,'TULIO',10,500),
 (551,1,'TULIO',14,200),
 (552,1,'TULIO',8,501),
 (553,1,'TULIO',14,201),
 (554,1,'TULIO',1,502),
 (555,1,'TULIO',1,503),
 (556,1,'TULIO',1,504),
 (557,1,'TULIO',1,505),
 (558,1,'TULIO',14,202),
 (559,1,'TULIO',14,203),
 (560,1,'TULIO',5,204),
 (561,1,'TULIO',1,506),
 (562,1,'TULIO',14,205),
 (563,1,'TULIO',14,206),
 (564,1,'TULIO',1,509),
 (565,1,'TULIO',1,510),
 (566,1,'TULIO',1,511),
 (567,1,'TULIO',14,207),
 (568,1,'TULIO',14,208),
 (569,1,'TULIO',1,517),
 (570,1,'TULIO',14,209),
 (571,1,'TULIO',1,518),
 (572,1,'TULIO',1,519),
 (573,1,'TULIO',14,210),
 (574,1,'TULIO',8,520),
 (575,1,'TULIO',1,521),
 (576,1,'TULIO',1,522),
 (577,1,'TULIO',14,211),
 (578,1,'TULIO',14,212),
 (579,1,'TULIO',1,523),
 (580,1,'TULIO',5,213),
 (581,1,'TULIO',1,524),
 (582,1,'TULIO',1,525),
 (583,1,'TULIO',1,526),
 (584,1,'TULIO',14,214),
 (585,1,'TULIO',1,527),
 (586,1,'TULIO',14,215),
 (587,1,'TULIO',14,216),
 (588,1,'TULIO',14,217),
 (589,1,'TULIO',1,528),
 (590,1,'TULIO',14,218),
 (591,1,'TULIO',1,530),
 (592,1,'TULIO',14,219),
 (593,1,'TULIO',1,531),
 (594,1,'TULIO',14,220),
 (595,1,'TULIO',14,221),
 (596,1,'TULIO',1,532),
 (597,1,'TULIO',14,222),
 (598,1,'TULIO',14,223),
 (599,1,'TULIO',1,533),
 (600,1,'TULIO',14,224),
 (601,1,'TULIO',1,534),
 (602,1,'TULIO',14,225),
 (603,1,'TULIO',1,535),
 (604,1,'TULIO',14,226),
 (605,1,'TULIO',1,536),
 (606,1,'TULIO',1,537),
 (607,1,'TULIO',1,538),
 (608,1,'TULIO',1,539),
 (609,1,'TULIO',1,540),
 (610,1,'TULIO',14,227),
 (611,1,'TULIO',1,541),
 (612,1,'TULIO',1,542),
 (613,1,'TULIO',14,228),
 (614,1,'TULIO',1,543),
 (615,1,'TULIO',14,229),
 (616,1,'TULIO',1,544),
 (617,1,'TULIO',14,230),
 (618,1,'TULIO',8,545),
 (619,1,'TULIO',14,231),
 (620,1,'TULIO',14,232),
 (621,1,'TULIO',1,546),
 (622,1,'TULIO',14,233),
 (623,1,'TULIO',1,547),
 (624,1,'TULIO',14,234),
 (625,1,'TULIO',1,548),
 (626,1,'TULIO',14,235),
 (627,1,'TULIO',14,236),
 (628,1,'TULIO',14,237),
 (629,1,'TULIO',14,238),
 (630,1,'TULIO',14,239),
 (631,1,'TULIO',14,240),
 (632,1,'TULIO',1,549),
 (633,1,'TULIO',14,241),
 (634,1,'TULIO',1,550),
 (635,1,'TULIO',14,242),
 (636,1,'TULIO',1,551),
 (637,1,'TULIO',1,552),
 (638,1,'TULIO',14,243),
 (639,1,'TULIO',1,553),
 (640,1,'TULIO',1,554),
 (641,1,'TULIO',1,555),
 (642,1,'TULIO',1,556),
 (643,1,'TULIO',1,557),
 (644,1,'TULIO',1,558),
 (645,1,'TULIO',14,244),
 (646,1,'TULIO',1,559),
 (647,1,'TULIO',14,245),
 (648,1,'TULIO',1,560),
 (649,1,'TULIO',14,246),
 (650,1,'TULIO',1,561),
 (651,1,'TULIO',14,247),
 (652,1,'TULIO',1,562),
 (653,1,'TULIO',14,248),
 (654,1,'TULIO',1,563),
 (655,1,'TULIO',14,249),
 (656,1,'TULIO',14,250),
 (657,1,'TULIO',14,251),
 (658,1,'TULIO',14,252),
 (659,1,'TULIO',14,253),
 (660,1,'TULIO',14,254),
 (661,1,'TULIO',1,564),
 (662,1,'TULIO',1,565),
 (663,1,'TULIO',14,255),
 (664,1,'TULIO',14,256),
 (665,1,'TULIO',14,257),
 (666,1,'TULIO',14,258),
 (667,1,'TULIO',14,259),
 (668,1,'TULIO',14,260),
 (669,1,'TULIO',5,261),
 (670,1,'TULIO',14,262),
 (671,1,'TULIO',5,263),
 (672,1,'TULIO',14,264),
 (673,1,'TULIO',5,265),
 (674,1,'TULIO',14,266),
 (675,1,'TULIO',14,267),
 (676,1,'TULIO',14,268),
 (677,1,'TULIO',1,566),
 (678,1,'TULIO',14,269),
 (679,1,'TULIO',14,270),
 (680,1,'TULIO',14,271),
 (681,1,'TULIO',14,272),
 (682,1,'TULIO',14,273),
 (683,1,'TULIO',14,274),
 (684,1,'TULIO',14,275),
 (685,1,'TULIO',14,276),
 (686,1,'TULIO',14,277),
 (687,1,'TULIO',14,278),
 (688,1,'TULIO',14,279),
 (689,1,'TULIO',14,280),
 (690,1,'TULIO',14,281),
 (691,1,'TULIO',14,282),
 (692,1,'TULIO',1,567),
 (693,1,'TULIO',14,283),
 (694,1,'TULIO',14,284),
 (695,1,'TULIO',14,285),
 (696,1,'TULIO',14,286),
 (697,1,'TULIO',14,287),
 (698,1,'TULIO',14,288),
 (699,1,'TULIO',14,289),
 (700,1,'TULIO',5,290),
 (701,1,'TULIO',5,291),
 (702,1,'TULIO',5,292),
 (703,1,'TULIO',5,293),
 (704,1,'TULIO',5,294),
 (705,1,'TULIO',5,295),
 (706,1,'TULIO',5,296),
 (707,1,'TULIO',5,297),
 (708,1,'TULIO',5,298),
 (709,1,'TULIO',1,568),
 (710,1,'TULIO',14,299),
 (711,1,'TULIO',1,569),
 (712,1,'TULIO',1,570),
 (713,1,'TULIO',1,571),
 (714,1,'TULIO',1,572),
 (715,1,'TULIO',14,300),
 (716,1,'TULIO',1,573),
 (717,1,'TULIO',1,574),
 (718,1,'TULIO',1,575),
 (719,1,'TULIO',1,576),
 (720,1,'TULIO',14,301),
 (721,1,'TULIO',1,577),
 (722,1,'TULIO',1,578),
 (723,1,'TULIO',1,579),
 (724,1,'TULIO',1,580),
 (725,1,'TULIO',1,581),
 (726,1,'TULIO',14,302),
 (727,1,'TULIO',5,303),
 (728,1,'TULIO',14,304),
 (729,1,'TULIO',1,582),
 (730,1,'TULIO',14,305),
 (731,1,'TULIO',1,583),
 (732,1,'TULIO',14,306),
 (733,1,'TULIO',5,307),
 (734,1,'TULIO',1,584),
 (735,1,'TULIO',14,308),
 (736,1,'TULIO',1,585),
 (737,1,'TULIO',1,586),
 (738,1,'TULIO',1,587),
 (739,1,'TULIO',14,309),
 (740,1,'TULIO',5,310),
 (741,1,'TULIO',1,588),
 (742,1,'TULIO',14,311),
 (743,1,'TULIO',1,589),
 (744,1,'TULIO',14,312),
 (745,1,'TULIO',5,313),
 (746,1,'TULIO',1,590),
 (747,1,'TULIO',14,314),
 (748,1,'TULIO',1,591),
 (749,1,'TULIO',1,592),
 (750,1,'TULIO',5,315),
 (751,1,'TULIO',1,593),
 (752,1,'TULIO',14,316),
 (753,1,'TULIO',14,317),
 (754,1,'TULIO',1,594),
 (755,1,'TULIO',1,595),
 (756,1,'TULIO',1,596),
 (757,1,'TULIO',1,597),
 (758,1,'TULIO',14,318),
 (759,1,'TULIO',14,319),
 (760,1,'TULIO',14,320),
 (761,1,'TULIO',14,321),
 (762,1,'TULIO',1,598),
 (763,1,'TULIO',14,322),
 (764,1,'TULIO',5,323),
 (765,1,'TULIO',5,324),
 (766,1,'TULIO',14,325),
 (767,1,'TULIO',5,326),
 (768,1,'TULIO',1,599),
 (769,1,'TULIO',14,327),
 (770,1,'TULIO',5,328),
 (771,1,'TULIO',14,329),
 (772,1,'TULIO',14,330),
 (773,1,'TULIO',1,600),
 (774,1,'TULIO',1,601),
 (775,1,'TULIO',1,602),
 (776,1,'TULIO',14,331),
 (777,1,'TULIO',1,603),
 (778,1,'TULIO',1,604),
 (779,1,'TULIO',1,605),
 (780,1,'TULIO',1,606),
 (781,1,'TULIO',1,607),
 (782,1,'TULIO',1,608),
 (783,1,'TULIO',1,609),
 (784,1,'TULIO',14,332),
 (785,1,'TULIO',1,610),
 (786,1,'TULIO',14,333),
 (787,1,'TULIO',14,334),
 (788,1,'TULIO',14,335),
 (789,1,'TULIO',1,611),
 (790,1,'TULIO',1,612),
 (791,1,'TULIO',1,613),
 (792,1,'TULIO',1,614),
 (793,1,'TULIO',1,615),
 (794,1,'TULIO',1,616),
 (795,1,'TULIO',1,617),
 (796,1,'TULIO',14,336),
 (797,1,'TULIO',1,618),
 (798,1,'TULIO',1,619),
 (799,1,'TULIO',1,620),
 (800,1,'TULIO',1,621),
 (801,1,'TULIO',1,622),
 (802,1,'TULIO',1,623),
 (803,1,'TULIO',14,337),
 (804,1,'TULIO',1,624),
 (805,1,'TULIO',14,338),
 (806,1,'TULIO',1,625),
 (807,1,'TULIO',1,626),
 (808,1,'TULIO',14,339),
 (809,1,'TULIO',1,627),
 (810,1,'TULIO',1,628),
 (811,1,'TULIO',14,340),
 (812,1,'TULIO',1,629),
 (813,1,'TULIO',1,630),
 (814,1,'TULIO',1,631),
 (815,1,'TULIO',14,341),
 (816,1,'TULIO',5,342),
 (817,1,'TULIO',14,343),
 (818,1,'TULIO',14,344),
 (819,1,'TULIO',14,345),
 (820,1,'TULIO',1,632),
 (821,1,'TULIO',1,633),
 (822,1,'TULIO',1,634),
 (823,1,'TULIO',1,635),
 (824,1,'TULIO',1,636),
 (825,1,'TULIO',1,637),
 (826,1,'TULIO',1,638),
 (827,1,'TULIO',1,639),
 (828,1,'TULIO',1,640),
 (829,1,'TULIO',5,346),
 (830,1,'TULIO',14,347),
 (831,1,'TULIO',14,348),
 (832,1,'TULIO',1,641),
 (833,1,'TULIO',1,642),
 (834,1,'TULIO',1,643),
 (835,1,'TULIO',1,644),
 (836,1,'TULIO',1,645),
 (837,1,'TULIO',14,349),
 (838,1,'TULIO',5,350),
 (839,1,'TULIO',5,351),
 (840,1,'TULIO',14,352),
 (841,1,'TULIO',5,353),
 (842,1,'TULIO',1,646),
 (843,1,'TULIO',1,647),
 (844,1,'TULIO',14,354),
 (845,1,'TULIO',5,355),
 (846,1,'TULIO',1,648),
 (847,1,'TULIO',1,649),
 (848,1,'TULIO',1,650),
 (849,1,'TULIO',1,651),
 (850,1,'TULIO',1,652),
 (851,1,'TULIO',1,653),
 (852,1,'TULIO',1,654),
 (853,1,'TULIO',1,655),
 (854,1,'TULIO',1,656),
 (855,1,'TULIO',1,657),
 (856,1,'TULIO',1,658),
 (857,1,'TULIO',1,659),
 (858,1,'TULIO',1,660),
 (859,1,'TULIO',1,661),
 (860,1,'TULIO',1,662),
 (861,1,'TULIO',1,663),
 (862,1,'TULIO',1,664),
 (863,1,'TULIO',1,665),
 (864,1,'TULIO',1,666),
 (865,1,'TULIO',1,667),
 (866,1,'TULIO',1,668),
 (867,1,'TULIO',1,669),
 (868,1,'TULIO',1,670),
 (869,1,'TULIO',1,671),
 (870,1,'TULIO',1,672),
 (871,1,'TULIO',1,673),
 (872,1,'TULIO',1,674),
 (873,1,'TULIO',1,675),
 (874,1,'TULIO',1,676),
 (875,1,'TULIO',10,677),
 (876,1,'TULIO',10,678),
 (877,1,'TULIO',1,679),
 (878,1,'TULIO',10,680),
 (879,1,'TULIO',10,681),
 (880,1,'TULIO',14,356),
 (881,1,'TULIO',1,682),
 (882,1,'TULIO',14,357),
 (883,1,'TULIO',1,683),
 (884,1,'TULIO',14,358),
 (885,1,'TULIO',10,684),
 (886,1,'TULIO',14,359),
 (887,1,'TULIO',10,685),
 (888,1,'TULIO',5,360),
 (889,1,'TULIO',5,361),
 (890,1,'TULIO',1,686),
 (891,1,'TULIO',5,362),
 (892,1,'TULIO',5,363),
 (893,1,'TULIO',5,364),
 (894,1,'TULIO',5,365),
 (895,1,'TULIO',5,366),
 (896,1,'TULIO',5,367),
 (897,1,'TULIO',5,368),
 (898,1,'TULIO',14,369),
 (899,1,'TULIO',5,370),
 (900,1,'TULIO',5,371),
 (901,1,'TULIO',5,372),
 (902,1,'TULIO',5,373),
 (903,1,'TULIO',5,374),
 (904,1,'TULIO',5,375),
 (905,1,'TULIO',5,376),
 (906,1,'TULIO',5,377),
 (907,1,'TULIO',5,378),
 (908,1,'TULIO',5,379),
 (909,1,'TULIO',5,380),
 (910,1,'TULIO',5,381),
 (911,1,'TULIO',5,382),
 (912,1,'TULIO',5,383),
 (913,1,'TULIO',5,384),
 (914,1,'TULIO',1,687),
 (915,1,'TULIO',14,385),
 (916,1,'TULIO',1,688),
 (917,1,'TULIO',14,386),
 (918,1,'TULIO',1,689),
 (919,1,'TULIO',14,387),
 (920,1,'TULIO',5,388),
 (921,1,'TULIO',14,389),
 (922,1,'TULIO',1,690),
 (923,1,'TULIO',14,390),
 (924,1,'TULIO',1,691),
 (925,1,'TULIO',14,391),
 (926,1,'TULIO',5,392),
 (927,1,'TULIO',1,692),
 (928,1,'TULIO',14,393),
 (929,1,'TULIO',8,693),
 (930,1,'TULIO',14,394),
 (931,1,'TULIO',8,694),
 (932,1,'TULIO',1,695),
 (933,1,'TULIO',8,696),
 (934,1,'TULIO',15,9),
 (935,1,'TULIO',15,10),
 (936,1,'TULIO',15,11),
 (937,1,'TULIO',15,12),
 (938,1,'TULIO',15,13),
 (939,1,'TULIO',15,14),
 (940,1,'TULIO',15,15),
 (941,1,'TULIO',15,16),
 (942,1,'TULIO',15,17),
 (943,1,'TULIO',15,18),
 (944,1,'TULIO',15,19),
 (945,1,'TULIO',15,20),
 (946,1,'TULIO',15,21),
 (947,1,'TULIO',15,22),
 (948,1,'TULIO',15,23),
 (949,1,'TULIO',15,24),
 (950,1,'TULIO',15,25),
 (951,1,'TULIO',15,26),
 (952,1,'TULIO',15,27),
 (953,1,'TULIO',15,28),
 (954,1,'TULIO',15,29),
 (955,1,'TULIO',15,30),
 (956,1,'TULIO',15,31),
 (957,1,'TULIO',15,32),
 (958,1,'TULIO',15,33),
 (959,1,'TULIO',1,697),
 (960,1,'TULIO',15,34),
 (961,1,'TULIO',15,35),
 (962,1,'TULIO',1,698),
 (963,1,'TULIO',15,36),
 (964,1,'TULIO',15,37),
 (965,1,'TULIO',15,38),
 (966,1,'TULIO',15,39),
 (967,1,'TULIO',1,699),
 (968,1,'TULIO',1,700),
 (969,1,'TULIO',1,701),
 (970,1,'TULIO',15,41),
 (971,1,'TULIO',15,42),
 (972,1,'TULIO',15,43),
 (973,1,'TULIO',1,702),
 (974,1,'TULIO',15,44),
 (975,1,'TULIO',1,703),
 (976,1,'TULIO',15,45),
 (977,1,'TULIO',15,46),
 (978,1,'TULIO',1,707),
 (979,1,'TULIO',1,708),
 (980,1,'TULIO',15,48),
 (981,1,'TULIO',5,395),
 (982,1,'TULIO',1,709),
 (983,1,'TULIO',14,396),
 (984,1,'TULIO',1,710),
 (985,1,'TULIO',14,397),
 (986,1,'TULIO',1,711),
 (987,1,'TULIO',5,398),
 (988,1,'TULIO',5,399),
 (989,1,'TULIO',1,712),
 (990,1,'TULIO',1,713),
 (991,1,'TULIO',1,714),
 (992,1,'TULIO',1,715),
 (993,1,'TULIO',1,716),
 (994,1,'TULIO',14,400),
 (995,1,'TULIO',5,401),
 (996,1,'TULIO',15,49),
 (997,1,'TULIO',15,50),
 (998,1,'TULIO',15,52),
 (999,1,'TULIO',1,718),
 (1000,1,'TULIO',14,402),
 (1001,1,'TULIO',15,53),
 (1002,1,'TULIO',1,719),
 (1003,1,'TULIO',14,403),
 (1004,1,'TULIO',15,54),
 (1005,1,'TULIO',15,55),
 (1006,1,'TULIO',15,56),
 (1007,1,'TULIO',15,57),
 (1008,1,'TULIO',15,58),
 (1009,1,'TULIO',15,62),
 (1010,1,'TULIO',15,65),
 (1011,1,'TULIO',15,66),
 (1012,1,'TULIO',15,67),
 (1013,1,'TULIO',15,68),
 (1014,1,'TULIO',1,720),
 (1015,1,'TULIO',14,404),
 (1016,1,'TULIO',16,8),
 (1017,1,'TULIO',16,9),
 (1018,1,'TULIO',16,10),
 (1019,1,'TULIO',15,69),
 (1020,1,'TULIO',16,11),
 (1021,1,'TULIO',16,12),
 (1022,1,'TULIO',16,13),
 (1023,1,'TULIO',16,14),
 (1024,1,'TULIO',16,15),
 (1025,1,'TULIO',16,18),
 (1026,1,'TULIO',16,19),
 (1027,1,'TULIO',16,20),
 (1028,1,'TULIO',1,721),
 (1029,1,'TULIO',14,405),
 (1030,1,'TULIO',16,21),
 (1031,1,'TULIO',16,22),
 (1032,1,'TULIO',16,23),
 (1033,1,'TULIO',16,24),
 (1034,1,'TULIO',16,25),
 (1035,1,'TULIO',16,26),
 (1036,1,'TULIO',16,27),
 (1037,1,'TULIO',1,722),
 (1038,1,'TULIO',16,28),
 (1039,1,'TULIO',5,406),
 (1040,1,'TULIO',1,723),
 (1041,1,'TULIO',1,724),
 (1042,1,'TULIO',5,407),
 (1043,1,'TULIO',5,408),
 (1044,1,'TULIO',5,409),
 (1045,1,'TULIO',5,410),
 (1046,1,'TULIO',20,1),
 (1047,1,'TULIO',20,2),
 (1048,1,'TULIO',20,3),
 (1049,1,'TULIO',20,4),
 (1050,1,'TULIO',20,5),
 (1051,1,'TULIO',20,6),
 (1052,1,'TULIO',20,7),
 (1053,1,'TULIO',20,8),
 (1054,1,'TULIO',20,9),
 (1055,1,'TULIO',20,10),
 (1056,1,'TULIO',20,11),
 (1057,1,'TULIO',20,12),
 (1058,1,'TULIO',20,13),
 (1059,1,'TULIO',5,411),
 (1060,1,'TULIO',20,14),
 (1061,1,'TULIO',20,15),
 (1062,1,'TULIO',15,76),
 (1063,1,'TULIO',15,78),
 (1064,1,'TULIO',15,79),
 (1065,1,'TULIO',20,16),
 (1066,1,'TULIO',16,29),
 (1067,1,'TULIO',16,30),
 (1068,1,'TULIO',1,725),
 (1069,1,'TULIO',1,726),
 (1070,1,'TULIO',14,412);
/*!40000 ALTER TABLE `cajarecaudah` ENABLE KEYS */;


--
-- Definition of table `campoconta`
--

DROP TABLE IF EXISTS `campoconta`;
CREATE TABLE `campoconta` (
  `idcpoconta` int(10) unsigned NOT NULL,
  `tabla` char(100) NOT NULL,
  `campo` char(100) NOT NULL,
  `tipo` char(1) NOT NULL,
  `detalle` char(254) NOT NULL,
  PRIMARY KEY (`idcpoconta`)
) ENGINE=InnoDB DEFAULT CHARSET=latin1;

--
-- Dumping data for table `campoconta`
--

/*!40000 ALTER TABLE `campoconta` DISABLE KEYS */;
/*!40000 ALTER TABLE `campoconta` ENABLE KEYS */;


--
-- Definition of table `campocontag`
--

DROP TABLE IF EXISTS `campocontag`;
CREATE TABLE `campocontag` (
  `idcpocontag` int(10) unsigned NOT NULL,
  `idcpoconta` int(10) unsigned NOT NULL,
  `valor1` char(50) NOT NULL,
  `compara` char(10) NOT NULL,
  `valor2` char(50) NOT NULL,
  `codigocta` char(20) NOT NULL,
  `tablag` char(100) NOT NULL,
  `campog` char(100) NOT NULL,
  `tipog` char(1) NOT NULL,
  PRIMARY KEY (`idcpocontag`)
) ENGINE=InnoDB DEFAULT CHARSET=latin1;

--
-- Dumping data for table `campocontag`
--

/*!40000 ALTER TABLE `campocontag` DISABLE KEYS */;
/*!40000 ALTER TABLE `campocontag` ENABLE KEYS */;


--
-- Definition of table `campogrupo`
--

DROP TABLE IF EXISTS `campogrupo`;
CREATE TABLE `campogrupo` (
  `idcampog` int(10) unsigned NOT NULL,
  `idtipogrupo` int(10) unsigned NOT NULL,
  `campo` char(50) NOT NULL,
  `tipoc` char(1) NOT NULL,
  `orden` int(10) unsigned NOT NULL,
  PRIMARY KEY (`idcampog`)
) ENGINE=InnoDB DEFAULT CHARSET=latin1;

--
-- Dumping data for table `campogrupo`
--

/*!40000 ALTER TABLE `campogrupo` DISABLE KEYS */;
INSERT INTO `campogrupo` (`idcampog`,`idtipogrupo`,`campo`,`tipoc`,`orden`) VALUES 
 (39,2,'apellido','C',0),
 (40,2,'nombre','C',0),
 (41,2,'compania','C',0),
 (42,2,'cuit','C',0),
 (67,5,'codigomat','C',0),
 (68,5,'detalle','C',0),
 (69,5,'unidad','C',0),
 (90,8,'nombre','C',1),
 (91,8,'apellido','C',2),
 (92,1,'detalle','C',1),
 (93,9,'banco','I',10),
 (94,9,'nombre','C',10);
/*!40000 ALTER TABLE `campogrupo` ENABLE KEYS */;


--
-- Definition of table `carteracheque`
--

DROP TABLE IF EXISTS `carteracheque`;
CREATE TABLE `carteracheque` (
  `idcartera` int(10) unsigned NOT NULL,
  `detalle` char(254) NOT NULL,
  `fechaalta` char(8) NOT NULL,
  `idpland` int(10) unsigned NOT NULL,
  PRIMARY KEY (`idcartera`)
) ENGINE=InnoDB DEFAULT CHARSET=latin1;

--
-- Dumping data for table `carteracheque`
--

/*!40000 ALTER TABLE `carteracheque` DISABLE KEYS */;
INSERT INTO `carteracheque` (`idcartera`,`detalle`,`fechaalta`,`idpland`) VALUES 
 (1,'CARTERA 1','20180908',1);
/*!40000 ALTER TABLE `carteracheque` ENABLE KEYS */;


--
-- Definition of table `carterachequed`
--

DROP TABLE IF EXISTS `carterachequed`;
CREATE TABLE `carterachequed` (
  `idcartera` int(10) unsigned NOT NULL,
  `idcheque` int(10) unsigned NOT NULL,
  `serie` char(10) NOT NULL,
  `numero` char(50) NOT NULL,
  `detercero` char(1) NOT NULL,
  `importe` float(13,4) NOT NULL,
  `cuenta` char(50) NOT NULL,
  `fechaemisi` char(8) NOT NULL,
  `fechavence` char(8) NOT NULL,
  `alaorden` char(254) NOT NULL,
  `librador` char(254) NOT NULL,
  `loentrega` char(254) NOT NULL,
  `iddetacobro` int(10) unsigned NOT NULL,
  `idbanco` int(10) unsigned NOT NULL,
  PRIMARY KEY (`idcheque`) USING BTREE
) ENGINE=InnoDB DEFAULT CHARSET=latin1;

--
-- Dumping data for table `carterachequed`
--

/*!40000 ALTER TABLE `carterachequed` DISABLE KEYS */;
INSERT INTO `carterachequed` (`idcartera`,`idcheque`,`serie`,`numero`,`detercero`,`importe`,`cuenta`,`fechaemisi`,`fechavence`,`alaorden`,`librador`,`loentrega`,`iddetacobro`,`idbanco`) VALUES 
 (1,2,'A','2231556','S',122.2100,'222333456','20000101','20180912','Pablo','Pablo','Pablo',0,3),
 (1,3,'B','12323654','N',122.2100,'123456789','20000101','20180912','Pablo','Pablo','Pablo',126,3),
 (1,4,'A','123456','N',600.0000,'123213','20000101','20180915','Pablo','Pablo','PAblo',127,3),
 (1,5,'A','12345678','N',500.0000,'123456798','20000101','20180915','Pablo','Pablo','Pablo',0,3),
 (1,6,'A','12345679','N',500.0000,'544865656','20000101','20180915','P','P','P',0,3),
 (1,7,'3','12345679','S',146.6500,'120931039812012','20181210','20181220','Amoblark','Rossi Tulio','Rossi Tulio',233,3),
 (1,8,'3','12345679','S',146.6500,'120931039812012','20181210','20181220','Amoblark','Rossi Tulio','Rossi Tulio',0,3),
 (1,9,'4','123156','S',611.0500,'123123123313','20181210','20181215','Amoblark','Tulio','Tulio',234,3),
 (1,10,'1','32131321','N',12.1000,'3132131','20181210','20181215','asada','asdsada','asdasda',235,2),
 (1,11,'1','13213216','S',611.0500,'3221321312','20181210','20181210','Amoblark','Pablo','Pablo',236,3);
/*!40000 ALTER TABLE `carterachequed` ENABLE KEYS */;


--
-- Definition of table `chequesprop`
--

DROP TABLE IF EXISTS `chequesprop`;
CREATE TABLE `chequesprop` (
  `idchequep` int(10) unsigned NOT NULL,
  `iddetapago` int(10) unsigned NOT NULL,
  `idcuenta` int(10) unsigned NOT NULL,
  `serie` char(10) NOT NULL,
  `numero` char(50) NOT NULL,
  `importe` float(13,4) NOT NULL,
  `fechaemisi` char(8) NOT NULL,
  `fechavence` char(8) NOT NULL,
  `alaorden` char(254) NOT NULL,
  PRIMARY KEY (`idchequep`)
) ENGINE=InnoDB DEFAULT CHARSET=latin1;

--
-- Dumping data for table `chequesprop`
--

/*!40000 ALTER TABLE `chequesprop` DISABLE KEYS */;
/*!40000 ALTER TABLE `chequesprop` ENABLE KEYS */;


--
-- Definition of table `cobrocomproba`
--

DROP TABLE IF EXISTS `cobrocomproba`;
CREATE TABLE `cobrocomproba` (
  `idcomprobafact` int(10) unsigned NOT NULL,
  `idcomprobarec` int(10) unsigned NOT NULL
) ENGINE=InnoDB DEFAULT CHARSET=latin1;

--
-- Dumping data for table `cobrocomproba`
--

/*!40000 ALTER TABLE `cobrocomproba` DISABLE KEYS */;
INSERT INTO `cobrocomproba` (`idcomprobafact`,`idcomprobarec`) VALUES 
 (1,14),
 (10,14),
 (4,14);
/*!40000 ALTER TABLE `cobrocomproba` ENABLE KEYS */;


--
-- Definition of table `cobros`
--

DROP TABLE IF EXISTS `cobros`;
CREATE TABLE `cobros` (
  `idcobro` int(10) unsigned NOT NULL,
  `idcomproba` int(10) unsigned NOT NULL,
  `idfactura` int(10) unsigned NOT NULL,
  `recargo` float(13,4) NOT NULL,
  `idregipago` int(10) unsigned NOT NULL,
  `idcuotafc` int(10) unsigned NOT NULL,
  `imputado` float(13,4) NOT NULL,
  PRIMARY KEY (`idcobro`) USING BTREE
) ENGINE=InnoDB DEFAULT CHARSET=latin1;

--
-- Dumping data for table `cobros`
--

/*!40000 ALTER TABLE `cobros` DISABLE KEYS */;
INSERT INTO `cobros` (`idcobro`,`idcomproba`,`idfactura`,`recargo`,`idregipago`,`idcuotafc`,`imputado`) VALUES 
 (5,5,65,0.0000,15,0,244.4200),
 (6,5,67,0.0000,17,0,122.2100),
 (7,5,68,0.0000,18,0,244.4200),
 (8,5,79,0.0000,24,0,44.4200),
 (9,0,79,0.0000,0,0,44.4200),
 (10,5,80,0.0000,25,0,44.4200),
 (11,0,80,0.0000,0,0,44.4200),
 (12,5,81,0.0000,26,0,44.4200),
 (13,5,82,0.0000,27,0,44.4200),
 (14,5,90,0.0000,28,0,44.0000),
 (18,5,138,0.0000,33,0,244.4200),
 (26,5,150,0.0000,43,0,244.4200),
 (27,5,162,0.0000,44,0,44.4200),
 (28,5,163,0.0000,45,0,66.6300),
 (30,5,170,0.0000,47,0,244.4200),
 (31,5,172,0.0000,48,0,366.6300),
 (32,5,173,0.0000,49,0,366.6300),
 (33,5,174,0.0000,50,0,244.4200),
 (34,5,175,0.0000,51,0,244.4200),
 (35,5,177,0.0000,52,0,734.7241),
 (36,5,178,0.0000,53,0,279.3696),
 (37,5,182,0.0000,54,0,279.3696),
 (38,5,183,0.0000,55,0,279.3696),
 (39,5,184,0.0000,56,0,279.3696),
 (40,5,189,0.0000,57,0,146.4100),
 (41,5,190,0.0000,58,0,445.3761),
 (42,5,191,0.0000,59,0,366.6300),
 (43,5,192,0.0000,60,0,441.9587),
 (44,5,193,0.0000,61,0,292.8200),
 (45,5,196,0.0000,62,0,122.2100),
 (46,0,204,0.0000,63,0,122.2100),
 (47,5,205,0.0000,64,0,122.2100),
 (48,0,210,0.0000,65,0,611.0500),
 (49,0,215,0.0000,66,0,733.2600),
 (50,0,217,0.0000,67,0,244.4200),
 (51,0,219,0.0000,69,0,244.4200),
 (52,0,221,0.0000,70,26,88.8400),
 (53,0,221,0.0000,70,27,0.0000),
 (54,0,221,0.0000,70,28,0.0000),
 (55,0,221,0.0000,70,29,0.0000),
 (56,5,222,0.0000,71,30,88.8400),
 (57,5,222,0.0000,71,31,0.0000),
 (58,5,222,0.0000,71,32,0.0000),
 (59,5,222,0.0000,71,33,0.0000),
 (60,5,224,0.0000,72,0,611.0500),
 (61,5,227,0.0000,73,53,11.0500),
 (62,5,227,0.0000,73,54,0.0000),
 (63,5,227,0.0000,73,55,0.0000),
 (64,5,227,0.0000,73,56,0.0000),
 (65,5,227,0.0000,73,57,0.0000),
 (66,5,227,0.0000,73,58,0.0000),
 (67,5,228,0.0000,74,0,611.0500),
 (68,5,229,0.0000,75,59,11.0500),
 (69,5,229,0.0000,75,60,0.0000),
 (70,5,229,0.0000,75,61,0.0000),
 (71,5,229,0.0000,75,62,0.0000),
 (72,5,229,0.0000,75,63,0.0000),
 (73,5,229,0.0000,75,64,0.0000),
 (74,5,232,0.0000,76,72,44.4200),
 (75,5,234,0.0000,77,0,244.4200),
 (76,5,236,0.0000,78,0,244.4200),
 (77,5,240,0.0000,79,81,44.4200),
 (78,5,241,0.0000,80,84,44.4200),
 (79,5,243,0.0000,81,0,244.4200),
 (80,5,244,0.0000,82,0,292.8200),
 (81,5,245,0.0000,83,0,122.2100),
 (82,5,104,0.0000,86,0,200.0000),
 (83,5,247,0.0000,86,0,1000.0000),
 (84,5,248,0.0000,87,0,611.0500),
 (85,5,104,0.0000,88,0,40.0000),
 (86,5,247,0.0000,88,0,60.0000),
 (87,5,247,0.0000,89,0,100.0000),
 (88,5,104,0.0000,90,0,4.4200),
 (89,5,247,0.0000,90,0,62.1000),
 (90,5,249,0.0000,90,0,33.4800),
 (91,5,250,0.0000,91,87,11.0500),
 (92,5,251,0.0000,92,0,611.0500),
 (93,5,249,0.0000,93,0,577.5700),
 (94,5,250,0.0000,93,88,200.0000),
 (95,5,250,0.0000,93,90,200.0000),
 (96,5,250,0.0000,93,89,22.4300),
 (97,5,250,0.0000,94,89,177.5700),
 (98,5,252,0.0000,94,0,22.4300),
 (99,5,253,0.0000,95,91,11.0500),
 (100,5,254,0.0000,96,0,303.5696),
 (101,5,260,0.0000,97,94,22.2100),
 (102,5,264,0.0000,98,110,6.3000),
 (103,5,265,0.0000,99,113,2.1000),
 (104,5,277,0.0000,100,0,122.2100),
 (105,5,278,0.0000,101,0,600.0000),
 (106,5,278,0.0000,102,0,11.0500),
 (107,5,282,0.0000,103,0,122.2100),
 (108,5,287,0.0000,104,0,611.0500),
 (109,5,288,0.0000,105,0,1222.1000),
 (110,5,289,0.0000,106,0,122.2100),
 (111,5,291,0.0000,107,0,100.0000),
 (112,5,294,0.0000,108,116,11.0500),
 (113,5,294,0.0000,108,117,1.5500),
 (114,5,252,0.0000,109,0,99.7800),
 (115,5,256,0.0000,109,0,0.2200),
 (116,5,253,0.0000,110,92,330.0000),
 (117,5,253,0.0000,110,93,330.0000),
 (118,5,255,0.0000,110,0,340.0000),
 (119,5,257,0.0000,111,0,500.0000),
 (120,5,312,0.0000,112,0,303.5696),
 (121,5,316,0.0000,113,0,734.7241),
 (122,5,318,0.0000,114,0,244.4200),
 (123,5,319,0.0000,115,0,244.4200),
 (124,5,320,0.0000,116,0,244.4200),
 (125,5,322,0.0000,117,0,244.4200),
 (126,5,323,0.0000,118,0,611.0500),
 (127,5,324,0.0000,119,0,244.4200),
 (128,5,325,0.0000,120,0,244.4200),
 (129,5,328,0.0000,121,0,244.4200),
 (130,5,255,0.0000,122,0,100.0000),
 (131,5,330,0.0000,123,0,244.4200),
 (132,5,331,0.0000,123,0,59.1496),
 (133,5,331,0.0000,124,0,0.0001),
 (134,5,331,0.0000,125,0,0.0003),
 (135,5,334,0.0000,126,0,122.2100),
 (136,5,335,0.0000,127,0,122.2100),
 (137,5,336,0.0000,128,0,122.2100),
 (138,5,338,0.0000,129,0,366.6300),
 (139,5,339,0.0000,129,0,88.7245),
 (140,5,255,0.0000,130,0,171.0500),
 (141,5,256,0.0000,130,0,610.8300),
 (142,5,257,0.0000,130,0,111.0500),
 (143,5,258,0.0000,130,0,107.0700),
 (144,5,362,0.0000,131,0,390.4700),
 (145,5,364,0.0000,132,0,365.4200),
 (146,5,368,0.0000,133,0,1305.5400),
 (147,5,369,0.0000,134,0,402.3900),
 (148,5,370,0.0000,135,0,434.5200),
 (149,5,375,0.0000,136,0,390.4700),
 (150,5,378,0.0000,137,0,243.2100),
 (151,5,380,0.0000,138,0,614.6800),
 (152,5,384,0.0000,139,130,14.6800),
 (153,5,385,0.0000,140,133,14.6800),
 (154,5,386,0.0000,141,0,614.6800),
 (155,5,387,0.0000,142,0,244.4200),
 (156,5,388,0.0000,143,0,244.4200),
 (157,5,389,0.0000,144,0,614.6800),
 (158,0,390,0.0000,145,0,614.6800),
 (159,13,395,0.0000,146,0,614.6800),
 (160,5,399,0.0000,147,0,614.6800),
 (161,5,401,0.0000,148,0,244.4200),
 (162,5,402,0.0000,149,0,763.4326),
 (163,5,403,0.0000,150,0,763.4326),
 (164,5,412,0.0000,151,160,14.6800),
 (165,5,413,0.0000,152,163,12.6000),
 (166,5,414,0.0000,153,0,614.6800),
 (167,5,415,0.0000,154,0,614.6800),
 (168,5,416,0.0000,155,0,759.8800),
 (169,5,417,0.0000,156,0,763.4326),
 (170,5,418,0.0000,157,0,759.8800),
 (171,5,419,0.0000,158,0,614.6800),
 (172,5,420,0.0000,159,0,614.6800),
 (173,5,421,0.0000,160,0,614.6800),
 (174,5,422,0.0000,161,0,763.4326),
 (175,5,423,0.0000,162,0,759.8800),
 (176,5,426,0.0000,163,0,734.6801),
 (177,5,427,0.0000,164,0,734.6801),
 (178,5,428,0.0000,165,0,734.6801),
 (179,5,430,0.0000,166,0,734.6801),
 (180,0,433,0.0000,167,169,14.6800),
 (181,0,434,0.0000,168,0,614.6800),
 (182,0,435,0.0000,169,0,614.6800),
 (183,0,436,0.0000,170,0,614.6800),
 (184,0,437,0.0000,171,0,737.6160),
 (185,0,438,0.0000,172,0,734.6801),
 (186,5,439,0.0000,173,172,14.6800),
 (187,5,439,0.0000,173,173,10.5200),
 (188,5,442,0.0000,174,175,14.6800),
 (189,5,442,0.0000,174,176,10.5200),
 (190,5,444,0.0000,175,181,0.0001),
 (191,5,445,0.0000,176,184,14.6800),
 (192,0,447,0.0000,177,190,14.6800),
 (193,5,448,0.0000,178,195,368.8000),
 (194,5,451,0.0000,179,0,196.0200),
 (195,13,453,0.0000,180,0,244.4200),
 (196,13,456,0.0000,181,0,602.5800),
 (197,13,457,0.0000,182,0,244.4200),
 (198,5,458,0.0000,183,0,244.4200),
 (199,13,459,0.0000,184,0,914.6420),
 (200,14,467,0.0000,185,0,293.3040),
 (201,14,468,0.0000,186,0,293.3040),
 (202,0,490,0.0000,187,0,439.9560),
 (203,0,491,0.0000,188,0,600.4020),
 (204,14,493,0.0000,189,0,921.2940),
 (205,14,494,0.0000,190,0,760.8480),
 (206,14,495,0.0000,191,0,146.6520),
 (207,14,496,0.0000,192,0,146.6500),
 (208,14,1,0.0000,193,0,611.0500),
 (209,14,294,0.0000,195,117,600.0000),
 (210,14,300,0.0000,195,118,10.0000),
 (211,14,466,0.0000,196,0,293.0000),
 (212,14,2,0.0000,197,0,611.0500),
 (213,14,3,0.0000,197,0,611.0500),
 (214,14,4,0.0000,197,0,611.0500),
 (215,14,5,0.0000,197,0,611.0500),
 (216,14,6,0.0000,197,0,611.0500),
 (217,14,7,0.0000,197,0,611.0500),
 (218,14,8,0.0000,197,0,733.2600),
 (219,14,9,0.0000,197,0,733.2600),
 (220,14,10,0.0000,197,0,733.2600),
 (221,14,11,0.0000,197,0,733.2600),
 (222,14,12,0.0000,197,0,407.3600),
 (223,14,13,0.0000,197,0,488.8400),
 (224,14,14,0.0000,197,0,488.8400),
 (225,14,15,0.0000,197,0,733.2600),
 (226,14,16,0.0000,197,0,733.2600),
 (227,14,17,0.0000,197,0,733.2600),
 (228,14,18,0.0000,197,0,488.8400),
 (229,14,19,0.0000,197,0,611.0500),
 (230,14,20,0.0000,197,0,733.2600),
 (231,14,21,0.0000,197,0,488.8400),
 (232,14,22,0.0000,197,0,488.8400),
 (233,14,23,0.0000,197,0,488.8400),
 (234,14,24,0.0000,197,0,488.8400),
 (235,14,25,0.0000,197,0,488.8400),
 (236,14,26,0.0000,197,0,488.8400),
 (237,14,27,0.0000,197,0,617.1000),
 (238,14,28,0.0000,197,0,611.0500),
 (239,14,29,0.0000,197,0,611.0500),
 (240,14,30,0.0000,197,0,611.0500),
 (241,14,31,0.0000,197,0,488.8400),
 (242,14,32,0.0000,197,0,244.4200),
 (243,14,33,0.0000,197,0,122.2100),
 (244,14,34,0.0000,197,0,366.6300),
 (245,14,35,0.0000,197,0,366.6300),
 (246,14,36,0.0000,197,0,244.4200),
 (247,14,37,0.0000,197,0,366.6300),
 (248,14,38,0.0000,197,0,244.4200),
 (249,14,39,0.0000,197,0,366.6300),
 (250,14,40,0.0000,197,0,366.6300),
 (251,14,41,0.0000,197,0,366.6300),
 (252,14,42,0.0000,197,0,366.6300),
 (253,14,43,0.0000,197,0,488.8400),
 (254,14,44,0.0000,197,0,370.2600),
 (255,14,45,0.0000,197,0,366.6300),
 (256,14,46,0.0000,197,0,366.6300),
 (257,14,47,0.0000,197,0,244.4200),
 (258,14,48,0.0000,197,0,370.2600),
 (259,14,49,0.0000,197,0,244.4200),
 (260,14,50,0.0000,197,0,244.4200),
 (261,14,51,0.0000,197,0,366.6300),
 (262,14,52,0.0000,197,0,244.4200),
 (263,14,53,0.0000,197,0,123.4200),
 (264,14,54,0.0000,197,0,244.4200),
 (265,14,55,0.0000,197,0,366.6300),
 (266,14,56,0.0000,197,0,366.6300),
 (267,14,57,0.0000,197,0,244.4200),
 (268,14,58,0.0000,197,0,366.6300),
 (269,14,59,0.0000,197,0,246.8400),
 (270,14,60,0.0000,197,0,246.8400),
 (271,14,61,0.0000,197,0,244.4200),
 (272,14,62,0.0000,197,0,366.6300),
 (273,14,63,0.0000,197,0,122.2100),
 (274,14,64,0.0000,197,0,366.6300),
 (275,14,66,0.0000,197,0,122.2100),
 (276,14,70,0.0000,197,0,244.4200),
 (277,14,71,0.0000,197,0,244.4200),
 (278,14,72,0.0000,197,0,244.4200),
 (279,14,73,0.0000,197,0,244.4200),
 (280,14,74,0.0000,197,0,244.4200),
 (281,14,75,0.0000,197,0,244.4200),
 (282,14,76,0.0000,197,0,244.4200),
 (283,14,77,0.0000,197,0,244.4200),
 (284,14,78,0.0000,197,0,244.4200),
 (285,14,79,0.0000,197,0,155.5800),
 (286,14,80,0.0000,197,0,155.5800),
 (287,14,81,0.0000,197,0,200.0000),
 (288,14,82,0.0000,197,3,110.0000),
 (289,14,82,0.0000,197,4,110.0000),
 (290,14,83,0.0000,197,0,244.4200),
 (291,14,84,0.0000,197,5,89.6200),
 (292,14,84,0.0000,197,6,89.6200),
 (293,14,84,0.0000,197,7,89.6200),
 (294,14,85,0.0000,197,0,244.4200),
 (295,14,86,0.0000,197,0,244.4200),
 (296,14,87,0.0000,197,0,244.4200),
 (297,14,88,0.0000,197,0,244.4200),
 (298,14,89,0.0000,197,0,244.4200),
 (299,14,90,0.0000,197,8,73.4800),
 (300,14,90,0.0000,197,9,73.4800),
 (301,14,90,0.0000,197,10,73.4800),
 (302,14,92,0.0000,197,0,244.4200),
 (303,14,93,0.0000,197,0,244.4200),
 (304,14,94,0.0000,197,0,244.4200),
 (305,14,95,0.0000,197,0,244.4200),
 (306,14,96,0.0000,197,0,244.4200),
 (307,14,97,0.0000,197,0,244.4200),
 (308,14,98,0.0000,197,0,244.4200),
 (309,14,99,0.0000,197,0,122.2100),
 (310,14,100,0.0000,197,0,244.4200),
 (311,14,101,0.0000,197,0,244.4200),
 (312,14,102,0.0000,197,0,244.4200),
 (313,14,103,0.0000,197,0,244.4200),
 (314,14,105,0.0000,197,0,244.4200),
 (315,14,106,0.0000,197,0,244.4200),
 (316,14,107,0.0000,197,0,244.4200),
 (317,14,108,0.0000,197,0,244.4200),
 (318,14,109,0.0000,197,0,244.4200),
 (319,14,110,0.0000,197,0,244.4200),
 (320,14,111,0.0000,197,0,122.2100),
 (321,14,112,0.0000,197,0,244.4200),
 (322,14,113,0.0000,197,0,122.2100),
 (323,14,114,0.0000,197,0,246.8400),
 (324,14,115,0.0000,197,0,122.2100),
 (325,14,116,0.0000,197,0,122.2100),
 (326,14,117,0.0000,197,0,122.2100),
 (327,14,118,0.0000,197,0,122.2100),
 (328,14,119,0.0000,197,0,244.4200),
 (329,14,120,0.0000,197,0,244.4200),
 (330,14,121,0.0000,197,0,122.2100),
 (331,14,122,0.0000,197,0,122.2100),
 (332,14,123,0.0000,197,0,244.4200),
 (333,14,124,0.0000,197,0,122.2100),
 (334,14,125,0.0000,197,0,122.2100),
 (335,14,126,0.0000,197,0,122.2100),
 (336,14,127,0.0000,197,0,220.8800),
 (337,14,127,0.0000,198,0,23.5400),
 (338,14,128,0.0000,198,0,244.4200),
 (339,14,129,0.0000,198,0,122.2100),
 (340,14,130,0.0000,198,0,122.2100),
 (341,14,131,0.0000,198,0,122.2100),
 (342,14,132,0.0000,198,0,122.2100),
 (343,14,133,0.0000,198,0,122.2100),
 (344,14,134,0.0000,198,0,244.4200),
 (345,14,135,0.0000,198,0,122.2100),
 (346,14,136,0.0000,198,0,244.4200),
 (347,14,137,0.0000,198,0,244.4200),
 (348,14,139,0.0000,198,0,122.2100),
 (349,14,140,0.0000,198,0,244.4200),
 (350,14,141,0.0000,198,0,244.4200),
 (351,14,142,0.0000,198,0,244.4200),
 (352,14,143,0.0000,198,0,493.6800),
 (353,14,144,0.0000,198,0,366.6300),
 (354,14,145,0.0000,198,0,617.1000),
 (355,14,146,0.0000,198,0,244.4200),
 (356,14,147,0.0000,198,0,244.4200),
 (357,14,148,0.0000,198,0,122.2100),
 (358,14,149,0.0000,198,0,122.2100),
 (359,14,151,0.0000,198,0,244.4200),
 (360,14,152,0.0000,198,0,122.2100),
 (361,14,153,0.0000,198,0,122.2100),
 (362,14,154,0.0000,198,0,244.4200),
 (363,14,155,0.0000,198,0,122.2100),
 (364,14,156,0.0000,198,0,122.2100),
 (365,14,157,0.0000,198,0,122.2100),
 (366,14,158,0.0000,198,0,122.2100),
 (367,14,159,0.0000,198,0,244.4200),
 (368,14,160,0.0000,198,0,244.4200),
 (369,14,161,0.0000,198,0,244.4200),
 (370,14,162,0.0000,198,0,200.0000),
 (371,14,163,0.0000,198,11,44.0200),
 (372,14,497,0.0000,199,0,1000.0000),
 (373,14,500,0.0000,200,0,146.6520),
 (374,14,400,0.0000,201,0,100.0000),
 (375,14,163,0.0000,202,11,65.9800),
 (376,14,163,0.0000,202,12,110.0000),
 (377,14,163,0.0000,202,13,110.0000),
 (378,14,164,0.0000,202,0,611.0500),
 (379,14,165,0.0000,202,0,611.0500),
 (380,14,166,0.0000,202,0,244.4200),
 (381,14,167,0.0000,202,0,244.4200),
 (382,14,168,0.0000,202,0,244.4200),
 (383,14,169,0.0000,202,0,611.0500),
 (384,14,171,0.0000,202,0,147.6100),
 (385,14,505,0.0000,203,0,293.3040),
 (386,5,258,0.0000,204,0,15.0000),
 (387,5,260,0.0000,204,96,20.0000),
 (388,5,260,0.0000,204,97,20.0000),
 (389,5,260,0.0000,204,98,20.0000),
 (390,5,260,0.0000,204,99,10.0000),
 (391,14,506,0.0000,205,0,293.3040),
 (392,14,396,0.0000,206,0,150.0000),
 (393,14,397,0.0000,206,0,614.6800),
 (394,14,400,0.0000,206,0,514.6800),
 (395,14,511,0.0000,207,205,66.5200),
 (396,14,519,0.0000,210,0,733.2600),
 (397,14,522,0.0000,211,0,145.0790),
 (398,14,518,100.0000,212,0,1566.5200),
 (399,5,171,0.0000,213,0,96.8100),
 (400,5,176,0.0000,213,0,446.4005),
 (401,5,179,0.0000,213,0,279.3696),
 (402,5,180,0.0000,213,0,279.3696),
 (403,5,181,0.0000,213,0,244.4200),
 (404,5,185,0.0000,213,0,367.6300),
 (405,5,186,0.0000,213,0,292.8200),
 (406,5,187,0.0000,213,0,279.3696),
 (407,5,188,0.0000,213,0,146.4100),
 (408,5,194,0.0000,213,0,122.2100),
 (409,5,195,0.0000,213,14,200.0000),
 (410,5,197,0.0000,213,0,122.2100),
 (411,5,198,0.0000,213,15,220.0000),
 (412,5,199,0.0000,213,16,100.0000),
 (413,5,200,0.0000,213,17,100.0000),
 (414,5,200,0.0000,213,18,100.0000),
 (415,5,201,0.0000,213,19,100.0000),
 (416,5,201,0.0000,213,20,100.0000),
 (417,5,202,0.0000,213,21,100.0000),
 (418,5,202,0.0000,213,22,100.0000),
 (419,5,203,0.0000,213,23,100.0000),
 (420,5,203,0.0000,213,24,100.0000),
 (421,5,206,0.0000,213,0,515.0000),
 (422,5,207,0.0000,213,0,611.0500),
 (423,5,208,0.0000,213,0,611.0500),
 (424,5,209,0.0000,213,25,60.5000),
 (425,5,211,0.0000,213,0,1222.1000),
 (426,5,212,0.0000,213,0,1222.1000),
 (427,5,213,0.0000,213,0,611.0500),
 (428,5,214,0.0000,213,0,244.4200),
 (429,5,216,0.0000,213,0,244.4200),
 (430,5,218,0.0000,213,0,611.0500),
 (431,5,220,0.0000,213,0,366.6300),
 (432,5,221,0.0000,213,26,11.1600),
 (433,5,221,0.0000,213,27,100.0000),
 (434,5,221,0.0000,213,28,100.0000),
 (435,5,221,0.0000,213,29,100.0000),
 (436,5,222,0.0000,213,30,11.1600),
 (437,5,222,0.0000,213,31,100.0000),
 (438,5,222,0.0000,213,32,100.0000),
 (439,5,222,0.0000,213,33,100.0000),
 (440,5,223,0.0000,213,34,100.0000),
 (441,5,223,0.0000,213,35,100.0000),
 (442,5,223,0.0000,213,36,100.0000),
 (443,5,223,0.0000,213,37,100.0000),
 (444,5,223,0.0000,213,38,100.0000),
 (445,5,223,0.0000,213,39,100.0000),
 (446,5,225,0.0000,213,40,100.0000),
 (447,5,225,0.0000,213,41,100.0000),
 (448,5,225,0.0000,213,42,100.0000),
 (449,5,225,0.0000,213,43,100.0000),
 (450,5,225,0.0000,213,44,100.0000),
 (451,5,225,0.0000,213,45,100.0000),
 (452,5,225,0.0000,213,46,100.0000),
 (453,5,226,0.0000,213,47,100.0000),
 (454,5,226,0.0000,213,48,100.0000),
 (455,5,226,0.0000,213,49,100.0000),
 (456,5,226,0.0000,213,50,100.0000),
 (457,5,226,0.0000,213,51,100.0000),
 (458,5,226,0.0000,213,52,100.0000),
 (459,5,227,0.0000,213,53,88.9500),
 (460,5,227,0.0000,213,54,100.0000),
 (461,5,227,0.0000,213,55,100.0000),
 (462,5,227,0.0000,213,56,100.0000),
 (463,5,227,0.0000,213,57,100.0000),
 (464,5,227,0.0000,213,58,100.0000),
 (465,5,229,0.0000,213,59,88.9500),
 (466,5,229,0.0000,213,60,100.0000),
 (467,5,229,0.0000,213,61,100.0000),
 (468,5,229,0.0000,213,62,100.0000),
 (469,5,229,0.0000,213,63,100.0000),
 (470,5,229,0.0000,213,64,100.0000),
 (471,5,230,0.0000,213,0,1222.1000),
 (472,5,231,0.0000,213,65,11.0500),
 (473,5,231,0.0000,213,66,100.0000),
 (474,5,231,0.0000,213,67,100.0000),
 (475,5,231,0.0000,213,68,100.0000),
 (476,5,231,0.0000,213,69,100.0000),
 (477,5,231,0.0000,213,70,100.0000),
 (478,5,231,0.0000,213,71,100.0000),
 (479,5,232,0.0000,213,73,100.0000),
 (480,5,232,0.0000,213,74,100.0000),
 (481,5,233,0.0000,213,0,366.6300),
 (482,5,235,0.0000,213,0,244.4200),
 (483,5,237,0.0000,213,0,366.6300),
 (484,5,238,0.0000,213,76,122.2100),
 (485,5,238,0.0000,213,77,122.2100),
 (486,5,239,0.0000,213,79,134.4300),
 (487,5,239,0.0000,213,80,134.4300),
 (488,5,240,0.0000,213,82,100.0000),
 (489,5,240,0.0000,213,83,100.0000),
 (490,5,241,0.0000,213,85,110.0000),
 (491,5,241,0.0000,213,86,110.0000),
 (492,5,242,0.0000,213,0,244.4200),
 (493,5,246,0.0000,213,0,1222.1000),
 (494,5,299,0.0000,213,0,2444.2000),
 (495,5,326,0.0000,213,0,122.2100),
 (496,5,355,0.0000,213,0,614.0500),
 (497,5,381,0.0000,213,0,614.6800),
 (498,5,382,0.0000,213,125,307.3400),
 (499,5,382,0.0000,213,126,307.3400),
 (500,5,383,0.0000,213,128,338.0700),
 (501,5,383,0.0000,213,129,338.0700),
 (502,5,384,0.0000,213,131,300.0000),
 (503,5,384,0.0000,213,132,300.0000),
 (504,5,385,0.0000,213,134,330.0000),
 (505,5,385,0.0000,213,135,330.0000),
 (506,5,391,0.0000,213,0,614.6800),
 (507,5,392,0.0000,213,0,614.6800),
 (508,5,393,0.0000,213,0,614.6800),
 (509,5,394,0.0000,213,0,614.6800),
 (510,5,404,0.0000,213,137,307.3400),
 (511,5,404,0.0000,213,138,307.3400),
 (512,5,405,0.0000,213,140,307.3400),
 (513,5,405,0.0000,213,141,307.3400),
 (514,5,406,0.0000,213,143,307.3400),
 (515,5,406,0.0000,213,144,307.3400),
 (516,5,407,0.0000,213,146,338.0700),
 (517,5,407,0.0000,213,147,338.0700),
 (518,5,408,0.0000,213,149,338.0700),
 (519,5,408,0.0000,213,150,338.0700),
 (520,5,409,0.0000,213,152,338.0700),
 (521,5,409,0.0000,213,153,338.0700),
 (522,5,410,0.0000,213,155,338.0700),
 (523,5,410,0.0000,213,156,338.0700),
 (524,5,411,0.0000,213,158,338.0700),
 (525,5,411,0.0000,213,159,338.0700),
 (526,5,412,0.0000,213,161,300.0000),
 (527,5,412,0.0000,213,162,300.0000),
 (528,5,413,0.0000,213,163,2.0800),
 (529,5,413,0.0000,213,164,330.0000),
 (530,5,413,0.0000,213,165,330.0000),
 (531,5,424,0.0000,213,0,639.8867),
 (532,5,425,0.0000,213,0,639.8867),
 (533,5,429,0.0000,213,0,734.6801),
 (534,5,431,0.0000,213,0,614.6800),
 (535,5,432,0.0000,213,167,307.3400),
 (536,5,432,0.0000,213,168,307.3400),
 (537,5,433,0.0000,213,170,300.0000),
 (538,5,433,0.0000,213,171,300.0000),
 (539,5,439,0.0000,213,173,349.4800),
 (540,5,439,0.0000,213,174,360.0000),
 (541,5,440,0.0000,213,0,614.6800),
 (542,5,441,0.0000,213,0,614.6800),
 (543,5,442,0.0000,213,176,349.4800),
 (544,5,442,0.0000,213,177,360.0000),
 (545,5,443,0.0000,213,178,14.6800),
 (546,5,443,0.0000,213,179,360.0000),
 (547,5,443,0.0000,213,180,360.0000),
 (548,5,444,0.0000,213,181,14.6799),
 (549,5,444,0.0000,213,182,360.0000),
 (550,5,444,0.0000,213,183,360.0000),
 (551,5,445,0.0000,213,185,360.0000),
 (552,5,445,0.0000,213,186,360.0000),
 (553,5,446,0.0000,213,188,368.8000),
 (554,5,446,0.0000,213,189,368.8000),
 (555,5,447,0.0000,213,191,300.0000),
 (556,5,447,0.0000,213,192,300.0000),
 (557,5,448,0.0000,213,194,368.8000),
 (558,5,449,0.0000,213,0,121.0000),
 (559,5,450,0.0000,213,0,370.2600),
 (560,5,452,0.0000,213,0,244.4200),
 (561,5,460,0.0000,213,0,146.6520),
 (562,5,461,0.0000,213,0,146.6520),
 (563,5,462,0.0000,213,0,293.3040),
 (564,5,463,0.0000,213,0,293.3040),
 (565,5,464,0.0000,213,0,293.3040),
 (566,5,465,0.0000,213,0,293.3040),
 (567,5,466,0.0000,213,0,0.3040),
 (568,5,469,0.0000,213,0,146.6520),
 (569,5,470,0.0000,213,0,1466.5200),
 (570,5,471,0.0000,213,0,293.3040),
 (571,5,474,0.0000,213,0,146.6520),
 (572,5,475,0.0000,213,0,733.2600),
 (573,5,478,0.0000,213,0,146.6520),
 (574,5,483,0.0000,213,0,476.6190),
 (575,5,484,0.0000,213,0,439.9560),
 (576,5,485,0.0000,213,0,307.0980),
 (577,5,486,0.0000,213,0,760.8480),
 (578,5,487,0.0000,213,0,439.9560),
 (579,5,488,0.0000,213,0,439.9560),
 (580,5,489,0.0000,213,0,760.8480),
 (581,5,492,0.0000,213,0,439.9560),
 (582,5,496,0.0000,213,0,0.0020),
 (583,5,497,0.0000,213,0,466.5200),
 (584,5,498,0.0000,213,0,121.0000),
 (585,5,499,0.0000,213,0,733.2600),
 (586,5,502,0.0000,213,0,146.6520),
 (587,5,504,0.0000,213,0,3208.9199),
 (588,5,509,0.0000,213,196,66.5200),
 (589,5,509,0.0000,213,197,513.3300),
 (590,5,509,0.0000,213,198,513.3300),
 (591,5,509,0.0000,213,199,513.3300),
 (592,5,517,0.0000,213,0,146.6520),
 (593,5,520,0.0000,213,0,121.0000),
 (594,5,523,0.0000,213,0,733.2600),
 (595,14,526,0.0000,214,0,733.2600),
 (596,14,527,0.0000,215,0,733.2600),
 (597,14,258,0.0000,216,0,0.1400),
 (598,14,259,0.0000,216,0,122.2100),
 (599,14,260,0.0000,216,95,20.0000),
 (600,14,260,0.0000,216,99,10.0000),
 (601,14,260,0.0000,216,100,20.0000),
 (602,14,261,0.0000,216,101,2.2100),
 (603,14,261,0.0000,216,102,26.4000),
 (604,14,261,0.0000,216,103,26.4000),
 (605,14,261,0.0000,216,104,26.4000),
 (606,14,261,0.0000,216,105,26.4000),
 (607,14,261,0.0000,216,106,26.4000),
 (608,14,262,0.0000,216,107,44.4200),
 (609,14,262,0.0000,216,108,110.0000),
 (610,14,262,0.0000,216,109,110.0000),
 (611,14,263,0.0000,216,0,366.6300),
 (612,14,264,0.0000,216,110,60.3300),
 (613,14,264,0.0000,216,111,165.0000),
 (614,14,264,0.0000,216,112,165.0000),
 (615,14,265,0.0000,216,113,20.1100),
 (616,14,265,0.0000,216,114,55.0000),
 (617,14,265,0.0000,216,115,55.0000),
 (618,14,266,0.0000,216,0,611.0500),
 (619,14,267,0.0000,217,0,244.4200),
 (620,14,268,0.0000,217,0,244.4200),
 (621,14,269,0.0000,217,0,122.2100),
 (622,14,270,0.0000,217,0,122.2100),
 (623,14,271,0.0000,217,0,122.2100),
 (624,14,272,0.0000,217,0,122.2100),
 (625,14,273,0.0000,217,0,244.4200),
 (626,14,274,0.0000,217,0,122.2100),
 (627,14,275,0.0000,217,0,122.2100),
 (628,14,276,0.0000,217,0,122.2100),
 (629,14,279,0.0000,217,0,1222.1000),
 (630,14,280,0.0000,217,0,1222.1000),
 (631,14,285,0.0000,217,0,611.0500),
 (632,14,286,0.0000,217,0,611.0500),
 (633,14,291,0.0000,217,0,511.0500),
 (634,14,292,0.0000,217,0,122.2100),
 (635,14,293,0.0000,217,0,127.5848),
 (636,14,294,0.0000,217,117,58.4500),
 (637,14,295,0.0000,217,0,611.0500),
 (638,14,300,0.0000,217,118,1.0500),
 (639,14,300,0.0000,217,119,132.0000),
 (640,14,300,0.0000,217,120,132.0000),
 (641,14,300,0.0000,217,121,132.0000),
 (642,14,300,0.0000,217,122,132.0000),
 (643,14,300,0.0000,217,123,132.0000),
 (644,14,302,0.0000,217,0,611.0500),
 (645,14,303,0.0000,217,0,611.0500),
 (646,14,304,0.0000,217,0,122.2100),
 (647,14,305,0.0000,217,0,758.9241),
 (648,14,306,0.0000,217,0,758.9241),
 (649,14,307,0.0000,217,0,303.5696),
 (650,14,308,0.0000,217,0,303.5696),
 (651,14,309,0.0000,217,0,303.5696),
 (652,14,310,0.0000,217,0,455.3545),
 (653,14,311,0.0000,217,0,303.5696),
 (654,14,313,0.0000,217,0,303.5696),
 (655,14,314,0.0000,217,0,1464.1000),
 (656,14,315,0.0000,217,0,734.7241),
 (657,14,327,0.0000,217,0,122.2100),
 (658,14,329,0.0000,217,0,122.2100),
 (659,14,337,0.0000,217,0,60.5000),
 (660,14,339,0.0000,217,0,0.0027),
 (661,14,340,0.0000,217,0,122.2100),
 (662,14,343,0.0000,217,0,611.0500),
 (663,14,344,0.0000,217,0,60.5000),
 (664,14,528,0.0000,218,209,33.2600),
 (665,14,530,0.0000,219,213,33.2600),
 (666,14,524,0.0000,220,0,733.2600),
 (667,14,345,0.0000,221,0,100.0000),
 (668,14,532,0.0000,222,0,873.2600),
 (669,14,345,0.0000,223,0,205.0000),
 (670,14,346,0.0000,223,0,367.6300),
 (671,14,347,0.0000,224,0,611.0500),
 (672,14,348,0.0000,224,0,244.4200),
 (673,14,349,0.0000,225,0,244.4200),
 (674,14,350,0.0000,225,0,614.0500),
 (675,14,351,0.0000,225,0,614.0500),
 (676,14,352,0.0000,225,0,614.0500),
 (677,14,353,0.0000,225,0,614.0500),
 (678,14,354,0.0000,225,0,613.1000),
 (679,14,356,0.0000,225,0,737.2600),
 (680,14,357,0.0000,225,0,614.0500),
 (681,14,358,0.0000,225,0,334.9700),
 (682,14,535,0.0000,226,217,33.2600),
 (683,14,358,0.0000,227,0,390.4700),
 (684,14,359,0.0000,227,0,390.4700),
 (685,14,360,0.0000,227,0,219.0600),
 (686,14,542,0.0000,228,0,586.6080),
 (687,14,543,0.0000,229,0,873.2600),
 (688,14,544,0.0000,230,229,52.2300),
 (689,14,360,0.0000,231,0,50.0000),
 (690,14,360,0.0000,232,0,390.4700),
 (691,14,361,0.0000,232,0,109.5300),
 (692,14,546,0.0000,233,0,733.2600),
 (693,14,547,0.0000,234,235,33.2600),
 (694,14,548,0.0000,235,0,1466.5200),
 (695,14,547,0.0000,236,2,200.0000),
 (696,14,547,0.0000,237,2,256.6600),
 (697,14,547,0.0000,238,2,256.6600),
 (698,14,547,0.0000,239,236,256.6600),
 (699,14,547,0.0000,240,237,200.0000),
 (700,14,549,0.0000,241,239,33.2600),
 (701,14,550,0.0000,242,0,873.2600),
 (702,14,558,0.0000,244,0,873.3121),
 (703,14,559,0.0000,245,0,1466.5200),
 (704,14,560,0.0000,246,0,1739.8240),
 (705,14,561,0.0000,247,0,1746.6240),
 (706,14,562,0.0000,248,0,873.2600),
 (707,14,563,0.0000,249,0,1466.5200),
 (708,14,250,0.0000,250,89,1.0000),
 (709,14,250,0.0000,251,89,5.0000),
 (710,14,264,0.0000,252,110,10.0000),
 (711,14,250,0.0000,253,89,6.0000),
 (712,14,264,5.0000,253,110,15.0000),
 (713,14,361,0.0000,253,0,29.0000),
 (714,14,565,0.0000,255,0,863.9120),
 (715,14,511,0.0000,256,206,513.3300),
 (716,14,511,0.0000,256,207,100.0000),
 (717,14,540,0.0000,257,225,33.2600),
 (718,14,540,0.0000,257,226,200.0000),
 (719,14,540,0.0000,258,226,56.6600),
 (720,14,540,0.0000,258,227,256.6600),
 (721,14,540,0.0000,258,228,56.6600),
 (722,14,361,0.0000,259,0,251.9400),
 (723,14,363,0.0000,259,0,634.8900),
 (724,14,365,0.0000,259,0,113.1700),
 (725,14,365,0.0000,260,0,252.2500),
 (726,14,366,0.0000,260,0,247.7500),
 (727,5,366,0.0000,261,0,239.8800),
 (728,5,367,0.0000,261,0,260.1200),
 (729,14,367,0.0000,262,0,100.0000),
 (730,5,367,0.0000,263,0,42.2700),
 (731,5,371,0.0000,263,0,57.7300),
 (732,14,371,0.0000,264,0,344.6600),
 (733,14,372,0.0000,264,0,155.3400),
 (734,5,372,0.0000,265,0,247.0500),
 (735,5,373,0.0000,265,0,252.9500),
 (736,14,373,0.0000,266,0,200.0000),
 (737,14,373,0.0000,267,0,100.0000),
 (738,14,373,0.0000,268,0,42.2200),
 (739,14,374,0.0000,268,0,157.7800),
 (740,14,566,0.0000,269,0,733.2600),
 (741,14,374,0.0000,270,0,232.6900),
 (742,14,376,0.0000,270,0,267.3100),
 (743,14,377,0.0000,271,0,199.0500),
 (744,14,376,0.0000,272,0,0.9500),
 (745,14,377,0.0000,272,0,69.2100),
 (746,14,379,0.0000,272,0,129.8400),
 (747,14,379,0.0000,273,0,200.0000),
 (748,14,379,0.0000,274,0,25.0800),
 (749,14,396,0.0000,274,0,174.9200),
 (750,14,396,0.0000,275,0,200.0000),
 (751,14,396,0.0000,276,0,89.7600),
 (752,14,510,0.0000,276,200,66.5200),
 (753,14,510,0.0000,276,201,43.7200),
 (754,14,510,0.0000,277,201,100.0000),
 (755,14,510,0.0000,278,201,200.0000),
 (756,14,510,0.0000,279,201,41.2800),
 (757,14,510,0.0000,279,202,158.7200),
 (758,14,556,0.0000,280,0,873.2600),
 (759,14,510,0.0000,281,202,200.0000),
 (760,14,567,0.0000,283,0,733.2600),
 (761,14,536,0.0000,284,221,33.2600),
 (762,14,536,0.0000,284,223,256.6600),
 (763,14,547,0.0000,284,237,100.0000),
 (764,14,547,0.0000,284,238,100.0000),
 (765,14,510,0.0000,285,202,26.2800),
 (766,14,510,0.0000,285,203,73.7200),
 (767,14,510,0.0000,286,203,311.2800),
 (768,14,510,0.0000,286,204,385.0000),
 (769,14,511,0.0000,286,207,3.7200),
 (770,14,511,0.0000,287,207,100.0000),
 (771,14,511,0.0000,288,207,100.0000),
 (772,14,511,0.0000,289,207,100.0000),
 (773,5,511,0.0000,290,208,513.3300),
 (774,5,534,0.0000,290,0,733.2600),
 (775,5,535,0.0000,290,218,256.6600),
 (776,5,535,0.0000,290,219,256.6600),
 (777,5,535,0.0000,290,220,256.6600),
 (778,5,536,0.0000,290,222,256.6600),
 (779,5,536,0.0000,290,224,256.6600),
 (780,5,538,0.0000,290,0,146.6520),
 (781,5,539,0.0000,290,0,733.2600),
 (782,5,540,0.0000,290,228,200.0000),
 (783,5,528,0.0000,291,210,247.0000),
 (784,5,528,0.0000,292,210,9.6600),
 (785,5,525,0.0000,293,0,733.2600),
 (786,5,528,0.0000,293,211,256.6600),
 (787,5,528,10.0000,293,212,256.6600),
 (788,5,541,0.0000,294,0,733.2600),
 (789,5,549,0.0000,294,240,256.6600),
 (790,5,549,0.0000,294,241,256.6600),
 (791,5,549,0.0000,294,242,256.6600),
 (792,5,544,20.0000,295,231,185.0000),
 (793,5,544,10.0000,296,230,150.0000),
 (794,5,544,60.0000,297,232,105.0000),
 (795,5,537,10.0000,298,0,690.0000),
 (796,14,569,0.0000,300,0,293.3040),
 (797,14,570,0.0000,300,0,293.3040),
 (798,14,571,0.0000,300,0,439.9560),
 (799,14,572,0.0000,300,0,293.3040),
 (800,14,576,0.0000,301,0,293.3040),
 (801,14,581,0.0000,302,0,293.3040),
 (802,5,580,0.0000,303,0,293.3040),
 (803,14,564,0.0000,304,0,863.9120),
 (804,14,568,0.0000,304,0,293.3040),
 (805,14,582,0.0000,305,0,293.3040),
 (806,14,583,0.0000,306,243,33.2600),
 (807,5,583,0.0000,307,244,770.0000),
 (808,14,584,0.0000,308,0,439.9560),
 (809,14,587,0.0000,309,247,93.3000),
 (810,5,587,0.0000,310,248,20.0000),
 (811,14,588,0.0000,311,0,293.3040),
 (812,14,589,0.0000,312,0,466.5200),
 (813,5,575,0.0000,313,0,293.3040),
 (814,5,589,0.0000,313,0,400.0000),
 (815,14,590,0.0000,314,249,93.3000),
 (816,5,537,0.0000,315,0,43.2600),
 (817,5,544,0.0000,315,230,15.0000),
 (818,5,544,0.0000,315,232,60.0000),
 (819,5,544,0.0000,315,233,100.0000),
 (820,14,593,0.0000,316,0,146.6520),
 (821,14,590,0.0000,317,249,219.9901),
 (822,14,597,0.0000,318,0,293.3040),
 (823,14,590,100.0000,319,250,73.3300),
 (824,14,590,0.0000,320,251,70.0000),
 (825,14,590,0.0000,321,251,3.3300),
 (826,14,598,0.0000,322,0,293.3040),
 (827,5,590,0.0000,323,252,73.3300),
 (828,5,594,0.0000,324,0,733.2600),
 (829,14,544,0.0000,325,233,65.0000),
 (830,5,544,0.0000,326,234,165.0000),
 (831,14,599,0.0000,327,0,1000.0000),
 (832,5,599,0.0000,328,0,466.5200),
 (833,14,586,1.7105,329,245,46.6500),
 (834,14,586,5.0000,330,246,110.0000),
 (835,14,602,0.0000,331,261,700.0000),
 (836,14,609,0.0000,332,284,33.0000),
 (837,14,610,0.0000,333,286,933.0000),
 (838,14,610,0.0000,334,287,100.0000),
 (839,14,610,0.0000,335,287,566.6800),
 (840,14,617,0.0000,336,296,33.0000),
 (841,14,623,0.0000,337,0,733.2600),
 (842,14,624,0.0000,338,302,50.0000),
 (843,14,626,0.0000,339,0,586.6080),
 (844,14,628,0.0000,340,0,733.2600),
 (845,14,631,0.0000,341,0,733.2600),
 (846,5,552,0.0000,342,0,1755.8240),
 (847,14,630,0.0000,343,0,733.2600),
 (848,14,533,0.0000,344,0,733.2600),
 (849,14,555,0.0000,345,0,962.2300),
 (850,5,511,5.4805,346,207,109.6100),
 (851,14,624,3.6440,347,303,136.6500),
 (852,14,530,61.5984,348,214,256.6600),
 (853,14,551,360.9475,349,0,1746.5200),
 (854,14,554,360.9690,349,0,1746.6240),
 (855,5,643,0.0000,350,0,1466.5200),
 (856,5,645,0.0000,350,0,733.2600),
 (857,5,624,0.0000,351,304,136.6500),
 (858,5,624,0.0000,351,305,136.6500),
 (859,14,625,53.7724,352,0,1466.5200),
 (860,14,627,53.7724,352,0,1466.5200),
 (861,5,618,10.7545,353,0,293.3040),
 (862,5,629,26.8862,353,0,733.2600),
 (863,14,647,0.0000,354,0,3079.6919),
 (864,5,547,4.1776,355,238,156.6600),
 (865,5,622,26.8862,355,0,733.2600),
 (866,14,681,0.0000,356,308,83.9700),
 (867,14,682,0.0000,357,0,293.3040),
 (868,14,683,0.0000,358,311,39.9500),
 (869,14,684,0.0000,359,314,62.6700),
 (870,5,553,183.3150,361,0,733.2600),
 (871,5,557,227.5811,362,0,875.3119),
 (872,5,573,49.8617,365,0,293.3040),
 (873,5,574,24.9308,367,0,146.6520),
 (874,5,577,49.8617,368,0,293.3040),
 (875,5,578,49.8617,372,0,293.3040),
 (876,5,579,49.8617,373,0,293.3040),
 (877,5,585,48.8840,374,0,293.3040),
 (878,5,587,33.3333,375,248,200.0000),
 (879,5,589,98.0000,376,0,600.0000),
 (880,5,595,38.1295,377,0,293.3040),
 (881,5,596,38.1295,378,0,293.3040),
 (882,5,600,65.3333,379,253,700.0000),
 (883,5,600,69.4717,380,254,744.3400),
 (884,5,600,0.0000,381,255,744.3400),
 (885,5,605,84.0000,381,273,900.0000),
 (886,5,605,63.2501,382,274,677.6800),
 (887,5,605,0.0000,382,275,677.6800),
 (888,5,606,3.0800,382,277,33.0000),
 (889,5,607,48.3333,383,280,500.0000),
 (890,5,609,67.6918,383,285,700.2600),
 (891,5,606,35.0130,384,278,350.1300),
 (892,5,606,0.0000,384,279,350.1300),
 (894,14,688,0.0000,386,0,1026.5640),
 (895,14,689,0.0000,387,317,33.2600),
 (903,5,669,0.0000,147,0,148.7526),
 (904,5,669,0.0000,147,0,148.7526),
 (905,5,669,0.0000,148,0,59.1496),
 (906,14,669,0.0000,195,0,1.0500),
 (907,14,669,0.0000,220,0,266.7400),
 (909,14,691,0.0000,391,0,146.6520),
 (911,14,687,0.0000,385,0,733.2600),
 (912,14,692,0.0000,393,0,1054.1520),
 (914,8,690,0.0000,693,0,733.2600),
 (915,1,693,0.0000,690,0,733.2600),
 (916,14,686,0.0000,394,0,293.3000),
 (917,1,394,0.0000,686,0,293.3000),
 (918,5,686,0.0000,388,0,0.0040),
 (919,1,388,0.0000,686,0,0.0040),
 (920,5,624,0.0000,8,306,136.6500),
 (921,1,8,0.0000,624,0,136.6500),
 (922,5,689,0.0000,12,318,256.6600),
 (923,5,689,0.0000,8,319,229.9800),
 (924,1,8,0.0000,689,0,229.9800),
 (925,5,689,0.0000,9,320,246.8400),
 (926,1,9,0.0000,689,0,246.8400),
 (927,5,681,0.0000,10,310,246.8400),
 (928,5,600,0.0000,16,256,122.2100),
 (929,8,613,0.0000,694,0,293.3000),
 (930,1,694,0.0000,613,0,293.3000),
 (931,8,695,0.0000,696,0,733.2600),
 (932,1,696,0.0000,695,0,733.2600),
 (933,5,591,937.4820,395,0,2678.5200),
 (934,14,709,0.0000,396,0,733.2600),
 (935,14,710,0.0000,397,0,733.2600),
 (936,5,711,0.0000,399,321,100.0000),
 (937,14,716,0.0000,400,343,33.2600),
 (938,5,716,0.0000,401,344,385.0000),
 (940,14,719,0.0000,403,0,733.2600),
 (941,14,720,0.0000,404,0,146.6520),
 (943,5,715,0.0000,406,342,192.5000),
 (944,5,592,1366.0452,407,0,2678.5200),
 (945,5,472,10.1237,408,0,12.1000),
 (946,5,601,4262.7456,409,258,9543.4600),
 (947,5,601,329.0000,410,257,700.0000),
 (948,5,603,17.3800,411,265,33.0000),
 (951,8,723,0.0000,545,0,7.0000),
 (952,1,545,0.0000,723,0,7.0000),
 (953,14,726,0.0000,412,0,15.7300);
/*!40000 ALTER TABLE `cobros` ENABLE KEYS */;


--
-- Definition of table `compactiv`
--

DROP TABLE IF EXISTS `compactiv`;
CREATE TABLE `compactiv` (
  `idcomproba` int(10) unsigned NOT NULL,
  `pventa` int(10) unsigned NOT NULL,
  `maxnumero` int(10) unsigned NOT NULL,
  `puntov` char(4) NOT NULL
) ENGINE=InnoDB DEFAULT CHARSET=latin1;

--
-- Dumping data for table `compactiv`
--

/*!40000 ALTER TABLE `compactiv` DISABLE KEYS */;
INSERT INTO `compactiv` (`idcomproba`,`pventa`,`maxnumero`,`puntov`) VALUES 
 (1,1,417,'0001'),
 (3,1,97,'0001'),
 (4,4,35,'0003'),
 (1,4,132,'0003'),
 (5,4,206,'0003'),
 (6,4,71,'0003'),
 (5,1,84,'0001'),
 (7,1,5,'0001'),
 (8,1,6,'0001'),
 (9,4,2,'0003'),
 (11,1,0,'0001'),
 (10,1,14,'0001'),
 (12,1,0,'0001'),
 (13,1,1,'0001'),
 (10,4,18,'0003'),
 (7,4,1,'0003'),
 (13,4,4,'0003'),
 (14,4,151,'0003'),
 (14,1,260,'0001'),
 (1,3,1,'0002'),
 (15,1,69,'0001'),
 (16,1,30,'0001'),
 (15,5,0,'0003'),
 (20,5,16,'0003');
/*!40000 ALTER TABLE `compactiv` ENABLE KEYS */;


--
-- Definition of table `compiservi`
--

DROP TABLE IF EXISTS `compiservi`;
CREATE TABLE `compiservi` (
  `idcomproba` int(10) unsigned NOT NULL,
  `servicio` int(10) unsigned NOT NULL
) ENGINE=InnoDB DEFAULT CHARSET=latin1;

--
-- Dumping data for table `compiservi`
--

/*!40000 ALTER TABLE `compiservi` DISABLE KEYS */;
/*!40000 ALTER TABLE `compiservi` ENABLE KEYS */;


--
-- Definition of table `comproasiento`
--

DROP TABLE IF EXISTS `comproasiento`;
CREATE TABLE `comproasiento` (
  `idcomproba` int(10) unsigned NOT NULL,
  `codasto` char(1) NOT NULL,
  PRIMARY KEY (`idcomproba`)
) ENGINE=InnoDB DEFAULT CHARSET=latin1;

--
-- Dumping data for table `comproasiento`
--

/*!40000 ALTER TABLE `comproasiento` DISABLE KEYS */;
/*!40000 ALTER TABLE `comproasiento` ENABLE KEYS */;


--
-- Definition of table `comprobantes`
--

DROP TABLE IF EXISTS `comprobantes`;
CREATE TABLE `comprobantes` (
  `idcomproba` int(10) unsigned NOT NULL,
  `comprobante` char(100) NOT NULL,
  `idtipocompro` int(10) unsigned NOT NULL,
  `tipo` char(1) NOT NULL,
  `ctacte` char(1) NOT NULL,
  `tabla` char(50) NOT NULL,
  PRIMARY KEY (`idcomproba`)
) ENGINE=InnoDB DEFAULT CHARSET=latin1;

--
-- Dumping data for table `comprobantes`
--

/*!40000 ALTER TABLE `comprobantes` DISABLE KEYS */;
INSERT INTO `comprobantes` (`idcomproba`,`comprobante`,`idtipocompro`,`tipo`,`ctacte`,`tabla`) VALUES 
 (1,'FACTURA A',1,'A','S','facturas'),
 (3,'AJUSTE DE STOCK',4,'X','N','ajustestockp'),
 (4,'FACTURAE',1,'A','S','facturas'),
 (5,'RECIBO A',5,'A','S','recibos'),
 (6,'AJUSTE STOCK DE MATERIALES',4,'X','N','otmovistockp'),
 (7,'NOTA DE DEBITO A',6,'A','S','facturas'),
 (8,'NOTA DE CREDITO A',7,'A','S','facturas'),
 (9,'NOTA DE CREDITO A',7,'','S','facturas'),
 (10,'FACTURA B',8,'B','S','facturas'),
 (11,'NOTA DE CREDITO B',10,'B','S','facturas'),
 (12,'NOTA DE DEBITO B',9,'B','S','facturas'),
 (13,'RECIBO B',11,'B','S','recibos'),
 (14,'RECIBO',16,'X','S','recibos'),
 (15,'REMITO R',17,'R','N','remitos'),
 (16,'NOTA DE PEDIDO',2,'X','N','np'),
 (17,'FACTURA PROV A',18,'A','S','factuprove'),
 (18,'FACTURA PROV B',19,'B','S','factuprove'),
 (19,'FACTURA PROV C',20,'C','S','factuprove'),
 (20,'ORDEN DE PAGO',21,'X','S','pagosprov'),
 (21,'NOTA DE CREDITO PROV A',22,'A','S','factuprove');
/*!40000 ALTER TABLE `comprobantes` ENABLE KEYS */;


--
-- Definition of table `comprorepo`
--

DROP TABLE IF EXISTS `comprorepo`;
CREATE TABLE `comprorepo` (
  `idcomproba` int(10) unsigned NOT NULL,
  `codigoimpre` char(100) NOT NULL,
  `idreporte` int(10) unsigned NOT NULL,
  `predeterminado` char(1) NOT NULL
) ENGINE=InnoDB DEFAULT CHARSET=latin1;

--
-- Dumping data for table `comprorepo`
--

/*!40000 ALTER TABLE `comprorepo` DISABLE KEYS */;
INSERT INTO `comprorepo` (`idcomproba`,`codigoimpre`,`idreporte`,`predeterminado`) VALUES 
 (1,'',1,'S'),
 (5,'',2,'S'),
 (0,'ajustestockp',3,'S'),
 (0,'articulos',4,'S'),
 (0,'articulosimp',4,'S'),
 (0,'articulospro',6,'S'),
 (0,'articulosimp',5,'S'),
 (0,'bancos',7,'S'),
 (0,'bibliotecafabm',8,'S'),
 (0,'buscaconceptos',9,'S'),
 (0,'buscaempleados',10,'S'),
 (0,'buscaentidades',11,'S'),
 (0,'buscaot',12,'S'),
 (0,'buscaotmateriales',13,'S'),
 (0,'buscavendedores',14,'S'),
 (0,'comprobantes',15,'S'),
 (0,'conceptoser',16,'S'),
 (0,'condfiscalabm',17,'S'),
 (0,'consultastock',18,'S'),
 (0,'depositos',19,'S'),
 (0,'empleados',10,'S'),
 (0,'empresasabm',20,'S'),
 (0,'entidades',11,'S'),
 (0,'entidadesc',21,'S'),
 (0,'entidadescr',22,'S'),
 (0,'entidadesg',23,'S'),
 (0,'entidadesh',24,'S'),
 (0,'gruposepelio',25,'S'),
 (0,'iconos',26,'S'),
 (0,'impuestosabm',27,'S'),
 (0,'lineasabm',28,'S'),
 (0,'localidadesabm',29,'S'),
 (0,'localidadesamb',30,'S'),
 (0,'otestados',31,'S'),
 (0,'otetapas',32,'S'),
 (0,'otmonedas',30,'S'),
 (0,'otpedidosdet',33,'S'),
 (0,'otpedidosot',34,'S'),
 (0,'ottiposmovi',35,'S'),
 (0,'paisesabm',36,'S'),
 (0,'provinciasabm',37,'S'),
 (0,'puntosventa',38,'S'),
 (0,'serviciosabm2',39,'S'),
 (0,'serviciosimpuabm',27,'S'),
 (0,'sucursalesabm',40,'S'),
 (0,'tarjetas',41,'S'),
 (0,'tipocompro',42,'S'),
 (0,'tipomstock',43,'S'),
 (0,'toolbarsysabm',44,'S'),
 (0,'vendedoresabm',14,'S'),
 (0,'zonasabm',45,'S'),
 (0,'otlineasmat',46,'S'),
 (0,'monedasabm',30,'S'),
 (0,'otmateriales',13,'S'),
 (0,'otmovistock',47,'S'),
 (0,'otlistadostock',48,'S'),
 (0,'otconsultamovistock',49,'S'),
 (0,'otinfotrazabilidad',50,'S'),
 (0,'otinfopendientes',51,'S'),
 (0,'otinfoestados',52,'S'),
 (0,'otejecuh',53,'S'),
 (0,'otmaterialesequipro',54,'S'),
 (10,'',1,'S'),
 (13,'',2,'S'),
 (14,'',2,'S'),
 (15,'',55,'S'),
 (16,'',57,'S'),
 (20,'',58,'S'),
 (0,'frmreclamo',59,'S'),
 (0,'frmlistareclamos',60,'S');
/*!40000 ALTER TABLE `comprorepo` ENABLE KEYS */;


--
-- Definition of table `conceptogrupo`
--

DROP TABLE IF EXISTS `conceptogrupo`;
CREATE TABLE `conceptogrupo` (
  `idconceptg` int(10) unsigned NOT NULL,
  `idconcepto` int(10) unsigned NOT NULL,
  PRIMARY KEY (`idconceptg`)
) ENGINE=InnoDB DEFAULT CHARSET=latin1;

--
-- Dumping data for table `conceptogrupo`
--

/*!40000 ALTER TABLE `conceptogrupo` DISABLE KEYS */;
/*!40000 ALTER TABLE `conceptogrupo` ENABLE KEYS */;


--
-- Definition of table `conceptoimpu`
--

DROP TABLE IF EXISTS `conceptoimpu`;
CREATE TABLE `conceptoimpu` (
  `impuesto` int(10) unsigned NOT NULL,
  `idconcepto` int(10) unsigned NOT NULL
) ENGINE=InnoDB DEFAULT CHARSET=latin1;

--
-- Dumping data for table `conceptoimpu`
--

/*!40000 ALTER TABLE `conceptoimpu` DISABLE KEYS */;
INSERT INTO `conceptoimpu` (`impuesto`,`idconcepto`) VALUES 
 (1,1);
/*!40000 ALTER TABLE `conceptoimpu` ENABLE KEYS */;


--
-- Definition of table `conceptolimit`
--

DROP TABLE IF EXISTS `conceptolimit`;
CREATE TABLE `conceptolimit` (
  `idconcepto` int(10) unsigned NOT NULL,
  `servicio` int(10) unsigned NOT NULL,
  `concepto` char(20) NOT NULL,
  `consudesde` float(13,4) NOT NULL,
  `consuhasta` float(13,4) NOT NULL,
  `unidad` char(50) NOT NULL,
  `detalle` char(254) NOT NULL,
  `importe` float(13,4) NOT NULL
) ENGINE=InnoDB DEFAULT CHARSET=latin1;

--
-- Dumping data for table `conceptolimit`
--

/*!40000 ALTER TABLE `conceptolimit` DISABLE KEYS */;
/*!40000 ALTER TABLE `conceptolimit` ENABLE KEYS */;


--
-- Definition of table `conceptoser`
--

DROP TABLE IF EXISTS `conceptoser`;
CREATE TABLE `conceptoser` (
  `idconcepto` int(10) unsigned NOT NULL,
  `servicio` int(10) unsigned NOT NULL,
  `concepto` char(20) NOT NULL,
  `detalle` char(254) NOT NULL,
  `abrevia` char(100) NOT NULL,
  `cantidad` float(13,4) NOT NULL,
  `importe` float(13,4) NOT NULL,
  `unidad` char(20) NOT NULL,
  `facturar` char(1) NOT NULL,
  `cuotasfact` int(10) unsigned NOT NULL,
  `cantcuotas` int(10) unsigned NOT NULL,
  `funcion` char(254) NOT NULL,
  `vigedesde` char(8) NOT NULL,
  `vigehasta` char(8) NOT NULL,
  `vigencia` char(1) NOT NULL,
  `padron` int(10) unsigned NOT NULL,
  `compuesto` char(1) NOT NULL,
  PRIMARY KEY (`idconcepto`)
) ENGINE=InnoDB DEFAULT CHARSET=latin1;

--
-- Dumping data for table `conceptoser`
--

/*!40000 ALTER TABLE `conceptoser` DISABLE KEYS */;
INSERT INTO `conceptoser` (`idconcepto`,`servicio`,`concepto`,`detalle`,`abrevia`,`cantidad`,`importe`,`unidad`,`facturar`,`cuotasfact`,`cantcuotas`,`funcion`,`vigedesde`,`vigehasta`,`vigencia`,`padron`,`compuesto`) VALUES 
 (1,2,'FM','FM','FMX',1.0000,100.0000,'unidades','S',0,0,'','20160903','20160903','1',9,'N');
/*!40000 ALTER TABLE `conceptoser` ENABLE KEYS */;


--
-- Definition of table `condfiscal`
--

DROP TABLE IF EXISTS `condfiscal`;
CREATE TABLE `condfiscal` (
  `iva` int(10) unsigned NOT NULL,
  `detalle` char(200) NOT NULL,
  PRIMARY KEY (`iva`) USING BTREE
) ENGINE=InnoDB DEFAULT CHARSET=latin1;

--
-- Dumping data for table `condfiscal`
--

/*!40000 ALTER TABLE `condfiscal` DISABLE KEYS */;
INSERT INTO `condfiscal` (`iva`,`detalle`) VALUES 
 (1,'RESPONSABLE INSCRIPTO'),
 (2,'RESPONSABLE MONOTRIBUTISTA');
/*!40000 ALTER TABLE `condfiscal` ENABLE KEYS */;


--
-- Definition of table `contabarticonc`
--

DROP TABLE IF EXISTS `contabarticonc`;
CREATE TABLE `contabarticonc` (
  `articulo` char(50) NOT NULL,
  `idconcepto` int(10) unsigned NOT NULL,
  `idplandc` int(10) unsigned NOT NULL,
  `idplandv` int(10) unsigned NOT NULL
) ENGINE=InnoDB DEFAULT CHARSET=latin1;

--
-- Dumping data for table `contabarticonc`
--

/*!40000 ALTER TABLE `contabarticonc` DISABLE KEYS */;
/*!40000 ALTER TABLE `contabarticonc` ENABLE KEYS */;


--
-- Definition of table `cpptelefono`
--

DROP TABLE IF EXISTS `cpptelefono`;
CREATE TABLE `cpptelefono` (
  `bocanumero` char(50) NOT NULL,
  `mes` int(10) unsigned NOT NULL,
  `anio` int(10) unsigned NOT NULL,
  `secuencia` int(10) unsigned NOT NULL,
  `cppprov` int(10) unsigned NOT NULL,
  `cod_coop` int(10) unsigned NOT NULL,
  `nsecfeco` int(10) unsigned NOT NULL,
  `carllama` int(10) unsigned NOT NULL,
  `nllamado` char(20) NOT NULL,
  `fechaini` char(8) NOT NULL,
  `horaini` char(8) NOT NULL,
  `segureal` int(10) unsigned NOT NULL,
  `valorllama` float(13,4) NOT NULL,
  `tipollama` int(10) unsigned NOT NULL,
  `fechgene` char(8) NOT NULL,
  `horagene` char(8) NOT NULL,
  `secuencia2` int(10) unsigned NOT NULL,
  `facturado` char(1) NOT NULL,
  `facturar` char(1) NOT NULL,
  `idfactura` int(10) unsigned NOT NULL,
  `identidadh` int(10) unsigned NOT NULL,
  PRIMARY KEY (`bocanumero`) USING BTREE
) ENGINE=InnoDB DEFAULT CHARSET=latin1;

--
-- Dumping data for table `cpptelefono`
--

/*!40000 ALTER TABLE `cpptelefono` DISABLE KEYS */;
/*!40000 ALTER TABLE `cpptelefono` ENABLE KEYS */;


--
-- Definition of table `cuentasdispon`
--

DROP TABLE IF EXISTS `cuentasdispon`;
CREATE TABLE `cuentasdispon` (
  `idcuenta` int(10) unsigned NOT NULL,
  `fecha` char(8) NOT NULL,
  `codcuenta` char(100) NOT NULL,
  `detalle` char(254) NOT NULL,
  `idtipo` int(10) unsigned NOT NULL,
  `banco` char(50) NOT NULL,
  `filial` char(50) NOT NULL,
  `nombanco` char(254) NOT NULL,
  `cuentabco` char(100) NOT NULL,
  PRIMARY KEY (`idcuenta`)
) ENGINE=InnoDB DEFAULT CHARSET=latin1;

--
-- Dumping data for table `cuentasdispon`
--

/*!40000 ALTER TABLE `cuentasdispon` DISABLE KEYS */;
/*!40000 ALTER TABLE `cuentasdispon` ENABLE KEYS */;


--
-- Definition of table `cupones`
--

DROP TABLE IF EXISTS `cupones`;
CREATE TABLE `cupones` (
  `idcupon` int(10) unsigned NOT NULL,
  `idtarjeta` int(10) unsigned NOT NULL,
  `numero` char(16) NOT NULL,
  `tarjeta` char(50) NOT NULL,
  `fecha` char(8) NOT NULL,
  `importe` float(13,4) NOT NULL,
  `vencimiento` char(10) NOT NULL,
  `titular` char(100) NOT NULL,
  `codautoriz` char(10) NOT NULL,
  `iddetacobro` int(10) unsigned NOT NULL,
  PRIMARY KEY (`idcupon`)
) ENGINE=InnoDB DEFAULT CHARSET=latin1;

--
-- Dumping data for table `cupones`
--

/*!40000 ALTER TABLE `cupones` DISABLE KEYS */;
INSERT INTO `cupones` (`idcupon`,`idtarjeta`,`numero`,`tarjeta`,`fecha`,`importe`,`vencimiento`,`titular`,`codautoriz`,`iddetacobro`) VALUES 
 (1,1,'123456','SANTA FE - CREDITO VISA 3 CTAS','20180405',200.0000,'20180405','Pablo Bonet','789456',0),
 (2,1,'111222','SANTA FE - CREDITO VISA 3 CTAS','20180405',611.0000,'20180405','Adrián Magnago','2222888',0),
 (3,1,'123456','SANTA FE - CREDITO VISA 3 CTAS','20180406',200.0000,'20180406','Pablo Bonet','123123',0),
 (4,1,'456789','SANTA FE - CREDITO VISA 3 CTAS','20180406',200.0000,'20180406','Adrián Magnago','887998',0),
 (5,1,'789456','SANTA FE - CREDITO VISA 3 CTAS','20180406',600.0000,'20180406','Pablo','456123',0),
 (6,1,'85654654','SANTA FE - CREDITO VISA 3 CTAS','20180406',200.0000,'20180406','asdsa','32131',0),
 (7,1,'644','SANTA FE - CREDITO VISA 3 CTAS','20180406',199.0000,'20180406','asdsa','213123',0),
 (8,1,'5465','SANTA FE - CREDITO VISA 3 CTAS','20180406',300.0000,'20180406','sdasd','54654',0),
 (9,1,'12321','SANTA FE - CREDITO VISA 3 CTAS','20180406',300.0000,'20180406','asdsad','123123',0),
 (10,1,'2151','SANTA FE - CREDITO VISA 3 CTAS','20180406',200.0000,'20180406','dad','3213',0),
 (11,1,'5654','SANTA FE - CREDITO VISA 3 CTAS','20180406',200.0000,'20180406','asddad','546',0),
 (12,3,'2123','SANTA FE - CREDITO VISA 6 CTAS','20180406',396.0000,'20180406','qweqwe','2135',0),
 (13,3,'5551','SANTA FE - CREDITO VISA 6 CTAS','20180406',613.0000,'20180406','lklj','1565',0),
 (14,3,'546','SANTA FE - CREDITO VISA 6 CTAS','20180406',173.0000,'20180406','sds','5165',0),
 (15,3,'23424','SANTA FE - CREDITO VISA 6 CTAS','20180406',202.0000,'20180406','wefwe','2342',0),
 (16,3,'123123','SANTA FE - CREDITO VISA 6 CTAS','20180407',173.0000,'20180407','Pablo Adrián','001123',0),
 (18,3,'1234567','SANTA FE - CREDITO VISA 6 CTAS','20180407',179.0000,'20180407','Pablo Adrián','99998888',0),
 (19,3,'123213','SANTA FE - CREDITO VISA 6 CTAS','20180407',179.0000,'20180407','Pablo','9877554',0),
 (20,3,'456789','SANTA FE - CREDITO VISA 6 CTAS','20180407',179.0000,'20180407','Pablo','123456',0),
 (21,3,'4654894','SANTA FE - CREDITO VISA 6 CTAS','20180410',248.0000,'20180410','Pablo','15651615',0),
 (22,3,'35645','SANTA FE - CREDITO VISA 6 CTAS','20180410',179.0000,'20180410','asdsad','223123',0),
 (23,3,'654','SANTA FE - CREDITO VISA 6 CTAS','20180410',124.0000,'20180410','adsad','6565',0),
 (24,3,'54886','SANTA FE - CREDITO VISA 6 CTAS','20180410',124.0000,'20180410','sdasdsad','3565',0),
 (25,3,'21533','SANTA FE - CREDITO VISA 6 CTAS','20180410',386.0000,'20180410','kljljlk','21321',0),
 (26,3,'64654','SANTA FE - CREDITO VISA 6 CTAS','20180410',387.0000,'20180410','asdsd','65654',0),
 (27,3,'5654','SANTA FE - CREDITO VISA 6 CTAS','20180410',248.0000,'20180410','asdad','36456',84),
 (28,1,'1234123441','SANTA FE - CREDITO VISA 3 CTAS','20180823',1222.0000,'20180823','Bonet Pablo','8273929',0),
 (30,1,'123456987','SANTA FE - CREDITO VISA 3 CTAS','20180823',200.0000,'20180823','Bonet Pablo','12345',100),
 (31,1,'123456','SANTA FE - CREDITO VISA 3 CTAS','20180824',244.0000,'20180824','Pablo Bonet','1111',0),
 (32,1,'123456','SANTA FE - CREDITO VISA 3 CTAS','20180824',200.0000,'20180824','Pablo Bonet','789',105),
 (33,3,'1111','SANTA FE - CREDITO VISA 6 CTAS','20180824',248.0000,'20180824','Pablo Bonet','5555',107),
 (34,1,'123213','SANTA FE - CREDITO VISA 3 CTAS','20180831',600.0000,'20180831','PAblo','236',117),
 (35,3,'5465432','SANTA FE - CREDITO VISA 6 CTAS','20180903',304.0000,'20180903','Pablo','12',122),
 (36,3,'6546564','SANTA FE - CREDITO VISA 6 CTAS','20180922',28.0000,'20180922','Pablo','32131',0),
 (38,0,'','','',0.0000,'','','',0),
 (39,0,'','','',0.0000,'','','',0),
 (40,0,'','','',0.0000,'','','',0),
 (41,3,'1234123412341234','SANTA FE - CREDITO VISA 6 CTAS','20181006',304.0000,'20181006','Pablo','1234',0),
 (42,3,'1234123412341234','SANTA FE - CREDITO VISA 6 CTAS','20181006',304.0000,'20181006','Pablo','32',0),
 (43,3,'1234567812345678','SANTA FE - CREDITO VISA 6 CTAS','20181006',455.0000,'20181006','Pablo','123',0),
 (44,3,'1234123412341234','SANTA FE - CREDITO VISA 6 CTAS','20181006',304.0000,'20181006','Pablo','123',0),
 (45,3,'1234123412341234','SANTA FE - CREDITO VISA 6 CTAS','20181006',304.0000,'20181006','Pablo','213',138),
 (46,3,'','SANTA FE - CREDITO VISA 6 CTAS','20181006',304.0000,'20181006','','',0),
 (47,3,'123221312323','SANTA FE - CREDITO VISA 6 CTAS','20181008',1242.0000,'20181008','Pablo','123',0),
 (48,3,'132561','SANTA FE - CREDITO VISA 6 CTAS','20181008',635.0000,'20181008','Pablo','11531',0),
 (49,3,'31513215','SANTA FE - CREDITO VISA 6 CTAS','20181008',635.0000,'20181008','Pablo','132131',140),
 (50,1,'654654565','SANTA FE - CREDITO VISA 3 CTAS','20181012',100.0000,'20181012','Pablo','5464',0),
 (52,3,'123456789','SANTA FE - CREDITO VISA 6 CTAS','20181012',304.0000,'20181012','Pablo Bonet','321',150),
 (53,3,'32131654','SANTA FE - CREDITO VISA 6 CTAS','20181013',455.0000,'20181013','Pablo','61565',0),
 (54,3,'56165161615','SANTA FE - CREDITO VISA 6 CTAS','20181013',455.0000,'20181013','Pablo','1651',156),
 (55,1,'123456789','SANTA FE - CREDITO VISA 3 CTAS','20181022',600.0000,'20181022','Pablo','5555',169),
 (56,3,'546464','SANTA FE - CREDITO VISA 6 CTAS','20181023',763.0000,'20181023','Pablo','13313',175),
 (57,3,'12312313','SANTA FE - CREDITO VISA 6 CTAS','20181024',304.0000,'20181024','Pablo','123213',176),
 (58,3,'2123213','SANTA FE - CREDITO VISA 6 CTAS','20181024',763.0000,'20181024','Pablo','12313',177),
 (59,3,'123123','SANTA FE - CREDITO VISA 6 CTAS','20181024',763.0000,'20181024','Pablo','123',178),
 (60,1,'123465798','SANTA FE - CREDITO VISA 3 CTAS','20181024',600.0000,'20181024','Pablo','3333',182),
 (61,1,'123456789','SANTA FE - CREDITO VISA 3 CTAS','20181024',615.0000,'20181024','Pablo','3333',183),
 (62,3,'1232134654','SANTA FE - CREDITO VISA 6 CTAS','20181024',745.2000,'20181024','Pablo','35654',185),
 (63,3,'32156654','SANTA FE - CREDITO VISA 6 CTAS','20181024',763.4326,'20181024','Pablo','321',186),
 (64,3,'31516','SANTA FE - CREDITO VISA 6 CTAS','20181024',745.2000,'20181024','Pablo','312321',188),
 (65,1,'654645','SANTA FE - CREDITO VISA 3 CTAS','20181024',614.6800,'20181024','Pablo','123213',190),
 (66,1,'1561615','SANTA FE - CREDITO VISA 3 CTAS','20181024',600.0000,'20181024','Pablo','32131',192),
 (67,3,'315651','SANTA FE - CREDITO VISA 6 CTAS','20181024',763.4326,'20181024','Pablo','23131',193),
 (68,3,'654646','SANTA FE - CREDITO VISA 6 CTAS','20181025',745.2000,'20181025','Pablo','1231',195),
 (69,3,'123123','SANTA FE - CREDITO VISA 6 CTAS','20181025',720.0000,'20181025','Pablo','123213',0),
 (70,3,'5151616','SANTA FE - CREDITO VISA 6 CTAS','20181025',720.0000,'20181025','Pablo','3211',0),
 (71,3,'31656516','SANTA FE - CREDITO VISA 6 CTAS','20181025',720.0000,'20181025','Pablo','231321',197),
 (72,3,'123456789','SANTA FE - CREDITO VISA 6 CTAS','20181025',720.0000,'20181025','Pablo Bonet','3355',199),
 (73,3,'12356987','SANTA FE - CREDITO VISA 6 CTAS','20181025',720.0000,'20181025','Pablo','5555',201),
 (74,3,'1234569987','SANTA FE - CREDITO VISA 6 CTAS','20181025',720.0000,'20181025','Pablo','3333',203),
 (75,1,'123456','SANTA FE - CREDITO VISA 3 CTAS','20181026',614.6800,'20181026','Pablo','333',206),
 (76,1,'13132','SANTA FE - CREDITO VISA 3 CTAS','20181026',600.0000,'20181026','Pablo','23232',208),
 (77,3,'3213165','SANTA FE - CREDITO VISA 6 CTAS','20181026',737.6160,'20181026','Pablo','33',209),
 (78,3,'316565','SANTA FE - CREDITO VISA 6 CTAS','20181026',720.0000,'20181026','Pablo','5546546',211),
 (79,3,'123121','SANTA FE - CREDITO VISA 6 CTAS','20181027',840.0000,'20181027','Pablo','656465',224),
 (80,1,'6546564','SANTA FE - CREDITO VISA 3 CTAS','20181206',439.9560,'20181206','Pablo','11321',227),
 (81,1,'131323','SANTA FE - CREDITO VISA 3 CTAS','20181206',600.4020,'20181206','Pablo','213131',228),
 (82,1,'32131','SANTA FE - CREDITO VISA 3 CTAS','20181206',439.9560,'20181206','P','12321',0),
 (83,1,'3156654','SANTA FE - CREDITO VISA 3 CTAS','20181206',921.2940,'20181206','P','1516',229),
 (84,1,'2313126','SANTA FE - CREDITO VISA 3 CTAS','20181206',700.0000,'20181206','Adrian','21313',231),
 (85,1,'123123123','SANTA FE - CREDITO VISA 3 CTAS','20181208',146.6520,'20181208','Pablo','13213',232),
 (87,1,'123456','SANTA FE - CREDITO VISA 3 CTAS','20190119',1000.0000,'20190119','Pablo','654',0),
 (88,3,'123456','SANTA FE - CREDITO VISA 6 CTAS','20190119',1080.0000,'20190119','Pablo','4656',0),
 (89,3,'123456789','SANTA FE - CREDITO VISA 6 CTAS','20190119',1080.0000,'20190119','Pablo','33333',0),
 (90,3,'123654987','SANTA FE - CREDITO VISA 6 CTAS','20190119',1080.0000,'20190119','Pablo','335555',263),
 (91,3,'5654645','SANTA FE - CREDITO VISA 6 CTAS','20190119',840.0000,'20190119','Pablo','3213213',266),
 (92,3,'1516165','SANTA FE - CREDITO VISA 6 CTAS','20190124',840.0000,'20190124','Pablo','1665645',274),
 (93,2,'5654654','SANTA FE - CREDITO MASTERCARD','20190125',1000.0000,'20190125','P','54646',281),
 (94,3,'312131','SANTA FE - CREDITO VISA 6 CTAS','20190129',840.0000,'20190129','asdsa','321',289),
 (95,3,'323265654','SANTA FE - CREDITO VISA 6 CTAS','20190129',1680.0000,'20190129','Pablo','321',0),
 (96,3,'31321','SANTA FE - CREDITO VISA 6 CTAS','20190129',1735.8240,'20190129','Pablo','656546',0),
 (97,3,'32131','SANTA FE - CREDITO VISA 6 CTAS','20190129',1680.6240,'20190129','Pablo','32131',0),
 (98,3,'13213','SANTA FE - CREDITO VISA 6 CTAS','20190129',960.0000,'20190129','Pablo','65464',0),
 (99,3,'1321321','SANTA FE - CREDITO VISA 6 CTAS','20190129',840.0000,'20190129','Pab','323216',0),
 (100,3,'3123231','SANTA FE - CREDITO VISA 6 CTAS','20190129',852.3120,'20190129','Paas','3232132',0),
 (101,3,'231313','SANTA FE - CREDITO VISA 6 CTAS','20190129',840.3120,'20190129','P','46546',291),
 (102,1,'3213131','SANTA FE - CREDITO VISA 3 CTAS','20190130',1366.5200,'20190130','Pablo','3213265',293),
 (103,3,'32132131','SANTA FE - CREDITO VISA 6 CTAS','20190130',1639.8240,'20190130','Pablo','12313123',295),
 (104,3,'213131','SANTA FE - CREDITO VISA 6 CTAS','20190130',1680.6240,'20190130','Pablo','12313',297),
 (105,3,'1231213','SANTA FE - CREDITO VISA 6 CTAS','20190131',840.0000,'20190131','Pablo','32132',299),
 (106,2,'21312','SANTA FE - CREDITO MASTERCARD','20190131',1456.5200,'20190131','PAsdas','232131',301),
 (107,3,'321654987','SANTA FE - CREDITO VISA 6 CTAS','20190202',783.9120,'20190202','Pablo','333',0),
 (108,3,'3213654654','SANTA FE - CREDITO VISA 6 CTAS','20190202',783.9120,'20190202','Pablo','333',307),
 (109,1,'1324589','SANTA FE - CREDITO VISA 3 CTAS','20190226',200.0000,'20190226','Pablo','123',358),
 (110,1,'1654646','SANTA FE - CREDITO VISA 3 CTAS','20190323',1446.5200,'20190323','Pablo','3356',0),
 (111,1,'3231321','SANTA FE - CREDITO VISA 3 CTAS','20190323',700.2600,'20190323','Pablo','3231654',394),
 (112,0,'','','',0.0000,'','','',0),
 (113,0,'','','',0.0000,'','','',0),
 (114,0,'','','',0.0000,'','','',0),
 (115,1,'123456987','SANTA FE - CREDITO VISA 3 CTAS','20190921',5.7300,'20190921','Pablo','236',461);
/*!40000 ALTER TABLE `cupones` ENABLE KEYS */;


--
-- Definition of table `depositos`
--

DROP TABLE IF EXISTS `depositos`;
CREATE TABLE `depositos` (
  `deposito` int(10) unsigned NOT NULL,
  `detalle` char(254) NOT NULL,
  `direccion` char(254) NOT NULL,
  PRIMARY KEY (`deposito`)
) ENGINE=InnoDB DEFAULT CHARSET=latin1;

--
-- Dumping data for table `depositos`
--

/*!40000 ALTER TABLE `depositos` DISABLE KEYS */;
INSERT INTO `depositos` (`deposito`,`detalle`,`direccion`) VALUES 
 (1,'Deposito Belgrano 1602','Belgrano 1602');
/*!40000 ALTER TABLE `depositos` ENABLE KEYS */;


--
-- Definition of table `destinooti`
--

DROP TABLE IF EXISTS `destinooti`;
CREATE TABLE `destinooti` (
  `destinooti` int(10) unsigned NOT NULL,
  `detalle` char(254) NOT NULL,
  PRIMARY KEY (`destinooti`)
) ENGINE=InnoDB DEFAULT CHARSET=latin1;

--
-- Dumping data for table `destinooti`
--

/*!40000 ALTER TABLE `destinooti` DISABLE KEYS */;
/*!40000 ALTER TABLE `destinooti` ENABLE KEYS */;


--
-- Definition of table `detafactu`
--

DROP TABLE IF EXISTS `detafactu`;
CREATE TABLE `detafactu` (
  `idfactura` int(10) unsigned NOT NULL,
  `idfacturah` int(10) unsigned NOT NULL,
  `articulo` char(50) NOT NULL,
  `idconcepto` int(10) unsigned NOT NULL,
  `servicio` int(10) unsigned NOT NULL,
  `cantidad` float(13,4) NOT NULL,
  `unidad` char(10) NOT NULL,
  `cantidadfc` float(13,4) NOT NULL,
  `unidadfc` char(10) NOT NULL,
  `detalle` char(254) NOT NULL,
  `unitario` float(13,4) NOT NULL,
  `impuestos` float(13,4) NOT NULL,
  `total` float(13,4) NOT NULL,
  `codigocta` char(20) NOT NULL,
  `nombrecta` char(100) NOT NULL,
  `cuota` int(10) unsigned NOT NULL,
  `cantcuotas` int(10) unsigned NOT NULL,
  `padron` int(10) unsigned NOT NULL,
  `impuesto` int(10) unsigned NOT NULL,
  `razonimp` float(13,4) NOT NULL,
  `neto` float(13,4) NOT NULL,
  PRIMARY KEY (`idfacturah`) USING BTREE
) ENGINE=InnoDB DEFAULT CHARSET=latin1;

--
-- Dumping data for table `detafactu`
--

/*!40000 ALTER TABLE `detafactu` DISABLE KEYS */;
INSERT INTO `detafactu` (`idfactura`,`idfacturah`,`articulo`,`idconcepto`,`servicio`,`cantidad`,`unidad`,`cantidadfc`,`unidadfc`,`detalle`,`unitario`,`impuestos`,`total`,`codigocta`,`nombrecta`,`cuota`,`cantcuotas`,`padron`,`impuesto`,`razonimp`,`neto`) VALUES 
 (1,1,'0101001',0,0,5.0000,'UNIDADES',0.0000,'','Alambre de bajada c/autop.2 x 0.61',101.0000,106.0500,611.0500,'','',0,0,0,1,21.0000,505.0000),
 (2,2,'0101001',0,0,5.0000,'UNIDADES',0.0000,'','Alambre de bajada c/autop.2 x 0.61',101.0000,106.0500,611.0500,'','',0,0,0,1,21.0000,505.0000),
 (3,3,'0101001',0,0,5.0000,'UNIDADES',0.0000,'','Alambre de bajada c/autop.2 x 0.61',101.0000,106.0500,611.0500,'','',0,0,0,1,21.0000,505.0000),
 (4,4,'0101001',0,0,5.0000,'UNIDADES',0.0000,'','Alambre de bajada c/autop.2 x 0.61',101.0000,106.0500,611.0500,'','',0,0,0,1,21.0000,505.0000),
 (5,5,'0101001',0,0,5.0000,'UNIDADES',0.0000,'','Alambre de bajada c/autop.2 x 0.61',101.0000,106.0500,611.0500,'','',0,0,0,1,21.0000,505.0000),
 (6,6,'0101001',0,0,5.0000,'UNIDADES',0.0000,'','Alambre de bajada c/autop.2 x 0.61',101.0000,106.0500,611.0500,'','',0,0,0,1,21.0000,505.0000),
 (7,7,'0101001',0,0,5.0000,'UNIDADES',0.0000,'','Alambre de bajada c/autop.2 x 0.61',101.0000,106.0500,611.0500,'','',0,0,0,1,21.0000,505.0000),
 (8,8,'0101001',0,0,6.0000,'UNIDADES',0.0000,'','Alambre de bajada c/autop.2 x 0.61',101.0000,127.2600,733.2600,'','',0,0,0,1,21.0000,606.0000),
 (9,9,'0101001',0,0,6.0000,'UNIDADES',0.0000,'','Alambre de bajada c/autop.2 x 0.61',101.0000,127.2600,733.2600,'','',0,0,0,1,21.0000,606.0000),
 (10,10,'0101001',0,0,6.0000,'UNIDADES',0.0000,'','Alambre de bajada c/autop.2 x 0.61',101.0000,127.2600,733.2600,'','',0,0,0,1,21.0000,606.0000),
 (11,11,'0101001',0,0,6.0000,'UNIDADES',0.0000,'','Alambre de bajada c/autop.2 x 0.61',101.0000,127.2600,733.2600,'','',0,0,0,1,21.0000,606.0000),
 (12,12,'0101001',0,0,4.0000,'UNIDADES',0.0000,'','Alambre de bajada c/autop.2 x 0.61',101.0000,3.3600,407.3600,'','',0,0,0,1,21.0000,404.0000),
 (13,13,'0101001',0,0,4.0000,'UNIDADES',0.0000,'','Alambre de bajada c/autop.2 x 0.61',101.0000,84.8400,488.8400,'','',0,0,0,1,21.0000,404.0000),
 (14,14,'0101001',0,0,4.0000,'UNIDADES',0.0000,'','Alambre de bajada c/autop.2 x 0.61',101.0000,84.8400,488.8400,'','',0,0,0,1,21.0000,404.0000),
 (15,15,'0101001',0,0,6.0000,'UNIDADES',0.0000,'','Alambre de bajada c/autop.2 x 0.61',101.0000,127.2600,733.2600,'','',0,0,0,1,21.0000,606.0000),
 (16,16,'0101001',0,0,6.0000,'UNIDADES',0.0000,'','Alambre de bajada c/autop.2 x 0.61',101.0000,127.2600,733.2600,'','',0,0,0,1,21.0000,606.0000),
 (17,17,'0101001',0,0,6.0000,'UNIDADES',0.0000,'','Alambre de bajada c/autop.2 x 0.61',101.0000,127.2600,733.2600,'','',0,0,0,1,21.0000,606.0000),
 (18,18,'0101001',0,0,4.0000,'UNIDADES',0.0000,'','Alambre de bajada c/autop.2 x 0.61',101.0000,84.8400,488.8400,'','',0,0,0,1,21.0000,404.0000),
 (19,19,'0101001',0,0,5.0000,'UNIDADES',0.0000,'','Alambre de bajada c/autop.2 x 0.61',101.0000,106.0500,611.0500,'','',0,0,0,1,21.0000,505.0000),
 (20,20,'0101001',0,0,6.0000,'UNIDADES',0.0000,'','Alambre de bajada c/autop.2 x 0.61',101.0000,127.2600,733.2600,'','',0,0,0,1,21.0000,606.0000),
 (21,21,'0101001',0,0,4.0000,'UNIDADES',0.0000,'','Alambre de bajada c/autop.2 x 0.61',101.0000,84.8400,488.8400,'','',0,0,0,1,21.0000,404.0000),
 (22,22,'0101001',0,0,4.0000,'UNIDADES',0.0000,'','Alambre de bajada c/autop.2 x 0.61',101.0000,84.8400,488.8400,'','',0,0,0,1,21.0000,404.0000),
 (23,23,'0101001',0,0,4.0000,'UNIDADES',0.0000,'','Alambre de bajada c/autop.2 x 0.61',101.0000,84.8400,488.8400,'','',0,0,0,1,21.0000,404.0000),
 (24,24,'0101001',0,0,4.0000,'UNIDADES',0.0000,'','Alambre de bajada c/autop.2 x 0.61',101.0000,84.8400,488.8400,'','',0,0,0,1,21.0000,404.0000),
 (25,25,'0101001',0,0,4.0000,'UNIDADES',0.0000,'','Alambre de bajada c/autop.2 x 0.61',101.0000,84.8400,488.8400,'','',0,0,0,1,21.0000,404.0000),
 (26,26,'0101001',0,0,4.0000,'UNIDADES',0.0000,'','Alambre de bajada c/autop.2 x 0.61',101.0000,84.8400,488.8400,'','',0,0,0,1,21.0000,404.0000),
 (27,27,'0101002',0,0,5.0000,'UNIDADES',0.0000,'','Alambre de bajada PVC 2 x 0.81',102.0000,107.1000,617.1000,'','',0,0,0,1,21.0000,510.0000),
 (28,28,'0101001',0,0,5.0000,'UNIDADES',0.0000,'','Alambre de bajada c/autop.2 x 0.61',101.0000,106.0500,611.0500,'','',0,0,0,1,21.0000,505.0000),
 (29,29,'0101001',0,0,5.0000,'UNIDADES',0.0000,'','Alambre de bajada c/autop.2 x 0.61',101.0000,106.0500,611.0500,'','',0,0,0,1,21.0000,505.0000),
 (30,30,'0101001',0,0,5.0000,'UNIDADES',0.0000,'','Alambre de bajada c/autop.2 x 0.61',101.0000,106.0500,611.0500,'','',0,0,0,1,21.0000,505.0000),
 (31,31,'0101001',0,0,4.0000,'UNIDADES',0.0000,'','Alambre de bajada c/autop.2 x 0.61',101.0000,84.8400,488.8400,'','',0,0,0,1,21.0000,404.0000),
 (32,32,'0101001',0,0,2.0000,'UNIDADES',0.0000,'','Alambre de bajada c/autop.2 x 0.61',101.0000,42.4200,244.4200,'','',0,0,0,1,21.0000,202.0000),
 (33,33,'0101001',0,0,1.0000,'UNIDADES',0.0000,'','Alambre de bajada c/autop.2 x 0.61',101.0000,21.2100,122.2100,'','',0,0,0,1,21.0000,101.0000),
 (34,34,'0101001',0,0,3.0000,'UNIDADES',0.0000,'','Alambre de bajada c/autop.2 x 0.61',101.0000,63.6300,366.6300,'','',0,0,0,1,21.0000,303.0000),
 (35,35,'0101001',0,0,3.0000,'UNIDADES',0.0000,'','Alambre de bajada c/autop.2 x 0.61',101.0000,63.6300,366.6300,'','',0,0,0,1,21.0000,303.0000),
 (36,36,'0101001',0,0,2.0000,'UNIDADES',0.0000,'','Alambre de bajada c/autop.2 x 0.61',101.0000,42.4200,244.4200,'','',0,0,0,1,21.0000,202.0000),
 (37,37,'0101001',0,0,3.0000,'UNIDADES',0.0000,'','Alambre de bajada c/autop.2 x 0.61',101.0000,63.6300,366.6300,'','',0,0,0,1,21.0000,303.0000),
 (38,38,'0101001',0,0,2.0000,'UNIDADES',0.0000,'','Alambre de bajada c/autop.2 x 0.61',101.0000,42.4200,244.4200,'','',0,0,0,1,21.0000,202.0000),
 (39,39,'0101001',0,0,3.0000,'UNIDADES',0.0000,'','Alambre de bajada c/autop.2 x 0.61',101.0000,63.6300,366.6300,'','',0,0,0,1,21.0000,303.0000),
 (40,40,'0101001',0,0,3.0000,'UNIDADES',0.0000,'','Alambre de bajada c/autop.2 x 0.61',101.0000,63.6300,366.6300,'','',0,0,0,1,21.0000,303.0000),
 (41,41,'0101001',0,0,3.0000,'UNIDADES',0.0000,'','Alambre de bajada c/autop.2 x 0.61',101.0000,63.6300,366.6300,'','',0,0,0,1,21.0000,303.0000),
 (42,42,'0101001',0,0,3.0000,'UNIDADES',0.0000,'','Alambre de bajada c/autop.2 x 0.61',101.0000,63.6300,366.6300,'','',0,0,0,1,21.0000,303.0000),
 (43,43,'0101001',0,0,4.0000,'UNIDADES',0.0000,'','Alambre de bajada c/autop.2 x 0.61',101.0000,84.8400,488.8400,'','',0,0,0,1,21.0000,404.0000),
 (44,44,'0101002',0,0,3.0000,'UNIDADES',0.0000,'','Alambre de bajada PVC 2 x 0.81',102.0000,64.2600,370.2600,'','',0,0,0,1,21.0000,306.0000),
 (45,45,'0101001',0,0,3.0000,'UNIDADES',0.0000,'','Alambre de bajada c/autop.2 x 0.61',101.0000,63.6300,366.6300,'','',0,0,0,1,21.0000,303.0000),
 (46,46,'0101001',0,0,3.0000,'UNIDADES',0.0000,'','Alambre de bajada c/autop.2 x 0.61',101.0000,63.6300,366.6300,'','',0,0,0,1,21.0000,303.0000),
 (47,47,'0101001',0,0,2.0000,'UNIDADES',0.0000,'','Alambre de bajada c/autop.2 x 0.61',101.0000,42.4200,244.4200,'','',0,0,0,1,21.0000,202.0000),
 (48,48,'0101002',0,0,3.0000,'UNIDADES',0.0000,'','Alambre de bajada PVC 2 x 0.81',102.0000,64.2600,370.2600,'','',0,0,0,1,21.0000,306.0000),
 (48,49,'',0,0,0.0000,'',0.0000,'','',0.0000,0.0000,0.0000,'','',0,0,0,0,0.0000,0.0000),
 (49,50,'0101001',0,0,2.0000,'UNIDADES',0.0000,'','Alambre de bajada c/autop.2 x 0.61',101.0000,42.4200,244.4200,'','',0,0,0,1,21.0000,202.0000),
 (50,51,'0101001',0,0,2.0000,'UNIDADES',0.0000,'','Alambre de bajada c/autop.2 x 0.61',101.0000,42.4200,244.4200,'','',0,0,0,1,21.0000,202.0000),
 (51,52,'0101001',0,0,3.0000,'UNIDADES',0.0000,'','Alambre de bajada c/autop.2 x 0.61',101.0000,63.6300,366.6300,'','',0,0,0,1,21.0000,303.0000),
 (52,53,'0101001',0,0,2.0000,'UNIDADES',0.0000,'','Alambre de bajada c/autop.2 x 0.61',101.0000,42.4200,244.4200,'','',0,0,0,1,21.0000,202.0000),
 (53,54,'0101002',0,0,1.0000,'UNIDADES',0.0000,'','Alambre de bajada PVC 2 x 0.81',102.0000,21.4200,123.4200,'','',0,0,0,1,21.0000,102.0000),
 (54,55,'0101001',0,0,2.0000,'UNIDADES',0.0000,'','Alambre de bajada c/autop.2 x 0.61',101.0000,42.4200,244.4200,'','',0,0,0,1,21.0000,202.0000),
 (55,56,'0101001',0,0,3.0000,'UNIDADES',0.0000,'','Alambre de bajada c/autop.2 x 0.61',101.0000,63.6300,366.6300,'','',0,0,0,1,21.0000,303.0000),
 (56,57,'0101001',0,0,3.0000,'UNIDADES',0.0000,'','Alambre de bajada c/autop.2 x 0.61',101.0000,63.6300,366.6300,'','',0,0,0,1,21.0000,303.0000),
 (57,58,'0101001',0,0,2.0000,'UNIDADES',0.0000,'','Alambre de bajada c/autop.2 x 0.61',101.0000,42.4200,244.4200,'','',0,0,0,1,21.0000,202.0000),
 (58,59,'0101001',0,0,3.0000,'UNIDADES',0.0000,'','Alambre de bajada c/autop.2 x 0.61',101.0000,63.6300,366.6300,'','',0,0,0,1,21.0000,303.0000),
 (59,60,'0101002',0,0,2.0000,'UNIDADES',0.0000,'','Alambre de bajada PVC 2 x 0.81',102.0000,42.8400,246.8400,'','',0,0,0,1,21.0000,204.0000),
 (60,61,'0101002',0,0,2.0000,'UNIDADES',0.0000,'','Alambre de bajada PVC 2 x 0.81',102.0000,42.8400,246.8400,'','',0,0,0,1,21.0000,204.0000),
 (61,62,'0101001',0,0,2.0000,'UNIDADES',0.0000,'','Alambre de bajada c/autop.2 x 0.61',101.0000,42.4200,244.4200,'','',0,0,0,1,21.0000,202.0000),
 (62,63,'0101001',0,0,3.0000,'UNIDADES',0.0000,'','Alambre de bajada c/autop.2 x 0.61',101.0000,63.6300,366.6300,'','',0,0,0,1,21.0000,303.0000),
 (63,64,'0101001',0,0,1.0000,'UNIDADES',0.0000,'','Alambre de bajada c/autop.2 x 0.61',101.0000,21.2100,122.2100,'','',0,0,0,1,21.0000,101.0000),
 (64,65,'0101001',0,0,3.0000,'UNIDADES',0.0000,'','Alambre de bajada c/autop.2 x 0.61',101.0000,63.6300,366.6300,'','',0,0,0,1,21.0000,303.0000),
 (65,66,'0101001',0,0,2.0000,'UNIDADES',0.0000,'','Alambre de bajada c/autop.2 x 0.61',101.0000,42.4200,244.4200,'','',0,0,0,1,21.0000,202.0000),
 (66,67,'0101001',0,0,1.0000,'UNIDADES',0.0000,'','Alambre de bajada c/autop.2 x 0.61',101.0000,21.2100,122.2100,'','',0,0,0,1,21.0000,101.0000),
 (67,68,'0101001',0,0,1.0000,'UNIDADES',0.0000,'','Alambre de bajada c/autop.2 x 0.61',101.0000,21.2100,122.2100,'','',0,0,0,1,21.0000,101.0000),
 (68,69,'0101001',0,0,2.0000,'UNIDADES',0.0000,'','Alambre de bajada c/autop.2 x 0.61',101.0000,42.4200,244.4200,'','',0,0,0,1,21.0000,202.0000),
 (69,70,'0101001',0,0,2.0000,'UNIDADES',0.0000,'','Alambre de bajada c/autop.2 x 0.61',101.0000,42.4200,244.4200,'','',0,0,0,1,21.0000,202.0000),
 (70,71,'0101001',0,0,2.0000,'UNIDADES',0.0000,'','Alambre de bajada c/autop.2 x 0.61',101.0000,42.4200,244.4200,'','',0,0,0,1,21.0000,202.0000),
 (71,72,'0101001',0,0,2.0000,'UNIDADES',0.0000,'','Alambre de bajada c/autop.2 x 0.61',101.0000,42.4200,244.4200,'','',0,0,0,1,21.0000,202.0000),
 (72,73,'0101001',0,0,2.0000,'UNIDADES',0.0000,'','Alambre de bajada c/autop.2 x 0.61',101.0000,42.4200,244.4200,'','',0,0,0,1,21.0000,202.0000),
 (73,74,'0101001',0,0,2.0000,'UNIDADES',0.0000,'','Alambre de bajada c/autop.2 x 0.61',101.0000,42.4200,244.4200,'','',0,0,0,1,21.0000,202.0000),
 (74,75,'0101001',0,0,2.0000,'UNIDADES',0.0000,'','Alambre de bajada c/autop.2 x 0.61',101.0000,42.4200,244.4200,'','',0,0,0,1,21.0000,202.0000),
 (75,76,'0101001',0,0,2.0000,'UNIDADES',0.0000,'','Alambre de bajada c/autop.2 x 0.61',101.0000,42.4200,244.4200,'','',0,0,0,1,21.0000,202.0000),
 (76,77,'0101001',0,0,2.0000,'UNIDADES',0.0000,'','Alambre de bajada c/autop.2 x 0.61',101.0000,42.4200,244.4200,'','',0,0,0,1,21.0000,202.0000),
 (77,78,'0101001',0,0,2.0000,'UNIDADES',0.0000,'','Alambre de bajada c/autop.2 x 0.61',101.0000,42.4200,244.4200,'','',0,0,0,1,21.0000,202.0000),
 (78,79,'0101001',0,0,2.0000,'UNIDADES',0.0000,'','Alambre de bajada c/autop.2 x 0.61',101.0000,42.4200,244.4200,'','',0,0,0,1,21.0000,202.0000),
 (79,80,'0101001',0,0,2.0000,'UNIDADES',0.0000,'','Alambre de bajada c/autop.2 x 0.61',101.0000,42.4200,244.4200,'','',0,0,0,1,21.0000,202.0000),
 (80,81,'0101001',0,0,2.0000,'UNIDADES',0.0000,'','Alambre de bajada c/autop.2 x 0.61',101.0000,42.4200,244.4200,'','',0,0,0,1,21.0000,202.0000),
 (81,82,'0101001',0,0,2.0000,'UNIDADES',0.0000,'','Alambre de bajada c/autop.2 x 0.61',101.0000,42.4200,244.4200,'','',0,0,0,1,21.0000,202.0000),
 (82,83,'0101001',0,0,2.0000,'UNIDADES',0.0000,'','Alambre de bajada c/autop.2 x 0.61',101.0000,42.4200,244.4200,'','',0,0,0,1,21.0000,202.0000),
 (83,84,'0101001',0,0,2.0000,'UNIDADES',0.0000,'','Alambre de bajada c/autop.2 x 0.61',101.0000,42.4200,244.4200,'','',0,0,0,1,21.0000,202.0000),
 (84,85,'0101001',0,0,2.0000,'UNIDADES',0.0000,'','Alambre de bajada c/autop.2 x 0.61',101.0000,42.4200,244.4200,'','',0,0,0,1,21.0000,202.0000),
 (85,86,'0101001',0,0,2.0000,'UNIDADES',0.0000,'','Alambre de bajada c/autop.2 x 0.61',101.0000,42.4200,244.4200,'','',0,0,0,1,21.0000,202.0000),
 (86,87,'0101001',0,0,2.0000,'UNIDADES',0.0000,'','Alambre de bajada c/autop.2 x 0.61',101.0000,42.4200,244.4200,'','',0,0,0,1,21.0000,202.0000),
 (87,88,'0101001',0,0,2.0000,'UNIDADES',0.0000,'','Alambre de bajada c/autop.2 x 0.61',101.0000,42.4200,244.4200,'','',0,0,0,1,21.0000,202.0000),
 (88,89,'0101001',0,0,2.0000,'UNIDADES',0.0000,'','Alambre de bajada c/autop.2 x 0.61',101.0000,42.4200,244.4200,'','',0,0,0,1,21.0000,202.0000),
 (89,90,'0101001',0,0,2.0000,'UNIDADES',0.0000,'','Alambre de bajada c/autop.2 x 0.61',101.0000,42.4200,244.4200,'','',0,0,0,1,21.0000,202.0000),
 (90,91,'0101001',0,0,2.0000,'UNIDADES',0.0000,'','Alambre de bajada c/autop.2 x 0.61',101.0000,42.4200,244.4200,'','',0,0,0,1,21.0000,202.0000),
 (92,92,'0101001',0,0,2.0000,'UNIDADES',0.0000,'','Alambre de bajada c/autop.2 x 0.61',101.0000,42.4200,244.4200,'','',0,0,0,1,21.0000,202.0000),
 (93,93,'0101001',0,0,2.0000,'UNIDADES',0.0000,'','Alambre de bajada c/autop.2 x 0.61',101.0000,42.4200,244.4200,'','',0,0,0,1,21.0000,202.0000),
 (94,94,'0101001',0,0,2.0000,'UNIDADES',0.0000,'','Alambre de bajada c/autop.2 x 0.61',101.0000,42.4200,244.4200,'','',0,0,0,1,21.0000,202.0000),
 (95,95,'0101001',0,0,2.0000,'UNIDADES',0.0000,'','Alambre de bajada c/autop.2 x 0.61',101.0000,42.4200,244.4200,'','',0,0,0,1,21.0000,202.0000),
 (96,96,'0101001',0,0,2.0000,'UNIDADES',0.0000,'','Alambre de bajada c/autop.2 x 0.61',101.0000,42.4200,244.4200,'','',0,0,0,1,21.0000,202.0000),
 (97,97,'0101001',0,0,2.0000,'UNIDADES',0.0000,'','Alambre de bajada c/autop.2 x 0.61',101.0000,42.4200,244.4200,'','',0,0,0,1,21.0000,202.0000),
 (98,98,'0101001',0,0,2.0000,'UNIDADES',0.0000,'','Alambre de bajada c/autop.2 x 0.61',101.0000,42.4200,244.4200,'','',0,0,0,1,21.0000,202.0000),
 (99,99,'0101001',0,0,1.0000,'UNIDADES',0.0000,'','Alambre de bajada c/autop.2 x 0.61',101.0000,21.2100,122.2100,'','',0,0,0,1,21.0000,101.0000),
 (100,100,'0101001',0,0,2.0000,'UNIDADES',0.0000,'','Alambre de bajada c/autop.2 x 0.61',101.0000,42.4200,244.4200,'','',0,0,0,1,21.0000,202.0000),
 (101,101,'0101001',0,0,2.0000,'UNIDADES',0.0000,'','Alambre de bajada c/autop.2 x 0.61',101.0000,42.4200,244.4200,'','',0,0,0,1,21.0000,202.0000),
 (101,102,'',0,0,0.0000,'',0.0000,'','',0.0000,0.0000,0.0000,'','',0,0,0,0,0.0000,0.0000),
 (102,103,'0101001',0,0,2.0000,'UNIDADES',0.0000,'','Alambre de bajada c/autop.2 x 0.61',101.0000,42.4200,244.4200,'','',0,0,0,1,21.0000,202.0000),
 (103,104,'0101001',0,0,2.0000,'UNIDADES',0.0000,'','Alambre de bajada c/autop.2 x 0.61',101.0000,42.4200,244.4200,'','',0,0,0,1,21.0000,202.0000),
 (104,105,'0101001',0,0,2.0000,'UNIDADES',0.0000,'','Alambre de bajada c/autop.2 x 0.61',101.0000,42.4200,244.4200,'','',0,0,0,1,21.0000,202.0000),
 (105,106,'0101001',0,0,2.0000,'UNIDADES',0.0000,'','Alambre de bajada c/autop.2 x 0.61',101.0000,42.4200,244.4200,'','',0,0,0,1,21.0000,202.0000),
 (106,107,'0101001',0,0,2.0000,'UNIDADES',0.0000,'','Alambre de bajada c/autop.2 x 0.61',101.0000,42.4200,244.4200,'','',0,0,0,1,21.0000,202.0000),
 (107,108,'0101001',0,0,2.0000,'UNIDADES',0.0000,'','Alambre de bajada c/autop.2 x 0.61',101.0000,42.4200,244.4200,'','',0,0,0,1,21.0000,202.0000),
 (108,109,'0101001',0,0,2.0000,'UNIDADES',0.0000,'','Alambre de bajada c/autop.2 x 0.61',101.0000,42.4200,244.4200,'','',0,0,0,1,21.0000,202.0000),
 (109,110,'0101001',0,0,2.0000,'UNIDADES',0.0000,'','Alambre de bajada c/autop.2 x 0.61',101.0000,42.4200,244.4200,'','',0,0,0,1,21.0000,202.0000),
 (110,111,'0101001',0,0,2.0000,'UNIDADES',0.0000,'','Alambre de bajada c/autop.2 x 0.61',101.0000,42.4200,244.4200,'','',0,0,0,1,21.0000,202.0000),
 (111,112,'0101001',0,0,1.0000,'UNIDADES',0.0000,'','Alambre de bajada c/autop.2 x 0.61',101.0000,21.2100,122.2100,'','',0,0,0,1,21.0000,101.0000),
 (112,113,'0101001',0,0,2.0000,'UNIDADES',0.0000,'','Alambre de bajada c/autop.2 x 0.61',101.0000,42.4200,244.4200,'','',0,0,0,1,21.0000,202.0000),
 (113,114,'0101001',0,0,1.0000,'UNIDADES',0.0000,'','Alambre de bajada c/autop.2 x 0.61',101.0000,21.2100,122.2100,'','',0,0,0,1,21.0000,101.0000),
 (114,115,'0101002',0,0,2.0000,'UNIDADES',0.0000,'','Alambre de bajada PVC 2 x 0.81',102.0000,42.8400,246.8400,'','',0,0,0,1,21.0000,204.0000),
 (115,116,'0101001',0,0,1.0000,'UNIDADES',0.0000,'','Alambre de bajada c/autop.2 x 0.61',101.0000,21.2100,122.2100,'','',0,0,0,1,21.0000,101.0000),
 (116,117,'0101001',0,0,1.0000,'UNIDADES',0.0000,'','Alambre de bajada c/autop.2 x 0.61',101.0000,21.2100,122.2100,'','',0,0,0,1,21.0000,101.0000),
 (117,118,'0101001',0,0,1.0000,'UNIDADES',0.0000,'','Alambre de bajada c/autop.2 x 0.61',101.0000,21.2100,122.2100,'','',0,0,0,1,21.0000,101.0000),
 (118,119,'0101001',0,0,1.0000,'UNIDADES',0.0000,'','Alambre de bajada c/autop.2 x 0.61',101.0000,21.2100,122.2100,'','',0,0,0,1,21.0000,101.0000),
 (119,120,'0101001',0,0,2.0000,'UNIDADES',0.0000,'','Alambre de bajada c/autop.2 x 0.61',101.0000,42.4200,244.4200,'','',0,0,0,1,21.0000,202.0000),
 (120,121,'0101001',0,0,2.0000,'UNIDADES',0.0000,'','Alambre de bajada c/autop.2 x 0.61',101.0000,42.4200,244.4200,'','',0,0,0,1,21.0000,202.0000),
 (121,122,'0101001',0,0,1.0000,'UNIDADES',0.0000,'','Alambre de bajada c/autop.2 x 0.61',101.0000,21.2100,122.2100,'','',0,0,0,1,21.0000,101.0000),
 (122,123,'0101001',0,0,1.0000,'UNIDADES',0.0000,'','Alambre de bajada c/autop.2 x 0.61',101.0000,21.2100,122.2100,'','',0,0,0,1,21.0000,101.0000),
 (123,124,'0101001',0,0,2.0000,'UNIDADES',0.0000,'','Alambre de bajada c/autop.2 x 0.61',101.0000,42.4200,244.4200,'','',0,0,0,1,21.0000,202.0000),
 (124,125,'0101001',0,0,1.0000,'UNIDADES',0.0000,'','Alambre de bajada c/autop.2 x 0.61',101.0000,21.2100,122.2100,'','',0,0,0,1,21.0000,101.0000),
 (125,126,'0101001',0,0,1.0000,'UNIDADES',0.0000,'','Alambre de bajada c/autop.2 x 0.61',101.0000,21.2100,122.2100,'','',0,0,0,1,21.0000,101.0000),
 (126,127,'0101001',0,0,1.0000,'UNIDADES',0.0000,'','Alambre de bajada c/autop.2 x 0.61',101.0000,21.2100,122.2100,'','',0,0,0,1,21.0000,101.0000),
 (127,128,'0101001',0,0,2.0000,'UNIDADES',0.0000,'','Alambre de bajada c/autop.2 x 0.61',101.0000,42.4200,244.4200,'','',0,0,0,1,21.0000,202.0000),
 (128,129,'0101001',0,0,2.0000,'UNIDADES',0.0000,'','Alambre de bajada c/autop.2 x 0.61',101.0000,42.4200,244.4200,'','',0,0,0,1,21.0000,202.0000),
 (129,130,'0101001',0,0,1.0000,'UNIDADES',0.0000,'','Alambre de bajada c/autop.2 x 0.61',101.0000,21.2100,122.2100,'','',0,0,0,1,21.0000,101.0000),
 (130,131,'0101001',0,0,1.0000,'UNIDADES',0.0000,'','Alambre de bajada c/autop.2 x 0.61',101.0000,21.2100,122.2100,'','',0,0,0,1,21.0000,101.0000),
 (131,132,'0101001',0,0,1.0000,'UNIDADES',0.0000,'','Alambre de bajada c/autop.2 x 0.61',101.0000,21.2100,122.2100,'','',0,0,0,1,21.0000,101.0000),
 (132,133,'0101001',0,0,1.0000,'UNIDADES',0.0000,'','Alambre de bajada c/autop.2 x 0.61',101.0000,21.2100,122.2100,'','',0,0,0,1,21.0000,101.0000),
 (133,134,'0101001',0,0,1.0000,'UNIDADES',0.0000,'','Alambre de bajada c/autop.2 x 0.61',101.0000,21.2100,122.2100,'','',0,0,0,1,21.0000,101.0000),
 (134,135,'0101001',0,0,2.0000,'UNIDADES',0.0000,'','Alambre de bajada c/autop.2 x 0.61',101.0000,42.4200,244.4200,'','',0,0,0,1,21.0000,202.0000),
 (135,136,'0101001',0,0,1.0000,'UNIDADES',0.0000,'','Alambre de bajada c/autop.2 x 0.61',101.0000,21.2100,122.2100,'','',0,0,0,1,21.0000,101.0000),
 (136,137,'0101001',0,0,2.0000,'UNIDADES',0.0000,'','Alambre de bajada c/autop.2 x 0.61',101.0000,42.4200,244.4200,'','',0,0,0,1,21.0000,202.0000),
 (137,138,'0101001',0,0,2.0000,'UNIDADES',0.0000,'','Alambre de bajada c/autop.2 x 0.61',101.0000,42.4200,244.4200,'','',0,0,0,1,21.0000,202.0000),
 (138,139,'0101001',0,0,2.0000,'UNIDADES',0.0000,'','Alambre de bajada c/autop.2 x 0.61',101.0000,42.4200,244.4200,'','',0,0,0,1,21.0000,202.0000),
 (139,140,'0101001',0,0,1.0000,'UNIDADES',0.0000,'','Alambre de bajada c/autop.2 x 0.61',101.0000,21.2100,122.2100,'','',0,0,0,1,21.0000,101.0000),
 (140,141,'0101001',0,0,2.0000,'UNIDADES',0.0000,'','Alambre de bajada c/autop.2 x 0.61',101.0000,42.4200,244.4200,'','',0,0,0,1,21.0000,202.0000),
 (141,142,'0101001',0,0,2.0000,'UNIDADES',0.0000,'','Alambre de bajada c/autop.2 x 0.61',101.0000,42.4200,244.4200,'','',0,0,0,1,21.0000,202.0000),
 (142,143,'0101001',0,0,2.0000,'UNIDADES',0.0000,'','Alambre de bajada c/autop.2 x 0.61',101.0000,42.4200,244.4200,'','',0,0,0,1,21.0000,202.0000),
 (143,144,'0101002',0,0,4.0000,'UNIDADES',0.0000,'','Alambre de bajada PVC 2 x 0.81',102.0000,85.6800,493.6800,'','',0,0,0,1,21.0000,408.0000),
 (144,145,'0101001',0,0,3.0000,'UNIDADES',0.0000,'','Alambre de bajada c/autop.2 x 0.61',101.0000,63.6300,366.6300,'','',0,0,0,1,21.0000,303.0000),
 (145,146,'0101002',0,0,5.0000,'UNIDADES',0.0000,'','Alambre de bajada PVC 2 x 0.81',102.0000,107.1000,617.1000,'','',0,0,0,1,21.0000,510.0000),
 (146,147,'0101001',0,0,2.0000,'UNIDADES',0.0000,'','Alambre de bajada c/autop.2 x 0.61',101.0000,42.4200,244.4200,'','',0,0,0,1,21.0000,202.0000),
 (147,148,'0101001',0,0,2.0000,'UNIDADES',0.0000,'','Alambre de bajada c/autop.2 x 0.61',101.0000,42.4200,244.4200,'','',0,0,0,1,21.0000,202.0000),
 (148,149,'0101001',0,0,1.0000,'UNIDADES',0.0000,'','Alambre de bajada c/autop.2 x 0.61',101.0000,21.2100,122.2100,'','',0,0,0,1,21.0000,101.0000),
 (149,150,'0101001',0,0,1.0000,'UNIDADES',0.0000,'','Alambre de bajada c/autop.2 x 0.61',101.0000,21.2100,122.2100,'','',0,0,0,1,21.0000,101.0000),
 (150,151,'0101001',0,0,2.0000,'UNIDADES',0.0000,'','Alambre de bajada c/autop.2 x 0.61',101.0000,42.4200,244.4200,'','',0,0,0,1,21.0000,202.0000),
 (151,152,'0101001',0,0,2.0000,'UNIDADES',0.0000,'','Alambre de bajada c/autop.2 x 0.61',101.0000,42.4200,244.4200,'','',0,0,0,1,21.0000,202.0000),
 (152,153,'0101001',0,0,1.0000,'UNIDADES',0.0000,'','Alambre de bajada c/autop.2 x 0.61',101.0000,21.2100,122.2100,'','',0,0,0,1,21.0000,101.0000),
 (153,154,'0101001',0,0,1.0000,'UNIDADES',0.0000,'','Alambre de bajada c/autop.2 x 0.61',101.0000,21.2100,122.2100,'','',0,0,0,1,21.0000,101.0000),
 (154,155,'0101001',0,0,2.0000,'UNIDADES',0.0000,'','Alambre de bajada c/autop.2 x 0.61',101.0000,42.4200,244.4200,'','',0,0,0,1,21.0000,202.0000),
 (155,156,'0101001',0,0,1.0000,'UNIDADES',0.0000,'','Alambre de bajada c/autop.2 x 0.61',101.0000,21.2100,122.2100,'','',0,0,0,1,21.0000,101.0000),
 (156,157,'0101001',0,0,1.0000,'UNIDADES',0.0000,'','Alambre de bajada c/autop.2 x 0.61',101.0000,21.2100,122.2100,'','',0,0,0,1,21.0000,101.0000),
 (157,158,'0101001',0,0,1.0000,'UNIDADES',0.0000,'','Alambre de bajada c/autop.2 x 0.61',101.0000,21.2100,122.2100,'','',0,0,0,1,21.0000,101.0000),
 (158,159,'0101001',0,0,1.0000,'UNIDADES',0.0000,'','Alambre de bajada c/autop.2 x 0.61',101.0000,21.2100,122.2100,'','',0,0,0,1,21.0000,101.0000),
 (159,160,'0101001',0,0,2.0000,'UNIDADES',0.0000,'','Alambre de bajada c/autop.2 x 0.61',101.0000,42.4200,244.4200,'','',0,0,0,1,21.0000,202.0000),
 (160,161,'0101001',0,0,2.0000,'UNIDADES',0.0000,'','Alambre de bajada c/autop.2 x 0.61',101.0000,42.4200,244.4200,'','',0,0,0,1,21.0000,202.0000),
 (161,162,'0101001',0,0,2.0000,'UNIDADES',0.0000,'','Alambre de bajada c/autop.2 x 0.61',101.0000,42.4200,244.4200,'','',0,0,0,1,21.0000,202.0000),
 (162,163,'0101001',0,0,1.0000,'',1.0000,'','COSTO FINANCIACION',0.0000,1.0000,1.0000,'','',0,0,0,1,21.0000,1.0000),
 (163,165,'0101001',0,0,3.0000,'UNIDADES',0.0000,'','Alambre de bajada c/autop.2 x 0.61',101.0000,63.6300,366.6300,'','',0,0,0,1,21.0000,303.0000),
 (164,166,'0101001',0,0,5.0000,'UNIDADES',0.0000,'','Alambre de bajada c/autop.2 x 0.61',101.0000,106.0500,611.0500,'','',0,0,0,1,21.0000,505.0000),
 (165,167,'0101001',0,0,1.0000,'',1.0000,'','COSTO FINANCIACION',0.0000,1.0000,1.0000,'','',0,0,0,1,21.0000,1.0000),
 (166,169,'0101001',0,0,1.0000,'',1.0000,'','COSTO FINANCIACION',0.0000,1.0000,1.0000,'','',0,0,0,1,21.0000,1.0000),
 (167,171,'0101001',0,0,2.0000,'UNIDADES',0.0000,'','Alambre de bajada c/autop.2 x 0.61',101.0000,42.4200,244.4200,'','',0,0,0,1,21.0000,202.0000),
 (168,172,'0101001',0,0,1.0000,'',1.0000,'','COSTO FINANCIACION',0.0000,1.0000,1.0000,'','',0,0,0,1,21.0000,1.0000),
 (169,174,'0101001',0,0,1.0000,'',1.0000,'','COSTO FINANCIACION',0.0000,1.0000,1.0000,'','',0,0,0,1,21.0000,1.0000),
 (170,176,'0101001',0,0,1.0000,'',1.0000,'','COSTO FINANCIACION',0.0000,1.0000,1.0000,'','',0,0,0,1,21.0000,1.0000),
 (171,178,'0101001',0,0,1.0000,'',1.0000,'','COSTO FINANCIACION',0.0000,1.0000,1.0000,'','',0,0,0,1,21.0000,1.0000),
 (172,180,'0101001',0,0,1.0000,'',1.0000,'','COSTO FINANCIACION',0.0000,1.0000,1.0000,'','',0,0,0,1,21.0000,1.0000),
 (173,182,'0101001',0,0,1.0000,'',1.0000,'','COSTO FINANCIACION',0.0000,1.0000,0.0000,'','',0,0,0,1,21.0000,0.0000),
 (174,184,'0101001',0,0,2.0000,'UNIDADES',0.0000,'','Alambre de bajada c/autop.2 x 0.61',101.0000,42.4200,244.4200,'','',0,0,0,1,21.0000,202.0000),
 (175,186,'0101001',0,0,1.0000,'',1.0000,'','COSTO FINANCIACION',0.0000,1.0000,0.0000,'','',0,0,0,1,21.0000,0.0000),
 (175,187,'0101001',0,0,2.0000,'UNIDADES',0.0000,'','Alambre de bajada c/autop.2 x 0.61',101.0000,42.4200,244.4200,'','',0,0,0,1,21.0000,202.0000),
 (176,189,'0101001',0,0,3.0000,'UNIDADES',0.0000,'','Alambre de bajada c/autop.2 x 0.61',101.0000,63.6300,366.6300,'','',0,0,0,1,21.0000,303.0000),
 (176,190,'',0,0,0.0000,'',0.0000,'','',0.0000,0.0000,0.0000,'','',0,0,0,0,0.0000,0.0000),
 (176,191,'',0,0,1.0000,'',1.0000,'','COSTO FINANCIACION',65.9260,1.0000,79.7705,'','',0,0,0,0,21.0000,79.7705),
 (177,192,'0101001',0,0,5.0000,'UNIDADES',0.0000,'','Alambre de bajada c/autop.2 x 0.61',101.0000,106.0500,611.0500,'','',0,0,0,1,21.0000,505.0000),
 (177,193,'0101001',0,0,1.0000,'',1.0000,'','COSTO FINANCIACION',102.2100,1.0000,123.6741,'','',0,0,0,1,21.0000,123.6741),
 (178,194,'0101001',0,0,2.0000,'UNIDADES',0.0000,'','Alambre de bajada c/autop.2 x 0.61',101.0000,42.4200,244.4200,'','',0,0,0,1,21.0000,202.0000),
 (178,195,'0101001',0,0,1.0000,'',1.0000,'','COSTO FINANCIACION',28.8840,1.0000,34.9496,'','',0,0,0,1,21.0000,34.9496),
 (179,196,'0101001',0,0,2.0000,'UNIDADES',0.0000,'','Alambre de bajada c/autop.2 x 0.61',101.0000,42.4200,244.4200,'','',0,0,0,1,21.0000,202.0000),
 (179,197,'0101001',0,0,1.0000,'',1.0000,'','COSTO FINANCIACION',28.8840,1.0000,34.9496,'','',0,0,0,1,21.0000,34.9496),
 (180,198,'0101001',0,0,2.0000,'UNIDADES',0.0000,'','Alambre de bajada c/autop.2 x 0.61',101.0000,42.4200,244.4200,'','',0,0,0,1,21.0000,202.0000),
 (180,199,'0101001',0,0,1.0000,'',1.0000,'','COSTO FINANCIACION',28.8840,1.0000,34.9496,'','',0,0,0,1,21.0000,34.9496),
 (181,200,'0101001',0,0,2.0000,'UNIDADES',0.0000,'','Alambre de bajada c/autop.2 x 0.61',101.0000,42.4200,244.4200,'','',0,0,0,1,21.0000,202.0000),
 (182,201,'0101001',0,0,2.0000,'UNIDADES',0.0000,'','Alambre de bajada c/autop.2 x 0.61',101.0000,42.4200,244.4200,'','',0,0,0,1,21.0000,202.0000),
 (182,202,'',0,0,1.0000,'',1.0000,'','COSTO FINANCIACION',28.8840,6.0656,34.9496,'','',0,0,0,1,21.0000,28.8840),
 (183,203,'0101001',0,0,2.0000,'UNIDADES',0.0000,'','Alambre de bajada c/autop.2 x 0.61',101.0000,42.4200,244.4200,'','',0,0,0,1,21.0000,202.0000),
 (183,204,'',0,0,1.0000,'',1.0000,'','COSTO FINANCIACION',28.8840,6.0656,34.9496,'','',0,0,0,1,21.0000,28.8840),
 (184,205,'0101001',0,0,2.0000,'UNIDADES',0.0000,'','Alambre de bajada c/autop.2 x 0.61',101.0000,42.4200,244.4200,'','',0,0,0,1,21.0000,202.0000),
 (184,206,'',0,0,1.0000,'',1.0000,'','COSTO FINANCIACION',28.8840,6.0656,34.9496,'','',0,0,0,1,21.0000,28.8840),
 (185,207,'0101001',0,0,2.0000,'UNIDADES',0.0000,'','Alambre de bajada c/autop.2 x 0.61',101.0000,42.4200,244.4200,'','',0,0,0,0,0.0000,202.0000),
 (185,208,'0101002',0,0,1.0000,'UNIDADES',0.0000,'','Alambre de bajada PVC 2 x 0.81',102.0000,21.2100,123.2100,'','',0,0,0,1,21.0000,102.0000),
 (186,209,'0101001',0,0,2.0000,'UNIDADES',0.0000,'','Alambre de bajada c/autop.2 x 0.61',101.0000,42.4200,244.4200,'','',0,0,0,1,21.0000,202.0000),
 (186,210,'',0,0,1.0000,'',1.0000,'','COSTO FINANCIACION',40.0000,8.4000,48.4000,'','',0,0,0,1,21.0000,40.0000),
 (187,211,'0101001',0,0,2.0000,'UNIDADES',0.0000,'','Alambre de bajada c/autop.2 x 0.61',101.0000,42.4200,244.4200,'','',0,0,0,1,21.0000,202.0000),
 (187,212,'',0,0,1.0000,'',1.0000,'','COSTO FINANCIACION',28.8840,6.0656,34.9496,'','',0,0,0,1,21.0000,28.8840),
 (188,213,'0101001',0,0,1.0000,'UNIDADES',0.0000,'','Alambre de bajada c/autop.2 x 0.61',101.0000,21.2100,122.2100,'','',0,0,0,1,21.0000,101.0000),
 (188,214,'',0,0,1.0000,'',1.0000,'','COSTO FINANCIACION',20.0000,4.2000,24.2000,'','',0,0,0,1,21.0000,20.0000),
 (189,215,'0101001',0,0,1.0000,'UNIDADES',0.0000,'','Alambre de bajada c/autop.2 x 0.61',101.0000,21.2100,122.2100,'','',0,0,0,1,21.0000,101.0000),
 (189,216,'',0,0,1.0000,'',1.0000,'','COSTO FINANCIACION',20.0000,4.2000,24.2000,'','',0,0,0,1,21.0000,20.0000),
 (190,217,'0101002',0,0,3.0000,'UNIDADES',0.0000,'','Alambre de bajada PVC 2 x 0.81',102.0000,64.2600,370.2600,'','',0,0,0,1,21.0000,306.0000),
 (190,218,'',0,0,1.0000,'',1.0000,'','COSTO FINANCIACION',62.0794,13.0367,75.1161,'','',0,0,0,1,21.0000,62.0794),
 (191,219,'0101001',0,0,3.0000,'UNIDADES',0.0000,'','Alambre de bajada c/autop.2 x 0.61',101.0000,63.6300,366.6300,'','',0,0,0,1,21.0000,303.0000),
 (192,220,'0101001',0,0,3.0000,'UNIDADES',0.0000,'','Alambre de bajada c/autop.2 x 0.61',101.0000,63.6300,366.6300,'','',0,0,0,1,21.0000,303.0000),
 (192,221,'',0,0,1.0000,'',1.0000,'','COSTO FINANCIACION',62.2551,13.0736,75.3287,'','',0,0,0,1,21.0000,62.2551),
 (193,222,'0101001',0,0,2.0000,'UNIDADES',0.0000,'','Alambre de bajada c/autop.2 x 0.61',101.0000,42.4200,244.4200,'','',0,0,0,1,21.0000,202.0000),
 (193,223,'',0,0,1.0000,'',1.0000,'','COSTO FINANCIACION',40.0000,8.4000,48.4000,'','',0,0,0,1,21.0000,40.0000),
 (194,224,'0101001',0,0,1.0000,'UNIDADES',0.0000,'','Alambre de bajada c/autop.2 x 0.61',101.0000,21.2100,122.2100,'','',0,0,0,1,21.0000,101.0000),
 (195,225,'0101002',0,0,2.0000,'UNIDADES',0.0000,'','Alambre de bajada PVC 2 x 0.81',102.0000,42.8400,246.8400,'','',0,0,0,1,21.0000,204.0000),
 (196,226,'0101001',0,0,1.0000,'UNIDADES',0.0000,'','Alambre de bajada c/autop.2 x 0.61',101.0000,21.2100,122.2100,'','',0,0,0,1,21.0000,101.0000),
 (197,227,'0101001',0,0,1.0000,'UNIDADES',0.0000,'','Alambre de bajada c/autop.2 x 0.61',101.0000,21.2100,122.2100,'','',0,0,0,1,21.0000,101.0000),
 (198,228,'0101001',0,0,2.0000,'UNIDADES',0.0000,'','Alambre de bajada c/autop.2 x 0.61',101.0000,42.4200,244.4200,'','',0,0,0,1,21.0000,202.0000),
 (199,229,'0101001',0,0,1.0000,'UNIDADES',0.0000,'','Alambre de bajada c/autop.2 x 0.61',101.0000,21.2100,122.2100,'','',0,0,0,1,21.0000,101.0000),
 (200,230,'0101001',0,0,2.0000,'UNIDADES',0.0000,'','Alambre de bajada c/autop.2 x 0.61',101.0000,42.4200,244.4200,'','',0,0,0,1,21.0000,202.0000),
 (201,231,'0101001',0,0,2.0000,'UNIDADES',0.0000,'','Alambre de bajada c/autop.2 x 0.61',101.0000,42.4200,244.4200,'','',0,0,0,1,21.0000,202.0000),
 (202,232,'0101001',0,0,2.0000,'UNIDADES',0.0000,'','Alambre de bajada c/autop.2 x 0.61',101.0000,42.4200,244.4200,'','',0,0,0,1,21.0000,202.0000),
 (203,233,'0101001',0,0,2.0000,'UNIDADES',0.0000,'','Alambre de bajada c/autop.2 x 0.61',101.0000,42.4200,244.4200,'','',0,0,0,1,21.0000,202.0000),
 (204,234,'0101001',0,0,1.0000,'UNIDADES',0.0000,'','Alambre de bajada c/autop.2 x 0.61',101.0000,21.2100,122.2100,'','',0,0,0,1,21.0000,101.0000),
 (205,235,'0101001',0,0,1.0000,'UNIDADES',0.0000,'','Alambre de bajada c/autop.2 x 0.61',101.0000,21.2100,122.2100,'','',0,0,0,1,21.0000,101.0000),
 (208,236,'0101001',0,0,5.0000,'UNIDADES',0.0000,'','Alambre de bajada c/autop.2 x 0.61',101.0000,106.0500,611.0500,'','',0,0,0,1,21.0000,505.0000),
 (209,237,'0101004',0,0,5.0000,'',0.0000,'','Alambre p/rienda 4,8 c/PVC',10.0000,10.5000,60.5000,'','',0,0,0,1,21.0000,50.0000),
 (210,238,'0101001',0,0,5.0000,'UNIDADES',0.0000,'','Alambre de bajada c/autop.2 x 0.61',101.0000,106.0500,611.0500,'','',0,0,0,1,21.0000,505.0000),
 (210,239,'',0,0,0.0000,'',0.0000,'','',0.0000,0.0000,0.0000,'','',0,0,0,0,0.0000,0.0000),
 (211,240,'0101001',0,0,10.0000,'UNIDADES',0.0000,'','Alambre de bajada c/autop.2 x 0.61',101.0000,212.1000,1222.1000,'','',0,0,0,1,21.0000,1010.0000),
 (212,241,'0101001',0,0,10.0000,'UNIDADES',0.0000,'','Alambre de bajada c/autop.2 x 0.61',101.0000,212.1000,1222.1000,'','',0,0,0,1,21.0000,1010.0000),
 (213,242,'0101001',0,0,5.0000,'UNIDADES',0.0000,'','Alambre de bajada c/autop.2 x 0.61',101.0000,106.0500,611.0500,'','',0,0,0,1,21.0000,505.0000),
 (214,243,'0101001',0,0,2.0000,'UNIDADES',0.0000,'','Alambre de bajada c/autop.2 x 0.61',101.0000,42.4200,244.4200,'','',0,0,0,1,21.0000,202.0000),
 (215,244,'0101001',0,0,6.0000,'UNIDADES',0.0000,'','Alambre de bajada c/autop.2 x 0.61',101.0000,127.2600,733.2600,'','',0,0,0,1,21.0000,606.0000),
 (216,245,'0101001',0,0,2.0000,'UNIDADES',0.0000,'','Alambre de bajada c/autop.2 x 0.61',101.0000,42.4200,244.4200,'','',0,0,0,1,21.0000,202.0000),
 (217,246,'0101001',0,0,2.0000,'UNIDADES',0.0000,'','Alambre de bajada c/autop.2 x 0.61',101.0000,42.4200,244.4200,'','',0,0,0,1,21.0000,202.0000),
 (218,247,'0101001',0,0,5.0000,'UNIDADES',0.0000,'','Alambre de bajada c/autop.2 x 0.61',101.0000,106.0500,611.0500,'','',0,0,0,1,21.0000,505.0000),
 (219,248,'0101001',0,0,2.0000,'UNIDADES',0.0000,'','Alambre de bajada c/autop.2 x 0.61',101.0000,42.4200,244.4200,'','',0,0,0,1,21.0000,202.0000),
 (220,249,'0101001',0,0,3.0000,'UNIDADES',0.0000,'','Alambre de bajada c/autop.2 x 0.61',101.0000,63.6300,366.6300,'','',0,0,0,1,21.0000,303.0000),
 (221,250,'0101001',0,0,4.0000,'UNIDADES',0.0000,'','Alambre de bajada c/autop.2 x 0.61',101.0000,84.8400,488.8400,'','',0,0,0,1,21.0000,404.0000),
 (222,251,'0101001',0,0,4.0000,'UNIDADES',0.0000,'','Alambre de bajada c/autop.2 x 0.61',101.0000,84.8400,488.8400,'','',0,0,0,1,21.0000,404.0000),
 (223,252,'0101001',0,0,5.0000,'UNIDADES',0.0000,'','Alambre de bajada c/autop.2 x 0.61',101.0000,106.0500,611.0500,'','',0,0,0,1,21.0000,505.0000),
 (224,253,'0101001',0,0,5.0000,'UNIDADES',0.0000,'','Alambre de bajada c/autop.2 x 0.61',101.0000,106.0500,611.0500,'','',0,0,0,1,21.0000,505.0000),
 (225,254,'0101001',0,0,6.0000,'UNIDADES',0.0000,'','Alambre de bajada c/autop.2 x 0.61',101.0000,127.2600,733.2600,'','',0,0,0,1,21.0000,606.0000),
 (226,255,'0101001',0,0,5.0000,'UNIDADES',0.0000,'','Alambre de bajada c/autop.2 x 0.61',101.0000,106.0500,611.0500,'','',0,0,0,1,21.0000,505.0000),
 (227,256,'0101001',0,0,5.0000,'UNIDADES',0.0000,'','Alambre de bajada c/autop.2 x 0.61',101.0000,106.0500,611.0500,'','',0,0,0,1,21.0000,505.0000),
 (228,257,'0101001',0,0,5.0000,'UNIDADES',0.0000,'','Alambre de bajada c/autop.2 x 0.61',101.0000,106.0500,611.0500,'','',0,0,0,1,21.0000,505.0000),
 (229,258,'0101001',0,0,5.0000,'UNIDADES',0.0000,'','Alambre de bajada c/autop.2 x 0.61',101.0000,106.0500,611.0500,'','',0,0,0,1,21.0000,505.0000),
 (230,259,'0101001',0,0,10.0000,'UNIDADES',0.0000,'','Alambre de bajada c/autop.2 x 0.61',101.0000,212.1000,1222.1000,'','',0,0,0,1,21.0000,1010.0000),
 (230,260,'',0,0,1.0000,'',1.0000,'','COSTO FINANCIACION',0.0000,0.0000,0.0000,'','',0,0,0,1,21.0000,0.0000),
 (231,261,'0101001',0,0,5.0000,'UNIDADES',0.0000,'','Alambre de bajada c/autop.2 x 0.61',101.0000,106.0500,611.0500,'','',0,0,0,1,21.0000,505.0000),
 (232,262,'0101001',0,0,2.0000,'UNIDADES',0.0000,'','Alambre de bajada c/autop.2 x 0.61',101.0000,42.4200,244.4200,'','',0,0,0,1,21.0000,202.0000),
 (233,263,'0101001',0,0,3.0000,'UNIDADES',0.0000,'','Alambre de bajada c/autop.2 x 0.61',101.0000,63.6300,366.6300,'','',0,0,0,1,21.0000,303.0000),
 (233,264,'',0,0,1.0000,'',1.0000,'','COSTO FINANCIACION',0.0000,0.0000,0.0000,'','',0,0,0,1,21.0000,0.0000),
 (234,265,'0101001',0,0,2.0000,'UNIDADES',0.0000,'','Alambre de bajada c/autop.2 x 0.61',101.0000,42.4200,244.4200,'','',0,0,0,1,21.0000,202.0000),
 (234,266,'',0,0,1.0000,'',1.0000,'','COSTO FINANCIACION',0.0000,0.0000,0.0000,'','',0,0,0,1,21.0000,0.0000),
 (235,267,'0101001',0,0,2.0000,'UNIDADES',0.0000,'','Alambre de bajada c/autop.2 x 0.61',101.0000,42.4200,244.4200,'','',0,0,0,1,21.0000,202.0000),
 (236,268,'0101001',0,0,2.0000,'UNIDADES',0.0000,'','Alambre de bajada c/autop.2 x 0.61',101.0000,42.4200,244.4200,'','',0,0,0,1,21.0000,202.0000),
 (237,269,'0101001',0,0,3.0000,'UNIDADES',0.0000,'','Alambre de bajada c/autop.2 x 0.61',101.0000,63.6300,366.6300,'','',0,0,0,1,21.0000,303.0000),
 (238,270,'0101001',0,0,2.0000,'UNIDADES',0.0000,'','Alambre de bajada c/autop.2 x 0.61',101.0000,42.4200,244.4200,'','',0,0,0,1,21.0000,202.0000),
 (239,271,'0101001',0,0,2.0000,'UNIDADES',0.0000,'','Alambre de bajada c/autop.2 x 0.61',101.0000,42.4200,244.4200,'','',0,0,0,1,21.0000,202.0000),
 (240,272,'0101001',0,0,2.0000,'UNIDADES',0.0000,'','Alambre de bajada c/autop.2 x 0.61',101.0000,42.4200,244.4200,'','',0,0,0,1,21.0000,202.0000),
 (241,273,'0101001',0,0,2.0000,'UNIDADES',0.0000,'','Alambre de bajada c/autop.2 x 0.61',101.0000,42.4200,244.4200,'','',0,0,0,1,21.0000,202.0000),
 (242,274,'0101001',0,0,2.0000,'UNIDADES',0.0000,'','Alambre de bajada c/autop.2 x 0.61',101.0000,42.4200,244.4200,'','',0,0,0,1,21.0000,202.0000),
 (242,275,'',0,0,1.0000,'',1.0000,'','COSTO FINANCIACION',0.0000,0.0000,0.0000,'','',0,0,0,1,21.0000,0.0000),
 (243,276,'0101001',0,0,2.0000,'UNIDADES',0.0000,'','Alambre de bajada c/autop.2 x 0.61',101.0000,42.4200,244.4200,'','',0,0,0,1,21.0000,202.0000),
 (243,277,'',0,0,1.0000,'',1.0000,'','COSTO FINANCIACION',0.0000,0.0000,0.0000,'','',0,0,0,1,21.0000,0.0000),
 (244,278,'0101001',0,0,2.0000,'UNIDADES',0.0000,'','Alambre de bajada c/autop.2 x 0.61',101.0000,42.4200,244.4200,'','',0,0,0,1,21.0000,202.0000),
 (244,279,'',0,0,1.0000,'',1.0000,'','COSTO FINANCIACION',40.0000,8.4000,48.4000,'','',0,0,0,1,21.0000,40.0000),
 (245,280,'0101001',0,0,1.0000,'UNIDADES',0.0000,'','Alambre de bajada c/autop.2 x 0.61',101.0000,21.2100,122.2100,'','',0,0,0,1,21.0000,101.0000),
 (246,281,'0101001',0,0,10.0000,'UNIDADES',0.0000,'','Alambre de bajada c/autop.2 x 0.61',101.0000,212.1000,1222.1000,'','',0,0,0,1,21.0000,1010.0000),
 (247,282,'0101001',0,0,10.0000,'UNIDADES',0.0000,'','Alambre de bajada c/autop.2 x 0.61',101.0000,212.1000,1222.1000,'','',0,0,0,1,21.0000,1010.0000),
 (248,283,'0101001',0,0,5.0000,'UNIDADES',0.0000,'','Alambre de bajada c/autop.2 x 0.61',101.0000,106.0500,611.0500,'','',0,0,0,1,21.0000,505.0000),
 (249,284,'0101001',0,0,5.0000,'UNIDADES',0.0000,'','Alambre de bajada c/autop.2 x 0.61',101.0000,106.0500,611.0500,'','',0,0,0,1,21.0000,505.0000),
 (250,285,'0101001',0,0,5.0000,'UNIDADES',0.0000,'','Alambre de bajada c/autop.2 x 0.61',101.0000,106.0500,611.0500,'','',0,0,0,1,21.0000,505.0000),
 (251,286,'0101001',0,0,5.0000,'UNIDADES',0.0000,'','Alambre de bajada c/autop.2 x 0.61',101.0000,106.0500,611.0500,'','',0,0,0,1,21.0000,505.0000),
 (251,287,'',0,0,1.0000,'',1.0000,'','COSTO FINANCIACION',0.0000,0.0000,0.0000,'','',0,0,0,1,21.0000,0.0000),
 (252,288,'0101001',0,0,1.0000,'UNIDADES',0.0000,'','Alambre de bajada c/autop.2 x 0.61',101.0000,21.2100,122.2100,'','',0,0,0,1,21.0000,101.0000),
 (253,289,'0101001',0,0,5.0000,'UNIDADES',0.0000,'','Alambre de bajada c/autop.2 x 0.61',101.0000,106.0500,611.0500,'','',0,0,0,1,21.0000,505.0000),
 (254,290,'0101001',0,0,2.0000,'UNIDADES',0.0000,'','Alambre de bajada c/autop.2 x 0.61',101.0000,42.4200,244.4200,'','',0,0,0,1,21.0000,202.0000),
 (254,291,'',0,0,1.0000,'',1.0000,'','COSTO FINANCIACION',48.8840,10.2656,59.1496,'','',0,0,0,1,21.0000,48.8840),
 (255,292,'0101001',0,0,5.0000,'UNIDADES',0.0000,'','Alambre de bajada c/autop.2 x 0.61',101.0000,106.0500,611.0500,'','',0,0,0,1,21.0000,505.0000),
 (256,293,'0101001',0,0,5.0000,'UNIDADES',0.0000,'','Alambre de bajada c/autop.2 x 0.61',101.0000,106.0500,611.0500,'','',0,0,0,1,21.0000,505.0000),
 (257,294,'0101001',0,0,5.0000,'UNIDADES',0.0000,'','Alambre de bajada c/autop.2 x 0.61',101.0000,106.0500,611.0500,'','',0,0,0,1,21.0000,505.0000),
 (258,295,'0101001',0,0,1.0000,'UNIDADES',0.0000,'','Alambre de bajada c/autop.2 x 0.61',101.0000,21.2100,122.2100,'','',0,0,0,1,21.0000,101.0000),
 (259,296,'0101001',0,0,1.0000,'UNIDADES',0.0000,'','Alambre de bajada c/autop.2 x 0.61',101.0000,21.2100,122.2100,'','',0,0,0,1,21.0000,101.0000),
 (260,297,'0101001',0,0,1.0000,'UNIDADES',0.0000,'','Alambre de bajada c/autop.2 x 0.61',101.0000,21.2100,122.2100,'','',0,0,0,1,21.0000,101.0000),
 (260,298,'',0,0,1.0000,'',1.0000,'','COSTO FINANCIACION',0.0000,0.0000,0.0000,'','',0,0,0,1,21.0000,0.0000),
 (261,299,'0101001',0,0,1.0000,'UNIDADES',0.0000,'','Alambre de bajada c/autop.2 x 0.61',101.0000,21.2100,122.2100,'','',0,0,0,1,21.0000,101.0000),
 (261,300,'',0,0,1.0000,'',1.0000,'','COSTO FINANCIACION',0.0000,0.0000,0.0000,'','',0,0,0,1,21.0000,0.0000),
 (262,301,'0101001',0,0,2.0000,'UNIDADES',0.0000,'','Alambre de bajada c/autop.2 x 0.61',101.0000,42.4200,244.4200,'','',0,0,0,1,21.0000,202.0000),
 (262,302,'',0,0,1.0000,'',1.0000,'','COSTO FINANCIACION',-68.8400,-14.4564,-83.2964,'','',0,0,0,1,21.0000,-68.8400),
 (263,303,'0101001',0,0,3.0000,'UNIDADES',0.0000,'','Alambre de bajada c/autop.2 x 0.61',101.0000,63.6300,366.6300,'','',0,0,0,1,21.0000,303.0000),
 (264,304,'0101001',0,0,3.0000,'UNIDADES',0.0000,'','Alambre de bajada c/autop.2 x 0.61',101.0000,63.6300,366.6300,'','',0,0,0,1,21.0000,303.0000),
 (264,305,'',0,0,1.0000,'',1.0000,'','COSTO FINANCIACION',30.0000,6.3000,36.3000,'','',0,0,0,1,21.0000,30.0000),
 (265,306,'0101001',0,0,1.0000,'UNIDADES',0.0000,'','Alambre de bajada c/autop.2 x 0.61',101.0000,21.2100,122.2100,'','',0,0,0,1,21.0000,101.0000),
 (265,307,'',0,0,1.0000,'',1.0000,'','COSTO FINANCIACION',10.0000,2.1000,12.1000,'','',0,0,0,1,21.0000,10.0000),
 (266,308,'0101001',0,0,5.0000,'UNIDADES',0.0000,'','Alambre de bajada c/autop.2 x 0.61',101.0000,106.0500,611.0500,'','',0,0,0,1,21.0000,505.0000),
 (267,309,'0101001',0,0,2.0000,'UNIDADES',0.0000,'','Alambre de bajada c/autop.2 x 0.61',101.0000,42.4200,244.4200,'','',0,0,0,1,21.0000,202.0000),
 (268,310,'0101001',0,0,2.0000,'UNIDADES',0.0000,'','Alambre de bajada c/autop.2 x 0.61',101.0000,42.4200,244.4200,'','',0,0,0,1,21.0000,202.0000),
 (269,311,'0101001',0,0,1.0000,'UNIDADES',0.0000,'','Alambre de bajada c/autop.2 x 0.61',101.0000,21.2100,122.2100,'','',0,0,0,1,21.0000,101.0000),
 (270,312,'0101001',0,0,1.0000,'UNIDADES',0.0000,'','Alambre de bajada c/autop.2 x 0.61',101.0000,21.2100,122.2100,'','',0,0,0,1,21.0000,101.0000),
 (271,313,'0101001',0,0,1.0000,'UNIDADES',0.0000,'','Alambre de bajada c/autop.2 x 0.61',101.0000,21.2100,122.2100,'','',0,0,0,1,21.0000,101.0000),
 (272,314,'0101001',0,0,1.0000,'UNIDADES',0.0000,'','Alambre de bajada c/autop.2 x 0.61',101.0000,21.2100,122.2100,'','',0,0,0,1,21.0000,101.0000),
 (273,315,'0101001',0,0,2.0000,'UNIDADES',0.0000,'','Alambre de bajada c/autop.2 x 0.61',101.0000,42.4200,244.4200,'','',0,0,0,1,21.0000,202.0000),
 (274,316,'0101001',0,0,1.0000,'UNIDADES',0.0000,'','Alambre de bajada c/autop.2 x 0.61',101.0000,21.2100,122.2100,'','',0,0,0,1,21.0000,101.0000),
 (275,317,'0101001',0,0,1.0000,'UNIDADES',0.0000,'','Alambre de bajada c/autop.2 x 0.61',101.0000,21.2100,122.2100,'','',0,0,0,1,21.0000,101.0000),
 (276,318,'0101001',0,0,1.0000,'UNIDADES',0.0000,'','Alambre de bajada c/autop.2 x 0.61',101.0000,21.2100,122.2100,'','',0,0,0,1,21.0000,101.0000),
 (277,319,'0101001',0,0,1.0000,'UNIDADES',0.0000,'','Alambre de bajada c/autop.2 x 0.61',101.0000,21.2100,122.2100,'','',0,0,0,1,21.0000,101.0000),
 (278,320,'0101001',0,0,5.0000,'UNIDADES',0.0000,'','Alambre de bajada c/autop.2 x 0.61',101.0000,106.0500,611.0500,'','',0,0,0,1,21.0000,505.0000),
 (279,321,'0101001',0,0,10.0000,'UNIDADES',0.0000,'','Alambre de bajada c/autop.2 x 0.61',101.0000,212.1000,1222.1000,'','',0,0,0,1,21.0000,1010.0000),
 (280,322,'0101001',0,0,10.0000,'UNIDADES',0.0000,'','Alambre de bajada c/autop.2 x 0.61',101.0000,212.1000,1222.1000,'','',0,0,0,1,21.0000,1010.0000),
 (282,323,'0101001',0,0,1.0000,'UNIDADES',0.0000,'','Alambre de bajada c/autop.2 x 0.61',101.0000,21.2100,122.2100,'','',0,0,0,1,21.0000,101.0000),
 (285,324,'0101001',0,0,5.0000,'UNIDADES',0.0000,'','Alambre de bajada c/autop.2 x 0.61',101.0000,106.0500,611.0500,'','',0,0,0,1,21.0000,505.0000),
 (285,325,'',0,0,0.0000,'',0.0000,'','',0.0000,0.0000,0.0000,'','',0,0,0,0,0.0000,0.0000),
 (286,326,'0101001',0,0,5.0000,'UNIDADES',0.0000,'','Alambre de bajada c/autop.2 x 0.61',101.0000,106.0500,611.0500,'','',0,0,0,1,21.0000,505.0000),
 (286,327,'',0,0,0.0000,'',0.0000,'','',0.0000,0.0000,0.0000,'','',0,0,0,0,0.0000,0.0000),
 (287,328,'0101001',0,0,5.0000,'UNIDADES',0.0000,'','Alambre de bajada c/autop.2 x 0.61',101.0000,106.0500,611.0500,'','',0,0,0,1,21.0000,505.0000),
 (288,329,'0101001',0,0,10.0000,'UNIDADES',0.0000,'','Alambre de bajada c/autop.2 x 0.61',101.0000,212.1000,1222.1000,'','',0,0,0,1,21.0000,1010.0000),
 (289,330,'0101001',0,0,1.0000,'UNIDADES',0.0000,'','Alambre de bajada c/autop.2 x 0.61',101.0000,21.2100,122.2100,'','',0,0,0,1,21.0000,101.0000),
 (291,331,'0101001',0,0,5.0000,'UNIDADES',0.0000,'','Alambre de bajada c/autop.2 x 0.61',101.0000,106.0500,611.0500,'','',0,0,0,1,21.0000,505.0000),
 (292,332,'0101001',0,0,1.0000,'UNIDADES',0.0000,'','Alambre de bajada c/autop.2 x 0.61',101.0000,21.2100,122.2100,'','',0,0,0,1,21.0000,101.0000),
 (293,333,'0101001',0,0,1.0000,'UNIDADES',0.0000,'','Alambre de bajada c/autop.2 x 0.61',101.0000,21.2100,122.2100,'','',0,0,0,1,21.0000,101.0000),
 (293,334,'',0,0,1.0000,'',1.0000,'','COSTO FINANCIACION',4.4420,0.9328,5.3748,'','',0,0,0,1,21.0000,4.4420),
 (294,335,'0101001',0,0,5.0000,'UNIDADES',0.0000,'','Alambre de bajada c/autop.2 x 0.61',101.0000,106.0500,611.0500,'','',0,0,0,1,21.0000,505.0000),
 (294,336,'',0,0,1.0000,'',1.0000,'','COSTO FINANCIACION',60.0000,12.6000,72.6000,'','',0,0,0,1,21.0000,60.0000),
 (295,337,'0101001',0,0,5.0000,'UNIDADES',0.0000,'','Alambre de bajada c/autop.2 x 0.61',101.0000,106.0500,611.0500,'','',0,0,0,1,21.0000,505.0000),
 (296,338,'0101001',0,0,5.0000,'UNIDADES',0.0000,'','Alambre de bajada c/autop.2 x 0.61',101.0000,0.0000,505.0000,'','',0,0,0,1,21.0000,505.0000),
 (296,339,'0101001',0,0,5.0000,'UNIDADES',0.0000,'','Alambre de bajada c/autop.2 x 0.61',101.0000,0.0000,505.0000,'','',0,0,0,1,21.0000,505.0000),
 (296,340,'0101001',0,0,5.0000,'UNIDADES',0.0000,'','Alambre de bajada c/autop.2 x 0.61',101.0000,0.0000,505.0000,'','',0,0,0,1,21.0000,505.0000),
 (299,341,'0101001',0,0,20.0000,'UNIDADES',0.0000,'','Alambre de bajada c/autop.2 x 0.61',101.0000,424.2000,2444.2000,'','',0,0,0,1,21.0000,2020.0000),
 (300,342,'0101001',0,0,5.0000,'UNIDADES',0.0000,'','Alambre de bajada c/autop.2 x 0.61',101.0000,106.0500,611.0500,'','',0,0,0,1,21.0000,505.0000),
 (300,343,'',0,0,1.0000,'',1.0000,'','COSTO FINANCIACION',60.0000,12.6000,72.6000,'','',0,0,0,1,21.0000,60.0000),
 (301,344,'0101001',0,0,5.0000,'UNIDADES',0.0000,'','Alambre de bajada c/autop.2 x 0.61',101.0000,106.0500,611.0500,'','',0,0,0,1,21.0000,505.0000),
 (302,345,'0101001',0,0,5.0000,'UNIDADES',0.0000,'','Alambre de bajada c/autop.2 x 0.61',101.0000,106.0500,611.0500,'','',0,0,0,1,21.0000,505.0000),
 (302,346,'',0,0,1.0000,'',1.0000,'','COSTO FINANCIACION',0.0000,0.0000,0.0000,'','',0,0,0,1,21.0000,0.0000),
 (303,347,'0101001',0,0,5.0000,'UNIDADES',0.0000,'','Alambre de bajada c/autop.2 x 0.61',101.0000,106.0500,611.0500,'','',0,0,0,1,21.0000,505.0000),
 (304,348,'0101001',0,0,1.0000,'UNIDADES',0.0000,'','Alambre de bajada c/autop.2 x 0.61',101.0000,21.2100,122.2100,'','',0,0,0,1,21.0000,101.0000),
 (305,349,'0101001',0,0,5.0000,'UNIDADES',0.0000,'','Alambre de bajada c/autop.2 x 0.61',101.0000,106.0500,611.0500,'','',0,0,0,1,21.0000,505.0000),
 (305,350,'',0,0,1.0000,'',1.0000,'','COSTO FINANCIACION',122.2100,25.6641,147.8741,'','',0,0,0,1,21.0000,122.2100),
 (306,351,'0101001',0,0,5.0000,'UNIDADES',0.0000,'','Alambre de bajada c/autop.2 x 0.61',101.0000,106.0500,611.0500,'','',0,0,0,1,21.0000,505.0000),
 (306,352,'',0,0,1.0000,'',1.0000,'','COSTO FINANCIACION',122.2100,25.6641,147.8741,'','',0,0,0,1,21.0000,122.2100),
 (307,353,'0101001',0,0,2.0000,'UNIDADES',0.0000,'','Alambre de bajada c/autop.2 x 0.61',101.0000,42.4200,244.4200,'','',0,0,0,1,21.0000,202.0000),
 (307,354,'',0,0,1.0000,'',1.0000,'','COSTO FINANCIACION',48.8840,10.2656,59.1496,'','',0,0,0,1,21.0000,48.8840),
 (308,355,'0101001',0,0,2.0000,'UNIDADES',0.0000,'','Alambre de bajada c/autop.2 x 0.61',101.0000,42.4200,244.4200,'','',0,0,0,1,21.0000,202.0000),
 (308,356,'',0,0,1.0000,'',1.0000,'','COSTO FINANCIACION',48.8840,10.2656,59.1496,'','',0,0,0,1,21.0000,48.8840),
 (309,357,'0101001',0,0,2.0000,'UNIDADES',0.0000,'','Alambre de bajada c/autop.2 x 0.61',101.0000,42.4200,244.4200,'','',0,0,0,1,21.0000,202.0000),
 (309,358,'',0,0,1.0000,'',1.0000,'','COSTO FINANCIACION',48.8840,10.2656,59.1496,'','',0,0,0,1,21.0000,48.8840),
 (310,359,'0101001',0,0,3.0000,'UNIDADES',0.0000,'','Alambre de bajada c/autop.2 x 0.61',101.0000,63.6300,366.6300,'','',0,0,0,1,21.0000,303.0000),
 (310,360,'',0,0,1.0000,'',1.0000,'','COSTO FINANCIACION',73.3260,15.3985,88.7245,'','',0,0,0,1,21.0000,73.3260),
 (311,361,'0101001',0,0,2.0000,'UNIDADES',0.0000,'','Alambre de bajada c/autop.2 x 0.61',101.0000,42.4200,244.4200,'','',0,0,0,1,21.0000,202.0000),
 (311,362,'',0,0,1.0000,'',1.0000,'','COSTO FINANCIACION',48.8840,10.2656,59.1496,'','',0,0,0,1,21.0000,48.8840),
 (312,363,'0101001',0,0,2.0000,'UNIDADES',0.0000,'','Alambre de bajada c/autop.2 x 0.61',101.0000,42.4200,244.4200,'','',0,0,0,1,21.0000,202.0000),
 (312,364,'',0,0,1.0000,'',1.0000,'','COSTO FINANCIACION',48.8840,10.2656,59.1496,'','',0,0,0,1,21.0000,48.8840),
 (313,365,'0101001',0,0,2.0000,'UNIDADES',0.0000,'','Alambre de bajada c/autop.2 x 0.61',101.0000,42.4200,244.4200,'','',0,0,0,1,21.0000,202.0000),
 (313,366,'',0,0,1.0000,'',1.0000,'','COSTO FINANCIACION',48.8840,10.2656,59.1496,'','',0,0,0,1,21.0000,48.8840),
 (314,367,'0101001',0,0,10.0000,'UNIDADES',0.0000,'','Alambre de bajada c/autop.2 x 0.61',101.0000,212.1000,1222.1000,'','',0,0,0,1,21.0000,1010.0000),
 (314,368,'',0,0,1.0000,'',1.0000,'','COSTO FINANCIACION',200.0000,42.0000,242.0000,'','',0,0,0,1,21.0000,200.0000),
 (315,369,'0101001',0,0,5.0000,'UNIDADES',0.0000,'','Alambre de bajada c/autop.2 x 0.61',101.0000,106.0500,611.0500,'','',0,0,0,1,21.0000,505.0000),
 (315,370,'',0,0,0.0000,'',0.0000,'','',0.0000,0.0000,0.0000,'','',0,0,0,0,0.0000,0.0000),
 (315,371,'',0,0,1.0000,'',1.0000,'','COSTO FINANCIACION',102.2100,21.4641,123.6741,'','',0,0,0,1,21.0000,102.2100),
 (316,372,'0101001',0,0,5.0000,'UNIDADES',0.0000,'','Alambre de bajada c/autop.2 x 0.61',101.0000,106.0500,611.0500,'','',0,0,0,1,21.0000,505.0000),
 (316,373,'',0,0,1.0000,'',1.0000,'','COSTO FINANCIACION',102.2100,21.4641,123.6741,'','',0,0,0,1,21.0000,102.2100),
 (317,374,'0101001',0,0,2.0000,'UNIDADES',0.0000,'','Alambre de bajada c/autop.2 x 0.61',101.0000,42.4200,244.4200,'','',0,0,0,1,21.0000,202.0000),
 (318,375,'0101001',0,0,2.0000,'UNIDADES',0.0000,'','Alambre de bajada c/autop.2 x 0.61',101.0000,42.4200,244.4200,'','',0,0,0,1,21.0000,202.0000),
 (319,376,'0101001',0,0,2.0000,'UNIDADES',0.0000,'','Alambre de bajada c/autop.2 x 0.61',101.0000,42.4200,244.4200,'','',0,0,0,1,21.0000,202.0000),
 (320,377,'0101001',0,0,2.0000,'UNIDADES',0.0000,'','Alambre de bajada c/autop.2 x 0.61',101.0000,42.4200,244.4200,'','',0,0,0,1,21.0000,202.0000),
 (321,378,'0101001',0,0,1.0000,'UNIDADES',0.0000,'','Alambre de bajada c/autop.2 x 0.61',101.0000,21.2100,122.2100,'','',0,0,0,1,21.0000,101.0000),
 (322,379,'0101001',0,0,2.0000,'UNIDADES',0.0000,'','Alambre de bajada c/autop.2 x 0.61',101.0000,42.4200,244.4200,'','',0,0,0,1,21.0000,202.0000),
 (323,380,'0101001',0,0,5.0000,'UNIDADES',0.0000,'','Alambre de bajada c/autop.2 x 0.61',101.0000,106.0500,611.0500,'','',0,0,0,1,21.0000,505.0000),
 (324,381,'0101001',0,0,2.0000,'UNIDADES',0.0000,'','Alambre de bajada c/autop.2 x 0.61',101.0000,42.4200,244.4200,'','',0,0,0,1,21.0000,202.0000),
 (325,382,'0101001',0,0,2.0000,'UNIDADES',0.0000,'','Alambre de bajada c/autop.2 x 0.61',101.0000,42.4200,244.4200,'','',0,0,0,1,21.0000,202.0000),
 (326,383,'0101001',0,0,1.0000,'UNIDADES',0.0000,'','Alambre de bajada c/autop.2 x 0.61',101.0000,21.2100,122.2100,'','',0,0,0,1,21.0000,101.0000),
 (327,384,'0101001',0,0,1.0000,'UNIDADES',0.0000,'','Alambre de bajada c/autop.2 x 0.61',101.0000,21.2100,122.2100,'','',0,0,0,1,21.0000,101.0000),
 (328,385,'0101001',0,0,2.0000,'UNIDADES',0.0000,'','Alambre de bajada c/autop.2 x 0.61',101.0000,42.4200,244.4200,'','',0,0,0,1,21.0000,202.0000),
 (329,386,'0101001',0,0,1.0000,'UNIDADES',0.0000,'','Alambre de bajada c/autop.2 x 0.61',101.0000,21.2100,122.2100,'','',0,0,0,1,21.0000,101.0000),
 (330,387,'0101001',0,0,2.0000,'UNIDADES',0.0000,'','Alambre de bajada c/autop.2 x 0.61',101.0000,42.4200,244.4200,'','',0,0,0,1,21.0000,202.0000),
 (331,388,'1000001',0,0,1.0000,'$',0.0000,'','ND por interés en tarjeta',59.1500,0.0000,59.1500,'','',0,0,0,0,0.0000,59.1500),
 (334,389,'0101001',0,0,1.0000,'UNIDADES',0.0000,'','Alambre de bajada c/autop.2 x 0.61',101.0000,21.2100,122.2100,'','',0,0,0,1,21.0000,101.0000),
 (335,390,'0101001',0,0,1.0000,'UNIDADES',0.0000,'','Alambre de bajada c/autop.2 x 0.61',101.0000,21.2100,122.2100,'','',0,0,0,1,21.0000,101.0000),
 (336,391,'0101001',0,0,1.0000,'UNIDADES',0.0000,'','Alambre de bajada c/autop.2 x 0.61',101.0000,21.2100,122.2100,'','',0,0,0,1,21.0000,101.0000),
 (337,392,'1000001',0,0,1.0000,'$',0.0000,'','ND por interés en tarjeta',50.0000,10.5000,60.5000,'','',0,0,0,1,21.0000,50.0000),
 (338,393,'0101001',0,0,3.0000,'UNIDADES',0.0000,'','Alambre de bajada c/autop.2 x 0.61',101.0000,63.6300,366.6300,'','',0,0,0,1,21.0000,303.0000),
 (339,394,'1000001',0,0,1.0000,'$',0.0000,'','ND por interés en tarjeta',73.3300,15.3972,88.7272,'','',0,0,0,1,21.0000,73.3300),
 (340,395,'0101001',0,0,1.0000,'UNIDADES',0.0000,'','Alambre de bajada c/autop.2 x 0.61',101.0000,21.2100,122.2100,'','',0,0,0,1,21.0000,101.0000),
 (343,396,'0101001',0,0,5.0000,'UNIDADES',0.0000,'','Alambre de bajada c/autop.2 x 0.61',105.0000,106.0500,611.0500,'','',0,0,0,1,21.0000,505.0000),
 (344,397,'1000001',0,0,1.0000,'$',0.0000,'','ND por interés en tarjeta',50.0000,10.5000,60.5000,'','',0,0,0,1,21.0000,50.0000),
 (345,398,'0101001',0,0,2.0000,'UNIDADES',0.0000,'','Alambre de bajada c/autop.2 x 0.61',101.0000,0.0000,202.0000,'','',0,0,0,0,0.0000,202.0000),
 (345,399,'0101002',0,0,1.0000,'UNIDADES',0.0000,'','Alambre de bajada PVC 2 x 0.81',102.0000,0.0000,102.0000,'','',0,0,0,0,0.0000,102.0000),
 (345,400,'0101003',0,0,1.0000,'',0.0000,'','Alambre de cruzada bicolor 2 x 0.51',1.0000,0.0000,1.0000,'','',0,0,0,0,0.0000,1.0000),
 (346,401,'0101001',0,0,2.0000,'UNIDADES',0.0000,'','Alambre de bajada c/autop.2 x 0.61',101.0000,42.4200,244.4200,'','',0,0,0,0,0.0000,202.0000),
 (346,402,'0101002',0,0,1.0000,'UNIDADES',0.0000,'','Alambre de bajada PVC 2 x 0.81',102.0000,21.2100,123.2100,'','',0,0,0,1,21.0000,102.0000),
 (347,403,'0101001',0,0,2.0000,'UNIDADES',0.0000,'','Alambre de bajada c/autop.2 x 0.61',101.0000,42.4200,244.4200,'','',0,0,0,0,0.0000,202.0000),
 (347,404,'0101002',0,0,3.0000,'UNIDADES',0.0000,'','Alambre de bajada PVC 2 x 0.81',101.0000,63.6300,366.6300,'','',0,0,0,0,0.0000,303.0000),
 (347,405,'',0,0,0.0000,'',0.0000,'','',0.0000,0.0000,0.0000,'','',0,0,0,0,0.0000,0.0000),
 (348,406,'0101001',0,0,2.0000,'UNIDADES',0.0000,'','Alambre de bajada c/autop.2 x 0.61',101.0000,42.4200,244.4200,'','',0,0,0,0,0.0000,202.0000),
 (348,407,'',0,0,0.0000,'',0.0000,'','',0.0000,0.0000,0.0000,'','',0,0,0,0,0.0000,0.0000),
 (349,408,'0101001',0,0,2.0000,'UNIDADES',0.0000,'','Alambre de bajada c/autop.2 x 0.61',101.0000,42.4200,244.4200,'','',0,0,0,1,21.0000,202.0000),
 (350,409,'0101001',0,0,2.0000,'UNIDADES',0.0000,'','Alambre de bajada c/autop.2 x 0.61',101.0000,42.4200,244.4200,'','',0,0,0,0,0.0000,202.0000),
 (350,410,'0101002',0,0,3.0000,'UNIDADES',0.0000,'','Alambre de bajada PVC 2 x 0.81',102.0000,63.6300,369.6300,'','',0,0,0,1,21.0000,306.0000),
 (351,411,'0101001',0,0,2.0000,'UNIDADES',0.0000,'','Alambre de bajada c/autop.2 x 0.61',101.0000,42.4200,244.4200,'','',0,0,0,0,0.0000,202.0000),
 (351,412,'0101002',0,0,3.0000,'UNIDADES',0.0000,'','Alambre de bajada PVC 2 x 0.81',102.0000,63.6300,369.6300,'','',0,0,0,1,21.0000,306.0000),
 (352,413,'0101001',0,0,2.0000,'UNIDADES',0.0000,'','Alambre de bajada c/autop.2 x 0.61',101.0000,42.4200,244.4200,'','',0,0,0,0,0.0000,202.0000),
 (352,414,'0101002',0,0,3.0000,'UNIDADES',0.0000,'','Alambre de bajada PVC 2 x 0.81',102.0000,63.6300,369.6300,'','',0,0,0,1,21.0000,306.0000),
 (353,415,'0101001',0,0,2.0000,'UNIDADES',0.0000,'','Alambre de bajada c/autop.2 x 0.61',101.0000,42.4200,244.4200,'','',0,0,0,0,0.0000,202.0000),
 (353,416,'0101002',0,0,3.0000,'UNIDADES',0.0000,'','Alambre de bajada PVC 2 x 0.81',102.0000,63.6300,369.6300,'','',0,0,0,1,21.0000,306.0000),
 (354,417,'0101002',0,0,1.0000,'UNIDADES',0.0000,'','Alambre de bajada PVC 2 x 0.81',102.0000,21.4200,123.4200,'','',0,0,0,0,0.0000,102.0000),
 (354,418,'0101001',0,0,4.0000,'UNIDADES',0.0000,'','Alambre de bajada c/autop.2 x 0.61',101.0000,85.6800,489.6800,'','',0,0,0,1,21.0000,404.0000),
 (355,419,'0101001',0,0,2.0000,'UNIDADES',0.0000,'','Alambre de bajada c/autop.2 x 0.61',101.0000,42.4200,244.4200,'','',0,0,0,0,0.0000,202.0000),
 (355,420,'0101002',0,0,3.0000,'UNIDADES',0.0000,'','Alambre de bajada PVC 2 x 0.81',102.0000,63.6300,369.6300,'','',0,0,0,1,21.0000,306.0000),
 (356,421,'0101001',0,0,2.0000,'UNIDADES',0.0000,'','Alambre de bajada c/autop.2 x 0.61',101.0000,42.4200,244.4200,'','',0,0,0,0,0.0000,202.0000),
 (356,422,'0101002',0,0,4.0000,'UNIDADES',0.0000,'','Alambre de bajada PVC 2 x 0.81',102.0000,84.8400,492.8400,'','',0,0,0,1,21.0000,408.0000),
 (357,423,'0101001',0,0,2.0000,'UNIDADES',0.0000,'','Alambre de bajada c/autop.2 x 0.61',101.0000,42.4200,244.4200,'','',0,0,0,0,0.0000,202.0000),
 (357,424,'0101002',0,0,3.0000,'UNIDADES',0.0000,'','Alambre de bajada PVC 2 x 0.81',102.0000,63.6300,369.6300,'','',0,0,0,1,21.0000,306.0000),
 (358,425,'0101002',0,0,2.0000,'UNIDADES',0.0000,'','Alambre de bajada PVC 2 x 0.81',102.0000,64.2600,268.2600,'','',0,0,0,1,21.0000,204.0000),
 (358,426,'0101001',0,0,1.0000,'UNIDADES',0.0000,'','Alambre de bajada c/autop.2 x 0.61',101.0000,21.2100,122.2100,'','',0,0,0,1,21.0000,101.0000),
 (359,427,'0101002',0,0,2.0000,'UNIDADES',0.0000,'','Alambre de bajada PVC 2 x 0.81',102.0000,64.2600,268.2600,'','',0,0,0,1,21.0000,204.0000),
 (359,428,'0101001',0,0,1.0000,'UNIDADES',0.0000,'','Alambre de bajada c/autop.2 x 0.61',101.0000,21.2100,122.2100,'','',0,0,0,1,21.0000,101.0000),
 (360,429,'0101002',0,0,2.0000,'UNIDADES',0.0000,'','Alambre de bajada PVC 2 x 0.81',102.0000,64.2600,268.2600,'','',0,0,0,1,21.0000,204.0000),
 (360,430,'0101001',0,0,1.0000,'UNIDADES',0.0000,'','Alambre de bajada c/autop.2 x 0.61',101.0000,21.2100,122.2100,'','',0,0,0,1,21.0000,101.0000),
 (361,431,'0101002',0,0,2.0000,'UNIDADES',0.0000,'','Alambre de bajada PVC 2 x 0.81',102.0000,64.2600,268.2600,'','',0,0,0,1,21.0000,204.0000),
 (361,432,'0101001',0,0,1.0000,'UNIDADES',0.0000,'','Alambre de bajada c/autop.2 x 0.61',101.0000,21.2100,122.2100,'','',0,0,0,1,21.0000,101.0000),
 (362,433,'0101002',0,0,2.0000,'UNIDADES',0.0000,'','Alambre de bajada PVC 2 x 0.81',102.0000,64.2600,268.2600,'','',0,0,0,1,21.0000,204.0000),
 (362,434,'0101001',0,0,1.0000,'UNIDADES',0.0000,'','Alambre de bajada c/autop.2 x 0.61',101.0000,21.2100,122.2100,'','',0,0,0,1,21.0000,101.0000),
 (363,435,'0101002',0,0,2.0000,'UNIDADES',0.0000,'','Alambre de bajada PVC 2 x 0.81',102.0000,64.2600,268.2600,'','',0,0,0,1,21.0000,204.0000),
 (363,436,'0101001',0,0,3.0000,'UNIDADES',0.0000,'','Alambre de bajada c/autop.2 x 0.61',101.0000,63.6300,366.6300,'','',0,0,0,1,21.0000,303.0000),
 (364,437,'0101001',0,0,2.0000,'UNIDADES',0.0000,'','Alambre de bajada c/autop.2 x 0.61',101.0000,42.4200,244.4200,'','',0,0,0,1,21.0000,202.0000),
 (364,438,'0101004',0,0,1.0000,'',0.0000,'','Alambre p/rienda 4,8 c/PVC',100.0000,21.0000,121.0000,'','',0,0,0,1,21.0000,100.0000),
 (365,439,'0101001',0,0,2.0000,'UNIDADES',0.0000,'','Alambre de bajada c/autop.2 x 0.61',101.0000,42.4200,244.4200,'','',0,0,0,1,21.0000,202.0000),
 (365,440,'0101004',0,0,1.0000,'',0.0000,'','Alambre p/rienda 4,8 c/PVC',100.0000,21.0000,121.0000,'','',0,0,0,1,21.0000,100.0000),
 (366,441,'0101001',0,0,3.0000,'UNIDADES',0.0000,'','Alambre de bajada c/autop.2 x 0.61',101.0000,63.6300,366.6300,'','',0,0,0,1,21.0000,303.0000),
 (366,442,'0101004',0,0,1.0000,'',0.0000,'','Alambre p/rienda 4,8 c/PVC',100.0000,21.0000,121.0000,'','',0,0,0,1,21.0000,100.0000),
 (367,443,'0101002',0,0,2.0000,'UNIDADES',0.0000,'','Alambre de bajada PVC 2 x 0.81',102.0000,64.2600,268.2600,'','',0,0,0,1,21.0000,204.0000),
 (367,444,'0101002',0,0,1.0000,'UNIDADES',0.0000,'','Alambre de bajada PVC 2 x 0.81',102.0000,32.1300,134.1300,'','',0,0,0,1,21.0000,102.0000),
 (368,445,'0101002',0,0,2.0000,'UNIDADES',0.0000,'','Alambre de bajada PVC 2 x 0.81',102.0000,64.2600,268.2600,'','',0,0,0,1,21.0000,204.0000),
 (368,446,'0101001',0,0,3.0000,'UNIDADES',0.0000,'','Alambre de bajada c/autop.2 x 0.61',101.0000,63.6300,366.6300,'','',0,0,0,1,21.0000,303.0000),
 (368,447,'0101002',0,0,5.0000,'UNIDADES',0.0000,'','Alambre de bajada PVC 2 x 0.81',102.0000,160.6500,670.6500,'','',0,0,0,1,21.0000,510.0000),
 (369,448,'0101002',0,0,2.0000,'UNIDADES',0.0000,'','Alambre de bajada PVC 2 x 0.81',102.0000,64.2600,268.2600,'','',0,0,0,1,21.0000,204.0000),
 (369,449,'0101002',0,0,1.0000,'UNIDADES',0.0000,'','Alambre de bajada PVC 2 x 0.81',102.0000,32.1300,134.1300,'','',0,0,0,1,21.0000,102.0000),
 (370,450,'0101002',0,0,2.0000,'UNIDADES',0.0000,'','Alambre de bajada PVC 2 x 0.81',102.0000,64.2600,268.2600,'','',0,0,0,1,21.0000,204.0000),
 (370,451,'0101002',0,0,1.0000,'UNIDADES',0.0000,'','Alambre de bajada PVC 2 x 0.81',102.0000,64.2600,166.2600,'','',0,0,0,1,21.0000,102.0000),
 (371,452,'0101002',0,0,2.0000,'UNIDADES',0.0000,'','Alambre de bajada PVC 2 x 0.81',102.0000,64.2600,268.2600,'','',0,0,0,1,21.0000,204.0000),
 (371,453,'0101002',0,0,1.0000,'UNIDADES',0.0000,'','Alambre de bajada PVC 2 x 0.81',102.0000,32.1300,134.1300,'','',0,0,0,1,21.0000,102.0000),
 (372,454,'0101002',0,0,2.0000,'UNIDADES',0.0000,'','Alambre de bajada PVC 2 x 0.81',102.0000,64.2600,268.2600,'','',0,0,0,1,21.0000,204.0000),
 (372,455,'0101002',0,0,1.0000,'UNIDADES',0.0000,'','Alambre de bajada PVC 2 x 0.81',102.0000,32.1300,134.1300,'','',0,0,0,1,21.0000,102.0000),
 (373,456,'0101002',0,0,2.0000,'UNIDADES',0.0000,'','Alambre de bajada PVC 2 x 0.81',102.0000,192.7800,396.7800,'','',0,0,0,1,21.0000,204.0000),
 (373,457,'0101002',0,0,1.0000,'UNIDADES',0.0000,'','Alambre de bajada PVC 2 x 0.81',102.0000,96.3900,198.3900,'','',0,0,0,1,21.0000,102.0000),
 (374,458,'0101002',0,0,2.0000,'UNIDADES',0.0000,'','Alambre de bajada PVC 2 x 0.81',102.0000,64.2600,268.2600,'','',0,0,0,1,21.0000,204.0000),
 (374,459,'0101001',0,0,1.0000,'UNIDADES',0.0000,'','Alambre de bajada c/autop.2 x 0.61',101.0000,21.2100,122.2100,'','',0,0,0,1,21.0000,101.0000),
 (375,460,'0101002',0,0,2.0000,'UNIDADES',0.0000,'','Alambre de bajada PVC 2 x 0.81',102.0000,64.2600,268.2600,'','',0,0,0,1,21.0000,204.0000),
 (375,461,'0101001',0,0,1.0000,'UNIDADES',0.0000,'','Alambre de bajada c/autop.2 x 0.61',101.0000,21.2100,122.2100,'','',0,0,0,1,21.0000,101.0000),
 (376,462,'0101002',0,0,2.0000,'UNIDADES',0.0000,'','Alambre de bajada PVC 2 x 0.81',102.0000,64.2600,268.2600,'','',0,0,0,1,21.0000,204.0000);
INSERT INTO `detafactu` (`idfactura`,`idfacturah`,`articulo`,`idconcepto`,`servicio`,`cantidad`,`unidad`,`cantidadfc`,`unidadfc`,`detalle`,`unitario`,`impuestos`,`total`,`codigocta`,`nombrecta`,`cuota`,`cantcuotas`,`padron`,`impuesto`,`razonimp`,`neto`) VALUES 
 (377,463,'0101002',0,0,2.0000,'UNIDADES',0.0000,'','Alambre de bajada PVC 2 x 0.81',102.0000,64.2600,268.2600,'','',0,0,0,1,21.0000,204.0000),
 (378,464,'0101001',0,0,1.0000,'UNIDADES',0.0000,'','Alambre de bajada c/autop.2 x 0.61',101.0000,21.2100,122.2100,'','',0,0,0,1,21.0000,101.0000),
 (378,465,'0101004',0,0,1.0000,'',0.0000,'','Alambre p/rienda 4,8 c/PVC',100.0000,21.0000,121.0000,'','',0,0,0,1,21.0000,100.0000),
 (379,466,'0101001',0,0,2.0000,'UNIDADES',0.0000,'','Alambre de bajada c/autop.2 x 0.61',101.0000,42.4200,244.4200,'','',0,0,0,1,21.0000,202.0000),
 (379,467,'0101003',0,0,1.0000,'',0.0000,'','Alambre de cruzada bicolor 2 x 0.51',100.0000,10.5000,110.5000,'','',0,0,0,2,10.5000,100.0000),
 (380,468,'0101001',0,0,2.0000,'UNIDADES',0.0000,'','Alambre de bajada c/autop.2 x 0.61',101.0000,42.4200,244.4200,'','',0,0,0,1,21.0000,202.0000),
 (380,469,'0101002',0,0,3.0000,'UNIDADES',0.0000,'','Alambre de bajada PVC 2 x 0.81',102.0000,64.2600,370.2600,'','',0,0,0,1,21.0000,306.0000),
 (381,470,'0101001',0,0,2.0000,'UNIDADES',0.0000,'','Alambre de bajada c/autop.2 x 0.61',101.0000,42.4200,244.4200,'','',0,0,0,1,21.0000,202.0000),
 (381,471,'0101002',0,0,3.0000,'UNIDADES',0.0000,'','Alambre de bajada PVC 2 x 0.81',102.0000,64.2600,370.2600,'','',0,0,0,1,21.0000,306.0000),
 (382,472,'0101001',0,0,2.0000,'UNIDADES',0.0000,'','Alambre de bajada c/autop.2 x 0.61',101.0000,42.4200,244.4200,'','',0,0,0,1,21.0000,202.0000),
 (382,473,'0101002',0,0,3.0000,'UNIDADES',0.0000,'','Alambre de bajada PVC 2 x 0.81',102.0000,64.2600,370.2600,'','',0,0,0,1,21.0000,306.0000),
 (382,474,'',0,0,1.0000,'',1.0000,'','COSTO FINANCIACION',0.0000,0.0000,0.0000,'','',0,0,0,1,21.0000,0.0000),
 (383,475,'0101001',0,0,2.0000,'UNIDADES',0.0000,'','Alambre de bajada c/autop.2 x 0.61',101.0000,42.4200,244.4200,'','',0,0,0,1,21.0000,202.0000),
 (383,476,'0101002',0,0,3.0000,'UNIDADES',0.0000,'','Alambre de bajada PVC 2 x 0.81',102.0000,64.2600,370.2600,'','',0,0,0,1,21.0000,306.0000),
 (383,477,'',0,0,1.0000,'',1.0000,'','COSTO FINANCIACION',0.0000,0.0000,0.0000,'','',0,0,0,1,21.0000,0.0000),
 (384,478,'0101001',0,0,2.0000,'UNIDADES',0.0000,'','Alambre de bajada c/autop.2 x 0.61',101.0000,42.4200,244.4200,'','',0,0,0,1,21.0000,202.0000),
 (384,479,'0101002',0,0,3.0000,'UNIDADES',0.0000,'','Alambre de bajada PVC 2 x 0.81',102.0000,64.2600,370.2600,'','',0,0,0,1,21.0000,306.0000),
 (384,480,'',0,0,1.0000,'',1.0000,'','COSTO FINANCIACION',0.0000,0.0000,0.0000,'','',0,0,0,1,21.0000,0.0000),
 (385,481,'0101001',0,0,2.0000,'UNIDADES',0.0000,'','Alambre de bajada c/autop.2 x 0.61',101.0000,42.4200,244.4200,'','',0,0,0,1,21.0000,202.0000),
 (385,482,'0101002',0,0,3.0000,'UNIDADES',0.0000,'','Alambre de bajada PVC 2 x 0.81',102.0000,64.2600,370.2600,'','',0,0,0,1,21.0000,306.0000),
 (385,483,'',0,0,1.0000,'',1.0000,'','COSTO FINANCIACION',0.0000,0.0000,0.0000,'','',0,0,0,1,21.0000,0.0000),
 (386,484,'0101001',0,0,2.0000,'UNIDADES',0.0000,'','Alambre de bajada c/autop.2 x 0.61',101.0000,42.4200,244.4200,'','',0,0,0,1,21.0000,202.0000),
 (386,485,'0101002',0,0,3.0000,'UNIDADES',0.0000,'','Alambre de bajada PVC 2 x 0.81',102.0000,64.2600,370.2600,'','',0,0,0,1,21.0000,306.0000),
 (386,486,'',0,0,1.0000,'',1.0000,'','COSTO FINANCIACION',0.0000,0.0000,0.0000,'','',0,0,0,1,21.0000,0.0000),
 (387,487,'0101001',0,0,2.0000,'UNIDADES',0.0000,'','Alambre de bajada c/autop.2 x 0.61',101.0000,42.4200,244.4200,'','',0,0,0,1,21.0000,202.0000),
 (388,488,'0101001',0,0,2.0000,'UNIDADES',0.0000,'','Alambre de bajada c/autop.2 x 0.61',101.0000,42.4200,244.4200,'','',0,0,0,1,21.0000,202.0000),
 (389,489,'0101001',0,0,2.0000,'UNIDADES',0.0000,'','Alambre de bajada c/autop.2 x 0.61',101.0000,42.4200,244.4200,'','',0,0,0,1,21.0000,202.0000),
 (389,490,'0101002',0,0,3.0000,'UNIDADES',0.0000,'','Alambre de bajada PVC 2 x 0.81',102.0000,64.2600,370.2600,'','',0,0,0,1,21.0000,306.0000),
 (390,491,'0101001',0,0,2.0000,'UNIDADES',0.0000,'','Alambre de bajada c/autop.2 x 0.61',101.0000,42.4200,244.4200,'','',0,0,0,1,21.0000,202.0000),
 (390,492,'0101002',0,0,3.0000,'UNIDADES',0.0000,'','Alambre de bajada PVC 2 x 0.81',102.0000,64.2600,370.2600,'','',0,0,0,1,21.0000,306.0000),
 (391,493,'0101001',0,0,2.0000,'UNIDADES',0.0000,'','Alambre de bajada c/autop.2 x 0.61',101.0000,42.4200,244.4200,'','',0,0,0,1,21.0000,202.0000),
 (391,494,'0101002',0,0,3.0000,'UNIDADES',0.0000,'','Alambre de bajada PVC 2 x 0.81',102.0000,64.2600,370.2600,'','',0,0,0,1,21.0000,306.0000),
 (392,495,'0101001',0,0,2.0000,'UNIDADES',0.0000,'','Alambre de bajada c/autop.2 x 0.61',101.0000,42.4200,244.4200,'','',0,0,0,1,21.0000,202.0000),
 (392,496,'0101002',0,0,3.0000,'UNIDADES',0.0000,'','Alambre de bajada PVC 2 x 0.81',102.0000,64.2600,370.2600,'','',0,0,0,1,21.0000,306.0000),
 (393,497,'0101001',0,0,2.0000,'UNIDADES',0.0000,'','Alambre de bajada c/autop.2 x 0.61',101.0000,42.4200,244.4200,'','',0,0,0,1,21.0000,202.0000),
 (393,498,'0101002',0,0,3.0000,'UNIDADES',0.0000,'','Alambre de bajada PVC 2 x 0.81',102.0000,64.2600,370.2600,'','',0,0,0,1,21.0000,306.0000),
 (394,499,'0101001',0,0,2.0000,'UNIDADES',0.0000,'','Alambre de bajada c/autop.2 x 0.61',101.0000,42.4200,244.4200,'','',0,0,0,1,21.0000,202.0000),
 (394,500,'0101002',0,0,3.0000,'UNIDADES',0.0000,'','Alambre de bajada PVC 2 x 0.81',102.0000,64.2600,370.2600,'','',0,0,0,1,21.0000,306.0000),
 (395,501,'0101001',0,0,2.0000,'UNIDADES',0.0000,'','Alambre de bajada c/autop.2 x 0.61',101.0000,42.4200,244.4200,'','',0,0,0,1,21.0000,202.0000),
 (395,502,'0101002',0,0,3.0000,'UNIDADES',0.0000,'','Alambre de bajada PVC 2 x 0.81',102.0000,64.2600,370.2600,'','',0,0,0,1,21.0000,306.0000),
 (396,503,'0101001',0,0,2.0000,'UNIDADES',0.0000,'','Alambre de bajada c/autop.2 x 0.61',101.0000,42.4200,244.4200,'','',0,0,0,1,21.0000,202.0000),
 (396,504,'0101002',0,0,3.0000,'UNIDADES',0.0000,'','Alambre de bajada PVC 2 x 0.81',102.0000,64.2600,370.2600,'','',0,0,0,1,21.0000,306.0000),
 (397,505,'0101001',0,0,2.0000,'UNIDADES',0.0000,'','Alambre de bajada c/autop.2 x 0.61',101.0000,42.4200,244.4200,'','',0,0,0,1,21.0000,202.0000),
 (397,506,'0101002',0,0,3.0000,'UNIDADES',0.0000,'','Alambre de bajada PVC 2 x 0.81',102.0000,64.2600,370.2600,'','',0,0,0,1,21.0000,306.0000),
 (398,507,'0101001',0,0,2.0000,'UNIDADES',0.0000,'','Alambre de bajada c/autop.2 x 0.61',101.0000,42.4200,244.4200,'','',0,0,0,1,21.0000,202.0000),
 (398,508,'0101002',0,0,3.0000,'UNIDADES',0.0000,'','Alambre de bajada PVC 2 x 0.81',102.0000,64.2600,370.2600,'','',0,0,0,1,21.0000,306.0000),
 (399,509,'0101001',0,0,2.0000,'UNIDADES',0.0000,'','Alambre de bajada c/autop.2 x 0.61',101.0000,42.4200,244.4200,'','',0,0,0,1,21.0000,202.0000),
 (399,510,'0101002',0,0,3.0000,'UNIDADES',0.0000,'','Alambre de bajada PVC 2 x 0.81',102.0000,64.2600,370.2600,'','',0,0,0,1,21.0000,306.0000),
 (400,511,'0101001',0,0,2.0000,'UNIDADES',0.0000,'','Alambre de bajada c/autop.2 x 0.61',101.0000,42.4200,244.4200,'','',0,0,0,1,21.0000,202.0000),
 (400,512,'0101002',0,0,3.0000,'UNIDADES',0.0000,'','Alambre de bajada PVC 2 x 0.81',102.0000,64.2600,370.2600,'','',0,0,0,1,21.0000,306.0000),
 (401,513,'0101001',0,0,2.0000,'UNIDADES',0.0000,'','Alambre de bajada c/autop.2 x 0.61',101.0000,42.4200,244.4200,'','',0,0,0,1,21.0000,202.0000),
 (402,514,'0101001',0,0,2.0000,'UNIDADES',0.0000,'','Alambre de bajada c/autop.2 x 0.61',101.0000,42.4200,244.4200,'','',0,0,0,1,21.0000,202.0000),
 (402,515,'0101002',0,0,3.0000,'UNIDADES',0.0000,'','Alambre de bajada PVC 2 x 0.81',102.0000,64.2600,370.2600,'','',0,0,0,1,21.0000,306.0000),
 (402,516,'0000001',0,0,1.0000,'$',1.0000,'','COSTO FINANCIACION',122.9360,25.8166,148.7526,'','',0,0,0,1,21.0000,122.9360),
 (403,517,'0101001',0,0,2.0000,'UNIDADES',0.0000,'','Alambre de bajada c/autop.2 x 0.61',101.0000,42.4200,244.4200,'','',0,0,0,1,21.0000,202.0000),
 (403,518,'0101002',0,0,3.0000,'UNIDADES',0.0000,'','Alambre de bajada PVC 2 x 0.81',102.0000,64.2600,370.2600,'','',0,0,0,1,21.0000,306.0000),
 (403,519,'0000001',0,0,1.0000,'$',1.0000,'$','Interés por financiación',122.9360,25.8166,148.7526,'','',0,0,0,1,21.0000,122.9360),
 (404,520,'0101001',0,0,2.0000,'UNIDADES',0.0000,'','Alambre de bajada c/autop.2 x 0.61',101.0000,42.4200,244.4200,'','',0,0,0,1,21.0000,202.0000),
 (404,521,'0101002',0,0,3.0000,'UNIDADES',0.0000,'','Alambre de bajada PVC 2 x 0.81',102.0000,64.2600,370.2600,'','',0,0,0,1,21.0000,306.0000),
 (404,522,'0000001',0,0,1.0000,'$',1.0000,'$','Interés por financiación',0.0000,0.0000,0.0000,'','',0,0,0,1,21.0000,0.0000),
 (405,523,'0101001',0,0,2.0000,'UNIDADES',0.0000,'','Alambre de bajada c/autop.2 x 0.61',101.0000,42.4200,244.4200,'','',0,0,0,1,21.0000,202.0000),
 (405,524,'0101002',0,0,3.0000,'UNIDADES',0.0000,'','Alambre de bajada PVC 2 x 0.81',102.0000,64.2600,370.2600,'','',0,0,0,1,21.0000,306.0000),
 (406,525,'0101001',0,0,2.0000,'UNIDADES',0.0000,'','Alambre de bajada c/autop.2 x 0.61',101.0000,42.4200,244.4200,'','',0,0,0,1,21.0000,202.0000),
 (406,526,'0101002',0,0,3.0000,'UNIDADES',0.0000,'','Alambre de bajada PVC 2 x 0.81',102.0000,64.2600,370.2600,'','',0,0,0,1,21.0000,306.0000),
 (407,527,'0101001',0,0,2.0000,'UNIDADES',0.0000,'','Alambre de bajada c/autop.2 x 0.61',101.0000,42.4200,244.4200,'','',0,0,0,1,21.0000,202.0000),
 (407,528,'0101002',0,0,3.0000,'UNIDADES',0.0000,'','Alambre de bajada PVC 2 x 0.81',102.0000,64.2600,370.2600,'','',0,0,0,1,21.0000,306.0000),
 (408,529,'0101001',0,0,2.0000,'UNIDADES',0.0000,'','Alambre de bajada c/autop.2 x 0.61',101.0000,42.4200,244.4200,'','',0,0,0,1,21.0000,202.0000),
 (408,530,'0101002',0,0,3.0000,'UNIDADES',0.0000,'','Alambre de bajada PVC 2 x 0.81',102.0000,64.2600,370.2600,'','',0,0,0,1,21.0000,306.0000),
 (409,531,'0101001',0,0,2.0000,'UNIDADES',0.0000,'','Alambre de bajada c/autop.2 x 0.61',101.0000,42.4200,244.4200,'','',0,0,0,1,21.0000,202.0000),
 (409,532,'0101002',0,0,3.0000,'UNIDADES',0.0000,'','Alambre de bajada PVC 2 x 0.81',102.0000,64.2600,370.2600,'','',0,0,0,1,21.0000,306.0000),
 (410,533,'0101001',0,0,2.0000,'UNIDADES',0.0000,'','Alambre de bajada c/autop.2 x 0.61',101.0000,42.4200,244.4200,'','',0,0,0,1,21.0000,202.0000),
 (410,534,'0101002',0,0,3.0000,'UNIDADES',0.0000,'','Alambre de bajada PVC 2 x 0.81',102.0000,64.2600,370.2600,'','',0,0,0,1,21.0000,306.0000),
 (410,535,'0000001',0,0,1.0000,'$',1.0000,'$','Interés por financiación',61.4600,12.9066,74.3666,'','',0,0,0,1,21.0000,61.4600),
 (411,536,'0101001',0,0,2.0000,'UNIDADES',0.0000,'','Alambre de bajada c/autop.2 x 0.61',101.0000,42.4200,244.4200,'','',0,0,0,1,21.0000,202.0000),
 (411,537,'0101002',0,0,3.0000,'UNIDADES',0.0000,'','Alambre de bajada PVC 2 x 0.81',102.0000,64.2600,370.2600,'','',0,0,0,1,21.0000,306.0000),
 (411,538,'0000001',0,0,1.0000,'$',1.0000,'$','Interés por financiación',61.4600,12.9066,74.3666,'','',0,0,0,1,21.0000,61.4600),
 (412,539,'0101001',0,0,2.0000,'UNIDADES',0.0000,'','Alambre de bajada c/autop.2 x 0.61',101.0000,42.4200,244.4200,'','',0,0,0,1,21.0000,202.0000),
 (412,540,'0101002',0,0,3.0000,'UNIDADES',0.0000,'','Alambre de bajada PVC 2 x 0.81',102.0000,64.2600,370.2600,'','',0,0,0,1,21.0000,306.0000),
 (413,541,'0101001',0,0,2.0000,'UNIDADES',0.0000,'','Alambre de bajada c/autop.2 x 0.61',101.0000,42.4200,244.4200,'','',0,0,0,1,21.0000,202.0000),
 (413,542,'0101002',0,0,3.0000,'UNIDADES',0.0000,'','Alambre de bajada PVC 2 x 0.81',102.0000,64.2600,370.2600,'','',0,0,0,1,21.0000,306.0000),
 (413,543,'0000001',0,0,1.0000,'$',1.0000,'$','Interés por financiación',60.0000,12.6000,72.6000,'','',0,0,0,1,21.0000,60.0000),
 (414,544,'0101001',0,0,2.0000,'UNIDADES',0.0000,'','Alambre de bajada c/autop.2 x 0.61',101.0000,42.4200,244.4200,'','',0,0,0,1,21.0000,202.0000),
 (414,545,'0101002',0,0,3.0000,'UNIDADES',0.0000,'','Alambre de bajada PVC 2 x 0.81',102.0000,64.2600,370.2600,'','',0,0,0,1,21.0000,306.0000),
 (415,546,'0101001',0,0,2.0000,'UNIDADES',0.0000,'','Alambre de bajada c/autop.2 x 0.61',101.0000,42.4200,244.4200,'','',0,0,0,1,21.0000,202.0000),
 (415,547,'0101002',0,0,3.0000,'UNIDADES',0.0000,'','Alambre de bajada PVC 2 x 0.81',102.0000,64.2600,370.2600,'','',0,0,0,1,21.0000,306.0000),
 (416,548,'0101001',0,0,2.0000,'UNIDADES',0.0000,'','Alambre de bajada c/autop.2 x 0.61',101.0000,42.4200,244.4200,'','',0,0,0,1,21.0000,202.0000),
 (416,549,'0101002',0,0,3.0000,'UNIDADES',0.0000,'','Alambre de bajada PVC 2 x 0.81',102.0000,64.2600,370.2600,'','',0,0,0,1,21.0000,306.0000),
 (416,550,'0000001',0,0,1.0000,'$',1.0000,'$','Interés por financiación',120.0000,25.2000,145.2000,'','',0,0,0,1,21.0000,120.0000),
 (417,551,'0101001',0,0,2.0000,'UNIDADES',0.0000,'','Alambre de bajada c/autop.2 x 0.61',101.0000,42.4200,244.4200,'','',0,0,0,1,21.0000,202.0000),
 (417,552,'0101002',0,0,3.0000,'UNIDADES',0.0000,'','Alambre de bajada PVC 2 x 0.81',102.0000,64.2600,370.2600,'','',0,0,0,1,21.0000,306.0000),
 (417,553,'0000001',0,0,1.0000,'$',1.0000,'$','Interés por financiación',122.9360,25.8166,148.7526,'','',0,0,0,1,21.0000,122.9360),
 (418,554,'0101001',0,0,2.0000,'UNIDADES',0.0000,'','Alambre de bajada c/autop.2 x 0.61',101.0000,42.4200,244.4200,'','',0,0,0,1,21.0000,202.0000),
 (418,555,'0101002',0,0,3.0000,'UNIDADES',0.0000,'','Alambre de bajada PVC 2 x 0.81',102.0000,64.2600,370.2600,'','',0,0,0,1,21.0000,306.0000),
 (418,556,'0000001',0,0,1.0000,'$',1.0000,'$','Interés por financiación',120.0000,25.2000,145.2000,'','',0,0,0,1,21.0000,120.0000),
 (419,557,'0101001',0,0,2.0000,'UNIDADES',0.0000,'','Alambre de bajada c/autop.2 x 0.61',101.0000,42.4200,244.4200,'','',0,0,0,1,21.0000,202.0000),
 (419,558,'0101002',0,0,3.0000,'UNIDADES',0.0000,'','Alambre de bajada PVC 2 x 0.81',102.0000,64.2600,370.2600,'','',0,0,0,1,21.0000,306.0000),
 (420,559,'0101001',0,0,2.0000,'UNIDADES',0.0000,'','Alambre de bajada c/autop.2 x 0.61',101.0000,42.4200,244.4200,'','',0,0,0,1,21.0000,202.0000),
 (420,560,'0101002',0,0,3.0000,'UNIDADES',0.0000,'','Alambre de bajada PVC 2 x 0.81',102.0000,64.2600,370.2600,'','',0,0,0,1,21.0000,306.0000),
 (421,561,'0101001',0,0,2.0000,'UNIDADES',0.0000,'','Alambre de bajada c/autop.2 x 0.61',101.0000,42.4200,244.4200,'','',0,0,0,1,21.0000,202.0000),
 (421,562,'0101002',0,0,3.0000,'UNIDADES',0.0000,'','Alambre de bajada PVC 2 x 0.81',102.0000,64.2600,370.2600,'','',0,0,0,1,21.0000,306.0000),
 (422,563,'0101001',0,0,2.0000,'UNIDADES',0.0000,'','Alambre de bajada c/autop.2 x 0.61',101.0000,42.4200,244.4200,'','',0,0,0,1,21.0000,202.0000),
 (422,564,'0101002',0,0,3.0000,'UNIDADES',0.0000,'','Alambre de bajada PVC 2 x 0.81',102.0000,64.2600,370.2600,'','',0,0,0,1,21.0000,306.0000),
 (422,565,'0000001',0,0,1.0000,'$',1.0000,'$','Interés por financiación',122.9360,25.8166,148.7526,'','',0,0,0,1,21.0000,122.9360),
 (423,566,'0101001',0,0,2.0000,'UNIDADES',0.0000,'','Alambre de bajada c/autop.2 x 0.61',101.0000,42.4200,244.4200,'','',0,0,0,1,21.0000,202.0000),
 (423,567,'0101002',0,0,3.0000,'UNIDADES',0.0000,'','Alambre de bajada PVC 2 x 0.81',102.0000,64.2600,370.2600,'','',0,0,0,1,21.0000,306.0000),
 (423,568,'0000001',0,0,1.0000,'$',1.0000,'$','Interés por financiación',120.0000,25.2000,145.2000,'','',0,0,0,1,21.0000,120.0000),
 (424,569,'0101001',0,0,2.0000,'UNIDADES',0.0000,'','Alambre de bajada c/autop.2 x 0.61',101.0000,42.4200,244.4200,'','',0,0,0,1,21.0000,202.0000),
 (424,570,'0101002',0,0,3.0000,'UNIDADES',0.0000,'','Alambre de bajada PVC 2 x 0.81',102.0000,64.2600,370.2600,'','',0,0,0,1,21.0000,306.0000),
 (424,571,'0000001',0,0,1.0000,'$',1.0000,'$','Interés por financiación',20.8320,4.3747,25.2067,'','',0,0,0,1,21.0000,20.8320),
 (425,572,'0101001',0,0,2.0000,'UNIDADES',0.0000,'','Alambre de bajada c/autop.2 x 0.61',101.0000,42.4200,244.4200,'','',0,0,0,1,21.0000,202.0000),
 (425,573,'0101002',0,0,3.0000,'UNIDADES',0.0000,'','Alambre de bajada PVC 2 x 0.81',102.0000,64.2600,370.2600,'','',0,0,0,1,21.0000,306.0000),
 (425,574,'0000001',0,0,1.0000,'$',1.0000,'$','Interés por financiación',20.8320,4.3747,25.2067,'','',0,0,0,1,21.0000,20.8320),
 (426,575,'0101001',0,0,2.0000,'UNIDADES',0.0000,'','Alambre de bajada c/autop.2 x 0.61',101.0000,42.4200,244.4200,'','',0,0,0,1,21.0000,202.0000),
 (426,576,'0101002',0,0,3.0000,'UNIDADES',0.0000,'','Alambre de bajada PVC 2 x 0.81',102.0000,64.2600,370.2600,'','',0,0,0,1,21.0000,306.0000),
 (426,577,'0000001',0,0,1.0000,'$',1.0000,'$','Interés por financiación',99.1736,20.8265,120.0001,'','',0,0,0,1,21.0000,99.1736),
 (427,578,'0101001',0,0,2.0000,'UNIDADES',0.0000,'','Alambre de bajada c/autop.2 x 0.61',101.0000,42.4200,244.4200,'','',0,0,0,1,21.0000,202.0000),
 (427,579,'0101002',0,0,3.0000,'UNIDADES',0.0000,'','Alambre de bajada PVC 2 x 0.81',102.0000,64.2600,370.2600,'','',0,0,0,1,21.0000,306.0000),
 (427,580,'0000001',0,0,1.0000,'$',1.0000,'$','Interés por financiación',99.1736,20.8265,120.0001,'','',0,0,0,1,21.0000,99.1736),
 (428,581,'0101001',0,0,2.0000,'UNIDADES',0.0000,'','Alambre de bajada c/autop.2 x 0.61',101.0000,42.4200,244.4200,'','',0,0,0,1,21.0000,202.0000),
 (428,582,'0101002',0,0,3.0000,'UNIDADES',0.0000,'','Alambre de bajada PVC 2 x 0.81',102.0000,64.2600,370.2600,'','',0,0,0,1,21.0000,306.0000),
 (428,583,'0000001',0,0,1.0000,'$',1.0000,'$','Interés por financiación',99.1736,20.8265,120.0001,'','',0,0,0,1,21.0000,99.1736),
 (429,584,'0101001',0,0,2.0000,'UNIDADES',0.0000,'','Alambre de bajada c/autop.2 x 0.61',101.0000,42.4200,244.4200,'','',0,0,0,1,21.0000,202.0000),
 (429,585,'0101002',0,0,3.0000,'UNIDADES',0.0000,'','Alambre de bajada PVC 2 x 0.81',102.0000,64.2600,370.2600,'','',0,0,0,1,21.0000,306.0000),
 (429,586,'0000001',0,0,1.0000,'$',1.0000,'$','Interés por financiación',99.1736,20.8265,120.0001,'','',0,0,0,1,21.0000,99.1736),
 (430,587,'0101001',0,0,2.0000,'UNIDADES',0.0000,'','Alambre de bajada c/autop.2 x 0.61',101.0000,42.4200,244.4200,'','',0,0,0,1,21.0000,202.0000),
 (430,588,'0101002',0,0,3.0000,'UNIDADES',0.0000,'','Alambre de bajada PVC 2 x 0.81',102.0000,64.2600,370.2600,'','',0,0,0,1,21.0000,306.0000),
 (430,589,'0000001',0,0,1.0000,'$',1.0000,'$','Interés por financiación',99.1736,20.8265,120.0001,'','',0,0,0,1,21.0000,99.1736),
 (431,590,'0101001',0,0,2.0000,'UNIDADES',0.0000,'','Alambre de bajada c/autop.2 x 0.61',101.0000,42.4200,244.4200,'','',0,0,0,1,21.0000,202.0000),
 (431,591,'0101002',0,0,3.0000,'UNIDADES',0.0000,'','Alambre de bajada PVC 2 x 0.81',102.0000,64.2600,370.2600,'','',0,0,0,1,21.0000,306.0000),
 (432,592,'0101001',0,0,2.0000,'UNIDADES',0.0000,'','Alambre de bajada c/autop.2 x 0.61',101.0000,42.4200,244.4200,'','',0,0,0,1,21.0000,202.0000),
 (432,593,'0101002',0,0,3.0000,'UNIDADES',0.0000,'','Alambre de bajada PVC 2 x 0.81',102.0000,64.2600,370.2600,'','',0,0,0,1,21.0000,306.0000),
 (433,594,'0101001',0,0,2.0000,'UNIDADES',0.0000,'','Alambre de bajada c/autop.2 x 0.61',101.0000,42.4200,244.4200,'','',0,0,0,1,21.0000,202.0000),
 (433,595,'0101002',0,0,3.0000,'UNIDADES',0.0000,'','Alambre de bajada PVC 2 x 0.81',102.0000,64.2600,370.2600,'','',0,0,0,1,21.0000,306.0000),
 (434,596,'0101001',0,0,2.0000,'UNIDADES',0.0000,'','Alambre de bajada c/autop.2 x 0.61',101.0000,42.4200,244.4200,'','',0,0,0,1,21.0000,202.0000),
 (434,597,'0101002',0,0,3.0000,'UNIDADES',0.0000,'','Alambre de bajada PVC 2 x 0.81',102.0000,64.2600,370.2600,'','',0,0,0,1,21.0000,306.0000),
 (435,598,'0101001',0,0,2.0000,'UNIDADES',0.0000,'','Alambre de bajada c/autop.2 x 0.61',101.0000,42.4200,244.4200,'','',0,0,0,1,21.0000,202.0000),
 (435,599,'0101002',0,0,3.0000,'UNIDADES',0.0000,'','Alambre de bajada PVC 2 x 0.81',102.0000,64.2600,370.2600,'','',0,0,0,1,21.0000,306.0000),
 (436,600,'0101001',0,0,2.0000,'UNIDADES',0.0000,'','Alambre de bajada c/autop.2 x 0.61',101.0000,42.4200,244.4200,'','',0,0,0,1,21.0000,202.0000),
 (436,601,'0101002',0,0,3.0000,'UNIDADES',0.0000,'','Alambre de bajada PVC 2 x 0.81',102.0000,64.2600,370.2600,'','',0,0,0,1,21.0000,306.0000),
 (437,602,'0101001',0,0,2.0000,'UNIDADES',0.0000,'','Alambre de bajada c/autop.2 x 0.61',101.0000,42.4200,244.4200,'','',0,0,0,1,21.0000,202.0000),
 (437,603,'0101002',0,0,3.0000,'UNIDADES',0.0000,'','Alambre de bajada PVC 2 x 0.81',102.0000,64.2600,370.2600,'','',0,0,0,1,21.0000,306.0000),
 (437,604,'0000001',0,0,1.0000,'$',1.0000,'$','Interés por financiación',101.6000,21.3360,122.9360,'','',0,0,0,1,21.0000,101.6000),
 (438,605,'0101001',0,0,2.0000,'UNIDADES',0.0000,'','Alambre de bajada c/autop.2 x 0.61',101.0000,42.4200,244.4200,'','',0,0,0,1,21.0000,202.0000),
 (438,606,'0101002',0,0,3.0000,'UNIDADES',0.0000,'','Alambre de bajada PVC 2 x 0.81',102.0000,64.2600,370.2600,'','',0,0,0,1,21.0000,306.0000),
 (438,607,'0000001',0,0,1.0000,'$',1.0000,'$','Interés por financiación',99.1736,20.8265,120.0001,'','',0,0,0,1,21.0000,99.1736),
 (439,608,'0101001',0,0,2.0000,'UNIDADES',0.0000,'','Alambre de bajada c/autop.2 x 0.61',101.0000,42.4200,244.4200,'','',0,0,0,1,21.0000,202.0000),
 (439,609,'0101002',0,0,3.0000,'UNIDADES',0.0000,'','Alambre de bajada PVC 2 x 0.81',102.0000,64.2600,370.2600,'','',0,0,0,1,21.0000,306.0000),
 (439,610,'0000001',0,0,1.0000,'$',1.0000,'$','Interés por financiación',120.0000,25.2000,145.2000,'','',0,0,0,1,21.0000,120.0000),
 (440,611,'0101001',0,0,2.0000,'UNIDADES',0.0000,'','Alambre de bajada c/autop.2 x 0.61',101.0000,42.4200,244.4200,'','',0,0,0,1,21.0000,202.0000),
 (440,612,'0101002',0,0,3.0000,'UNIDADES',0.0000,'','Alambre de bajada PVC 2 x 0.81',102.0000,64.2600,370.2600,'','',0,0,0,1,21.0000,306.0000),
 (441,613,'0101001',0,0,2.0000,'UNIDADES',0.0000,'','Alambre de bajada c/autop.2 x 0.61',101.0000,42.4200,244.4200,'','',0,0,0,1,21.0000,202.0000),
 (441,614,'0101002',0,0,3.0000,'UNIDADES',0.0000,'','Alambre de bajada PVC 2 x 0.81',102.0000,64.2600,370.2600,'','',0,0,0,1,21.0000,306.0000),
 (442,615,'0101001',0,0,2.0000,'UNIDADES',0.0000,'','Alambre de bajada c/autop.2 x 0.61',101.0000,42.4200,244.4200,'','',0,0,0,1,21.0000,202.0000),
 (442,616,'0101002',0,0,3.0000,'UNIDADES',0.0000,'','Alambre de bajada PVC 2 x 0.81',102.0000,64.2600,370.2600,'','',0,0,0,1,21.0000,306.0000),
 (442,617,'0000001',0,0,1.0000,'$',1.0000,'$','Interés por financiación',120.0000,25.2000,145.2000,'','',0,0,0,1,21.0000,120.0000),
 (443,618,'0101001',0,0,2.0000,'UNIDADES',0.0000,'','Alambre de bajada c/autop.2 x 0.61',101.0000,42.4200,244.4200,'','',0,0,0,1,21.0000,202.0000),
 (443,619,'0101002',0,0,3.0000,'UNIDADES',0.0000,'','Alambre de bajada PVC 2 x 0.81',102.0000,64.2600,370.2600,'','',0,0,0,1,21.0000,306.0000),
 (443,620,'0000001',0,0,1.0000,'$',1.0000,'$','Interés por financiación',120.0000,25.2000,145.2000,'','',0,0,0,1,21.0000,120.0000),
 (444,621,'0101001',0,0,2.0000,'UNIDADES',0.0000,'','Alambre de bajada c/autop.2 x 0.61',101.0000,42.4200,244.4200,'','',0,0,0,1,21.0000,202.0000),
 (444,622,'0101002',0,0,3.0000,'UNIDADES',0.0000,'','Alambre de bajada PVC 2 x 0.81',102.0000,64.2600,370.2600,'','',0,0,0,1,21.0000,306.0000),
 (444,623,'0000001',0,0,1.0000,'$',1.0000,'$','Interés por financiación',99.1736,20.8265,120.0001,'','',0,0,0,1,21.0000,99.1736),
 (445,624,'0101001',0,0,2.0000,'UNIDADES',0.0000,'','Alambre de bajada c/autop.2 x 0.61',101.0000,42.4200,244.4200,'','',0,0,0,1,21.0000,202.0000),
 (445,625,'0101002',0,0,3.0000,'UNIDADES',0.0000,'','Alambre de bajada PVC 2 x 0.81',102.0000,64.2600,370.2600,'','',0,0,0,1,21.0000,306.0000),
 (445,626,'0000001',0,0,1.0000,'$',1.0000,'$','Interés por financiación',99.1736,20.8265,120.0001,'','',0,0,0,1,21.0000,99.1736),
 (446,627,'0101001',0,0,2.0000,'UNIDADES',0.0000,'','Alambre de bajada c/autop.2 x 0.61',101.0000,42.4200,244.4200,'','',0,0,0,1,21.0000,202.0000),
 (446,628,'0101002',0,0,3.0000,'UNIDADES',0.0000,'','Alambre de bajada PVC 2 x 0.81',102.0000,64.2600,370.2600,'','',0,0,0,1,21.0000,306.0000),
 (446,629,'0000001',0,0,1.0000,'$',1.0000,'$','Interés por financiación',101.5868,21.3332,122.9200,'','',0,0,0,1,21.0000,101.5868),
 (447,630,'0101001',0,0,2.0000,'UNIDADES',0.0000,'','Alambre de bajada c/autop.2 x 0.61',101.0000,42.4200,244.4200,'','',0,0,0,1,21.0000,202.0000),
 (447,631,'0101002',0,0,3.0000,'UNIDADES',0.0000,'','Alambre de bajada PVC 2 x 0.81',102.0000,64.2600,370.2600,'','',0,0,0,1,21.0000,306.0000),
 (448,632,'0101001',0,0,2.0000,'UNIDADES',0.0000,'','Alambre de bajada c/autop.2 x 0.61',101.0000,42.4200,244.4200,'','',0,0,0,1,21.0000,202.0000),
 (448,633,'0101002',0,0,3.0000,'UNIDADES',0.0000,'','Alambre de bajada PVC 2 x 0.81',102.0000,64.2600,370.2600,'','',0,0,0,1,21.0000,306.0000),
 (448,634,'0000001',0,0,1.0000,'$',1.0000,'$','Interés por financiación',101.5868,21.3332,122.9200,'','',0,0,0,1,21.0000,101.5868),
 (449,635,'0000002',0,0,1.0000,'$',0.0000,'','ND por interés tarjeta',100.0000,21.0000,121.0000,'','',0,0,0,1,21.0000,100.0000),
 (450,636,'0101002',0,0,3.0000,'UNIDADES',0.0000,'','Alambre de bajada PVC 2 x 0.81',102.0000,64.2600,370.2600,'','',0,0,0,1,21.0000,306.0000),
 (451,637,'0101001',0,0,2.0000,'UNIDADES',0.0000,'','Alambre de bajada c/autop.2 x 0.61',101.0000,42.4200,244.4200,'','',0,0,0,1,21.0000,202.0000),
 (451,638,'0000003',0,0,40.0000,'$',0.0000,'','Descuentos',-1.0000,-8.4000,-48.4000,'','',0,0,0,1,21.0000,-40.0000),
 (452,639,'0101001',0,0,2.0000,'UNIDADES',0.0000,'','Alambre de bajada c/autop.2 x 0.61',101.0000,42.4200,244.4200,'','',0,0,0,1,21.0000,202.0000),
 (453,640,'0101001',0,0,2.0000,'UNIDADES',0.0000,'','Alambre de bajada c/autop.2 x 0.61',101.0000,42.4200,244.4200,'','',0,0,0,1,21.0000,202.0000),
 (454,641,'0101001',0,0,2.0000,'UNIDADES',0.0000,'','Alambre de bajada c/autop.2 x 0.61',101.0000,42.4200,244.4200,'','',0,0,0,1,21.0000,202.0000),
 (454,642,'0101002',0,0,3.0000,'UNIDADES',0.0000,'','Alambre de bajada PVC 2 x 0.81',102.0000,64.2600,370.2600,'','',0,0,0,1,21.0000,306.0000),
 (454,643,'0000003',0,0,8.0000,'$',0.0000,'','Descuentos',-1.0000,-1.6800,-9.6800,'','',0,0,0,1,21.0000,-8.0000),
 (455,644,'0101001',0,0,2.0000,'UNIDADES',0.0000,'','Alambre de bajada c/autop.2 x 0.61',101.0000,42.4200,244.4200,'','',0,0,0,1,21.0000,202.0000),
 (455,645,'0101002',0,0,3.0000,'UNIDADES',0.0000,'','Alambre de bajada PVC 2 x 0.81',102.0000,64.2600,370.2600,'','',0,0,0,1,21.0000,306.0000),
 (455,646,'0000003',0,0,8.0000,'$',0.0000,'','Descuentos',-1.0000,-1.6800,-9.6800,'','',0,0,0,1,21.0000,-8.0000),
 (456,647,'0101001',0,0,2.0000,'UNIDADES',0.0000,'','Alambre de bajada c/autop.2 x 0.61',101.0000,42.4200,244.4200,'','',0,0,0,1,21.0000,202.0000),
 (456,648,'0101002',0,0,3.0000,'UNIDADES',0.0000,'','Alambre de bajada PVC 2 x 0.81',102.0000,64.2600,370.2600,'','',0,0,0,1,21.0000,306.0000),
 (456,649,'0000003',0,0,10.0000,'$',0.0000,'','Descuentos',-1.0000,-2.1000,-12.1000,'','',0,0,0,1,21.0000,-10.0000),
 (457,650,'0101001',0,0,2.0000,'UNIDADES',0.0000,'','Alambre de bajada c/autop.2 x 0.61',101.0000,42.4200,244.4200,'','',0,0,0,1,21.0000,202.0000),
 (458,651,'0101001',0,0,2.0000,'UNIDADES',0.0000,'','Alambre de bajada c/autop.2 x 0.61',101.0000,42.4200,244.4200,'','',0,0,0,1,21.0000,202.0000),
 (459,652,'0101001',0,0,2.0000,'UNIDADES',0.0000,'','Alambre de bajada c/autop.2 x 0.61',121.2000,50.9040,293.3040,'','',0,0,0,1,21.0000,242.4000),
 (459,653,'0101002',0,0,3.0000,'UNIDADES',0.0000,'','Alambre de bajada PVC 2 x 0.81',132.6000,83.5380,481.3380,'','',0,0,0,1,21.0000,397.8000),
 (459,654,'0000001',0,0,1.0000,'$',1.0000,'$','Interés por financiación',115.7025,24.2975,140.0000,'','',0,0,0,1,21.0000,115.7025),
 (460,655,'0101001',0,0,1.0000,'UNIDADES',0.0000,'','Alambre de bajada c/autop.2 x 0.61',121.2000,25.4520,146.6520,'','',0,0,0,1,21.0000,121.2000),
 (461,656,'0101001',0,0,1.0000,'UNIDADES',0.0000,'','Alambre de bajada c/autop.2 x 0.61',121.2000,25.4520,146.6520,'','',0,0,0,1,21.0000,121.2000),
 (462,657,'0101001',0,0,2.0000,'UNIDADES',0.0000,'','Alambre de bajada c/autop.2 x 0.61',121.2000,50.9040,293.3040,'','',0,0,0,1,21.0000,242.4000),
 (463,658,'0101001',0,0,2.0000,'UNIDADES',0.0000,'','Alambre de bajada c/autop.2 x 0.61',121.2000,50.9040,293.3040,'','',0,0,0,1,21.0000,242.4000),
 (464,659,'0101001',0,0,2.0000,'UNIDADES',0.0000,'','Alambre de bajada c/autop.2 x 0.61',121.2000,50.9040,293.3040,'','',0,0,0,1,21.0000,242.4000),
 (465,660,'0101001',0,0,2.0000,'UNIDADES',0.0000,'','Alambre de bajada c/autop.2 x 0.61',121.2000,50.9040,293.3040,'','',0,0,0,1,21.0000,242.4000),
 (466,661,'0101001',0,0,2.0000,'UNIDADES',0.0000,'','Alambre de bajada c/autop.2 x 0.61',121.2000,50.9040,293.3040,'','',0,0,0,1,21.0000,242.4000),
 (467,662,'0101001',0,0,2.0000,'UNIDADES',0.0000,'','Alambre de bajada c/autop.2 x 0.61',121.2000,50.9040,293.3040,'','',0,0,0,1,21.0000,242.4000),
 (468,663,'0101001',0,0,2.0000,'UNIDADES',0.0000,'','Alambre de bajada c/autop.2 x 0.61',121.2000,50.9040,293.3040,'','',0,0,0,1,21.0000,242.4000),
 (469,664,'0101001',0,0,1.0000,'UNIDADES',0.0000,'','Alambre de bajada c/autop.2 x 0.61',121.2000,25.4520,146.6520,'','',0,0,0,1,21.0000,121.2000),
 (470,665,'0101001',0,0,10.0000,'UNIDADES',0.0000,'','Alambre de bajada c/autop.2 x 0.61',121.2000,254.5200,1466.5200,'','',0,0,0,1,21.0000,1212.0000),
 (471,666,'0101001',0,0,2.0000,'UNIDADES',0.0000,'','Alambre de bajada c/autop.2 x 0.61',121.2000,50.9040,293.3040,'','',0,0,0,1,21.0000,242.4000),
 (472,667,'0101004',0,0,10.0000,'',0.0000,'','Alambre p/rienda 4,8 c/PVC',1.0000,2.0000,12.1000,'','',0,0,0,1,21.0000,10.0000),
 (474,668,'0101001',0,0,1.0000,'UNIDADES',0.0000,'','Alambre de bajada c/autop.2 x 0.61',121.2000,25.4520,146.6520,'','',0,0,0,1,21.0000,121.2000),
 (475,669,'0101001',0,0,5.0000,'UNIDADES',0.0000,'','Alambre de bajada c/autop.2 x 0.61',121.2000,127.2600,733.2600,'','',0,0,0,1,21.0000,606.0000),
 (478,670,'0101001',0,0,1.0000,'UNIDADES',0.0000,'','Alambre de bajada c/autop.2 x 0.61',121.2000,25.4520,146.6520,'','',0,0,0,1,21.0000,121.2000),
 (481,671,'0101001',0,0,1.0000,'UNIDADES',0.0000,'','Alambre de bajada c/autop.2 x 0.61',121.2000,25.4520,146.6520,'','',0,0,0,1,21.0000,121.2000),
 (482,672,'0101001',0,0,1.0000,'UNIDADES',0.0000,'','Alambre de bajada c/autop.2 x 0.61',121.2000,25.4520,146.6520,'','',0,0,0,1,21.0000,121.2000),
 (482,673,'0101001',0,0,2.0000,'UNIDADES',0.0000,'','Alambre de bajada c/autop.2 x 0.61',121.2000,50.9040,293.3040,'','',0,0,0,1,21.0000,242.4000),
 (483,674,'0101001',0,0,1.0000,'UNIDADES',0.0000,'','Alambre de bajada c/autop.2 x 0.61',131.3000,27.5730,158.8730,'','',0,0,0,1,21.0000,131.3000),
 (483,675,'0101001',0,0,2.0000,'UNIDADES',0.0000,'','Alambre de bajada c/autop.2 x 0.61',131.3000,55.1460,317.7460,'','',0,0,0,1,21.0000,262.6000),
 (484,676,'0101001',0,0,1.0000,'UNIDADES',0.0000,'','Alambre de bajada c/autop.2 x 0.61',121.2000,25.4520,146.6520,'','',0,0,0,1,21.0000,121.2000),
 (484,677,'0101001',0,0,2.0000,'UNIDADES',0.0000,'','Alambre de bajada c/autop.2 x 0.61',121.2000,50.9040,293.3040,'','',0,0,0,1,21.0000,242.4000),
 (485,678,'0101001',0,0,1.0000,'UNIDADES',0.0000,'','Alambre de bajada c/autop.2 x 0.61',121.2000,25.4520,146.6520,'','',0,0,0,1,21.0000,121.2000),
 (485,679,'0101002',0,0,1.0000,'UNIDADES',0.0000,'','Alambre de bajada PVC 2 x 0.81',132.6000,27.8460,160.4460,'','',0,0,0,1,21.0000,132.6000),
 (486,680,'0101001',0,0,1.0000,'UNIDADES',0.0000,'','Alambre de bajada c/autop.2 x 0.61',121.2000,25.4520,146.6520,'','',0,0,0,1,21.0000,121.2000),
 (486,681,'0101002',0,0,2.0000,'UNIDADES',0.0000,'','Alambre de bajada PVC 2 x 0.81',132.6000,55.6920,320.8920,'','',0,0,0,1,21.0000,265.2000),
 (486,682,'0101001',0,0,2.0000,'UNIDADES',0.0000,'','Alambre de bajada c/autop.2 x 0.61',121.2000,50.9040,293.3040,'','',0,0,0,1,21.0000,242.4000),
 (487,683,'0101001',0,0,1.0000,'UNIDADES',0.0000,'','Alambre de bajada c/autop.2 x 0.61',121.2000,25.4520,146.6520,'','',0,0,0,1,21.0000,121.2000),
 (487,684,'0101001',0,0,2.0000,'UNIDADES',0.0000,'','Alambre de bajada c/autop.2 x 0.61',121.2000,50.9040,293.3040,'','',0,0,0,1,21.0000,242.4000),
 (488,685,'0101001',0,0,1.0000,'UNIDADES',0.0000,'','Alambre de bajada c/autop.2 x 0.61',121.2000,25.4520,146.6520,'','',0,0,0,1,21.0000,121.2000),
 (488,686,'0101001',0,0,2.0000,'UNIDADES',0.0000,'','Alambre de bajada c/autop.2 x 0.61',121.2000,50.9040,293.3040,'','',0,0,0,1,21.0000,242.4000),
 (489,687,'0101001',0,0,1.0000,'UNIDADES',0.0000,'','Alambre de bajada c/autop.2 x 0.61',121.2000,25.4520,146.6520,'','',0,0,0,1,21.0000,121.2000),
 (489,688,'0101002',0,0,2.0000,'UNIDADES',0.0000,'','Alambre de bajada PVC 2 x 0.81',132.6000,55.6920,320.8920,'','',0,0,0,1,21.0000,265.2000),
 (489,689,'0101001',0,0,2.0000,'UNIDADES',0.0000,'','Alambre de bajada c/autop.2 x 0.61',121.2000,50.9040,293.3040,'','',0,0,0,1,21.0000,242.4000),
 (490,690,'0101001',0,0,1.0000,'UNIDADES',0.0000,'','Alambre de bajada c/autop.2 x 0.61',121.2000,25.4520,146.6520,'','',0,0,0,1,21.0000,121.2000),
 (490,691,'0101001',0,0,2.0000,'UNIDADES',0.0000,'','Alambre de bajada c/autop.2 x 0.61',121.2000,50.9040,293.3040,'','',0,0,0,1,21.0000,242.4000),
 (491,692,'0101001',0,0,1.0000,'UNIDADES',0.0000,'','Alambre de bajada c/autop.2 x 0.61',121.2000,25.4520,146.6520,'','',0,0,0,1,21.0000,121.2000),
 (491,693,'0101001',0,0,2.0000,'UNIDADES',0.0000,'','Alambre de bajada c/autop.2 x 0.61',121.2000,50.9040,293.3040,'','',0,0,0,1,21.0000,242.4000),
 (491,694,'0101002',0,0,1.0000,'UNIDADES',0.0000,'','Alambre de bajada PVC 2 x 0.81',132.6000,27.8460,160.4460,'','',0,0,0,1,21.0000,132.6000),
 (492,695,'0101001',0,0,1.0000,'UNIDADES',0.0000,'','Alambre de bajada c/autop.2 x 0.61',121.2000,25.4520,146.6520,'','',0,0,0,1,21.0000,121.2000),
 (492,696,'0101001',0,0,2.0000,'UNIDADES',0.0000,'','Alambre de bajada c/autop.2 x 0.61',121.2000,50.9040,293.3040,'','',0,0,0,1,21.0000,242.4000),
 (493,697,'0101001',0,0,1.0000,'UNIDADES',0.0000,'','Alambre de bajada c/autop.2 x 0.61',121.2000,25.4520,146.6520,'','',0,0,0,1,21.0000,121.2000),
 (493,698,'0101001',0,0,2.0000,'UNIDADES',0.0000,'','Alambre de bajada c/autop.2 x 0.61',121.2000,50.9040,293.3040,'','',0,0,0,1,21.0000,242.4000),
 (493,699,'0101002',0,0,3.0000,'UNIDADES',0.0000,'','Alambre de bajada PVC 2 x 0.81',132.6000,83.5380,481.3380,'','',0,0,0,1,21.0000,397.8000),
 (494,700,'0101001',0,0,1.0000,'UNIDADES',0.0000,'','Alambre de bajada c/autop.2 x 0.61',121.2000,25.4520,146.6520,'','',0,0,0,1,21.0000,121.2000),
 (494,701,'0101002',0,0,2.0000,'UNIDADES',0.0000,'','Alambre de bajada PVC 2 x 0.81',132.6000,55.6920,320.8920,'','',0,0,0,1,21.0000,265.2000),
 (494,702,'0101001',0,0,2.0000,'UNIDADES',0.0000,'','Alambre de bajada c/autop.2 x 0.61',121.2000,50.9040,293.3040,'','',0,0,0,1,21.0000,242.4000),
 (495,703,'0101001',0,0,1.0000,'UNIDADES',0.0000,'','Alambre de bajada c/autop.2 x 0.61',121.2000,25.4520,146.6520,'','',0,0,0,1,21.0000,121.2000),
 (496,704,'0101001',0,0,1.0000,'UNIDADES',0.0000,'','Alambre de bajada c/autop.2 x 0.61',121.2000,25.4520,146.6520,'','',0,0,0,1,21.0000,121.2000),
 (497,705,'0101001',0,0,10.0000,'UNIDADES',0.0000,'','Alambre de bajada c/autop.2 x 0.61',121.2000,254.5200,1466.5200,'','',0,0,0,1,21.0000,1212.0000),
 (498,706,'0000002',0,0,1.0000,'PESOS',0.0000,'','ND por interés tarjeta',100.0000,21.0000,121.0000,'','',0,0,0,1,21.0000,100.0000),
 (499,707,'0101001',0,0,5.0000,'UNIDADES',0.0000,'','Alambre de bajada c/autop.2 x 0.61',121.2000,127.2600,733.2600,'','',0,0,0,1,21.0000,606.0000),
 (500,708,'0101001',0,0,1.0000,'UNIDADES',0.0000,'','Alambre de bajada c/autop.2 x 0.61',121.2000,25.4520,146.6520,'','',0,0,0,1,21.0000,121.2000),
 (501,709,'0000003',0,0,100.0000,'PESOS',0.0000,'','Descuentos',-1.3000,-27.3000,-157.3000,'','',0,0,0,1,21.0000,-130.0000),
 (502,710,'0000003',0,0,1.0000,'PESOS',0.0000,'','descuentosss',121.2000,25.4520,146.6520,'','',0,0,0,1,21.0000,121.2000),
 (503,711,'0000003',0,0,10.0000,'PESOS',0.0000,'','descuento por que SI',-1.3000,-2.7300,-15.7300,'','',0,0,0,1,21.0000,-13.0000),
 (504,712,'0101002',0,0,20.0000,'UNIDADES',0.0000,'','Alambre de bajada PVC 2 x 0.81',132.6000,556.9200,3208.9199,'','',0,0,0,1,21.0000,2652.0000),
 (505,713,'0101001',0,0,2.0000,'UNIDADES',0.0000,'','Alambre de bajada c/autop.2 x 0.61',121.2000,50.9040,293.3040,'','',0,0,0,1,21.0000,242.4000),
 (506,714,'0101001',0,0,2.0000,'UNIDADES',0.0000,'','Alambre de bajada c/autop.2 x 0.61',121.2000,50.9040,293.3040,'','',0,0,0,1,21.0000,242.4000),
 (509,715,'0101001',0,0,10.0000,'UNIDADES',0.0000,'','Alambre de bajada c/autop.2 x 0.61',121.2000,254.5200,1466.5200,'','',0,0,0,1,21.0000,1212.0000),
 (509,716,'0000001',0,0,1.0000,'pesos',1.0000,'','Interés por financiación',115.6942,24.2958,139.9900,'','',0,0,0,1,21.0000,115.6942),
 (510,717,'0101001',0,0,10.0000,'UNIDADES',0.0000,'','Alambre de bajada c/autop.2 x 0.61',121.2000,254.5200,1466.5200,'','',0,0,0,1,21.0000,1212.0000),
 (510,718,'0000001',0,0,1.0000,'pesos',1.0000,'','Interés por financiación',115.7025,24.2975,140.0000,'','',0,0,0,1,21.0000,115.7025),
 (511,719,'0101001',0,0,10.0000,'UNIDADES',0.0000,'','Alambre de bajada c/autop.2 x 0.61',121.2000,254.5200,1466.5200,'','',0,0,0,1,21.0000,1212.0000),
 (511,720,'0000001',0,0,1.0000,'pesos',1.0000,'','Interés por financiación',115.6942,24.2958,139.9900,'','',0,0,0,1,21.0000,115.6942),
 (517,721,'0101001',0,0,1.0000,'UNIDADES',0.0000,'','Alambre de bajada c/autop.2 x 0.61',121.2000,25.4520,146.6520,'','',0,0,0,1,21.0000,121.2000),
 (518,722,'0101001',0,0,10.0000,'UNIDADES',0.0000,'','Alambre de bajada c/autop.2 x 0.61',121.2000,254.5200,1466.5200,'','',0,0,0,1,21.0000,1212.0000),
 (519,723,'0101001',0,0,5.0000,'UNIDADES',0.0000,'','Alambre de bajada c/autop.2 x 0.61',121.2000,127.2600,733.2600,'','',0,0,0,1,21.0000,606.0000),
 (520,724,'0000001',0,0,1.0000,'PESOS',0.0000,'','Interés por financiación',100.0000,21.0000,121.0000,'','',0,0,0,1,21.0000,100.0000),
 (521,725,'0101001',0,0,10.0000,'UNIDADES',0.0000,'','Alambre de bajada c/autop.2 x 0.61',121.2000,254.5200,1466.5200,'','',0,0,0,1,21.0000,1212.0000),
 (522,726,'0000003',0,0,1.0000,'PESOS',0.0000,'','Descuentos',-1.3000,-0.2730,-1.5730,'','',0,0,0,1,21.0000,-1.3000),
 (522,727,'0101001',0,0,1.0000,'UNIDADES',0.0000,'','Alambre de bajada c/autop.2 x 0.61',121.2000,25.4520,146.6520,'','',0,0,0,1,21.0000,121.2000),
 (523,728,'0101001',0,0,5.0000,'UNIDADES',0.0000,'','Alambre de bajada c/autop.2 x 0.61',121.2000,127.2600,733.2600,'','',0,0,0,1,21.0000,606.0000),
 (524,729,'0101001',0,0,5.0000,'UNIDADES',0.0000,'','Alambre de bajada c/autop.2 x 0.61',121.2000,127.2600,733.2600,'','',0,0,0,1,21.0000,606.0000),
 (525,730,'0101001',0,0,5.0000,'UNIDADES',0.0000,'','Alambre de bajada c/autop.2 x 0.61',121.2000,127.2600,733.2600,'','',0,0,0,1,21.0000,606.0000),
 (526,731,'0101001',0,0,5.0000,'UNIDADES',0.0000,'','Alambre de bajada c/autop.2 x 0.61',121.2000,127.2600,733.2600,'','',0,0,0,1,21.0000,606.0000),
 (527,732,'0101001',0,0,5.0000,'UNIDADES',0.0000,'','Alambre de bajada c/autop.2 x 0.61',121.2000,127.2600,733.2600,'','',0,0,0,1,21.0000,606.0000),
 (528,733,'0101001',0,0,5.0000,'UNIDADES',0.0000,'','Alambre de bajada c/autop.2 x 0.61',121.2000,127.2600,733.2600,'','',0,0,0,1,21.0000,606.0000),
 (528,734,'0000001',0,0,1.0000,'pesos',1.0000,'','Interés por financiación',57.8347,12.1453,69.9800,'','',0,0,0,1,21.0000,57.8347),
 (530,735,'0101001',0,0,5.0000,'UNIDADES',0.0000,'','Alambre de bajada c/autop.2 x 0.61',121.2000,127.2600,733.2600,'','',0,0,0,1,21.0000,606.0000),
 (530,736,'0000001',0,0,1.0000,'pesos',1.0000,'','Interés por financiación',57.8347,12.1453,69.9800,'','',0,0,0,1,21.0000,57.8347),
 (531,737,'0101001',0,0,10.0000,'UNIDADES',0.0000,'','Alambre de bajada c/autop.2 x 0.61',121.2000,254.5200,1466.5200,'','',0,0,0,1,21.0000,1212.0000),
 (532,738,'0101001',0,0,5.0000,'UNIDADES',0.0000,'','Alambre de bajada c/autop.2 x 0.61',121.2000,127.2600,733.2600,'','',0,0,0,1,21.0000,606.0000),
 (532,739,'0000001',0,0,1.0000,'pesos',1.0000,'','Interés por financiación',115.7025,24.2975,140.0000,'','',0,0,0,1,21.0000,115.7025),
 (533,740,'0101001',0,0,5.0000,'UNIDADES',0.0000,'','Alambre de bajada c/autop.2 x 0.61',121.2000,127.2600,733.2600,'','',0,0,0,1,21.0000,606.0000),
 (534,741,'0101001',0,0,5.0000,'UNIDADES',0.0000,'','Alambre de bajada c/autop.2 x 0.61',121.2000,127.2600,733.2600,'','',0,0,0,1,21.0000,606.0000),
 (535,742,'0101001',0,0,5.0000,'UNIDADES',0.0000,'','Alambre de bajada c/autop.2 x 0.61',121.2000,127.2600,733.2600,'','',0,0,0,1,21.0000,606.0000),
 (535,743,'0000001',0,0,1.0000,'pesos',1.0000,'','Interés por financiación',57.8347,12.1453,69.9800,'','',0,0,0,1,21.0000,57.8347),
 (536,744,'0101001',0,0,5.0000,'UNIDADES',0.0000,'','Alambre de bajada c/autop.2 x 0.61',121.2000,127.2600,733.2600,'','',0,0,0,1,21.0000,606.0000),
 (536,745,'0000001',0,0,1.0000,'pesos',1.0000,'','Interés por financiación',57.8347,12.1453,69.9800,'','',0,0,0,1,21.0000,57.8347),
 (537,746,'0101001',0,0,5.0000,'UNIDADES',0.0000,'','Alambre de bajada c/autop.2 x 0.61',121.2000,127.2600,733.2600,'','',0,0,0,1,21.0000,606.0000),
 (538,747,'0101001',0,0,1.0000,'UNIDADES',0.0000,'','Alambre de bajada c/autop.2 x 0.61',121.2000,25.4520,146.6520,'','',0,0,0,1,21.0000,121.2000),
 (539,748,'0101001',0,0,5.0000,'UNIDADES',0.0000,'','Alambre de bajada c/autop.2 x 0.61',121.2000,127.2600,733.2600,'','',0,0,0,1,21.0000,606.0000),
 (540,749,'0101001',0,0,5.0000,'UNIDADES',0.0000,'','Alambre de bajada c/autop.2 x 0.61',121.2000,127.2600,733.2600,'','',0,0,0,1,21.0000,606.0000),
 (540,750,'0000001',0,0,1.0000,'pesos',1.0000,'','Interés por financiación',57.8347,12.1453,69.9800,'','',0,0,0,1,21.0000,57.8347),
 (541,751,'0101001',0,0,5.0000,'UNIDADES',0.0000,'','Alambre de bajada c/autop.2 x 0.61',121.2000,127.2600,733.2600,'','',0,0,0,1,21.0000,606.0000),
 (542,752,'0101001',0,0,4.0000,'UNIDADES',0.0000,'','Alambre de bajada c/autop.2 x 0.61',121.2000,101.8080,586.6080,'','',0,0,0,1,21.0000,484.8000),
 (543,753,'0101001',0,0,5.0000,'UNIDADES',0.0000,'','Alambre de bajada c/autop.2 x 0.61',121.2000,127.2600,733.2600,'','',0,0,0,1,21.0000,606.0000),
 (543,754,'0000001',0,0,1.0000,'pesos',1.0000,'','Interés por financiación',115.7025,24.2975,140.0000,'','',0,0,0,1,21.0000,115.7025),
 (544,755,'0101002',0,0,5.0000,'UNIDADES',0.0000,'','Alambre de bajada PVC 2 x 0.81',132.6000,139.2300,802.2300,'','',0,0,0,1,21.0000,663.0000),
 (544,756,'0000001',0,0,1.0000,'pesos',1.0000,'','Interés por financiación',61.9835,13.0165,75.0000,'','',0,0,0,1,21.0000,61.9835),
 (545,757,'0000003',0,0,5.0000,'PESOS',0.0000,'','Descuentos',1.2000,1.2600,7.2600,'','',0,0,0,1,21.0000,6.0000),
 (546,758,'0101001',0,0,5.0000,'UNIDADES',0.0000,'','Alambre de bajada c/autop.2 x 0.61',121.2000,127.2600,733.2600,'','',0,0,0,1,21.0000,606.0000),
 (547,759,'0101001',0,0,5.0000,'UNIDADES',0.0000,'','Alambre de bajada c/autop.2 x 0.61',121.2000,127.2600,733.2600,'','',0,0,0,1,21.0000,606.0000),
 (547,760,'0000001',0,0,1.0000,'pesos',1.0000,'','Interés por financiación',57.8347,12.1453,69.9800,'','',0,0,0,1,21.0000,57.8347),
 (548,761,'0101001',0,0,10.0000,'UNIDADES',0.0000,'','Alambre de bajada c/autop.2 x 0.61',121.2000,254.5200,1466.5200,'','',0,0,0,1,21.0000,1212.0000),
 (549,762,'0101001',0,0,5.0000,'UNIDADES',0.0000,'','Alambre de bajada c/autop.2 x 0.61',121.2000,127.2600,733.2600,'','',0,0,0,1,21.0000,606.0000),
 (549,763,'0000001',0,0,1.0000,'pesos',1.0000,'','Interés por financiación',57.8347,12.1453,69.9800,'','',0,0,0,1,21.0000,57.8347),
 (550,764,'0101001',0,0,5.0000,'UNIDADES',0.0000,'','Alambre de bajada c/autop.2 x 0.61',121.2000,127.2600,733.2600,'','',0,0,0,1,21.0000,606.0000),
 (550,765,'0000001',0,0,1.0000,'pesos',1.0000,'','Interés por financiación',115.7025,24.2975,140.0000,'','',0,0,0,1,21.0000,115.7025),
 (551,766,'0101001',0,0,10.0000,'UNIDADES',0.0000,'','Alambre de bajada c/autop.2 x 0.61',121.2000,254.5200,1466.5200,'','',0,0,0,1,21.0000,1212.0000),
 (551,767,'0000001',0,0,1.0000,'pesos',1.0000,'','Interés por financiación',231.4050,48.5950,280.0000,'','',0,0,0,1,21.0000,231.4050),
 (552,768,'0101001',0,0,10.0000,'UNIDADES',0.0000,'','Alambre de bajada c/autop.2 x 0.61',121.2000,254.5200,1466.5200,'','',0,0,0,1,21.0000,1212.0000),
 (552,769,'0000001',0,0,1.0000,'pesos',1.0000,'','Interés por financiación',239.0942,50.2098,289.3040,'','',0,0,0,1,21.0000,239.0942),
 (553,770,'0101001',0,0,5.0000,'UNIDADES',0.0000,'','Alambre de bajada c/autop.2 x 0.61',121.2000,127.2600,733.2600,'','',0,0,0,1,21.0000,606.0000),
 (554,771,'0101001',0,0,10.0000,'UNIDADES',0.0000,'','Alambre de bajada c/autop.2 x 0.61',121.2000,254.5200,1466.5200,'','',0,0,0,1,21.0000,1212.0000),
 (554,772,'0000001',0,0,1.0000,'pesos',1.0000,'','Interés por financiación',231.4909,48.6131,280.1040,'','',0,0,0,1,21.0000,231.4909),
 (555,773,'0101002',0,0,5.0000,'UNIDADES',0.0000,'','Alambre de bajada PVC 2 x 0.81',132.6000,139.2300,802.2300,'','',0,0,0,1,21.0000,663.0000),
 (555,774,'0000001',0,0,1.0000,'pesos',1.0000,'','Interés por financiación',132.2314,27.7686,160.0000,'','',0,0,0,1,21.0000,132.2314),
 (556,775,'0101001',0,0,5.0000,'UNIDADES',0.0000,'','Alambre de bajada c/autop.2 x 0.61',121.2000,127.2600,733.2600,'','',0,0,0,1,21.0000,606.0000),
 (556,776,'0000001',0,0,1.0000,'pesos',1.0000,'','Interés por financiación',115.7025,24.2975,140.0000,'','',0,0,0,1,21.0000,115.7025),
 (557,777,'0101001',0,0,5.0000,'UNIDADES',0.0000,'','Alambre de bajada c/autop.2 x 0.61',121.2000,127.2600,733.2600,'','',0,0,0,1,21.0000,606.0000),
 (557,778,'0000001',0,0,1.0000,'pesos',1.0000,'','Interés por financiación',117.3983,24.6536,142.0519,'','',0,0,0,1,21.0000,117.3983),
 (558,779,'0101001',0,0,5.0000,'UNIDADES',0.0000,'','Alambre de bajada c/autop.2 x 0.61',121.2000,127.2600,733.2600,'','',0,0,0,1,21.0000,606.0000),
 (558,780,'0000001',0,0,1.0000,'pesos',1.0000,'','Interés por financiación',115.7455,24.3066,140.0521,'','',0,0,0,1,21.0000,115.7455),
 (559,781,'0101001',0,0,10.0000,'UNIDADES',0.0000,'','Alambre de bajada c/autop.2 x 0.61',121.2000,254.5200,1466.5200,'','',0,0,0,1,21.0000,1212.0000),
 (560,782,'0101001',0,0,10.0000,'UNIDADES',0.0000,'','Alambre de bajada c/autop.2 x 0.61',121.2000,254.5200,1466.5200,'','',0,0,0,1,21.0000,1212.0000),
 (560,783,'0000001',0,0,1.0000,'pesos',1.0000,'','Interés por financiación',225.8711,47.4329,273.3040,'','',0,0,0,1,21.0000,225.8711),
 (561,784,'0101001',0,0,10.0000,'UNIDADES',0.0000,'','Alambre de bajada c/autop.2 x 0.61',121.2000,254.5200,1466.5200,'','',0,0,0,1,21.0000,1212.0000),
 (561,785,'0000001',0,0,1.0000,'pesos',1.0000,'','Interés por financiación',231.4909,48.6131,280.1040,'','',0,0,0,1,21.0000,231.4909),
 (562,786,'0101001',0,0,5.0000,'UNIDADES',0.0000,'','Alambre de bajada c/autop.2 x 0.61',121.2000,127.2600,733.2600,'','',0,0,0,1,21.0000,606.0000),
 (562,787,'0000001',0,0,1.0000,'pesos',1.0000,'','Interés por financiación',115.7025,24.2975,140.0000,'','',0,0,0,1,21.0000,115.7025),
 (563,788,'0101001',0,0,10.0000,'UNIDADES',0.0000,'','Alambre de bajada c/autop.2 x 0.61',121.2000,254.5200,1466.5200,'','',0,0,0,1,21.0000,1212.0000),
 (564,789,'0101001',0,0,5.0000,'UNIDADES',0.0000,'','Alambre de bajada c/autop.2 x 0.61',121.2000,127.2600,733.2600,'','',0,0,0,1,21.0000,606.0000),
 (564,790,'0000001',0,0,1.0000,'pesos',1.0000,'','Interés por financiación',107.9769,22.6751,130.6520,'','',0,0,0,1,21.0000,107.9769),
 (565,791,'0101001',0,0,5.0000,'UNIDADES',0.0000,'','Alambre de bajada c/autop.2 x 0.61',121.2000,127.2600,733.2600,'','',0,0,0,1,21.0000,606.0000),
 (565,792,'0000001',0,0,1.0000,'pesos',1.0000,'','Interés por financiación',107.9769,22.6751,130.6520,'','',0,0,0,1,21.0000,107.9769),
 (566,793,'0101001',0,0,5.0000,'UNIDADES',0.0000,'','Alambre de bajada c/autop.2 x 0.61',121.2000,127.2600,733.2600,'','',0,0,0,1,21.0000,606.0000),
 (567,794,'0101001',0,0,5.0000,'UNIDADES',0.0000,'','Alambre de bajada c/autop.2 x 0.61',121.2000,127.2600,733.2600,'','',0,0,0,1,21.0000,606.0000),
 (568,795,'0101001',0,0,2.0000,'UNIDADES',0.0000,'','Alambre de bajada c/autop.2 x 0.61',121.2000,50.9040,293.3040,'','',0,0,0,1,21.0000,242.4000),
 (569,796,'0101001',0,0,2.0000,'UNIDADES',0.0000,'','Alambre de bajada c/autop.2 x 0.61',121.2000,50.9040,293.3040,'','',0,0,0,1,21.0000,242.4000),
 (570,797,'0101001',0,0,2.0000,'UNIDADES',0.0000,'','Alambre de bajada c/autop.2 x 0.61',121.2000,50.9040,293.3040,'','',0,0,0,1,21.0000,242.4000),
 (571,798,'0101001',0,0,3.0000,'UNIDADES',0.0000,'','Alambre de bajada c/autop.2 x 0.61',121.2000,76.3560,439.9560,'','',0,0,0,1,21.0000,363.6000),
 (572,799,'0101001',0,0,2.0000,'UNIDADES',0.0000,'','Alambre de bajada c/autop.2 x 0.61',121.2000,50.9040,293.3040,'','',0,0,0,1,21.0000,242.4000),
 (573,800,'0101001',0,0,2.0000,'UNIDADES',0.0000,'','Alambre de bajada c/autop.2 x 0.61',121.2000,50.9040,293.3040,'','',0,0,0,1,21.0000,242.4000),
 (574,801,'0101001',0,0,1.0000,'UNIDADES',0.0000,'','Alambre de bajada c/autop.2 x 0.61',121.2000,25.4520,146.6520,'','',0,0,0,1,21.0000,121.2000),
 (575,802,'0101001',0,0,2.0000,'UNIDADES',0.0000,'','Alambre de bajada c/autop.2 x 0.61',121.2000,50.9040,293.3040,'','',0,0,0,1,21.0000,242.4000),
 (576,803,'0101001',0,0,2.0000,'UNIDADES',0.0000,'','Alambre de bajada c/autop.2 x 0.61',121.2000,50.9040,293.3040,'','',0,0,0,1,21.0000,242.4000),
 (577,804,'0101001',0,0,2.0000,'UNIDADES',0.0000,'','Alambre de bajada c/autop.2 x 0.61',121.2000,50.9040,293.3040,'','',0,0,0,1,21.0000,242.4000),
 (578,805,'0101001',0,0,2.0000,'UNIDADES',0.0000,'','Alambre de bajada c/autop.2 x 0.61',121.2000,50.9040,293.3040,'','',0,0,0,1,21.0000,242.4000),
 (579,806,'0101001',0,0,2.0000,'UNIDADES',0.0000,'','Alambre de bajada c/autop.2 x 0.61',121.2000,50.9040,293.3040,'','',0,0,0,1,21.0000,242.4000),
 (580,807,'0101001',0,0,2.0000,'UNIDADES',0.0000,'','Alambre de bajada c/autop.2 x 0.61',121.2000,50.9040,293.3040,'','',0,0,0,1,21.0000,242.4000),
 (581,808,'0101001',0,0,2.0000,'UNIDADES',0.0000,'','Alambre de bajada c/autop.2 x 0.61',121.2000,50.9040,293.3040,'','',0,0,0,1,21.0000,242.4000),
 (582,809,'0101001',0,0,2.0000,'UNIDADES',0.0000,'','Alambre de bajada c/autop.2 x 0.61',121.2000,50.9040,293.3040,'','',0,0,0,1,21.0000,242.4000),
 (583,810,'0101001',0,0,5.0000,'UNIDADES',0.0000,'','Alambre de bajada c/autop.2 x 0.61',121.2000,127.2600,733.2600,'','',0,0,0,1,21.0000,606.0000),
 (583,811,'0000001',0,0,1.0000,'pesos',1.0000,'','Interés por financiación',57.8512,12.1488,70.0000,'','',0,0,0,1,21.0000,57.8512),
 (584,812,'0101001',0,0,3.0000,'UNIDADES',0.0000,'','Alambre de bajada c/autop.2 x 0.61',121.2000,76.3560,439.9560,'','',0,0,0,1,21.0000,363.6000),
 (585,813,'0101001',0,0,2.0000,'UNIDADES',0.0000,'','Alambre de bajada c/autop.2 x 0.61',121.2000,50.9040,293.3040,'','',0,0,0,1,21.0000,242.4000),
 (586,814,'0101001',0,0,1.0000,'UNIDADES',0.0000,'','Alambre de bajada c/autop.2 x 0.61',121.2000,25.4520,146.6520,'','',0,0,0,1,21.0000,121.2000),
 (586,815,'0000001',0,0,1.0000,'pesos',1.0000,'','Interés por financiación',8.2628,1.7352,9.9980,'','',0,0,0,1,21.0000,8.2628),
 (587,816,'0101001',0,0,2.0000,'UNIDADES',0.0000,'','Alambre de bajada c/autop.2 x 0.61',121.2000,50.9040,293.3040,'','',0,0,0,1,21.0000,242.4000),
 (587,817,'0000001',0,0,1.0000,'pesos',1.0000,'','Interés por financiación',16.5256,3.4704,19.9960,'','',0,0,0,1,21.0000,16.5256),
 (588,818,'0101001',0,0,2.0000,'UNIDADES',0.0000,'','Alambre de bajada c/autop.2 x 0.61',121.2000,50.9040,293.3040,'','',0,0,0,1,21.0000,242.4000),
 (589,819,'0101001',0,0,10.0000,'UNIDADES',0.0000,'','Alambre de bajada c/autop.2 x 0.61',121.2000,254.5200,1466.5200,'','',0,0,0,1,21.0000,1212.0000),
 (590,820,'0101001',0,0,2.0000,'UNIDADES',0.0000,'','Alambre de bajada c/autop.2 x 0.61',121.2000,50.9040,293.3040,'','',0,0,0,1,21.0000,242.4000),
 (590,821,'0000001',0,0,1.0000,'pesos',1.0000,'','Interés por financiación',16.5174,3.4687,19.9861,'','',0,0,0,1,21.0000,16.5174),
 (591,822,'0101001',0,0,10.0000,'UNIDADES',0.0000,'','Alambre de bajada c/autop.2 x 0.61',121.2000,0.0000,1212.0000,'','',0,0,0,0,0.0000,1212.0000),
 (591,823,'0101001',0,0,10.0000,'UNIDADES',0.0000,'','Alambre de bajada c/autop.2 x 0.61',121.2000,254.5200,1466.5200,'','',0,0,0,0,0.0000,1212.0000),
 (592,824,'0101001',0,0,10.0000,'UNIDADES',0.0000,'','Alambre de bajada c/autop.2 x 0.61',121.2000,0.0000,1212.0000,'','',0,0,0,0,0.0000,1212.0000),
 (592,825,'0101001',0,0,10.0000,'UNIDADES',0.0000,'','Alambre de bajada c/autop.2 x 0.61',121.2000,254.5200,1466.5200,'','',0,0,0,0,0.0000,1212.0000),
 (593,826,'0101001',0,0,1.0000,'UNIDADES',0.0000,'','Alambre de bajada c/autop.2 x 0.61',121.2000,25.4520,146.6520,'','',0,0,0,1,21.0000,121.2000),
 (594,827,'0101001',0,0,5.0000,'UNIDADES',0.0000,'','Alambre de bajada c/autop.2 x 0.61',121.2000,127.2600,733.2600,'','',0,0,0,1,21.0000,606.0000),
 (595,828,'0101001',0,0,2.0000,'UNIDADES',0.0000,'','Alambre de bajada c/autop.2 x 0.61',121.2000,50.9040,293.3040,'','',0,0,0,1,21.0000,242.4000),
 (596,829,'0101001',0,0,2.0000,'UNIDADES',0.0000,'','Alambre de bajada c/autop.2 x 0.61',121.2000,50.9040,293.3040,'','',0,0,0,1,21.0000,242.4000),
 (597,830,'0101001',0,0,2.0000,'UNIDADES',0.0000,'','Alambre de bajada c/autop.2 x 0.61',121.2000,50.9040,293.3040,'','',0,0,0,1,21.0000,242.4000),
 (598,831,'0101001',0,0,2.0000,'UNIDADES',0.0000,'','Alambre de bajada c/autop.2 x 0.61',121.2000,50.9040,293.3040,'','',0,0,0,1,21.0000,242.4000),
 (599,832,'0101001',0,0,10.0000,'UNIDADES',0.0000,'','Alambre de bajada c/autop.2 x 0.61',121.2000,254.5200,1466.5200,'','',0,0,0,1,21.0000,1212.0000),
 (600,833,'0101001',0,0,20.0000,'UNIDADES',0.0000,'','Alambre de bajada c/autop.2 x 0.61',121.2000,509.0400,2933.0400,'','',0,0,0,1,21.0000,2424.0000),
 (600,834,'0000001',0,0,1.0000,'pesos',1.0000,'','Interés por financiación',-0.0165,-0.0035,-0.0200,'','',0,0,0,1,21.0000,-0.0165),
 (601,835,'0101001',0,0,200.0000,'UNIDADES',0.0000,'','Alambre de bajada c/autop.2 x 0.61',121.2000,5090.3999,29330.4004,'','',0,0,0,1,21.0000,24240.0000),
 (601,836,'0000001',0,0,1.0000,'pesos',1.0000,'','Interés por financiación',-0.0165,-0.0035,-0.0200,'','',0,0,0,1,21.0000,-0.0165),
 (602,837,'0101001',0,0,20.0000,'UNIDADES',0.0000,'','Alambre de bajada c/autop.2 x 0.61',121.2000,509.0400,2933.0400,'','',0,0,0,1,21.0000,2424.0000),
 (602,838,'0000001',0,0,1.0000,'pesos',1.0000,'','Interés por financiación',-0.0165,-0.0035,-0.0200,'','',0,0,0,1,21.0000,-0.0165),
 (603,839,'0101001',0,0,5.0000,'UNIDADES',0.0000,'','Alambre de bajada c/autop.2 x 0.61',121.2000,127.2600,733.2600,'','',0,0,0,1,21.0000,606.0000),
 (604,840,'0101001',0,0,5.0000,'UNIDADES',0.0000,'','Alambre de bajada c/autop.2 x 0.61',121.2000,127.2600,733.2600,'','',0,0,0,1,21.0000,606.0000),
 (605,841,'0101001',0,0,20.0000,'UNIDADES',0.0000,'','Alambre de bajada c/autop.2 x 0.61',121.2000,509.0400,2933.0400,'','',0,0,0,1,21.0000,2424.0000),
 (606,842,'0101001',0,0,5.0000,'UNIDADES',0.0000,'','Alambre de bajada c/autop.2 x 0.61',121.2000,127.2600,733.2600,'','',0,0,0,1,21.0000,606.0000),
 (607,843,'0101001',0,0,50.0000,'UNIDADES',0.0000,'','Alambre de bajada c/autop.2 x 0.61',121.2000,1272.6000,7332.6001,'','',0,0,0,1,21.0000,6060.0000),
 (608,844,'0101001',0,0,5.0000,'UNIDADES',0.0000,'','Alambre de bajada c/autop.2 x 0.61',121.2000,127.2600,733.2600,'','',0,0,0,1,21.0000,606.0000),
 (609,845,'0101001',0,0,5.0000,'UNIDADES',0.0000,'','Alambre de bajada c/autop.2 x 0.61',121.2000,127.2600,733.2600,'','',0,0,0,1,21.0000,606.0000),
 (610,846,'0101001',0,0,20.0000,'UNIDADES',0.0000,'','Alambre de bajada c/autop.2 x 0.61',121.2000,509.0400,2933.0400,'','',0,0,0,1,21.0000,2424.0000),
 (611,847,'0101001',0,0,5.0000,'UNIDADES',0.0000,'','Alambre de bajada c/autop.2 x 0.61',121.2000,127.2600,733.2600,'','',0,0,0,1,21.0000,606.0000),
 (612,848,'0101001',0,0,5.0000,'UNIDADES',0.0000,'','Alambre de bajada c/autop.2 x 0.61',121.2000,127.2600,733.2600,'','',0,0,0,1,21.0000,606.0000),
 (613,849,'0101002',0,0,5.0000,'UNIDADES',0.0000,'','Alambre de bajada PVC 2 x 0.81',132.6000,139.2300,802.2300,'','',0,0,0,1,21.0000,663.0000),
 (615,851,'0101001',0,0,5.0000,'UNIDADES',0.0000,'','Alambre de bajada c/autop.2 x 0.61',121.2000,127.2600,733.2600,'','',0,0,0,1,21.0000,606.0000),
 (616,852,'0101001',0,0,5.0000,'UNIDADES',0.0000,'','Alambre de bajada c/autop.2 x 0.61',121.2000,127.2600,733.2600,'','',0,0,0,1,21.0000,606.0000),
 (617,853,'0101001',0,0,5.0000,'UNIDADES',0.0000,'','Alambre de bajada c/autop.2 x 0.61',121.2000,127.2600,733.2600,'','',0,0,0,1,21.0000,606.0000),
 (617,854,'0000001',0,0,1.0000,'pesos',1.0000,'','Interés por financiación',-0.0083,-0.0017,-0.0100,'','',0,0,0,1,21.0000,-0.0083),
 (618,855,'0101001',0,0,2.0000,'UNIDADES',0.0000,'','Alambre de bajada c/autop.2 x 0.61',121.2000,50.9040,293.3040,'','',0,0,0,1,21.0000,242.4000),
 (619,856,'0101001',0,0,5.0000,'UNIDADES',0.0000,'','Alambre de bajada c/autop.2 x 0.61',121.2000,127.2600,733.2600,'','',0,0,0,1,21.0000,606.0000),
 (620,857,'0101001',0,0,5.0000,'UNIDADES',0.0000,'','Alambre de bajada c/autop.2 x 0.61',121.2000,127.2600,733.2600,'','',0,0,0,1,21.0000,606.0000),
 (621,858,'0101001',0,0,5.0000,'UNIDADES',0.0000,'','Alambre de bajada c/autop.2 x 0.61',121.2000,127.2600,733.2600,'','',0,0,0,1,21.0000,606.0000),
 (622,859,'0101001',0,0,5.0000,'UNIDADES',0.0000,'','Alambre de bajada c/autop.2 x 0.61',121.2000,127.2600,733.2600,'','',0,0,0,1,21.0000,606.0000),
 (623,860,'0101001',0,0,5.0000,'UNIDADES',0.0000,'','Alambre de bajada c/autop.2 x 0.61',121.2000,127.2600,733.2600,'','',0,0,0,1,21.0000,606.0000),
 (624,861,'0101001',0,0,5.0000,'UNIDADES',0.0000,'','Alambre de bajada c/autop.2 x 0.61',121.2000,127.2600,733.2600,'','',0,0,0,1,21.0000,606.0000),
 (624,862,'0000001',0,0,1.0000,'pesos',1.0000,'','Interés por financiación',-0.0083,-0.0017,-0.0100,'','',0,0,0,1,21.0000,-0.0083),
 (625,863,'0101001',0,0,10.0000,'UNIDADES',0.0000,'','Alambre de bajada c/autop.2 x 0.61',121.2000,254.5200,1466.5200,'','',0,0,0,1,21.0000,1212.0000),
 (626,864,'0101001',0,0,4.0000,'UNIDADES',0.0000,'','Alambre de bajada c/autop.2 x 0.61',121.2000,101.8080,586.6080,'','',0,0,0,1,21.0000,484.8000),
 (627,865,'0101001',0,0,10.0000,'UNIDADES',0.0000,'','Alambre de bajada c/autop.2 x 0.61',121.2000,254.5200,1466.5200,'','',0,0,0,1,21.0000,1212.0000),
 (628,866,'0101001',0,0,5.0000,'UNIDADES',0.0000,'','Alambre de bajada c/autop.2 x 0.61',121.2000,127.2600,733.2600,'','',0,0,0,1,21.0000,606.0000),
 (629,867,'0101001',0,0,5.0000,'UNIDADES',0.0000,'','Alambre de bajada c/autop.2 x 0.61',121.2000,127.2600,733.2600,'','',0,0,0,1,21.0000,606.0000),
 (630,868,'0101001',0,0,5.0000,'UNIDADES',0.0000,'','Alambre de bajada c/autop.2 x 0.61',121.2000,127.2600,733.2600,'','',0,0,0,1,21.0000,606.0000),
 (631,869,'0101001',0,0,5.0000,'UNIDADES',0.0000,'','Alambre de bajada c/autop.2 x 0.61',121.2000,127.2600,733.2600,'','',0,0,0,1,21.0000,606.0000),
 (632,870,'0101001',0,0,5.0000,'UNIDADES',0.0000,'','Alambre de bajada c/autop.2 x 0.61',121.2000,127.2600,733.2600,'','',0,0,0,1,21.0000,606.0000),
 (633,871,'0101001',0,0,5.0000,'UNIDADES',0.0000,'','Alambre de bajada c/autop.2 x 0.61',121.2000,127.2600,733.2600,'','',0,0,0,1,21.0000,606.0000),
 (634,872,'0101001',0,0,5.0000,'UNIDADES',0.0000,'','Alambre de bajada c/autop.2 x 0.61',121.2000,127.2600,733.2600,'','',0,0,0,1,21.0000,606.0000),
 (635,873,'0101001',0,0,5.0000,'UNIDADES',0.0000,'','Alambre de bajada c/autop.2 x 0.61',121.2000,127.2600,733.2600,'','',0,0,0,1,21.0000,606.0000),
 (636,874,'0101001',0,0,5.0000,'UNIDADES',0.0000,'','Alambre de bajada c/autop.2 x 0.61',121.2000,127.2600,733.2600,'','',0,0,0,1,21.0000,606.0000),
 (637,875,'0101001',0,0,5.0000,'UNIDADES',0.0000,'','Alambre de bajada c/autop.2 x 0.61',121.2000,127.2600,733.2600,'','',0,0,0,1,21.0000,606.0000),
 (638,876,'0101001',0,0,5.0000,'UNIDADES',0.0000,'','Alambre de bajada c/autop.2 x 0.61',121.2000,127.2600,733.2600,'','',0,0,0,1,21.0000,606.0000),
 (639,877,'0101001',0,0,5.0000,'UNIDADES',0.0000,'','Alambre de bajada c/autop.2 x 0.61',121.2000,127.2600,733.2600,'','',0,0,0,1,21.0000,606.0000),
 (640,878,'0101001',0,0,6.0000,'UNIDADES',0.0000,'','Alambre de bajada c/autop.2 x 0.61',121.2000,152.7120,879.9120,'','',0,0,0,1,21.0000,727.2000),
 (641,879,'0101001',0,0,6.0000,'UNIDADES',0.0000,'','Alambre de bajada c/autop.2 x 0.61',121.2000,152.7120,879.9120,'','',0,0,0,1,21.0000,727.2000),
 (642,880,'0101001',0,0,10.0000,'UNIDADES',0.0000,'','Alambre de bajada c/autop.2 x 0.61',121.2000,254.5200,1466.5200,'','',0,0,0,1,21.0000,1212.0000),
 (643,881,'0101001',0,0,10.0000,'UNIDADES',0.0000,'','Alambre de bajada c/autop.2 x 0.61',121.2000,254.5200,1466.5200,'','',0,0,0,1,21.0000,1212.0000),
 (644,882,'0101001',0,0,2.0000,'UNIDADES',0.0000,'','Alambre de bajada c/autop.2 x 0.61',121.2000,50.9040,293.3040,'','',0,0,0,1,21.0000,242.4000),
 (645,883,'0101001',0,0,5.0000,'UNIDADES',0.0000,'','Alambre de bajada c/autop.2 x 0.61',121.2000,127.2600,733.2600,'','',0,0,0,1,21.0000,606.0000),
 (646,884,'0101001',0,0,20.0000,'UNIDADES',0.0000,'','Alambre de bajada c/autop.2 x 0.61',121.2000,509.0400,2933.0400,'','',0,0,0,1,21.0000,2424.0000),
 (647,885,'0101001',0,0,21.0000,'UNIDADES',0.0000,'','Alambre de bajada c/autop.2 x 0.61',121.2000,534.4920,3079.6919,'','',0,0,0,1,21.0000,2545.2000),
 (648,886,'0101001',0,0,5.0000,'UNIDADES',0.0000,'','Alambre de bajada c/autop.2 x 0.61',121.2000,127.2600,733.2600,'','',0,0,0,1,21.0000,606.0000),
 (649,887,'0101001',0,0,2.0000,'UNIDADES',0.0000,'','Alambre de bajada c/autop.2 x 0.61',121.2000,50.9040,293.3040,'','',0,0,0,1,21.0000,242.4000),
 (650,888,'0101001',0,0,5.0000,'UNIDADES',0.0000,'','Alambre de bajada c/autop.2 x 0.61',121.2000,127.2600,733.2600,'','',0,0,0,1,21.0000,606.0000),
 (651,889,'0101001',0,0,10.0000,'UNIDADES',0.0000,'','Alambre de bajada c/autop.2 x 0.61',121.2000,254.5200,1466.5200,'','',0,0,0,1,21.0000,1212.0000),
 (652,890,'0101001',0,0,1.0000,'UNIDADES',0.0000,'','Alambre de bajada c/autop.2 x 0.61',121.2000,25.4520,146.6520,'','',0,0,0,1,21.0000,121.2000),
 (653,891,'0101001',0,0,3.0000,'UNIDADES',0.0000,'','Alambre de bajada c/autop.2 x 0.61',121.2000,76.3560,439.9560,'','',0,0,0,1,21.0000,363.6000),
 (654,892,'0101001',0,0,4.0000,'UNIDADES',0.0000,'','Alambre de bajada c/autop.2 x 0.61',121.2000,101.8080,586.6080,'','',0,0,0,1,21.0000,484.8000),
 (655,893,'0101001',0,0,5.0000,'UNIDADES',0.0000,'','Alambre de bajada c/autop.2 x 0.61',121.2000,127.2600,733.2600,'','',0,0,0,1,21.0000,606.0000),
 (656,894,'0101001',0,0,1.0000,'UNIDADES',0.0000,'','Alambre de bajada c/autop.2 x 0.61',121.2000,25.4520,146.6520,'','',0,0,0,1,21.0000,121.2000),
 (657,895,'0101001',0,0,2.0000,'UNIDADES',0.0000,'','Alambre de bajada c/autop.2 x 0.61',121.2000,50.9040,293.3040,'','',0,0,0,1,21.0000,242.4000),
 (658,896,'0101001',0,0,2.0000,'UNIDADES',0.0000,'','Alambre de bajada c/autop.2 x 0.61',121.2000,50.9040,293.3040,'','',0,0,0,1,21.0000,242.4000),
 (659,897,'0101001',0,0,2.0000,'UNIDADES',0.0000,'','Alambre de bajada c/autop.2 x 0.61',121.2000,50.9040,293.3040,'','',0,0,0,1,21.0000,242.4000),
 (660,898,'0101001',0,0,5.0000,'UNIDADES',0.0000,'','Alambre de bajada c/autop.2 x 0.61',121.2000,127.2600,733.2600,'','',0,0,0,1,21.0000,606.0000),
 (661,899,'0101001',0,0,5.0000,'UNIDADES',0.0000,'','Alambre de bajada c/autop.2 x 0.61',121.2000,127.2600,733.2600,'','',0,0,0,1,21.0000,606.0000),
 (662,900,'0101001',0,0,5.0000,'UNIDADES',0.0000,'','Alambre de bajada c/autop.2 x 0.61',121.2000,127.2600,733.2600,'','',0,0,0,1,21.0000,606.0000),
 (663,901,'0101001',0,0,2.0000,'UNIDADES',0.0000,'','Alambre de bajada c/autop.2 x 0.61',121.2000,50.9040,293.3040,'','',0,0,0,1,21.0000,242.4000),
 (663,902,'0101002',0,0,6.0000,'UNIDADES',0.0000,'','Alambre de bajada PVC 2 x 0.81',132.6000,167.0760,962.6760,'','',0,0,0,1,21.0000,795.6000),
 (664,903,'0101002',0,0,3.0000,'UNIDADES',0.0000,'','Alambre de bajada PVC 2 x 0.81',132.6000,83.5380,481.3380,'','',0,0,0,1,21.0000,397.8000),
 (664,904,'0101001',0,0,7.0000,'UNIDADES',0.0000,'','Alambre de bajada c/autop.2 x 0.61',121.2000,178.1640,1026.5640,'','',0,0,0,1,21.0000,848.4000),
 (665,905,'0101001',0,0,1.0000,'UNIDADES',0.0000,'','Alambre de bajada c/autop.2 x 0.61',121.2000,25.4520,146.6520,'','',0,0,0,1,21.0000,121.2000),
 (665,906,'0101002',0,0,5.0000,'UNIDADES',0.0000,'','Alambre de bajada PVC 2 x 0.81',132.6000,139.2300,802.2300,'','',0,0,0,1,21.0000,663.0000);
INSERT INTO `detafactu` (`idfactura`,`idfacturah`,`articulo`,`idconcepto`,`servicio`,`cantidad`,`unidad`,`cantidadfc`,`unidadfc`,`detalle`,`unitario`,`impuestos`,`total`,`codigocta`,`nombrecta`,`cuota`,`cantcuotas`,`padron`,`impuesto`,`razonimp`,`neto`) VALUES 
 (666,907,'0101001',0,0,3.0000,'UNIDADES',0.0000,'','Alambre de bajada c/autop.2 x 0.61',121.2000,76.3560,439.9560,'','',0,0,0,1,21.0000,363.6000),
 (666,908,'0101002',0,0,8.0000,'UNIDADES',0.0000,'','Alambre de bajada PVC 2 x 0.81',132.6000,222.7680,1283.5680,'','',0,0,0,1,21.0000,1060.8000),
 (667,909,'0101001',0,0,5.0000,'UNIDADES',0.0000,'','Alambre de bajada c/autop.2 x 0.61',121.2000,127.2600,733.2600,'','',0,0,0,1,21.0000,606.0000),
 (667,910,'0101002',0,0,3.0000,'UNIDADES',0.0000,'','Alambre de bajada PVC 2 x 0.81',132.6000,83.5380,481.3380,'','',0,0,0,1,21.0000,397.8000),
 (668,911,'0101001',0,0,2.0000,'UNIDADES',0.0000,'','Alambre de bajada c/autop.2 x 0.61',121.2000,50.9040,293.3040,'','',0,0,0,1,21.0000,242.4000),
 (669,912,'0101001',0,0,2.0000,'UNIDADES',0.0000,'','Alambre de bajada c/autop.2 x 0.61',121.2000,50.9040,293.3040,'','',0,0,0,1,21.0000,242.4000),
 (669,913,'0101002',0,0,5.0000,'UNIDADES',0.0000,'','Alambre de bajada PVC 2 x 0.81',132.6000,139.2300,802.2300,'','',0,0,0,1,21.0000,663.0000),
 (670,914,'0101001',0,0,5.0000,'UNIDADES',0.0000,'','Alambre de bajada c/autop.2 x 0.61',121.2000,127.2600,733.2600,'','',0,0,0,1,21.0000,606.0000),
 (671,915,'0101001',0,0,2.0000,'UNIDADES',0.0000,'','Alambre de bajada c/autop.2 x 0.61',121.2000,50.9040,293.3040,'','',0,0,0,1,21.0000,242.4000),
 (672,916,'0101001',0,0,5.0000,'UNIDADES',0.0000,'','Alambre de bajada c/autop.2 x 0.61',121.2000,127.2600,733.2600,'','',0,0,0,1,21.0000,606.0000),
 (673,917,'0101001',0,0,1.0000,'UNIDADES',0.0000,'','Alambre de bajada c/autop.2 x 0.61',121.2000,25.4520,146.6520,'','',0,0,0,1,21.0000,121.2000),
 (674,918,'0101001',0,0,5.0000,'UNIDADES',0.0000,'','Alambre de bajada c/autop.2 x 0.61',121.2000,127.2600,733.2600,'','',0,0,0,1,21.0000,606.0000),
 (675,919,'0101001',0,0,3.0000,'UNIDADES',0.0000,'','Alambre de bajada c/autop.2 x 0.61',121.2000,76.3560,439.9560,'','',0,0,0,1,21.0000,363.6000),
 (676,920,'0101001',0,0,7.0000,'UNIDADES',0.0000,'','Alambre de bajada c/autop.2 x 0.61',121.2000,178.1640,1026.5640,'','',0,0,0,1,21.0000,848.4000),
 (677,921,'0101002',0,0,3.0000,'UNIDADES',0.0000,'','Alambre de bajada PVC 2 x 0.81',132.6000,83.5380,481.3380,'','',0,0,0,1,21.0000,397.8000),
 (677,922,'0101001',0,0,8.0000,'UNIDADES',0.0000,'','Alambre de bajada c/autop.2 x 0.61',121.2000,203.6160,1173.2159,'','',0,0,0,1,21.0000,969.6000),
 (678,923,'0101002',0,0,2.0000,'UNIDADES',0.0000,'','Alambre de bajada PVC 2 x 0.81',132.6000,55.6920,320.8920,'','',0,0,0,1,21.0000,265.2000),
 (679,924,'0101001',0,0,2.0000,'UNIDADES',0.0000,'','Alambre de bajada c/autop.2 x 0.61',121.2000,50.9040,293.3040,'','',0,0,0,1,21.0000,242.4000),
 (679,925,'0101002',0,0,7.0000,'UNIDADES',0.0000,'','Alambre de bajada PVC 2 x 0.81',132.6000,194.9220,1123.1219,'','',0,0,0,1,21.0000,928.2000),
 (680,926,'0101001',0,0,2.0000,'UNIDADES',0.0000,'','Alambre de bajada c/autop.2 x 0.61',121.2000,50.9040,293.3040,'','',0,0,0,1,21.0000,242.4000),
 (681,927,'0101001',0,0,3.0000,'UNIDADES',0.0000,'','Alambre de bajada c/autop.2 x 0.61',121.2000,76.3560,439.9560,'','',0,0,0,1,21.0000,363.6000),
 (681,928,'0101002',0,0,9.0000,'UNIDADES',0.0000,'','Alambre de bajada PVC 2 x 0.81',132.6000,250.6140,1444.0140,'','',0,0,0,1,21.0000,1193.4000),
 (681,929,'0000001',0,0,1.0000,'pesos',1.0000,'','Interés por financiación',148.7603,31.2397,180.0000,'','',0,0,0,1,21.0000,148.7603),
 (682,930,'0101001',0,0,2.0000,'UNIDADES',0.0000,'','Alambre de bajada c/autop.2 x 0.61',121.2000,50.9040,293.3040,'','',0,0,0,1,21.0000,242.4000),
 (683,931,'0101001',0,0,3.0000,'UNIDADES',0.0000,'','Alambre de bajada c/autop.2 x 0.61',121.2000,76.3560,439.9560,'','',0,0,0,1,21.0000,363.6000),
 (683,932,'0000001',0,0,1.0000,'pesos',1.0000,'','Interés por financiación',33.0529,6.9411,39.9940,'','',0,0,0,1,21.0000,33.0529),
 (684,933,'0101002',0,0,6.0000,'UNIDADES',0.0000,'','Alambre de bajada PVC 2 x 0.81',132.6000,167.0760,962.6760,'','',0,0,0,1,21.0000,795.6000),
 (684,934,'0000001',0,0,1.0000,'pesos',1.0000,'','Interés por financiación',74.3752,15.6188,89.9940,'','',0,0,0,1,21.0000,74.3752),
 (685,935,'0101001',0,0,5.0000,'UNIDADES',0.0000,'','Alambre de bajada c/autop.2 x 0.61',121.2000,127.2600,733.2600,'','',0,0,0,1,21.0000,606.0000),
 (686,936,'0101001',0,0,2.0000,'UNIDADES',0.0000,'','Alambre de bajada c/autop.2 x 0.61',121.2000,50.9040,293.3040,'','',0,0,0,1,21.0000,242.4000),
 (687,937,'0101001',0,0,5.0000,'UNIDADES',0.0000,'','Alambre de bajada c/autop.2 x 0.61',121.2000,127.2600,733.2600,'','',0,0,0,1,21.0000,606.0000),
 (688,938,'0101001',0,0,7.0000,'UNIDADES',0.0000,'','Alambre de bajada c/autop.2 x 0.61',121.2000,178.1640,1026.5640,'','',0,0,0,1,21.0000,848.4000),
 (689,939,'0101001',0,0,5.0000,'UNIDADES',0.0000,'','Alambre de bajada c/autop.2 x 0.61',121.2000,127.2600,733.2600,'','',0,0,0,1,21.0000,606.0000),
 (689,940,'0000001',0,0,1.0000,'pesos',1.0000,'','Interés por financiación',57.8347,12.1453,69.9800,'','',0,0,0,1,21.0000,57.8347),
 (690,941,'0101001',0,0,5.0000,'UNIDADES',0.0000,'','Alambre de bajada c/autop.2 x 0.61',121.2000,127.2600,733.2600,'','',0,0,0,1,21.0000,606.0000),
 (691,942,'0101001',0,0,1.0000,'UNIDADES',0.0000,'','Alambre de bajada c/autop.2 x 0.61',121.2000,25.4520,146.6520,'','',0,0,0,1,21.0000,121.2000),
 (692,943,'0101001',0,0,5.0000,'UNIDADES',0.0000,'','Alambre de bajada c/autop.2 x 0.61',121.2000,127.2600,733.2600,'','',0,0,0,1,21.0000,606.0000),
 (692,944,'0101002',0,0,2.0000,'UNIDADES',0.0000,'','Alambre de bajada PVC 2 x 0.81',132.6000,55.6920,320.8920,'','',0,0,0,1,21.0000,265.2000),
 (693,945,'0101001',0,0,5.0000,'UNIDADES',0.0000,'','Alambre de bajada c/autop.2 x 0.61',121.2000,127.2600,733.2600,'','',0,0,0,1,21.0000,606.0000),
 (694,946,'0101001',0,0,2.0000,'UNIDADES',0.0000,'','Alambre de bajada c/autop.2 x 0.61',121.2000,50.9040,293.3040,'','',0,0,0,1,21.0000,242.4000),
 (695,947,'0101001',0,0,5.0000,'UNIDADES',0.0000,'','Alambre de bajada c/autop.2 x 0.61',121.2000,127.2600,733.2600,'','',0,0,0,1,21.0000,606.0000),
 (696,948,'0101001',0,0,5.0000,'UNIDADES',0.0000,'','Alambre de bajada c/autop.2 x 0.61',121.2000,127.2600,733.2600,'','',0,0,0,1,21.0000,606.0000),
 (697,949,'0101001',0,0,5.0000,'UNIDADES',0.0000,'','Alambre de bajada c/autop.2 x 0.61',121.2000,127.2600,733.2600,'','',0,0,0,1,21.0000,606.0000),
 (698,950,'0101001',0,0,2.0000,'UNIDADES',0.0000,'','Alambre de bajada c/autop.2 x 0.61',121.2000,50.9040,293.3040,'','',0,0,0,1,21.0000,242.4000),
 (699,951,'0101001',0,0,2.0000,'UNIDADES',0.0000,'','Alambre de bajada c/autop.2 x 0.61',121.2000,0.0000,242.4000,'','',0,0,0,0,0.0000,242.4000),
 (700,952,'0101001',0,0,5.0000,'UNIDADES',0.0000,'','Alambre de bajada c/autop.2 x 0.61',121.2000,127.2600,733.2600,'','',0,0,0,1,21.0000,606.0000),
 (701,953,'0101001',0,0,2.0000,'UNIDADES',0.0000,'','Alambre de bajada c/autop.2 x 0.61',121.2000,50.9040,293.3040,'','',0,0,0,1,21.0000,242.4000),
 (701,954,'0101001',0,0,2.0000,'UNIDADES',0.0000,'','Alambre de bajada c/autop.2 x 0.61',121.2000,50.9040,293.3040,'','',0,0,0,1,21.0000,242.4000),
 (701,955,'0101001',0,0,10.0000,'UNIDADES',0.0000,'','Alambre de bajada c/autop.2 x 0.61',101.0000,212.1000,1222.1000,'','',0,0,0,1,21.0000,1010.0000),
 (701,956,'0101002',0,0,5.0000,'UNIDADES',0.0000,'','Alambre de bajada PVC 2 x 0.81',10.0000,0.0000,50.0000,'','',0,0,0,0,0.0000,50.0000),
 (702,957,'0101001',0,0,5.0000,'UNIDADES',0.0000,'','Alambre de bajada c/autop.2 x 0.61',121.2000,127.2600,733.2600,'','',0,0,0,1,21.0000,606.0000),
 (703,958,'0101001',0,0,2.0000,'UNIDADES',0.0000,'','Alambre de bajada c/autop.2 x 0.61',121.2000,50.9040,293.3040,'','',0,0,0,1,21.0000,242.4000),
 (703,959,'0101002',0,0,5.0000,'UNIDADES',0.0000,'','Alambre de bajada PVC 2 x 0.81',132.6000,139.2300,802.2300,'','',0,0,0,1,21.0000,663.0000),
 (707,960,'0101001',0,0,5.0000,'UNIDADES',0.0000,'','Alambre de bajada c/autop.2 x 0.61',121.2000,127.2600,733.2600,'','',0,0,0,1,21.0000,606.0000),
 (708,961,'0101002',0,0,2.0000,'UNIDADES',0.0000,'','Alambre de bajada PVC 2 x 0.81',132.6000,55.6920,320.8920,'','',0,0,0,1,21.0000,265.2000),
 (709,962,'0101001',0,0,5.0000,'UNIDADES',0.0000,'','Alambre de bajada c/autop.2 x 0.61',121.2000,127.2600,733.2600,'','',0,0,0,1,21.0000,606.0000),
 (710,963,'0101001',0,0,5.0000,'UNIDADES',0.0000,'','Alambre de bajada c/autop.2 x 0.61',121.2000,127.2600,733.2600,'','',0,0,0,1,21.0000,606.0000),
 (711,964,'0101001',0,0,5.0000,'UNIDADES',0.0000,'','Alambre de bajada c/autop.2 x 0.61',121.2000,127.2600,733.2600,'','',0,0,0,1,21.0000,606.0000),
 (711,965,'0101002',0,0,10.0000,'UNIDADES',0.0000,'','Alambre de bajada PVC 2 x 0.81',132.6000,278.4600,1604.4600,'','',0,0,0,1,21.0000,1326.0000),
 (711,966,'0000001',0,0,1.0000,'pesos',1.0000,'','Interés por financiación',165.2893,34.7108,200.0001,'','',0,0,0,1,21.0000,165.2893),
 (712,967,'0101001',0,0,5.0000,'UNIDADES',0.0000,'','Alambre de bajada c/autop.2 x 0.61',121.2000,127.2600,733.2600,'','',0,0,0,1,21.0000,606.0000),
 (712,968,'0000001',0,0,1.0000,'pesos',1.0000,'','Interés por financiación',57.8347,12.1453,69.9800,'','',0,0,0,1,21.0000,57.8347),
 (713,969,'0101002',0,0,5.0000,'UNIDADES',0.0000,'','Alambre de bajada PVC 2 x 0.81',132.6000,139.2300,802.2300,'','',0,0,0,1,21.0000,663.0000),
 (713,970,'0000001',0,0,1.0000,'pesos',1.0000,'','Interés por financiación',66.1157,13.8843,80.0000,'','',0,0,0,1,21.0000,66.1157),
 (714,971,'0101002',0,0,5.0000,'UNIDADES',0.0000,'','Alambre de bajada PVC 2 x 0.81',132.6000,139.2300,802.2300,'','',0,0,0,1,21.0000,663.0000),
 (714,972,'0000001',0,0,1.0000,'pesos',1.0000,'','Interés por financiación',132.2314,27.7686,160.0000,'','',0,0,0,1,21.0000,132.2314),
 (715,973,'0101001',0,0,5.0000,'UNIDADES',0.0000,'','Alambre de bajada c/autop.2 x 0.61',121.2000,127.2600,733.2600,'','',0,0,0,1,21.0000,606.0000),
 (715,974,'0000001',0,0,1.0000,'pesos',1.0000,'','Interés por financiación',57.8512,12.1488,70.0000,'','',0,0,0,1,21.0000,57.8512),
 (716,975,'0101001',0,0,5.0000,'UNIDADES',0.0000,'','Alambre de bajada c/autop.2 x 0.61',121.2000,127.2600,733.2600,'','',0,0,0,1,21.0000,606.0000),
 (716,976,'0000001',0,0,1.0000,'pesos',1.0000,'','Interés por financiación',57.8512,12.1488,70.0000,'','',0,0,0,1,21.0000,57.8512),
 (718,978,'0101001',0,0,10.0000,'UNIDADES',0.0000,'','Alambre de bajada c/autop.2 x 0.61',121.2000,254.5200,1466.5200,'','',0,0,0,1,21.0000,1212.0000),
 (719,979,'0101001',0,0,5.0000,'UNIDADES',0.0000,'','Alambre de bajada c/autop.2 x 0.61',121.2000,127.2600,733.2600,'','',0,0,0,1,21.0000,606.0000),
 (720,980,'0101001',0,0,1.0000,'UNIDADES',0.0000,'','Alambre de bajada c/autop.2 x 0.61',121.2000,25.4520,146.6520,'','',0,0,0,1,21.0000,121.2000),
 (721,981,'0101001',0,0,5.0000,'UNIDADES',0.0000,'','Alambre de bajada c/autop.2 x 0.61',121.2000,127.2600,733.2600,'','',0,0,0,1,21.0000,606.0000),
 (722,982,'0101001',0,0,5.0000,'UNIDADES',0.0000,'','Alambre de bajada c/autop.2 x 0.61',121.2000,127.2600,733.2600,'','',0,0,0,1,21.0000,606.0000),
 (723,983,'0101001',0,0,5.0000,'UNIDADES',0.0000,'','Alambre de bajada c/autop.2 x 0.61',121.2000,127.2600,733.2600,'','',0,0,0,1,21.0000,606.0000),
 (724,984,'0101002',0,0,10.0000,'UNIDADES',0.0000,'','Alambre de bajada PVC 2 x 0.81',132.6000,278.4600,1604.4600,'','',0,0,0,1,21.0000,1326.0000),
 (725,985,'0000913019',0,0,1.0000,'UNI',0.0000,'','Armario Sala de informatica-2,00x7,52x0,75 Mts',1.3000,0.2730,1.5730,'','',0,0,0,1,21.0000,1.3000),
 (726,986,'0000913019',0,0,10.0000,'UNI',0.0000,'','Armario Sala de informatica-2,00x7,52x0,75 Mts',1.3000,2.7300,15.7300,'','',0,0,0,1,21.0000,13.0000);
/*!40000 ALTER TABLE `detafactu` ENABLE KEYS */;


--
-- Definition of table `detallecobros`
--

DROP TABLE IF EXISTS `detallecobros`;
CREATE TABLE `detallecobros` (
  `iddetacobro` int(10) unsigned NOT NULL,
  `idcomproba` int(10) unsigned NOT NULL,
  `idregistro` int(10) unsigned NOT NULL,
  `idtipopago` int(10) unsigned NOT NULL,
  `importe` float(13,4) NOT NULL,
  `idcuenta` int(10) unsigned NOT NULL,
  PRIMARY KEY (`iddetacobro`)
) ENGINE=InnoDB DEFAULT CHARSET=latin1;

--
-- Dumping data for table `detallecobros`
--

/*!40000 ALTER TABLE `detallecobros` DISABLE KEYS */;
INSERT INTO `detallecobros` (`iddetacobro`,`idcomproba`,`idregistro`,`idtipopago`,`importe`,`idcuenta`) VALUES 
 (1,1,1,3,611.0500,0),
 (2,1,2,3,611.0500,0),
 (3,1,3,3,611.0500,0),
 (4,1,4,3,611.0500,0),
 (5,1,5,3,611.0500,0),
 (6,1,7,3,611.0500,0),
 (7,1,8,3,733.2600,0),
 (8,1,9,3,733.2600,0),
 (9,1,10,3,733.2600,0),
 (10,1,12,3,407.3600,0),
 (11,1,13,3,488.8400,0),
 (12,1,14,3,488.8400,0),
 (13,1,15,3,733.2600,0),
 (14,1,16,3,733.2600,0),
 (15,1,17,3,733.2600,0),
 (16,1,18,3,488.8400,0),
 (17,1,19,3,611.0500,0),
 (18,1,20,3,733.2600,0),
 (19,1,21,3,488.8400,0),
 (20,1,22,3,488.8400,0),
 (21,1,23,3,488.8400,0),
 (22,1,24,3,488.8400,0),
 (23,1,25,3,488.8400,0),
 (24,1,26,3,488.8400,0),
 (25,1,27,3,617.1000,0),
 (26,1,28,3,611.0500,0),
 (27,1,29,3,611.0500,0),
 (28,1,30,3,611.0500,0),
 (29,1,31,3,488.8400,0),
 (30,1,32,3,244.4200,0),
 (31,1,33,3,122.2100,0),
 (32,1,34,3,366.6300,0),
 (33,1,35,3,366.6300,0),
 (34,1,36,3,244.4200,0),
 (35,1,37,3,366.6300,0),
 (36,1,38,3,244.4200,0),
 (37,1,39,3,366.6300,0),
 (38,1,40,3,366.6300,0),
 (39,1,41,3,366.6300,0),
 (40,1,42,3,366.6300,0),
 (41,1,43,3,488.8400,0),
 (42,5,15,3,244.4200,1),
 (43,5,17,3,122.2100,1),
 (44,5,18,3,244.4200,1),
 (45,5,24,2,44.4200,1),
 (46,0,0,2,44.4200,1),
 (47,5,25,2,44.4200,1),
 (48,0,0,2,44.4200,1),
 (49,5,26,2,44.4200,1),
 (50,5,27,2,44.4200,1),
 (51,5,28,2,44.0000,1),
 (53,5,43,1,244.4200,0),
 (54,5,44,1,44.4200,0),
 (55,5,45,1,66.6300,0),
 (56,5,47,1,44.4200,1),
 (57,5,47,4,200.0000,1),
 (58,5,48,1,66.6300,1),
 (59,5,48,4,300.0000,1),
 (60,5,49,1,66.6300,1),
 (61,5,49,4,300.0000,1),
 (62,5,50,1,44.4200,1),
 (63,5,50,4,200.0000,1),
 (64,5,51,1,44.4200,1),
 (65,5,51,4,200.0000,1),
 (66,5,52,1,121.4641,1),
 (67,5,52,4,613.2600,1),
 (68,5,53,1,106.0656,1),
 (69,5,53,4,173.3040,1),
 (70,5,54,1,100.0000,1),
 (71,5,54,4,179.3696,1),
 (72,5,55,1,100.0000,1),
 (73,5,55,4,179.3696,1),
 (74,5,56,1,100.0000,1),
 (75,5,56,4,179.3696,1),
 (76,5,57,1,22.2100,1),
 (77,5,57,4,124.2000,1),
 (78,5,58,1,59.8629,1),
 (79,5,58,4,385.5132,1),
 (80,5,59,1,366.6300,1),
 (81,5,60,1,55.3545,1),
 (82,5,60,4,386.6042,1),
 (83,5,61,1,44.4200,1),
 (84,5,61,4,248.4000,1),
 (85,5,62,1,122.2100,1),
 (86,0,63,1,122.2100,1),
 (87,5,64,1,122.2100,1),
 (88,0,65,1,611.0500,1),
 (89,0,66,1,733.2600,1),
 (90,0,67,1,244.4200,1),
 (91,0,69,1,244.4200,1),
 (92,0,70,1,88.8400,1),
 (93,5,71,1,88.8400,1),
 (94,5,72,1,611.0500,1),
 (95,5,73,1,11.0500,1),
 (96,5,74,1,611.0500,1),
 (97,5,75,1,11.0500,1),
 (98,5,76,1,44.4200,1),
 (99,5,77,1,44.4200,1),
 (100,5,77,4,200.0000,1),
 (101,5,78,1,244.4200,1),
 (102,5,79,1,44.4200,1),
 (103,5,80,1,44.4200,1),
 (104,5,81,1,44.4200,1),
 (105,5,81,4,200.0000,1),
 (106,5,82,1,44.4200,1),
 (107,5,82,4,248.4000,1),
 (108,5,83,1,122.2100,1),
 (109,5,86,1,1000.0000,1),
 (110,5,86,1,200.0000,1),
 (111,5,87,1,611.0500,1),
 (112,5,88,1,100.0000,1),
 (113,5,89,1,100.0000,1),
 (114,5,90,1,100.0000,1),
 (115,5,91,1,11.0500,1),
 (116,5,92,1,11.0500,1),
 (117,5,92,4,600.0000,1),
 (118,5,93,1,1000.0000,1),
 (119,5,94,1,200.0000,1),
 (120,5,95,1,11.0500,1),
 (121,5,96,1,0.0000,1),
 (122,5,96,4,303.5696,1),
 (123,5,97,1,22.2100,1),
 (124,5,98,1,6.3000,1),
 (125,5,99,1,2.1000,1),
 (126,5,100,3,122.2100,1),
 (127,5,101,3,600.0000,1),
 (128,5,102,1,11.0500,1),
 (129,5,103,1,122.2100,1),
 (130,5,104,1,611.0500,1),
 (131,5,105,1,1222.1000,1),
 (132,5,106,1,122.2100,1),
 (133,5,107,1,100.0000,1),
 (134,5,108,1,12.6000,1),
 (135,5,109,1,100.0000,1),
 (136,5,110,1,1000.0000,1),
 (137,5,111,1,500.0000,1),
 (138,5,112,4,303.5696,1),
 (139,5,113,1,100.0000,1),
 (140,5,113,4,634.7241,1),
 (141,5,114,1,244.4200,1),
 (142,5,115,1,244.4200,1),
 (143,5,116,1,244.4200,1),
 (144,5,117,1,244.4200,1),
 (145,5,118,1,611.0500,1),
 (146,5,119,1,244.4200,1),
 (147,5,120,1,244.4200,1),
 (148,5,121,1,244.4200,1),
 (149,5,122,1,100.0000,1),
 (150,5,123,4,303.5696,1),
 (151,5,124,1,0.0001,1),
 (152,5,125,1,0.0003,1),
 (153,5,126,1,122.2100,1),
 (154,5,127,1,122.2100,1),
 (155,5,128,1,122.2100,1),
 (156,5,129,4,455.3545,1),
 (157,5,130,1,1000.0000,1),
 (158,5,131,1,390.4700,1),
 (159,5,132,1,365.4200,1),
 (160,5,133,1,1305.5400,1),
 (161,5,134,1,402.3900,1),
 (162,5,135,1,434.5200,1),
 (163,5,136,1,390.4700,1),
 (164,5,137,1,243.2100,1),
 (165,5,138,1,614.6800,1),
 (166,5,139,1,14.6800,1),
 (167,5,140,1,14.6800,1),
 (168,5,141,1,14.6800,1),
 (169,5,141,4,600.0000,1),
 (170,5,142,1,244.4200,1),
 (171,5,143,1,244.4200,1),
 (172,5,144,1,614.6800,1),
 (173,0,145,1,614.6800,1),
 (174,13,146,1,614.6800,1),
 (175,5,147,4,763.4326,1),
 (176,5,148,4,303.5696,1),
 (177,5,149,4,763.4326,1),
 (178,5,150,4,763.4326,1),
 (179,5,151,1,14.6800,1),
 (180,5,152,1,12.6000,1),
 (181,5,153,1,14.6800,1),
 (182,5,153,4,600.0000,1),
 (183,5,154,4,614.6800,1),
 (184,5,155,1,14.6800,1),
 (185,5,155,4,745.2000,1),
 (186,5,156,4,763.4326,1),
 (187,5,157,1,14.6800,1),
 (188,5,157,4,745.2000,1),
 (189,5,158,1,614.6800,1),
 (190,5,159,4,614.6800,1),
 (191,5,160,1,14.6800,1),
 (192,5,160,4,600.0000,1),
 (193,5,161,4,763.4326,1),
 (194,5,162,1,14.6800,1),
 (195,5,162,4,745.2000,1),
 (196,5,163,1,14.6801,1),
 (197,5,163,4,720.0000,1),
 (198,5,164,1,14.6801,1),
 (199,5,164,4,720.0000,1),
 (200,5,165,1,14.6801,1),
 (201,5,165,4,720.0000,1),
 (202,5,166,1,14.6801,1),
 (203,5,166,4,720.0000,1),
 (204,0,167,1,14.6800,1),
 (205,0,168,1,614.6800,1),
 (206,0,169,4,614.6800,1),
 (207,0,170,1,14.6800,1),
 (208,0,170,4,600.0000,1),
 (209,0,171,4,737.6160,1),
 (210,0,172,1,14.6801,1),
 (211,0,172,4,720.0000,1),
 (212,5,173,1,25.2000,1),
 (213,5,174,1,25.2000,1),
 (214,5,175,1,0.0001,1),
 (215,5,176,1,14.6800,1),
 (216,0,177,1,14.6800,1),
 (217,5,178,1,368.8000,1),
 (218,5,179,1,196.0200,1),
 (219,13,180,1,244.4200,1),
 (220,13,181,1,602.5800,1),
 (221,13,182,1,244.4200,1),
 (222,5,183,1,244.4200,1),
 (223,13,184,1,74.6420,1),
 (224,13,184,4,840.0000,1),
 (225,14,185,1,293.3040,1),
 (226,14,186,1,293.3040,1),
 (227,0,187,4,439.9560,1),
 (228,0,188,4,600.4020,1),
 (229,14,189,4,921.2940,1),
 (230,14,190,1,60.8480,1),
 (231,14,190,4,700.0000,1),
 (232,14,191,4,146.6520,1),
 (233,14,192,3,146.6500,1),
 (234,14,193,3,611.0500,1),
 (235,14,194,3,12.1000,1),
 (236,14,195,3,611.0500,1),
 (237,14,196,1,293.0000,1),
 (238,14,197,1,40000.0000,1),
 (239,14,198,1,7000.0000,1),
 (240,14,199,1,1000.0000,1),
 (241,14,200,1,146.6520,1),
 (242,14,201,1,100.0000,1),
 (243,14,202,1,3000.0000,1),
 (244,14,203,1,293.3040,1),
 (245,5,204,1,100.0000,1),
 (246,14,205,1,293.3040,1),
 (247,14,206,1,1129.3600,1),
 (248,14,206,1,100.0000,1),
 (249,14,207,1,66.5200,1),
 (250,14,208,1,1000.0000,1),
 (251,14,209,1,1000.0000,1),
 (252,14,210,1,733.2600,1),
 (253,14,211,1,145.0790,1),
 (254,14,212,1,1466.5200,1),
 (255,5,213,4,100.0000,1),
 (256,14,214,1,733.2600,1),
 (257,14,215,1,733.2600,1),
 (258,14,216,1,2069.1001,1),
 (259,14,217,1,15479.2920,1),
 (260,14,218,1,33.2600,1),
 (261,14,219,1,33.2600,1),
 (262,14,220,1,100.0000,1),
 (263,14,220,4,900.0000,1),
 (264,14,221,1,150.0000,1),
 (265,14,222,1,33.2600,1),
 (266,14,222,4,840.0000,1),
 (267,14,223,1,572.6300,1),
 (268,14,224,1,855.4700,1),
 (269,14,225,1,5000.0000,1),
 (270,14,226,1,33.2600,1),
 (271,14,227,1,1000.0000,1),
 (272,14,228,1,586.6080,1),
 (273,14,229,1,33.2600,1),
 (274,14,229,4,840.0000,1),
 (275,14,230,1,52.2300,1),
 (276,14,231,1,100.0000,1),
 (277,14,232,1,500.0000,1),
 (278,14,233,1,733.2600,1),
 (279,14,234,1,33.2600,1),
 (280,14,235,1,466.5200,1),
 (281,14,235,4,1000.0000,1),
 (282,14,236,1,200.0000,1),
 (283,14,237,1,256.6600,1),
 (284,14,238,1,256.6600,1),
 (285,14,239,1,256.6600,1),
 (286,14,240,1,200.0000,1),
 (287,14,241,1,33.2600,1),
 (288,14,242,1,33.2600,1),
 (289,14,242,4,840.0000,1),
 (290,14,244,1,33.0001,1),
 (291,14,244,4,840.3120,1),
 (292,14,245,1,100.0000,1),
 (293,14,245,4,1366.5200,1),
 (294,14,246,1,100.0000,1),
 (295,14,246,4,1639.8240,1),
 (296,14,247,1,66.0000,1),
 (297,14,247,4,1680.6240,1),
 (298,14,248,1,33.2600,1),
 (299,14,248,4,840.0000,1),
 (300,14,249,1,10.0000,1),
 (301,14,249,4,1456.5200,1),
 (302,14,251,1,5.0000,1),
 (303,14,252,1,10.0000,1),
 (304,14,253,1,50.0000,1),
 (305,14,254,1,10.0000,1),
 (306,14,255,1,80.0000,1),
 (307,14,255,4,783.9120,1),
 (308,14,256,1,613.3300,1),
 (309,14,257,1,233.2600,1),
 (310,14,258,1,369.9800,1),
 (311,14,259,1,1000.0000,1),
 (312,14,260,1,500.0000,1),
 (313,5,261,1,500.0000,1),
 (314,14,262,1,100.0000,1),
 (315,5,263,1,100.0000,1),
 (316,14,264,1,500.0000,1),
 (317,5,265,1,500.0000,1),
 (318,14,266,1,200.0000,1),
 (319,14,267,1,100.0000,1),
 (320,14,268,1,200.0000,1),
 (321,14,269,1,733.2600,1),
 (322,14,270,1,500.0000,1),
 (323,14,271,1,200.0000,1),
 (324,14,272,1,200.0000,1),
 (325,14,273,1,200.0000,1),
 (326,14,274,1,200.0000,1),
 (327,14,275,1,200.0000,1),
 (328,14,276,1,200.0000,1),
 (329,14,277,1,100.0000,1),
 (330,14,278,1,200.0000,1),
 (331,14,279,1,200.0000,1),
 (332,14,280,1,873.2600,1),
 (333,14,281,1,200.0000,1),
 (334,14,282,1,1000.0000,1),
 (335,14,283,1,733.2600,1),
 (336,14,284,1,489.9200,1),
 (337,14,285,1,100.0000,1),
 (338,14,286,1,700.0000,1),
 (339,14,287,1,100.0000,1),
 (340,14,288,1,100.0000,1),
 (341,14,289,1,100.0000,1),
 (342,5,290,1,3609.8020,1),
 (343,5,291,1,247.0000,1),
 (344,5,292,1,9.6600,1),
 (345,5,293,1,1246.5800,1),
 (346,5,294,1,1503.2400,1),
 (347,5,295,1,185.0000,1),
 (348,5,296,1,150.0000,1),
 (349,5,297,1,165.0000,1),
 (350,5,298,1,700.0000,1),
 (351,14,299,1,293.3040,1),
 (352,14,300,1,1319.8680,1),
 (353,14,301,1,293.3040,1),
 (354,14,302,1,293.3040,1),
 (355,5,303,1,293.3040,1),
 (356,14,304,1,1157.2159,1),
 (357,14,305,1,93.3040,1),
 (358,14,305,4,200.0000,1),
 (359,14,306,1,33.2600,1),
 (360,5,307,1,770.0000,1),
 (361,14,308,1,439.9560,1),
 (362,14,309,1,93.3000,1),
 (363,5,310,1,20.0000,1),
 (364,14,311,1,293.3040,1),
 (365,14,312,1,466.5200,1),
 (366,5,313,1,693.3040,1),
 (367,14,314,1,93.3000,1),
 (368,5,315,1,218.2600,1),
 (369,14,316,1,146.6520,1),
 (370,14,317,1,220.0000,1),
 (371,14,318,1,293.3040,1),
 (372,14,319,1,173.3300,1),
 (373,14,320,1,70.0000,1),
 (374,14,321,1,3.3300,1),
 (375,14,322,1,293.3040,1),
 (376,5,323,1,73.3300,1),
 (377,5,324,1,733.2600,1),
 (378,14,325,1,65.0000,1),
 (379,5,326,1,165.0000,1),
 (380,14,327,1,1000.0000,1),
 (381,5,328,1,500.0000,1),
 (382,14,329,1,50.0000,1),
 (383,14,330,1,115.0000,1),
 (384,14,331,1,700.0000,1),
 (385,14,332,1,33.0000,1),
 (386,14,333,1,933.0000,1),
 (387,14,334,1,100.0000,1),
 (388,14,335,1,600.0000,1),
 (389,14,336,1,33.0000,1),
 (390,14,337,1,733.2600,1),
 (391,14,338,1,50.0000,1),
 (392,14,339,1,586.6080,1),
 (393,14,340,1,33.0000,1),
 (394,14,340,4,700.2600,1),
 (395,14,341,1,733.2600,1),
 (396,5,342,1,1755.8240,1),
 (397,14,343,1,733.2600,1),
 (398,14,344,1,733.2600,1),
 (399,14,345,1,962.2300,1),
 (400,5,346,1,115.0905,1),
 (401,14,347,1,140.2940,1),
 (402,14,348,1,318.2584,1),
 (403,14,349,1,4215.0605,1),
 (404,5,350,1,2199.7800,1),
 (405,5,351,1,273.3000,1),
 (406,14,352,1,3040.5847,1),
 (407,5,353,1,1064.2047,1),
 (408,14,354,1,3079.6919,1),
 (409,5,355,1,920.9838,1),
 (410,14,356,1,83.9700,1),
 (411,14,357,1,293.3040,1),
 (412,14,358,1,39.9500,1),
 (413,14,359,1,62.6700,1),
 (414,5,361,1,916.5750,1),
 (415,5,362,1,1102.8929,1),
 (416,5,365,1,343.1657,1),
 (417,5,367,1,171.5828,1),
 (418,5,368,1,343.1657,1),
 (419,5,372,1,343.1657,1),
 (420,5,373,1,343.1657,1),
 (421,5,374,1,342.1880,1),
 (422,5,375,1,233.3333,1),
 (423,5,376,1,698.0000,1),
 (424,5,377,1,331.4335,1),
 (425,5,378,1,331.4335,1),
 (426,5,379,1,765.3333,1),
 (427,5,380,1,813.8117,1),
 (428,5,381,1,1728.3400,1),
 (429,5,382,1,1454.6901,1),
 (430,5,383,1,1316.2852,1),
 (431,5,384,1,735.2730,1),
 (432,14,385,1,733.2600,1),
 (433,14,386,1,1026.5640,1),
 (434,14,387,1,33.2600,1),
 (435,5,388,1,256.6600,1),
 (436,14,389,1,513.3200,1),
 (437,14,390,1,733.2600,1),
 (438,14,391,1,146.6520,1),
 (439,5,392,1,5000.0000,1),
 (440,14,393,1,1054.1520,1),
 (441,14,394,1,1000.0000,1),
 (442,5,395,1,1000.0000,1),
 (443,5,395,1,3616.0020,1),
 (444,14,396,1,733.2600,1),
 (445,14,397,1,733.2600,1),
 (446,5,398,1,100.0000,1),
 (447,5,399,1,100.0000,1),
 (448,14,400,1,33.2600,1),
 (449,5,401,1,385.0000,1),
 (450,14,402,1,1466.5200,1),
 (451,14,403,1,733.2600,1),
 (452,14,404,1,146.6520,1),
 (453,14,405,1,733.2600,1),
 (454,5,406,1,192.5000,1),
 (455,5,407,1,4044.5652,1),
 (456,5,408,1,22.2237,1),
 (457,5,409,1,13806.2051,1),
 (458,5,410,1,1029.0000,1),
 (459,5,411,1,50.3800,1),
 (460,14,412,1,10.0000,1),
 (461,14,412,4,5.7300,1);
/*!40000 ALTER TABLE `detallecobros` ENABLE KEYS */;


--
-- Definition of table `detallepagos`
--

DROP TABLE IF EXISTS `detallepagos`;
CREATE TABLE `detallepagos` (
  `iddetapago` int(10) unsigned NOT NULL,
  `idcomproba` int(10) unsigned NOT NULL,
  `idregistro` int(10) unsigned NOT NULL,
  `idtipopago` int(10) unsigned NOT NULL,
  `importe` float(13,4) NOT NULL,
  `idcuenta` int(10) unsigned NOT NULL,
  PRIMARY KEY (`iddetapago`)
) ENGINE=InnoDB DEFAULT CHARSET=latin1;

--
-- Dumping data for table `detallepagos`
--

/*!40000 ALTER TABLE `detallepagos` DISABLE KEYS */;
INSERT INTO `detallepagos` (`iddetapago`,`idcomproba`,`idregistro`,`idtipopago`,`importe`,`idcuenta`) VALUES 
 (1,20,5,1,121.0000,1),
 (2,20,6,1,1431.0000,1),
 (3,20,7,1,1710.0000,1),
 (4,20,8,1,1310.0000,1),
 (5,20,9,1,786.5000,1),
 (6,20,10,1,262.0000,1),
 (7,20,11,1,1839.2000,1),
 (8,20,12,1,500.0000,1),
 (9,20,13,1,500.0000,1),
 (10,20,14,1,1839.2000,1),
 (11,20,15,1,3442.4500,1),
 (12,20,16,1,121.0000,1);
/*!40000 ALTER TABLE `detallepagos` ENABLE KEYS */;


--
-- Definition of table `ejercicioecon`
--

DROP TABLE IF EXISTS `ejercicioecon`;
CREATE TABLE `ejercicioecon` (
  `ejercicio` int(10) unsigned NOT NULL,
  `anio` int(10) unsigned NOT NULL,
  `fechaini` char(8) NOT NULL,
  `fechafin` char(8) NOT NULL,
  `detalle` char(254) NOT NULL,
  `idplan` int(10) unsigned NOT NULL,
  `idejerci` int(10) unsigned NOT NULL DEFAULT '0',
  PRIMARY KEY (`idejerci`)
) ENGINE=InnoDB DEFAULT CHARSET=latin1;

--
-- Dumping data for table `ejercicioecon`
--

/*!40000 ALTER TABLE `ejercicioecon` DISABLE KEYS */;
INSERT INTO `ejercicioecon` (`ejercicio`,`anio`,`fechaini`,`fechafin`,`detalle`,`idplan`,`idejerci`) VALUES 
 (1,2019,'20300101','20301231','AAAAAAAAAAAAAAAAA',1,1),
 (2,2019,'20190101','20191231','BBBBBBBBBBBBB',2,2);
/*!40000 ALTER TABLE `ejercicioecon` ENABLE KEYS */;


--
-- Definition of table `empleados`
--

DROP TABLE IF EXISTS `empleados`;
CREATE TABLE `empleados` (
  `idempleado` int(10) unsigned NOT NULL,
  `nombre` char(200) NOT NULL,
  `apellido` char(200) NOT NULL,
  `dni` int(10) unsigned NOT NULL,
  `direccion` char(200) NOT NULL,
  `telefono` char(20) NOT NULL,
  `sucursal` char(4) NOT NULL,
  `legajo` int(10) unsigned NOT NULL,
  PRIMARY KEY (`idempleado`)
) ENGINE=InnoDB DEFAULT CHARSET=latin1;

--
-- Dumping data for table `empleados`
--

/*!40000 ALTER TABLE `empleados` DISABLE KEYS */;
INSERT INTO `empleados` (`idempleado`,`nombre`,`apellido`,`dni`,`direccion`,`telefono`,`sucursal`,`legajo`) VALUES 
 (1,'Federico','Carrión',38374141,'Ricardo Gutierrez 1962','03483-498389','0001',0);
/*!40000 ALTER TABLE `empleados` ENABLE KEYS */;


--
-- Definition of table `empresa`
--

DROP TABLE IF EXISTS `empresa`;
CREATE TABLE `empresa` (
  `empresa` char(100) NOT NULL,
  `nomfiscal` char(100) NOT NULL,
  `cuit` char(13) NOT NULL,
  `iva` char(100) NOT NULL,
  `iibb` char(100) NOT NULL,
  `direccion` char(200) NOT NULL,
  `localidad` char(10) NOT NULL,
  `inicioact` char(8) NOT NULL,
  `telefono` char(100) NOT NULL,
  `email` char(200) NOT NULL,
  `web` char(200) NOT NULL,
  `logoempre` char(200) NOT NULL,
  PRIMARY KEY (`empresa`)
) ENGINE=InnoDB DEFAULT CHARSET=latin1;

--
-- Dumping data for table `empresa`
--

/*!40000 ALTER TABLE `empresa` DISABLE KEYS */;
INSERT INTO `empresa` (`empresa`,`nomfiscal`,`cuit`,`iva`,`iibb`,`direccion`,`localidad`,`inicioact`,`telefono`,`email`,`web`,`logoempre`) VALUES 
 ('Krumbein Hogar','Krumbein','30-71204634-8','IVA Responsable Inscripto','151-011000-7','9 de Julio 1609','1','19860501','3483-498405','ventas@amoblark.com.ar','','imgimgamoblark11.jpg');
/*!40000 ALTER TABLE `empresa` ENABLE KEYS */;


--
-- Definition of table `entidades`
--

DROP TABLE IF EXISTS `entidades`;
CREATE TABLE `entidades` (
  `entidad` int(11) NOT NULL DEFAULT '0',
  `apellido` char(100) NOT NULL,
  `nombre` char(100) NOT NULL,
  `cargo` char(100) NOT NULL,
  `compania` char(100) NOT NULL,
  `cuit` char(13) NOT NULL,
  `direccion` char(100) NOT NULL,
  `localidad` char(10) NOT NULL,
  `iva` int(10) unsigned NOT NULL,
  `fechaalta` char(8) NOT NULL,
  `telefono` char(50) NOT NULL,
  `cp` char(50) NOT NULL,
  `fax` char(50) NOT NULL,
  `email` char(254) NOT NULL,
  `web` char(254) NOT NULL,
  `dni` int(10) unsigned NOT NULL,
  `tipodoc` char(3) NOT NULL DEFAULT '0',
  `fechanac` char(8) NOT NULL,
  `idafiptipod` int(10) unsigned NOT NULL,
  PRIMARY KEY (`entidad`) USING BTREE
) ENGINE=InnoDB DEFAULT CHARSET=latin1;

--
-- Dumping data for table `entidades`
--

/*!40000 ALTER TABLE `entidades` DISABLE KEYS */;
INSERT INTO `entidades` (`entidad`,`apellido`,`nombre`,`cargo`,`compania`,`cuit`,`direccion`,`localidad`,`iva`,`fechaalta`,`telefono`,`cp`,`fax`,`email`,`web`,`dni`,`tipodoc`,`fechanac`,`idafiptipod`) VALUES 
 (1,'ROSSI','TULIO','Sistemas','','20221414978','Avellaneda 6737','3',2,'20150110','4693586','3000','4693586','trossi@cosemar.com.ar','www.cosemar.com.ar',22141497,'1','19711110',2),
 (2,'Racca','Gaston Ramon Alberto','Encargado de Produccion','ALSAFEX S.A.','30712443347','Ruta 11 Km 486','4',1,'','342-4191679','6556','','gracca@alsafex.com.ar','www.alsafex.com.ar',0,'1','',2),
 (3,'OLIVIERO','GERMAN','','','20222222223','PEDRO CENTENO','3',1,'','AAAAAD','3000','DSF','','',2121,'1','',7),
 (4,'Bonet','Pablo','','','20334684734','Mitre','4',2,'20180216','','3018','','','',33468473,'1','19880409',2),
 (5,'Perez','Juán','','','20334684554','','4',1,'20181027','','3018','','','',33468455,'1','19880409',0),
 (6,'Magnago','Adrian','','','20334684744','','5',1,'20181123','','','','','',33468474,'1','',2),
 (7,'Werk Constructora SRL-Del Sol SRL-Idea SA-Union transitoria','','','Werk Constructora SRL-Del Sol SRL-Idea SA-Union transitoria','30715726684','Dorrego 745','6',1,'20190628','','2000','','','',0,'1','',2),
 (8,'Diaz Ramón Florencio','','','Diaz Ramón Florencio','20142710065','Ayacucho 2689','8',1,'20190905','','3400','','','',0,'1','',2),
 (9,'TECNO-DALVO SRL','','','TECNO-DALVO SRL','30707854088','URQUIZA 3440','3',1,'20190916','','3000','','','',4294967295,'1','',2),
 (10,'','','','Ferreteria Centro','20147070334','A Storni 1101','4',1,'20190917','','3018','','','',14707033,'1','',1);
/*!40000 ALTER TABLE `entidades` ENABLE KEYS */;


--
-- Definition of table `entidadesc`
--

DROP TABLE IF EXISTS `entidadesc`;
CREATE TABLE `entidadesc` (
  `idcontacto` int(10) unsigned NOT NULL,
  `entidad` int(10) unsigned NOT NULL,
  `apellido` char(100) NOT NULL,
  `nombre` char(100) NOT NULL,
  `cargo` char(100) NOT NULL,
  `sector` char(100) NOT NULL,
  `direccion` char(100) NOT NULL,
  `localidad` char(10) NOT NULL,
  `fechaalta` char(8) NOT NULL,
  `telefono` char(50) NOT NULL,
  `cp` char(50) NOT NULL,
  `fax` char(50) NOT NULL,
  `email` char(254) NOT NULL,
  `dni` int(10) unsigned NOT NULL,
  `tipodoc` char(3) NOT NULL,
  `fechanac` char(8) NOT NULL,
  `cuit` char(13) NOT NULL,
  PRIMARY KEY (`idcontacto`)
) ENGINE=InnoDB DEFAULT CHARSET=latin1;

--
-- Dumping data for table `entidadesc`
--

/*!40000 ALTER TABLE `entidadesc` DISABLE KEYS */;
INSERT INTO `entidadesc` (`idcontacto`,`entidad`,`apellido`,`nombre`,`cargo`,`sector`,`direccion`,`localidad`,`fechaalta`,`telefono`,`cp`,`fax`,`email`,`dni`,`tipodoc`,`fechanac`,`cuit`) VALUES 
 (1,1,'DDDDDDDDD','BBBBB','HHHHHHHHH','KKKKKKKK','Avellaneda 6737','1','20150110','66666666','3056','7777777','trossi@cosemar.com.ar',525,'1','20160101','CCCCCCC'),
 (2,1,'Freddy','Rossi','Profesor','Escolar','Alvear','3','20160705','34343445545','3000','','freddyrossi@yahoo.com.ar',0,'1','19730215','33333333');
/*!40000 ALTER TABLE `entidadesc` ENABLE KEYS */;


--
-- Definition of table `entidadescr`
--

DROP TABLE IF EXISTS `entidadescr`;
CREATE TABLE `entidadescr` (
  `entidad` int(10) unsigned NOT NULL DEFAULT '0',
  `fecha` char(8) NOT NULL,
  `importe` float(13,4) NOT NULL,
  `autorizo` char(50) NOT NULL,
  `identidacr` int(10) unsigned NOT NULL DEFAULT '0',
  PRIMARY KEY (`identidacr`) USING BTREE
) ENGINE=InnoDB DEFAULT CHARSET=latin1;

--
-- Dumping data for table `entidadescr`
--

/*!40000 ALTER TABLE `entidadescr` DISABLE KEYS */;
INSERT INTO `entidadescr` (`entidad`,`fecha`,`importe`,`autorizo`,`identidacr`) VALUES 
 (1,'20160703',10000.0000,'TULIO',1),
 (2,'20160703',5000.0000,'TULIO',3),
 (1,'20160705',-100.0000,'TULIO',4),
 (3,'20160705',10000.0000,'TULIO',5),
 (3,'20160705',-5000.0000,'TULIO',6),
 (1,'20160705',-8000.0000,'TULIO',7);
/*!40000 ALTER TABLE `entidadescr` ENABLE KEYS */;


--
-- Definition of table `entidadesd`
--

DROP TABLE IF EXISTS `entidadesd`;
CREATE TABLE `entidadesd` (
  `idconcepto` int(10) unsigned NOT NULL,
  `cuotasfact` int(10) unsigned NOT NULL,
  `nrocuotas` int(10) unsigned NOT NULL,
  `articulo` char(50) NOT NULL,
  `detalle` char(254) NOT NULL,
  `abreviado` char(50) NOT NULL,
  `unitario` float(13,4) NOT NULL,
  `neto` float(13,4) NOT NULL,
  `impuesto` float(13,4) NOT NULL,
  `total` float(13,4) NOT NULL,
  `unidad` char(50) NOT NULL,
  `funcion` char(100) DEFAULT NULL,
  `identidadh` int(10) unsigned NOT NULL,
  `identidadd` int(10) unsigned NOT NULL,
  `mensual` char(1) NOT NULL,
  `facturar` char(1) NOT NULL,
  `codigocta` char(20) NOT NULL,
  `padron` int(10) unsigned NOT NULL,
  `cantidad` float(13,4) NOT NULL,
  PRIMARY KEY (`identidadd`) USING BTREE
) ENGINE=InnoDB DEFAULT CHARSET=latin1;

--
-- Dumping data for table `entidadesd`
--

/*!40000 ALTER TABLE `entidadesd` DISABLE KEYS */;
INSERT INTO `entidadesd` (`idconcepto`,`cuotasfact`,`nrocuotas`,`articulo`,`detalle`,`abreviado`,`unitario`,`neto`,`impuesto`,`total`,`unidad`,`funcion`,`identidadh`,`identidadd`,`mensual`,`facturar`,`codigocta`,`padron`,`cantidad`) VALUES 
 (0,0,3,'0101001','Alambre de bajada c/autop.2 x 0.61','alambre de bajada',101.0000,101.0000,31.8200,132.8200,'unidades','',3,1,'N','S','0',0,1.0000);
/*!40000 ALTER TABLE `entidadesd` ENABLE KEYS */;


--
-- Definition of table `entidadesdc`
--

DROP TABLE IF EXISTS `entidadesdc`;
CREATE TABLE `entidadesdc` (
  `idcuotasd` int(10) unsigned NOT NULL,
  `identidadd` int(10) unsigned NOT NULL,
  `nrocuota` int(10) unsigned NOT NULL,
  `fechavenc` char(8) NOT NULL,
  `neto` float(13,4) NOT NULL,
  `iva` float(13,4) NOT NULL,
  `cantcuotas` int(10) unsigned NOT NULL,
  `idfactura` int(10) unsigned NOT NULL,
  PRIMARY KEY (`idcuotasd`)
) ENGINE=InnoDB DEFAULT CHARSET=utf8;

--
-- Dumping data for table `entidadesdc`
--

/*!40000 ALTER TABLE `entidadesdc` DISABLE KEYS */;
INSERT INTO `entidadesdc` (`idcuotasd`,`identidadd`,`nrocuota`,`fechavenc`,`neto`,`iva`,`cantcuotas`,`idfactura`) VALUES 
 (1,1,1,'20170201',44.2700,9.3000,3,0),
 (2,1,2,'20170301',44.2700,9.3000,3,0),
 (3,1,3,'20170401',44.2700,9.3000,3,0),
 (4,2,1,'20170310',24.4400,5.1300,5,0),
 (5,2,2,'20170410',24.4400,5.1300,5,0),
 (6,2,3,'20170510',24.4400,5.1300,5,0),
 (7,2,4,'20170610',24.4400,5.1300,5,0),
 (8,2,5,'20170710',24.4400,5.1300,5,0);
/*!40000 ALTER TABLE `entidadesdc` ENABLE KEYS */;


--
-- Definition of table `entidadesg`
--

DROP TABLE IF EXISTS `entidadesg`;
CREATE TABLE `entidadesg` (
  `idgarante` int(10) unsigned NOT NULL,
  `entidad` int(10) unsigned NOT NULL,
  `apellido` char(100) NOT NULL,
  `nombre` char(100) NOT NULL,
  `cargo` char(100) NOT NULL,
  `sector` char(100) NOT NULL,
  `direccion` char(100) NOT NULL,
  `localidad` char(10) NOT NULL,
  `fechaalta` char(8) NOT NULL,
  `telefono` char(50) NOT NULL,
  `cp` char(50) NOT NULL,
  `fax` char(50) NOT NULL,
  `email` char(254) NOT NULL,
  `dni` int(10) unsigned NOT NULL,
  `tipodoc` char(3) NOT NULL,
  `fechanac` char(8) NOT NULL,
  `cuit` char(13) NOT NULL,
  PRIMARY KEY (`idgarante`)
) ENGINE=InnoDB DEFAULT CHARSET=latin1;

--
-- Dumping data for table `entidadesg`
--

/*!40000 ALTER TABLE `entidadesg` DISABLE KEYS */;
/*!40000 ALTER TABLE `entidadesg` ENABLE KEYS */;


--
-- Definition of table `entidadesh`
--

DROP TABLE IF EXISTS `entidadesh`;
CREATE TABLE `entidadesh` (
  `entidad` int(10) unsigned NOT NULL,
  `servicio` int(10) unsigned NOT NULL,
  `cuenta` int(10) unsigned NOT NULL,
  `apellido` char(100) NOT NULL,
  `nombre` char(100) NOT NULL,
  `cargo` char(100) NOT NULL,
  `compania` char(100) NOT NULL,
  `cuit` char(13) NOT NULL,
  `direccion` char(100) NOT NULL,
  `localidad` char(10) NOT NULL,
  `iva` int(10) unsigned NOT NULL,
  `fechaalta` char(8) NOT NULL,
  `telefono` char(100) NOT NULL,
  `cp` char(50) NOT NULL,
  `fax` char(50) NOT NULL,
  `email` char(254) NOT NULL,
  `dni` int(10) unsigned NOT NULL,
  `tipodoc` char(3) NOT NULL,
  `fechanac` char(8) NOT NULL,
  `ruta1` int(10) unsigned NOT NULL,
  `folio1` int(10) unsigned NOT NULL,
  `ruta2` int(10) unsigned NOT NULL,
  `folio2` int(10) unsigned NOT NULL,
  `identidadh` int(10) unsigned NOT NULL,
  `idafiptipod` int(10) unsigned NOT NULL,
  PRIMARY KEY (`identidadh`) USING BTREE
) ENGINE=InnoDB DEFAULT CHARSET=latin1;

--
-- Dumping data for table `entidadesh`
--

/*!40000 ALTER TABLE `entidadesh` DISABLE KEYS */;
INSERT INTO `entidadesh` (`entidad`,`servicio`,`cuenta`,`apellido`,`nombre`,`cargo`,`compania`,`cuit`,`direccion`,`localidad`,`iva`,`fechaalta`,`telefono`,`cp`,`fax`,`email`,`dni`,`tipodoc`,`fechanac`,`ruta1`,`folio1`,`ruta2`,`folio2`,`identidadh`,`idafiptipod`) VALUES 
 (2,2,1,'Racca','Gaston Ramon Alberto','Encargado de Produccion','ALSAFEX S.A.','30712443347','Ruta 11 Km 486','4',1,'20160707','342-4191679','6556','','gracca@alsafex.com.ar',451515,'1','20160707',0,0,0,0,1,2),
 (1,2,1,'ROSSI','TULIO','Sistemas','TRSOFT IT','20221414978','Avellaneda 6737','3',2,'20160707','4693586','3000','4693586','trossi@cosemar.com.ar',22141497,'1','20160707',0,0,0,0,2,2),
 (1,3,1,'ROSSI','TULIO','Sistemas','','20221414978','Avellaneda 6737','3',2,'20160707','4693586','3000','4693586','trossi@cosemar.com.ar',22141497,'1','20160707',0,0,0,0,3,2),
 (1,3,2,'OLIVIERO','GERMAN','Sistemas','','20221414978','Avellaneda 6737','3',2,'20160707','4693586','3000','4693586','trossi@cosemar.com.ar',22141497,'1','20160707',0,0,0,0,4,2);
/*!40000 ALTER TABLE `entidadesh` ENABLE KEYS */;


--
-- Definition of table `entidadg`
--

DROP TABLE IF EXISTS `entidadg`;
CREATE TABLE `entidadg` (
  `idgrupoe` int(10) unsigned NOT NULL,
  `fecha` char(8) NOT NULL,
  `identidadh` int(10) unsigned NOT NULL,
  PRIMARY KEY (`identidadh`) USING BTREE
) ENGINE=InnoDB DEFAULT CHARSET=latin1;

--
-- Dumping data for table `entidadg`
--

/*!40000 ALTER TABLE `entidadg` DISABLE KEYS */;
/*!40000 ALTER TABLE `entidadg` ENABLE KEYS */;


--
-- Definition of table `estadosr`
--

DROP TABLE IF EXISTS `estadosr`;
CREATE TABLE `estadosr` (
  `idestadosr` int(10) unsigned NOT NULL,
  `nombre` char(100) NOT NULL,
  PRIMARY KEY (`idestadosr`)
) ENGINE=InnoDB DEFAULT CHARSET=latin1;

--
-- Dumping data for table `estadosr`
--

/*!40000 ALTER TABLE `estadosr` DISABLE KEYS */;
INSERT INTO `estadosr` (`idestadosr`,`nombre`) VALUES 
 (1,'ACTIVO'),
 (2,'ANULADO'),
 (3,'PENDIENTE AUTORIZACION'),
 (4,'AUTORIZADO'),
 (5,'RECHAZADO');
/*!40000 ALTER TABLE `estadosr` ENABLE KEYS */;


--
-- Definition of table `estadosreg`
--

DROP TABLE IF EXISTS `estadosreg`;
CREATE TABLE `estadosreg` (
  `idestadosreg` int(10) unsigned NOT NULL,
  `tabla` char(100) NOT NULL,
  `campo` char(100) NOT NULL,
  `id` char(30) NOT NULL,
  `idestador` int(10) unsigned NOT NULL,
  `tipo` char(1) NOT NULL,
  `fecha` char(16) NOT NULL,
  PRIMARY KEY (`idestadosreg`)
) ENGINE=InnoDB DEFAULT CHARSET=latin1;

--
-- Dumping data for table `estadosreg`
--

/*!40000 ALTER TABLE `estadosreg` DISABLE KEYS */;
INSERT INTO `estadosreg` (`idestadosreg`,`tabla`,`campo`,`id`,`idestador`,`tipo`,`fecha`) VALUES 
 (1,'articulos','articulo','0101001',2,'C','20181107'),
 (2,'articulos','articulo','0101001',1,'C','20181107'),
 (3,'articulos','articulo','0101002',1,'C','20181107'),
 (4,'articulos','articulo','0101001',2,'C','20181107'),
 (5,'articulos','articulo','0101001',1,'C','20181107'),
 (6,'articulos','articulo','0101002',1,'C','20181107'),
 (7,'articulos','articulo','0101002',2,'C','20181107'),
 (8,'articulos','articulo','0101001',2,'C','20181107'),
 (9,'articulos','articulo','0101001',1,'C','20181107'),
 (10,'articulos','articulo','0101002',1,'C','20181107'),
 (11,'articulos','articulo','0101002',1,'C','20181107'),
 (12,'articulos','articulo','0101002',2,'C','20181110'),
 (13,'articulos','articulo','0101002',1,'C','20181110'),
 (14,'facturas','idfactura','470',3,'I','20181123'),
 (15,'facturas','idfactura','470',4,'I','20181123'),
 (16,'facturas','idfactura','472',3,'I','20181123'),
 (17,'facturas','idfactura','472',4,'I','20181123'),
 (18,'facturas','idfactura','473',3,'I','20181123'),
 (19,'facturas','idfactura','473',4,'I','20181123'),
 (20,'facturas','idfactura','474',3,'I','2018112411:23:14'),
 (21,'facturas','idfactura','474',4,'I','2018112411:23:16'),
 (24,'ajustestockh','idajusteh','75',2,'I','2018112619:24:34'),
 (25,'ajustestockh','idajusteh','76',2,'I','2018112619:38:06'),
 (26,'ajustestockh','idajusteh','77',2,'I','2018112619:45:46'),
 (27,'ajustestockh','idajusteh','78',2,'I','2018112619:48:19'),
 (28,'ajustestockh','idajusteh','79',2,'I','2018112717:59:49'),
 (29,'facturas','idfactura','475',3,'I','2018112718:23:53'),
 (30,'facturas','idfactura','475',4,'I','2018112718:23:56'),
 (31,'facturas','idfactura','481',4,'I','2018120619:47:39'),
 (32,'facturas','idfactura','482',4,'I','2018120619:48:00'),
 (33,'facturas','idfactura','483',4,'I','2018120619:50:20'),
 (34,'facturas','idfactura','484',3,'I','2018120619:57:01'),
 (35,'facturas','idfactura','484',5,'I','2018120619:57:13'),
 (36,'facturas','idfactura','485',3,'I','2018120619:58:48'),
 (37,'facturas','idfactura','485',4,'I','2018120619:58:51'),
 (38,'facturas','idfactura','486',3,'I','2018120619:59:24'),
 (39,'facturas','idfactura','486',5,'I','2018120620:00:03'),
 (40,'facturas','idfactura','487',3,'I','2018120620:11:59'),
 (41,'facturas','idfactura','487',5,'I','2018120620:12:02'),
 (42,'facturas','idfactura','488',3,'I','2018120620:19:06'),
 (43,'facturas','idfactura','488',4,'I','2018120620:19:10'),
 (44,'facturas','idfactura','489',3,'I','2018120620:19:53'),
 (45,'facturas','idfactura','489',4,'I','2018120620:19:55'),
 (46,'facturas','idfactura','490',3,'I','2018120620:20:26'),
 (47,'facturas','idfactura','490',4,'I','2018120620:20:49'),
 (48,'facturas','idfactura','491',3,'I','2018120620:41:47'),
 (49,'facturas','idfactura','491',4,'I','2018120620:42:20'),
 (50,'facturas','idfactura','492',3,'I','2018120620:50:35'),
 (51,'facturas','idfactura','492',4,'I','2018120620:54:43'),
 (52,'facturas','idfactura','493',4,'I','2018120620:55:11'),
 (53,'facturas','idfactura','494',3,'I','2018120620:57:20'),
 (54,'facturas','idfactura','494',4,'I','2018120620:57:51'),
 (55,'facturas','idfactura','398',2,'I','2018120718:32:00'),
 (56,'facturas','idfactura','495',4,'I','2018120810:13:08'),
 (57,'facturas','idfactura','481',2,'I','2018120811:06:45'),
 (58,'facturas','idfactura','482',2,'I','2018120811:07:05'),
 (61,'facturas','idfactura','496',4,'I','2018121019:30:29'),
 (62,'otordentra','idot','8',1,'I','2018122019:42:25'),
 (63,'otordentra','idot','5',1,'I','2018122019:43:21'),
 (64,'otordentra','idot','5',1,'I','2018122019:54:07'),
 (66,'otordentra','idot','5',2,'I','2018122020:22:12'),
 (67,'otordentra','idot','1',2,'I','2018122020:22:58'),
 (68,'otordentra','idot','4',2,'I','2018122020:23:11'),
 (69,'otordentra','idot','26',2,'I','2018122020:23:36'),
 (70,'otordentra','idot','27',2,'I','2018122020:38:16'),
 (71,'facturas','idfactura','497',4,'I','2018122818:51:32'),
 (72,'facturas','idfactura','498',4,'I','2018122818:53:46'),
 (73,'facturas','idfactura','499',4,'I','2018122820:57:56'),
 (74,'facturas','idfactura','500',4,'I','2019010819:40:59'),
 (75,'facturas','idfactura','501',4,'I','2019010819:53:24'),
 (76,'facturas','idfactura','502',4,'I','2019010820:44:28'),
 (77,'facturas','idfactura','503',4,'I','2019010820:47:16'),
 (78,'facturas','idfactura','503',2,'I','2019010820:47:58'),
 (79,'facturas','idfactura','504',4,'I','2019011021:14:27'),
 (80,'facturas','idfactura','505',4,'I','2019011021:15:13'),
 (81,'facturas','idfactura','506',4,'I','2019011517:53:17'),
 (82,'facturas','idfactura','509',4,'I','2019011618:02:20'),
 (83,'facturas','idfactura','510',4,'I','2019011618:06:35'),
 (84,'facturas','idfactura','511',4,'I','2019011618:09:31'),
 (85,'facturas','idfactura','517',4,'I','2019011718:26:35'),
 (86,'facturas','idfactura','518',4,'I','2019011718:33:21'),
 (87,'facturas','idfactura','519',4,'I','2019011718:34:09'),
 (88,'facturas','idfactura','520',4,'I','2019011718:39:00'),
 (89,'facturas','idfactura','521',4,'I','2019011718:49:21'),
 (90,'facturas','idfactura','522',4,'I','2019011718:55:04'),
 (91,'facturas','idfactura','523',4,'I','2019011817:10:31'),
 (92,'facturas','idfactura','524',4,'I','2019011819:24:09'),
 (93,'facturas','idfactura','525',4,'I','2019011819:25:02'),
 (94,'facturas','idfactura','526',4,'I','2019011819:27:54'),
 (95,'facturas','idfactura','527',4,'I','2019011819:30:46'),
 (96,'facturas','idfactura','528',4,'I','2019011819:38:20'),
 (97,'facturas','idfactura','530',4,'I','2019011820:03:13'),
 (98,'facturas','idfactura','531',4,'I','2019011820:04:08'),
 (99,'facturas','idfactura','532',4,'I','2019011911:15:43'),
 (100,'facturas','idfactura','533',4,'I','2019012118:19:30'),
 (101,'facturas','idfactura','534',4,'I','2019012318:08:24'),
 (102,'facturas','idfactura','535',4,'I','2019012320:30:33'),
 (103,'facturas','idfactura','536',4,'I','2019012320:35:49'),
 (104,'facturas','idfactura','537',4,'I','2019012320:39:46'),
 (105,'facturas','idfactura','538',4,'I','2019012320:41:57'),
 (106,'facturas','idfactura','539',4,'I','2019012320:44:12'),
 (107,'facturas','idfactura','540',4,'I','2019012320:44:36'),
 (108,'facturas','idfactura','541',4,'I','2019012418:12:52'),
 (109,'facturas','idfactura','542',4,'I','2019012418:22:43'),
 (110,'facturas','idfactura','543',4,'I','2019012418:23:11'),
 (111,'facturas','idfactura','544',4,'I','2019012418:23:58'),
 (112,'facturas','idfactura','545',4,'I','2019012517:07:41'),
 (113,'facturas','idfactura','546',4,'I','2019012518:07:01'),
 (114,'facturas','idfactura','547',4,'I','2019012518:07:35'),
 (115,'facturas','idfactura','548',4,'I','2019012518:08:10'),
 (116,'facturas','idfactura','549',4,'I','2019012916:59:10'),
 (117,'facturas','idfactura','550',4,'I','2019012917:00:27'),
 (118,'facturas','idfactura','551',4,'I','2019012917:10:10'),
 (119,'facturas','idfactura','552',4,'I','2019012917:12:12'),
 (120,'facturas','idfactura','553',4,'I','2019012917:14:54'),
 (121,'facturas','idfactura','554',4,'I','2019012917:16:26'),
 (122,'facturas','idfactura','555',4,'I','2019012917:19:01'),
 (123,'facturas','idfactura','556',4,'I','2019012917:21:43'),
 (124,'facturas','idfactura','557',4,'I','2019012917:23:20'),
 (125,'facturas','idfactura','558',4,'I','2019012917:29:34'),
 (126,'facturas','idfactura','559',4,'I','2019013018:22:24'),
 (127,'facturas','idfactura','560',4,'I','2019013018:24:12'),
 (128,'facturas','idfactura','561',4,'I','2019013018:30:52'),
 (129,'facturas','idfactura','562',4,'I','2019013118:40:46'),
 (130,'facturas','idfactura','563',4,'I','2019013118:57:09'),
 (131,'facturas','idfactura','564',4,'I','2019020211:40:01'),
 (132,'facturas','idfactura','565',4,'I','2019020211:44:38'),
 (133,'facturas','idfactura','566',4,'I','2019020213:00:39'),
 (134,'facturas','idfactura','567',4,'I','2019020419:46:39'),
 (135,'facturas','idfactura','568',4,'I','2019022312:12:27'),
 (136,'facturas','idfactura','569',4,'I','2019022312:19:16'),
 (137,'facturas','idfactura','570',4,'I','2019022312:24:44'),
 (138,'facturas','idfactura','571',4,'I','2019022312:26:00'),
 (139,'facturas','idfactura','572',4,'I','2019022312:28:44'),
 (140,'facturas','idfactura','573',4,'I','2019022518:14:12'),
 (141,'facturas','idfactura','574',4,'I','2019022518:59:25'),
 (142,'facturas','idfactura','575',4,'I','2019022519:04:52'),
 (143,'facturas','idfactura','576',4,'I','2019022519:11:48'),
 (144,'facturas','idfactura','577',4,'I','2019022519:22:22'),
 (145,'facturas','idfactura','578',4,'I','2019022519:24:48'),
 (146,'facturas','idfactura','579',4,'I','2019022519:59:48'),
 (147,'facturas','idfactura','580',4,'I','2019022520:07:56'),
 (148,'facturas','idfactura','581',4,'I','2019022520:13:40'),
 (149,'facturas','idfactura','582',4,'I','2019022620:15:27'),
 (150,'facturas','idfactura','583',4,'I','2019022620:16:21'),
 (151,'facturas','idfactura','584',4,'I','2019022620:42:23'),
 (152,'facturas','idfactura','585',4,'I','2019022621:13:36'),
 (153,'facturas','idfactura','586',4,'I','2019022621:13:51'),
 (154,'facturas','idfactura','587',4,'I','2019022621:15:46'),
 (155,'facturas','idfactura','588',4,'I','2019022719:00:13'),
 (156,'facturas','idfactura','589',4,'I','2019022719:12:30'),
 (157,'facturas','idfactura','590',4,'I','2019022719:32:41'),
 (158,'facturas','idfactura','591',4,'I','2019030119:01:26'),
 (159,'facturas','idfactura','592',4,'I','2019030119:02:14'),
 (160,'facturas','idfactura','593',4,'I','2019030516:49:14'),
 (161,'facturas','idfactura','594',4,'I','2019030911:40:32'),
 (162,'facturas','idfactura','595',4,'I','2019030911:42:46'),
 (163,'facturas','idfactura','596',4,'I','2019030911:44:09'),
 (164,'facturas','idfactura','597',4,'I','2019030911:45:34'),
 (165,'facturas','idfactura','598',4,'I','2019031221:51:58'),
 (166,'facturas','idfactura','599',4,'I','2019031321:21:31'),
 (167,'facturas','idfactura','600',4,'I','2019032019:57:39'),
 (168,'facturas','idfactura','601',4,'I','2019032020:16:09'),
 (169,'facturas','idfactura','602',4,'I','2019032020:20:38'),
 (170,'facturas','idfactura','603',4,'I','2019032020:23:01'),
 (171,'facturas','idfactura','604',4,'I','2019032020:39:05'),
 (172,'facturas','idfactura','605',4,'I','2019032020:57:12'),
 (173,'facturas','idfactura','606',4,'I','2019032021:03:55'),
 (174,'facturas','idfactura','607',4,'I','2019032021:08:45'),
 (175,'facturas','idfactura','608',4,'I','2019032021:11:39'),
 (176,'facturas','idfactura','609',4,'I','2019032021:13:55'),
 (177,'facturas','idfactura','610',4,'I','2019032021:17:15'),
 (178,'facturas','idfactura','611',4,'I','2019032309:17:32'),
 (179,'facturas','idfactura','612',4,'I','2019032309:18:27'),
 (180,'facturas','idfactura','613',4,'I','2019032309:24:48'),
 (181,'facturas','idfactura','614',4,'I','2019032310:01:04'),
 (182,'facturas','idfactura','615',4,'I','2019032310:10:06'),
 (183,'facturas','idfactura','616',4,'I','2019032310:12:16'),
 (184,'facturas','idfactura','617',4,'I','2019032310:15:04'),
 (185,'facturas','idfactura','618',4,'I','2019032310:16:58'),
 (186,'facturas','idfactura','619',4,'I','2019032310:17:20'),
 (187,'facturas','idfactura','620',4,'I','2019032310:29:48'),
 (188,'facturas','idfactura','621',4,'I','2019032310:34:43'),
 (189,'facturas','idfactura','622',4,'I','2019032310:42:59'),
 (190,'facturas','idfactura','623',4,'I','2019032310:48:52'),
 (191,'facturas','idfactura','624',4,'I','2019032310:50:47'),
 (192,'facturas','idfactura','625',4,'I','2019032310:54:26'),
 (193,'facturas','idfactura','626',4,'I','2019032310:59:16'),
 (194,'facturas','idfactura','627',4,'I','2019032310:59:54'),
 (195,'facturas','idfactura','628',4,'I','2019032311:04:58'),
 (196,'facturas','idfactura','629',4,'I','2019032311:05:42'),
 (197,'facturas','idfactura','630',4,'I','2019032311:08:32'),
 (198,'facturas','idfactura','572',2,'I','2019032311:24:39'),
 (199,'facturas','idfactura','631',4,'I','2019032620:17:58'),
 (200,'facturas','idfactura','632',4,'I','2019040420:01:06'),
 (201,'facturas','idfactura','633',4,'I','2019040420:34:28'),
 (202,'facturas','idfactura','634',4,'I','2019040420:41:41'),
 (203,'facturas','idfactura','635',4,'I','2019040420:43:33'),
 (204,'facturas','idfactura','636',4,'I','2019040420:48:05'),
 (205,'facturas','idfactura','637',4,'I','2019040420:49:01'),
 (206,'facturas','idfactura','638',4,'I','2019040420:50:38'),
 (207,'facturas','idfactura','639',4,'I','2019040420:55:13'),
 (208,'facturas','idfactura','640',4,'I','2019040420:58:35'),
 (209,'facturas','idfactura','641',4,'I','2019040521:19:47'),
 (210,'facturas','idfactura','642',4,'I','2019040521:21:05'),
 (211,'facturas','idfactura','643',4,'I','2019040521:21:55'),
 (212,'facturas','idfactura','644',4,'I','2019040521:44:40'),
 (213,'facturas','idfactura','645',4,'I','2019040609:25:24'),
 (214,'facturas','idfactura','646',4,'I','2019040819:23:40'),
 (215,'facturas','idfactura','647',4,'I','2019040819:25:51'),
 (216,'facturas','idfactura','648',4,'I','2019040819:33:51'),
 (217,'facturas','idfactura','649',4,'I','2019040819:43:51'),
 (218,'facturas','idfactura','650',4,'I','2019040819:49:06'),
 (219,'facturas','idfactura','651',4,'I','2019040819:51:41'),
 (220,'facturas','idfactura','652',4,'I','2019040820:38:33'),
 (221,'facturas','idfactura','653',4,'I','2019041019:47:40'),
 (222,'facturas','idfactura','654',4,'I','2019041020:31:46'),
 (223,'facturas','idfactura','655',4,'I','2019041020:50:25'),
 (224,'facturas','idfactura','656',4,'I','2019041020:53:36'),
 (225,'facturas','idfactura','657',4,'I','2019041020:55:05'),
 (226,'facturas','idfactura','658',4,'I','2019041020:57:25'),
 (227,'facturas','idfactura','659',4,'I','2019041118:12:30'),
 (228,'facturas','idfactura','660',4,'I','2019041118:13:17'),
 (229,'facturas','idfactura','661',4,'I','2019041118:16:26'),
 (230,'facturas','idfactura','662',4,'I','2019041118:18:34'),
 (231,'facturas','idfactura','663',4,'I','2019041118:42:01'),
 (232,'facturas','idfactura','664',4,'I','2019041118:44:32'),
 (233,'facturas','idfactura','665',4,'I','2019041119:01:51'),
 (234,'facturas','idfactura','666',4,'I','2019041309:14:08'),
 (235,'facturas','idfactura','667',4,'I','2019041309:34:18'),
 (236,'facturas','idfactura','668',4,'I','2019041310:45:29'),
 (237,'facturas','idfactura','669',4,'I','2019041517:54:22'),
 (238,'facturas','idfactura','670',4,'I','2019041520:46:58'),
 (239,'facturas','idfactura','671',4,'I','2019041520:49:26'),
 (240,'facturas','idfactura','672',4,'I','2019041620:02:14'),
 (241,'facturas','idfactura','673',4,'I','2019041621:01:14'),
 (242,'facturas','idfactura','674',4,'I','2019041621:05:19'),
 (243,'facturas','idfactura','675',4,'I','2019041621:19:40'),
 (244,'facturas','idfactura','676',4,'I','2019041621:34:23'),
 (245,'facturas','idfactura','677',4,'I','2019041621:35:19'),
 (246,'facturas','idfactura','678',4,'I','2019041621:38:09'),
 (247,'facturas','idfactura','679',4,'I','2019041718:02:54'),
 (248,'facturas','idfactura','680',4,'I','2019041718:15:34'),
 (249,'facturas','idfactura','681',4,'I','2019041718:16:40'),
 (250,'facturas','idfactura','682',4,'I','2019041718:20:27'),
 (251,'facturas','idfactura','683',4,'I','2019041718:21:56'),
 (252,'facturas','idfactura','684',4,'I','2019041718:24:17'),
 (253,'facturas','idfactura','685',4,'I','2019041718:28:10'),
 (254,'facturas','idfactura','686',4,'I','2019041913:13:43'),
 (255,'facturas','idfactura','687',4,'I','2019042420:04:31'),
 (256,'facturas','idfactura','688',4,'I','2019042420:09:33'),
 (257,'facturas','idfactura','689',4,'I','2019043018:23:40'),
 (258,'facturas','idfactura','690',4,'I','2019051619:11:50'),
 (259,'facturas','idfactura','691',4,'I','2019051619:41:32'),
 (260,'facturas','idfactura','692',4,'I','2019051810:08:26'),
 (261,'facturas','idfactura','693',4,'I','2019051810:24:57'),
 (262,'facturas','idfactura','694',4,'I','2019052720:13:24'),
 (263,'facturas','idfactura','695',4,'I','2019052919:04:27'),
 (264,'facturas','idfactura','696',4,'I','2019052919:04:57'),
 (265,'remitos','idremito','9',4,'I','2019060619:03:48'),
 (266,'remitos','idremito','10',4,'I','2019060619:05:21'),
 (267,'remitos','idremito','11',4,'I','2019060619:27:17'),
 (268,'remitos','idremito','12',4,'I','2019060619:29:31'),
 (269,'remitos','idremito','13',4,'I','2019060620:03:37'),
 (270,'remitos','idremito','14',4,'I','2019060620:06:15'),
 (271,'remitos','idremito','15',4,'I','2019060620:09:58'),
 (272,'remitos','idremito','16',4,'I','2019060620:19:06'),
 (273,'remitos','idremito','17',4,'I','2019060620:19:58'),
 (274,'remitos','idremito','18',4,'I','2019060620:20:58'),
 (275,'remitos','idremito','19',4,'I','2019060620:24:59'),
 (276,'remitos','idremito','20',4,'I','2019060620:28:01'),
 (277,'remitos','idremito','21',4,'I','2019060620:30:01'),
 (278,'remitos','idremito','22',4,'I','2019061221:29:26'),
 (279,'remitos','idremito','23',4,'I','2019061319:57:16'),
 (280,'remitos','idremito','24',4,'I','2019061320:02:08'),
 (281,'remitos','idremito','25',4,'I','2019061320:07:46'),
 (282,'remitos','idremito','26',4,'I','2019061320:11:57'),
 (283,'remitos','idremito','27',4,'I','2019061320:29:09'),
 (284,'remitos','idremito','28',4,'I','2019061320:36:44'),
 (285,'remitos','idremito','29',4,'I','2019061320:48:43'),
 (286,'remitos','idremito','30',4,'I','2019061320:50:49'),
 (287,'remitos','idremito','31',4,'I','2019061320:57:56'),
 (288,'remitos','idremito','32',4,'I','2019061321:00:28'),
 (289,'remitos','idremito','33',4,'I','2019061321:00:51'),
 (290,'facturas','idfactura','697',4,'I','2019061418:27:13'),
 (291,'remitos','idremito','34',4,'I','2019061418:37:53'),
 (292,'remitos','idremito','35',4,'I','2019061418:42:17'),
 (293,'facturas','idfactura','698',4,'I','2019061418:43:30'),
 (294,'remitos','idremito','36',4,'I','2019061418:55:40'),
 (295,'remitos','idremito','37',4,'I','2019061418:57:36'),
 (296,'remitos','idremito','38',4,'I','2019061419:06:45'),
 (297,'remitos','idremito','39',4,'I','2019061419:10:38'),
 (298,'facturas','idfactura','699',4,'I','2019061419:17:15'),
 (299,'facturas','idfactura','700',4,'I','2019061419:17:38'),
 (300,'facturas','idfactura','701',4,'I','2019061509:49:21'),
 (301,'remitos','idremito','41',4,'I','2019061510:25:51'),
 (302,'remitos','idremito','42',4,'I','2019061510:26:12'),
 (303,'remitos','idremito','43',4,'I','2019061818:03:27'),
 (304,'facturas','idfactura','702',4,'I','2019061818:04:35'),
 (305,'remitos','idremito','44',4,'I','2019061818:05:25'),
 (306,'facturas','idfactura','703',4,'I','2019061818:07:14'),
 (307,'remitos','idremito','45',4,'I','2019061818:08:29'),
 (308,'remitos','idremito','46',4,'I','2019061818:15:37'),
 (309,'facturas','idfactura','707',4,'I','2019061820:12:42'),
 (310,'facturas','idfactura','708',4,'I','2019061820:21:54'),
 (311,'remitos','idremito','48',4,'I','2019061820:22:19'),
 (312,'facturas','idfactura','709',4,'I','2019061919:26:08'),
 (313,'facturas','idfactura','710',4,'I','2019061919:27:23'),
 (314,'facturas','idfactura','711',4,'I','2019061919:29:36'),
 (315,'facturas','idfactura','712',4,'I','2019062118:47:52'),
 (316,'facturas','idfactura','713',4,'I','2019062118:57:40'),
 (317,'facturas','idfactura','714',4,'I','2019062119:01:08'),
 (318,'facturas','idfactura','715',4,'I','2019062119:05:10'),
 (319,'facturas','idfactura','716',4,'I','2019062119:07:16'),
 (320,'remitos','idremito','49',4,'I','2019062210:11:09'),
 (321,'remitos','idremito','50',4,'I','2019062717:28:04'),
 (322,'remitos','idremito','52',4,'I','2019062717:38:57'),
 (323,'facturas','idfactura','718',4,'I','2019062719:12:07'),
 (324,'remitos','idremito','53',4,'I','2019062817:04:20'),
 (325,'facturas','idfactura','719',4,'I','2019062817:07:32'),
 (326,'remitos','idremito','54',4,'I','2019062819:30:55'),
 (327,'remitos','idremito','55',4,'I','2019062819:35:33'),
 (328,'remitos','idremito','56',4,'I','2019062819:39:34'),
 (329,'remitos','idremito','57',4,'I','2019062819:42:26'),
 (330,'remitos','idremito','58',4,'I','2019062820:01:29'),
 (331,'remitos','idremito','62',4,'I','2019062820:21:13'),
 (332,'remitos','idremito','65',4,'I','2019062820:31:54'),
 (333,'remitos','idremito','66',4,'I','2019062820:32:12'),
 (334,'remitos','idremito','67',4,'I','2019062820:34:11'),
 (335,'remitos','idremito','68',4,'I','2019062820:40:32'),
 (336,'facturas','idfactura','720',4,'I','2019062912:04:23'),
 (337,'np','idnp','8',1,'I','2019062912:28:01'),
 (338,'np','idnp','9',1,'I','2019062912:30:00'),
 (339,'np','idnp','10',1,'I','2019062912:35:55'),
 (340,'remitos','idremito','69',4,'I','2019070319:38:36'),
 (341,'np','idnp','11',1,'I','2019070319:46:54'),
 (342,'np','idnp','12',1,'I','2019070320:14:33'),
 (343,'np','idnp','13',1,'I','2019070419:46:55'),
 (344,'np','idnp','14',1,'I','2019070420:00:02'),
 (345,'np','idnp','15',1,'I','2019070518:38:43'),
 (346,'np','idnp','18',1,'I','2019070518:49:43'),
 (347,'np','idnp','19',1,'I','2019070610:28:43'),
 (348,'np','idnp','20',1,'I','2019070610:30:33'),
 (349,'facturas','idfactura','721',4,'I','2019070818:21:34'),
 (350,'np','idnp','21',1,'I','2019070818:37:12'),
 (351,'np','idnp','22',1,'I','2019070818:38:02'),
 (352,'np','idnp','23',1,'I','2019070818:50:08'),
 (353,'np','idnp','24',1,'I','2019070819:10:20'),
 (354,'np','idnp','25',1,'I','2019070819:10:49'),
 (355,'np','idnp','26',1,'I','2019070819:11:12'),
 (356,'np','idnp','27',1,'I','2019070819:11:45'),
 (357,'facturas','idfactura','722',4,'I','2019070819:12:02'),
 (358,'np','idnp','28',1,'I','2019071120:43:19'),
 (359,'facturas','idfactura','723',4,'I','2019080619:16:18'),
 (360,'facturas','idfactura','724',4,'I','2019080619:16:40'),
 (361,'recibos','idrecibo','410',4,'I','2019081320:13:38'),
 (362,'recibos','idrecibo','411',4,'I','2019083018:49:43'),
 (363,'pagosprov','idpago','14',4,'I','2019083018:55:33'),
 (364,'pagosprov','idpago','15',4,'I','2019083111:35:27'),
 (365,'remitos','idremito','76',4,'I','2019090517:18:13'),
 (366,'remitos','idremito','78',4,'I','2019091619:00:42'),
 (367,'remitos','idremito','79',4,'I','2019091720:51:03'),
 (368,'pagosprov','idpago','16',4,'I','2019092115:12:42'),
 (369,'np','idnp','29',1,'I','2019092115:15:41'),
 (370,'np','idnp','30',1,'I','2019092115:16:27'),
 (371,'facturas','idfactura','725',4,'I','2019092115:23:00'),
 (372,'facturas','idfactura','726',4,'I','2019092115:23:55'),
 (373,'recibos','idrecibo','412',4,'I','2019092115:24:04');
/*!40000 ALTER TABLE `estadosreg` ENABLE KEYS */;


--
-- Definition of table `etiquetas`
--

DROP TABLE IF EXISTS `etiquetas`;
CREATE TABLE `etiquetas` (
  `etiqueta` int(10) unsigned NOT NULL,
  `fechaalta` char(8) NOT NULL,
  `codigo` char(100) NOT NULL,
  `articulo` char(50) NOT NULL,
  PRIMARY KEY (`etiqueta`) USING BTREE
) ENGINE=InnoDB DEFAULT CHARSET=latin1;

--
-- Dumping data for table `etiquetas`
--

/*!40000 ALTER TABLE `etiquetas` DISABLE KEYS */;
INSERT INTO `etiquetas` (`etiqueta`,`fechaalta`,`codigo`,`articulo`) VALUES 
 (1,'20181114','',''),
 (2,'20181114','',''),
 (3,'20181114','',''),
 (4,'20181114','',''),
 (5,'20181114','',''),
 (7,'20181115','','0101002'),
 (8,'20181115','','0101002'),
 (9,'20181115','','0101002'),
 (10,'20181115','','0101002'),
 (11,'20181115','','0101002'),
 (12,'20181115','','0101002'),
 (13,'20181115','','0101002'),
 (14,'20181115','','0101002'),
 (15,'20181115','','0101001'),
 (16,'20181115','','0101001'),
 (17,'20181115','','0101001'),
 (18,'20181115','','0101001'),
 (19,'20181115','','0101001'),
 (20,'20181115','','0101001'),
 (21,'20181115','','0101001'),
 (22,'20181115','','0101001'),
 (23,'20181115','','0101001'),
 (24,'20181115','','0101001'),
 (25,'20181115','','0101001'),
 (26,'20181115','','0101001'),
 (27,'20181115','','0101001'),
 (28,'20181115','','0101001'),
 (29,'20181115','','0101001'),
 (30,'20181115','','0101001'),
 (31,'20181115','','0101001'),
 (32,'20181115','','0101001'),
 (33,'20181115','','0101001'),
 (34,'20181115','','0101001'),
 (35,'20181115','','0101002'),
 (36,'20181115','','0101002'),
 (37,'20181115','','0101002'),
 (38,'20181115','','0101002'),
 (39,'20181115','','0101002'),
 (40,'20181115','','0101002'),
 (41,'20181115','','0101002'),
 (42,'20181115','','0101002'),
 (43,'20181115','','0101002'),
 (44,'20181115','','0101002'),
 (45,'20181115','','0101002'),
 (46,'20181115','','0101002'),
 (47,'20181115','','0101002'),
 (48,'20181115','','0101002'),
 (49,'20181115','','0101002'),
 (50,'20181115','','0101002'),
 (51,'20181115','','0101002'),
 (52,'20181115','','0101002'),
 (53,'20181115','','0101002'),
 (54,'20181115','','0101002'),
 (55,'20181115','','0101002'),
 (56,'20181115','','0101002'),
 (57,'20181115','','0101002'),
 (58,'20181115','','0101002'),
 (59,'20181115','','0101002'),
 (60,'20181115','','0101002'),
 (61,'20181115','','0101002'),
 (62,'20181115','','0101002'),
 (63,'20181115','','0101002'),
 (64,'20181115','','0101002'),
 (65,'20181115','','0101003'),
 (66,'20181115','','0101003'),
 (67,'20181115','','0101003'),
 (68,'20181115','','0101003'),
 (69,'20181115','','0101003'),
 (70,'20181115','','0101003'),
 (71,'20181115','','0101003'),
 (72,'20181115','','0101003'),
 (73,'20181115','','0101003'),
 (74,'20181115','','0101003'),
 (75,'20181115','','0101003'),
 (76,'20181115','','0101003'),
 (77,'20181115','','0101003'),
 (78,'20181115','','0101003'),
 (79,'20181115','','0101003'),
 (80,'20181115','','0101003'),
 (81,'20181115','','0101003'),
 (82,'20181115','','0101003'),
 (83,'20181115','','0101003'),
 (84,'20181115','','0101003'),
 (85,'20181115','','0101003'),
 (86,'20181115','','0101003'),
 (87,'20181115','','0101003'),
 (88,'20181115','','0101003'),
 (89,'20181115','','0101003'),
 (90,'20181115','','0101003'),
 (91,'20181115','','0101003'),
 (92,'20181115','','0101003'),
 (93,'20181115','','0101003'),
 (94,'20181115','','0101003'),
 (95,'20181115','','0101003'),
 (96,'20181115','','0101003'),
 (97,'20181115','','0101003'),
 (98,'20181115','','0101003'),
 (99,'20181115','','0101003'),
 (100,'20181115','','0101003'),
 (101,'20181115','','0101003'),
 (102,'20181115','','0101003'),
 (103,'20181115','','0101003'),
 (104,'20181115','','0101003'),
 (105,'20181115','','0101003'),
 (106,'20181115','','0101003'),
 (107,'20181115','','0101003'),
 (108,'20181115','','0101003'),
 (109,'20181115','','0101003'),
 (110,'20181115','','0101003'),
 (111,'20181115','','0101003'),
 (112,'20181115','','0101003'),
 (113,'20181115','','0101003'),
 (114,'20181115','','0101003'),
 (115,'20181115','','0101003'),
 (116,'20181115','','0101003'),
 (117,'20181115','','0101003'),
 (118,'20181115','','0101003'),
 (119,'20181115','','0101003'),
 (120,'20181115','','0101003'),
 (121,'20181115','','0101003'),
 (122,'20181115','','0101003'),
 (123,'20181115','','0101003'),
 (124,'20181115','','0101003'),
 (125,'20181115','','0101003'),
 (126,'20181115','','0101003'),
 (127,'20181115','','0101003'),
 (128,'20181115','','0101003'),
 (129,'20181115','','0101003'),
 (130,'20181115','','0101003'),
 (131,'20181115','','0101003'),
 (132,'20181115','','0101003'),
 (133,'20181115','','0101003'),
 (134,'20181115','','0101003'),
 (135,'20181115','','0101003'),
 (136,'20181115','','0101003'),
 (137,'20181115','','0101003'),
 (138,'20181115','','0101003'),
 (139,'20181115','','0101003'),
 (140,'20181115','','0101003'),
 (141,'20181115','','0101003'),
 (142,'20181115','','0101003'),
 (143,'20181115','','0101003'),
 (144,'20181115','','0101003'),
 (145,'20181115','','0101003'),
 (146,'20181115','','0101003'),
 (147,'20181115','','0101003'),
 (148,'20181115','','0101003'),
 (149,'20181115','','0101003'),
 (150,'20181115','','0101003'),
 (151,'20181115','','0101003'),
 (152,'20181115','','0101003'),
 (153,'20181115','','0101003'),
 (154,'20181115','','0101003'),
 (155,'20181115','','0101003'),
 (156,'20181115','','0101003'),
 (157,'20181115','','0101003'),
 (158,'20181115','','0101003'),
 (159,'20181115','','0101003'),
 (160,'20181115','','0101003'),
 (161,'20181115','','0101003'),
 (162,'20181115','','0101003'),
 (163,'20181115','','0101003'),
 (164,'20181115','','0101003'),
 (165,'20181115','','0101003'),
 (166,'20181115','','0101003'),
 (167,'20181115','','0101003'),
 (168,'20181115','','0101003'),
 (169,'20181115','','0101003'),
 (170,'20181115','','0101003'),
 (171,'20181115','','0101003'),
 (172,'20181115','','0101003'),
 (173,'20181115','','0101003'),
 (174,'20181115','','0101003'),
 (175,'20181115','','0101003'),
 (176,'20181115','','0101003'),
 (177,'20181115','','0101003'),
 (178,'20181115','','0101003'),
 (179,'20181115','','0101003'),
 (180,'20181115','','0101003'),
 (181,'20181115','','0101003'),
 (182,'20181115','','0101003'),
 (183,'20181115','','0101003'),
 (184,'20181115','','0101003'),
 (185,'20181115','','0101003'),
 (186,'20181115','','0101003'),
 (187,'20181115','','0101003'),
 (188,'20181115','','0101003'),
 (189,'20181115','','0101003'),
 (190,'20181115','','0101003'),
 (191,'20181115','','0101003'),
 (192,'20181115','','0101003'),
 (193,'20181115','','0101003'),
 (194,'20181115','','0101003'),
 (195,'20181115','','0101003'),
 (196,'20181115','','0101003'),
 (197,'20181115','','0101003'),
 (198,'20181115','','0101003'),
 (199,'20181115','','0101003'),
 (200,'20181115','','0101003'),
 (201,'20181115','','0101003'),
 (202,'20181115','','0101003'),
 (203,'20181115','','0101003'),
 (204,'20181115','','0101003'),
 (205,'20181115','','0101003'),
 (206,'20181115','','0101003'),
 (207,'20181115','','0101003'),
 (208,'20181115','','0101003'),
 (209,'20181115','','0101003'),
 (210,'20181115','','0101003'),
 (211,'20181115','','0101003'),
 (212,'20181115','','0101003'),
 (213,'20181115','','0101003'),
 (214,'20181115','','0101003'),
 (215,'20181115','','0101003'),
 (216,'20181115','','0101003'),
 (217,'20181115','','0101003'),
 (218,'20181115','','0101003'),
 (219,'20181115','','0101003'),
 (220,'20181115','','0101003'),
 (221,'20181115','','0101003'),
 (222,'20181115','','0101003'),
 (223,'20181115','','0101003'),
 (224,'20181115','','0101003'),
 (225,'20181115','','0101003'),
 (226,'20181115','','0101003'),
 (227,'20181115','','0101003'),
 (228,'20181115','','0101003'),
 (229,'20181115','','0101003'),
 (230,'20181115','','0101003'),
 (231,'20181115','','0101003'),
 (232,'20181115','','0101003'),
 (233,'20181115','','0101003'),
 (234,'20181115','','0101003'),
 (235,'20181115','','0101003'),
 (236,'20181115','','0101003'),
 (237,'20181115','','0101003'),
 (238,'20181115','','0101003'),
 (239,'20181115','','0101003'),
 (240,'20181115','','0101003'),
 (241,'20181115','','0101003'),
 (242,'20181115','','0101003'),
 (243,'20181115','','0101003'),
 (244,'20181115','','0101003'),
 (245,'20181115','','0101003'),
 (246,'20181115','','0101003'),
 (247,'20181115','','0101003'),
 (248,'20181115','','0101003'),
 (249,'20181115','','0101003'),
 (250,'20181115','','0101003'),
 (251,'20181115','','0101003'),
 (252,'20181115','','0101003'),
 (253,'20181115','','0101003'),
 (254,'20181115','','0101003'),
 (255,'20181115','','0101003'),
 (256,'20181115','','0101003'),
 (257,'20181115','','0101003'),
 (258,'20181115','','0101003'),
 (259,'20181115','','0101003'),
 (260,'20181115','','0101003'),
 (261,'20181115','','0101003'),
 (262,'20181115','','0101003'),
 (263,'20181115','','0101003'),
 (264,'20181115','','0101003'),
 (265,'20181122','','0101001'),
 (266,'20181122','','0101001'),
 (267,'20181122','','0101001'),
 (268,'20181122','','0101001'),
 (269,'20181122','','0101001'),
 (270,'20181122','','0101001'),
 (271,'20181122','','0101001'),
 (272,'20181122','','0101001'),
 (273,'20181122','','0101001'),
 (274,'20181122','','0101001'),
 (275,'20181126','','0101004'),
 (276,'20181127','','0101005'),
 (277,'20181127','','0101005'),
 (278,'20181127','','0101005'),
 (279,'20181127','','0101005'),
 (280,'20181127','','0101005'),
 (281,'20181127','','0101005'),
 (282,'20181127','','0101005'),
 (283,'20181127','','0101005'),
 (284,'20181127','','0101005'),
 (285,'20181127','','0101005'),
 (286,'20181127','','0101005'),
 (287,'20181127','','0101005'),
 (288,'20181127','','0101005'),
 (289,'20181127','','0101005'),
 (290,'20181127','','0101005'),
 (291,'20181127','','0101005'),
 (292,'20181127','','0101005'),
 (293,'20181127','','0101005'),
 (294,'20181127','','0101005'),
 (295,'20181127','','0101005'),
 (296,'20181127','','0101005'),
 (297,'20181127','','0101005'),
 (298,'20181127','','0101005'),
 (299,'20181127','','0101005'),
 (300,'20181127','','0101005'),
 (301,'20181127','','0101005'),
 (302,'20181127','','0101005'),
 (303,'20181127','','0101005'),
 (304,'20181127','','0101005'),
 (305,'20181127','','0101005'),
 (306,'20181127','','0101005'),
 (307,'20181127','','0101005'),
 (308,'20181127','','0101005'),
 (309,'20181127','','0101005'),
 (310,'20181127','','0101005'),
 (311,'20181127','','0101005'),
 (312,'20181127','','0101005'),
 (313,'20181127','','0101005'),
 (314,'20181127','','0101005'),
 (315,'20181127','','0101005'),
 (316,'20181127','','0101005'),
 (317,'20181127','','0101005'),
 (318,'20181127','','0101005'),
 (319,'20181127','','0101005'),
 (320,'20181127','','0101005'),
 (321,'20181127','','0101005'),
 (322,'20181127','','0101005'),
 (323,'20181127','','0101005'),
 (324,'20181127','','0101005'),
 (325,'20181127','','0101005'),
 (326,'20181127','','0101005'),
 (327,'20181127','','0101005'),
 (328,'20181127','','0101005'),
 (329,'20181127','','0101005'),
 (330,'20181127','','0101005'),
 (331,'20181127','','0101005'),
 (332,'20181127','','0101005'),
 (333,'20181127','','0101005'),
 (334,'20181127','','0101005'),
 (335,'20181127','','0101005'),
 (336,'20181127','','0101005'),
 (337,'20181127','','0101005'),
 (338,'20181127','','0101005'),
 (339,'20181127','','0101005'),
 (340,'20181127','','0101005'),
 (341,'20181127','','0101005'),
 (342,'20181127','','0101005'),
 (343,'20181127','','0101005'),
 (344,'20181127','','0101005'),
 (345,'20181127','','0101005'),
 (346,'20181127','','0101005'),
 (347,'20181127','','0101005'),
 (348,'20181127','','0101005'),
 (349,'20181127','','0101005'),
 (350,'20181127','','0101005'),
 (351,'20181127','','0101005'),
 (352,'20181127','','0101005'),
 (353,'20181127','','0101005'),
 (354,'20181127','','0101005'),
 (355,'20181127','','0101005'),
 (356,'20181127','','0101005'),
 (357,'20181127','','0101005'),
 (358,'20181127','','0101005'),
 (359,'20181127','','0101005'),
 (360,'20181127','','0101005'),
 (361,'20181127','','0101005'),
 (362,'20181127','','0101005'),
 (363,'20181127','','0101005'),
 (364,'20181127','','0101005'),
 (365,'20181127','','0101005'),
 (366,'20181127','','0101005'),
 (367,'20181127','','0101005'),
 (368,'20181127','','0101005'),
 (369,'20181127','','0101005'),
 (370,'20181127','','0101005'),
 (371,'20181127','','0101005'),
 (372,'20181127','','0101005'),
 (373,'20181127','','0101005'),
 (374,'20181127','','0101005'),
 (375,'20181127','','0101005'),
 (376,'20181127','','0101012'),
 (377,'20181127','','0101012'),
 (378,'20181127','','0101012'),
 (379,'20181127','','0101012'),
 (380,'20181127','','0101012'),
 (381,'20181127','','0101012'),
 (382,'20181127','','0101012'),
 (383,'20181127','','0101012'),
 (384,'20181127','','0101012'),
 (385,'20181127','','0101012'),
 (386,'20181127','','0101012'),
 (387,'20181127','','0101012'),
 (388,'20181127','','0101012'),
 (389,'20181127','','0101012'),
 (390,'20181127','','0101012'),
 (391,'20181127','','0101012'),
 (392,'20181127','','0101012'),
 (393,'20181127','','0101012'),
 (394,'20181127','','0101012'),
 (395,'20181127','','0101012'),
 (396,'20181127','','0101012'),
 (397,'20181127','','0101012'),
 (398,'20181127','','0101012'),
 (399,'20181127','','0101012'),
 (400,'20181127','','0101012'),
 (401,'20181127','','0101012'),
 (402,'20181127','','0101012'),
 (403,'20181127','','0101012'),
 (404,'20181127','','0101012'),
 (405,'20181127','','0101012'),
 (406,'20181127','','0101012'),
 (407,'20181127','','0101012'),
 (408,'20181127','','0101012'),
 (409,'20181127','','0101012'),
 (410,'20181127','','0101012'),
 (411,'20181127','','0101012'),
 (412,'20181127','','0101012'),
 (413,'20181127','','0101012'),
 (414,'20181127','','0101012'),
 (415,'20181127','','0101012'),
 (416,'20181127','','0101012'),
 (417,'20181127','','0101012'),
 (418,'20181127','','0101012'),
 (419,'20181127','','0101012'),
 (420,'20181127','','0101012'),
 (421,'20181127','','0101012'),
 (422,'20181127','','0101012'),
 (423,'20181127','','0101012'),
 (424,'20181127','','0101012'),
 (425,'20181127','','0101012'),
 (426,'20190801','','0101001'),
 (427,'20190801','','0101001'),
 (428,'20190801','','0101001'),
 (429,'20190801','','0101001'),
 (430,'20190801','','0101001'),
 (431,'20190801','','0101001'),
 (432,'20190801','','0101001'),
 (433,'20190801','','0101001'),
 (434,'20190801','','0101001'),
 (435,'20190801','','0101001'),
 (436,'20190801','','0101002'),
 (437,'20190801','','0101002'),
 (438,'20190801','','0101002'),
 (439,'20190801','','0101002'),
 (440,'20190801','','0101002'),
 (441,'20190802','','0101001'),
 (442,'20190802','','0101001'),
 (443,'20190802','','0101001'),
 (444,'20190802','','0101001'),
 (445,'20190802','','0101001'),
 (446,'20190921','','0000913019'),
 (447,'20190921','','0000913019');
/*!40000 ALTER TABLE `etiquetas` ENABLE KEYS */;


--
-- Definition of table `factclaro`
--

DROP TABLE IF EXISTS `factclaro`;
CREATE TABLE `factclaro` (
  `bocanumero` char(50) NOT NULL,
  `usuario` char(50) NOT NULL,
  `plan` char(5) NOT NULL,
  `abono` float(13,4) NOT NULL,
  `pabono` float(13,4) NOT NULL,
  `tabono` float(13,4) NOT NULL,
  `impserv` float(13,4) NOT NULL,
  `pserv` float(13,4) NOT NULL,
  `tserv` float(13,4) NOT NULL,
  `cargos` float(13,4) NOT NULL,
  `pcargos` float(13,4) NOT NULL,
  `tcargos` float(13,4) NOT NULL,
  `minaire` float(13,4) NOT NULL,
  `minarieex` float(13,4) NOT NULL,
  `impaire` float(13,4) NOT NULL,
  `paire` float(13,4) NOT NULL,
  `taire` float(13,4) NOT NULL,
  `minldn` float(13,4) NOT NULL,
  `impldn` float(13,4) NOT NULL,
  `pldn` float(13,4) NOT NULL,
  `tldn` float(13,4) NOT NULL,
  `minldi` float(13,4) NOT NULL,
  `impldi` float(13,4) NOT NULL,
  `pldi` float(13,4) NOT NULL,
  `tldi` float(13,4) NOT NULL,
  `minldim` float(13,4) NOT NULL,
  `impldim` float(13,4) NOT NULL,
  `pldim` float(13,4) NOT NULL,
  `tldim` float(13,4) NOT NULL,
  `datau` float(13,4) NOT NULL,
  `dataimp` float(13,4) NOT NULL,
  `pdata` float(13,4) NOT NULL,
  `tdata` float(13,4) NOT NULL,
  `impeq` float(13,4) NOT NULL,
  `peq` float(13,4) NOT NULL,
  `teq` float(13,4) NOT NULL,
  `varios` float(13,4) NOT NULL,
  `pvarios` float(13,4) NOT NULL,
  `tvarios` float(13,4) NOT NULL,
  `tclaro` float(13,4) NOT NULL,
  `total` float(13,4) NOT NULL,
  `nroreg` int(10) unsigned NOT NULL,
  `mes` int(10) unsigned NOT NULL,
  `anio` int(10) unsigned NOT NULL,
  `secuencia` int(10) unsigned NOT NULL,
  `zona` int(10) unsigned NOT NULL,
  `idfactura` int(10) unsigned NOT NULL,
  `idfactclaro` int(10) unsigned NOT NULL,
  `secuenciaf` int(10) unsigned NOT NULL,
  PRIMARY KEY (`idfactclaro`) USING BTREE
) ENGINE=InnoDB DEFAULT CHARSET=latin1;

--
-- Dumping data for table `factclaro`
--

/*!40000 ALTER TABLE `factclaro` DISABLE KEYS */;
/*!40000 ALTER TABLE `factclaro` ENABLE KEYS */;


--
-- Definition of table `factuperiodos`
--

DROP TABLE IF EXISTS `factuperiodos`;
CREATE TABLE `factuperiodos` (
  `servicio` int(10) unsigned NOT NULL,
  `mes` int(10) unsigned NOT NULL,
  `anio` int(10) unsigned NOT NULL,
  `secuencia` int(10) unsigned NOT NULL,
  `zona` char(50) NOT NULL,
  `fechavenc1` char(8) NOT NULL,
  `fechavenc2` char(8) NOT NULL,
  `fechavenc3` char(8) NOT NULL,
  `proxvenc` char(8) NOT NULL,
  `fechatoma` char(8) NOT NULL,
  `fechaemite` char(8) NOT NULL,
  `fechadesco` char(8) NOT NULL,
  `impresas` char(1) NOT NULL,
  `confirmadas` char(1) NOT NULL,
  `cesp` char(50) NOT NULL,
  `cespvence` char(8) NOT NULL,
  `idperiodo` int(10) unsigned NOT NULL,
  PRIMARY KEY (`idperiodo`) USING BTREE
) ENGINE=InnoDB DEFAULT CHARSET=latin1;

--
-- Dumping data for table `factuperiodos`
--

/*!40000 ALTER TABLE `factuperiodos` DISABLE KEYS */;
/*!40000 ALTER TABLE `factuperiodos` ENABLE KEYS */;


--
-- Definition of table `factuprove`
--

DROP TABLE IF EXISTS `factuprove`;
CREATE TABLE `factuprove` (
  `idfactprove` int(10) unsigned NOT NULL,
  `idtipocompro` int(10) unsigned NOT NULL,
  `tipo` char(3) NOT NULL,
  `actividad` int(10) unsigned NOT NULL,
  `numero` int(10) unsigned NOT NULL,
  `fecha` char(8) NOT NULL,
  `entidad` int(10) unsigned NOT NULL,
  `apellido` char(254) NOT NULL,
  `nombre` char(254) NOT NULL,
  `cuit` char(13) NOT NULL,
  `dni` int(10) unsigned NOT NULL,
  `tipodoc` char(3) NOT NULL,
  `iva` int(10) unsigned NOT NULL,
  `condvta` int(10) unsigned NOT NULL,
  `nroremito` char(254) NOT NULL,
  `nropedido` char(254) NOT NULL,
  `neto` float(13,4) NOT NULL,
  `impuesto` float(13,4) NOT NULL,
  `total` float(13,4) NOT NULL,
  `fechacarga` char(8) NOT NULL,
  `fechaingreso` char(8) NOT NULL,
  `observa` char(254) NOT NULL,
  PRIMARY KEY (`idfactprove`) USING BTREE
) ENGINE=InnoDB DEFAULT CHARSET=latin1;

--
-- Dumping data for table `factuprove`
--

/*!40000 ALTER TABLE `factuprove` DISABLE KEYS */;
INSERT INTO `factuprove` (`idfactprove`,`idtipocompro`,`tipo`,`actividad`,`numero`,`fecha`,`entidad`,`apellido`,`nombre`,`cuit`,`dni`,`tipodoc`,`iva`,`condvta`,`nroremito`,`nropedido`,`neto`,`impuesto`,`total`,`fechacarga`,`fechaingreso`,`observa`) VALUES 
 (8,18,'A',1,123456,'20190723',1,'ROSSI','TULIO','20221414978',22141497,'80',2,3,'321654','12',1000.0000,210.0000,1210.0000,'20190723','20190723','obs'),
 (9,18,'A',1,789456,'20190723',1,'ROSSI','TULIO','20221414978',22141497,'80',2,3,'123456','1',1000.0000,210.0000,1210.0000,'20190723','20190723','obs2'),
 (10,18,'A',1,101,'20190723',1,'ROSSI','TULIO','20221414978',22141497,'80',2,1,'321','12',100.0000,21.0000,121.0000,'20190723','20190723',''),
 (11,18,'A',1,123456,'20190723',1,'ROSSI','TULIO','20221414978',22141497,'80',2,3,'1234','1',1100.0000,210.0000,1310.0000,'20190723','20190723',''),
 (13,18,'A',1,123456,'20190724',1,'ROSSI','TULIO','20221414978',22141497,'80',2,3,'1-12346','123',100.0000,21.0000,121.0000,'20190724','20190724','obs'),
 (14,18,'A',1,123,'20190725',1,'ROSSI','TULIO','20221414978',22141497,'80',2,3,'123','1',100.0000,0.0000,100.0000,'20190725','20190725',''),
 (15,18,'A',1,12333,'20190725',1,'ROSSI','TULIO','20221414978',22141497,'80',2,3,'123','1',1500.0000,210.0000,1710.0000,'20190725','20190725',''),
 (16,18,'A',1,1111,'20190725',1,'ROSSI','TULIO','20221414978',22141497,'80',2,1,'123123','12',110.0000,21.0000,131.0000,'20190725','20190725',''),
 (17,18,'A',1,12212,'20190725',1,'ROSSI','TULIO','20221414978',22141497,'80',2,2,'12','122',1100.0000,210.0000,1310.0000,'20190725','20190725','obs'),
 (18,18,'A',1,123123,'20190725',4,'Bonet','Pablo','20334684734',33468473,'80',2,3,'5465','1',1000.0000,0.0000,1000.0000,'20190725','20190725',''),
 (19,25,'A',1,12,'20190729',1,'ROSSI','TULIO','20221414978',22141497,'80',2,3,'','1',110.0000,21.0000,131.0000,'20190729','20190729',''),
 (20,18,'A',1,33322,'20190731',1,'ROSSI','TULIO','20221414978',22141497,'80',2,3,'1-123','565',650.0000,136.5000,786.5000,'20190731','20190731','factura prv'),
 (21,18,'A',1,1222,'20190731',1,'ROSSI','TULIO','20221414978',22141497,'80',2,3,'123','2',1520.0000,319.2000,1839.2000,'20190731','20190731',''),
 (23,18,'A',1,123456,'20190801',1,'ROSSI','TULIO','20221414978',22141497,'80',2,3,'1-1456','4698',1325.0000,278.2500,1603.2500,'20190801','20190801','compra con ajuste'),
 (24,18,'A',1,123456,'20190801',1,'ROSSI','TULIO','20221414978',22141497,'80',2,3,'123','1',1520.0000,319.2000,1839.2000,'20190801','20190801',''),
 (25,18,'A',1,123456,'20190801',1,'ROSSI','TULIO','20221414978',22141497,'80',2,3,'1-1478','58',1520.0000,319.2000,1839.2000,'20190801','20190801','factura proveedor con ajuste'),
 (26,18,'A',1,123456,'20190801',1,'ROSSI','TULIO','20221414978',22141497,'80',2,3,'2132','1',1520.0000,319.2000,1839.2000,'20190801','20190801',''),
 (27,18,'A',1,123456,'20190801',1,'ROSSI','TULIO','20221414978',22141497,'80',2,3,'1-1252','1',1520.0000,319.2000,1839.2000,'20190801','20190801',''),
 (28,18,'A',1,5468,'20190802',1,'ROSSI','TULIO','20221414978',22141497,'80',2,3,'123456','123',505.0000,106.0500,611.0500,'20190802','20190802',''),
 (29,18,'A',1,14578,'20190802',1,'ROSSI','TULIO','20221414978',22141497,'80',2,3,'125','2',505.0000,106.0500,611.0500,'20190802','20190802','obs'),
 (31,18,'A',1,123456,'20190921',1,'ROSSI','TULIO','20221414978',22141497,'80',2,3,'1232','12',10.0000,2.1000,12.1000,'20190921','20190921',''),
 (32,18,'A',1,123456,'20190921',1,'ROSSI','TULIO','20221414978',22141497,'80',2,3,'1232131','',10.0000,2.1000,12.1000,'20190921','20190921',''),
 (33,18,'A',1,123546,'20190921',1,'ROSSI','TULIO','20221414978',22141497,'80',2,3,'123','11',10.0000,2.1000,12.1000,'20190921','20190921',''),
 (34,18,'A',1,123456,'20190921',1,'ROSSI','TULIO','20221414978',22141497,'80',2,3,'123','321',10.0000,2.1000,12.1000,'20190921','20190921',''),
 (35,18,'A',1,12345,'20190921',1,'ROSSI','TULIO','20221414978',22141497,'80',2,3,'321','12',10.0000,2.1000,12.1000,'20190921','20190921',''),
 (36,18,'A',1,123,'20190921',1,'ROSSI','TULIO','20221414978',22141497,'80',2,3,'123','32',10.0000,2.1000,12.1000,'20190921','20190921',''),
 (37,18,'A',1,12365,'20190921',1,'ROSSI','TULIO','20221414978',22141497,'80',2,3,'123','1',10.0000,2.1000,12.1000,'20190921','20190921',''),
 (38,18,'A',1,1111,'20190921',1,'ROSSI','TULIO','20221414978',22141497,'80',2,3,'2222','3',10.0000,2.1000,12.1000,'20190921','20190921',''),
 (42,18,'A',1,123456,'20190921',1,'ROSSI','TULIO','20221414978',22141497,'80',2,1,'123456','12',1000.0000,210.0000,1210.0000,'20190921','20190921',''),
 (43,18,'A',1,123458,'20190921',1,'ROSSI','TULIO','20221414978',22141497,'80',2,1,'1789456','123',100.0000,21.0000,121.0000,'20190921','20190921',''),
 (44,18,'A',1,122,'20190921',1,'ROSSI','TULIO','20221414978',22141497,'80',2,1,'1-232','222',10.0000,2.1000,12.1000,'20190921','20190921',''),
 (46,18,'A',1,12548,'20190921',1,'ROSSI','TULIO','20221414978',22141497,'80',2,1,'123','55',100.0000,21.0000,121.0000,'20190921','20190921','');
/*!40000 ALTER TABLE `factuprove` ENABLE KEYS */;


--
-- Definition of table `factuproved`
--

DROP TABLE IF EXISTS `factuproved`;
CREATE TABLE `factuproved` (
  `idfactprove` int(10) unsigned NOT NULL,
  `idfactproveh` int(10) unsigned NOT NULL,
  `articulo` char(50) NOT NULL,
  `codigoprov` char(50) NOT NULL,
  `cantidad` int(10) unsigned NOT NULL,
  `unidad` char(50) NOT NULL,
  `detalle` char(254) NOT NULL,
  `unitario` float(13,4) NOT NULL,
  `impuestos` float(13,4) NOT NULL,
  `total` float(13,4) NOT NULL,
  `impuesto` int(10) unsigned NOT NULL,
  `razon` float(13,4) NOT NULL,
  PRIMARY KEY (`idfactproveh`) USING BTREE
) ENGINE=InnoDB DEFAULT CHARSET=latin1;

--
-- Dumping data for table `factuproved`
--

/*!40000 ALTER TABLE `factuproved` DISABLE KEYS */;
INSERT INTO `factuproved` (`idfactprove`,`idfactproveh`,`articulo`,`codigoprov`,`cantidad`,`unidad`,`detalle`,`unitario`,`impuestos`,`total`,`impuesto`,`razon`) VALUES 
 (21,2,'0101001','',10,'UNIDADES','Alambre de bajada c/autop.2 x 0.61',101.0000,212.1000,1222.1000,0,0.0000),
 (21,3,'0101002','',5,'UNIDADES','Alambre de bajada PVC 2 x 0.81',102.0000,107.1000,617.1000,0,0.0000),
 (23,4,'0101001','',5,'UNIDADES','Alambre de bajada c/autop.2 x 0.61',101.0000,106.0500,611.0500,0,0.0000),
 (23,5,'0101002','',10,'UNIDADES','Alambre de bajada PVC 2 x 0.81',102.0000,214.2000,1234.2000,0,0.0000),
 (24,6,'0101001','',10,'UNIDADES','Alambre de bajada c/autop.2 x 0.61',101.0000,212.1000,1222.1000,0,0.0000),
 (24,7,'0101002','',5,'UNIDADES','Alambre de bajada PVC 2 x 0.81',102.0000,107.1000,617.1000,0,0.0000),
 (25,8,'0101001','',10,'UNIDADES','Alambre de bajada c/autop.2 x 0.61',101.0000,212.1000,1222.1000,0,0.0000),
 (25,9,'0101002','',5,'UNIDADES','Alambre de bajada PVC 2 x 0.81',102.0000,107.1000,617.1000,0,0.0000),
 (26,10,'0101001','',10,'UNIDADES','Alambre de bajada c/autop.2 x 0.61',101.0000,212.1000,1222.1000,0,0.0000),
 (26,11,'0101002','',5,'UNIDADES','Alambre de bajada PVC 2 x 0.81',102.0000,107.1000,617.1000,0,0.0000),
 (27,12,'0101001','',10,'UNIDADES','Alambre de bajada c/autop.2 x 0.61',101.0000,212.1000,1222.1000,0,0.0000),
 (27,13,'0101002','',5,'UNIDADES','Alambre de bajada PVC 2 x 0.81',102.0000,107.1000,617.1000,0,0.0000),
 (28,14,'0101001','',5,'UNIDADES','Alambre de bajada c/autop.2 x 0.61',101.0000,106.0500,611.0500,0,0.0000),
 (29,15,'0101001','',5,'UNIDADES','Alambre de bajada c/autop.2 x 0.61',101.0000,106.0500,611.0500,0,0.0000),
 (31,16,'','',0,'','',0.0000,0.0000,0.0000,0,0.0000),
 (32,17,'','',0,'','',0.0000,0.0000,0.0000,0,0.0000),
 (33,18,'','',0,'','',0.0000,0.0000,0.0000,0,0.0000),
 (34,19,'','',0,'','',0.0000,0.0000,0.0000,0,0.0000),
 (35,20,'','',0,'','',0.0000,0.0000,0.0000,0,0.0000),
 (36,21,'','',0,'','',0.0000,0.0000,0.0000,0,0.0000),
 (37,22,'','',0,'','',0.0000,0.0000,0.0000,0,0.0000),
 (38,23,'0000913019','',1,'UNI','Armario Sala de informatica-2,00x7,52x0,75 Mts',1.0000,0.2100,1.2100,0,0.0000),
 (42,24,'','',0,'','',0.0000,0.0000,0.0000,0,0.0000),
 (43,25,'0000913019','',1,'UNI','Armario Sala de informatica-2,00x7,52x0,75 Mts',1.0000,0.2100,1.2100,0,0.0000),
 (44,26,'','',0,'','',0.0000,0.0000,0.0000,0,0.0000),
 (46,27,'','',0,'','',0.0000,0.0000,0.0000,0,0.0000);
/*!40000 ALTER TABLE `factuproved` ENABLE KEYS */;


--
-- Definition of table `factuproveimp`
--

DROP TABLE IF EXISTS `factuproveimp`;
CREATE TABLE `factuproveimp` (
  `idfactprove` int(10) unsigned NOT NULL,
  `impuesto` int(10) unsigned NOT NULL,
  `detalle` char(254) NOT NULL,
  `neto` float(13,4) NOT NULL,
  `razon` float(13,4) NOT NULL,
  `importe` float(13,4) NOT NULL
) ENGINE=InnoDB DEFAULT CHARSET=latin1;

--
-- Dumping data for table `factuproveimp`
--

/*!40000 ALTER TABLE `factuproveimp` DISABLE KEYS */;
INSERT INTO `factuproveimp` (`idfactprove`,`impuesto`,`detalle`,`neto`,`razon`,`importe`) VALUES 
 (9,1,'IVA 21%',1000.0000,21.0000,210.0000),
 (10,1,'IVA 21%',100.0000,21.0000,21.0000),
 (11,1,'IVA 21%',1000.0000,21.0000,210.0000),
 (13,1,'IVA 21%',100.0000,21.0000,21.0000),
 (15,1,'IVA 21%',1000.0000,21.0000,210.0000),
 (16,1,'IVA 21%',100.0000,21.0000,21.0000),
 (17,1,'IVA 21%',1000.0000,21.0000,210.0000),
 (17,4,'RETENCIONES IIBB',100.0000,0.0000,0.0000),
 (18,4,'RETENCIONES IIBB',1000.0000,0.0000,0.0000),
 (19,1,'IVA 21%',100.0000,21.0000,21.0000),
 (19,4,'RETENCIONES IIBB',10.0000,0.0000,0.0000),
 (21,1,'IVA 21%',1520.0000,21.0000,319.2000),
 (23,1,'IVA 21%',1325.0000,21.0000,278.2500),
 (24,1,'IVA 21%',1520.0000,21.0000,319.2000),
 (25,1,'IVA 21%',1520.0000,21.0000,319.2000),
 (26,1,'IVA 21%',1520.0000,21.0000,319.2000),
 (27,1,'IVA 21%',1520.0000,21.0000,319.2000),
 (28,1,'IVA 21%',505.0000,21.0000,106.0500),
 (29,1,'IVA 21%',505.0000,21.0000,106.0500),
 (31,1,'IVA 21%',10.0000,21.0000,2.1000),
 (32,1,'IVA 21%',10.0000,21.0000,2.1000),
 (33,1,'IVA 21%',10.0000,21.0000,2.1000),
 (34,1,'IVA 21%',10.0000,21.0000,2.1000),
 (35,1,'IVA 21%',10.0000,21.0000,2.1000),
 (36,1,'IVA 21%',10.0000,21.0000,2.1000),
 (37,1,'IVA 21%',10.0000,21.0000,2.1000),
 (38,1,'IVA 21%',10.0000,21.0000,2.1000),
 (42,1,'IVA 21%',1000.0000,21.0000,210.0000),
 (43,1,'IVA 21%',100.0000,21.0000,21.0000),
 (44,1,'IVA 21%',10.0000,21.0000,2.1000),
 (46,1,'IVA 21%',100.0000,21.0000,21.0000);
/*!40000 ALTER TABLE `factuproveimp` ENABLE KEYS */;


--
-- Definition of table `facturas`
--

DROP TABLE IF EXISTS `facturas`;
CREATE TABLE `facturas` (
  `idfactura` int(10) unsigned NOT NULL,
  `idcomproba` int(10) unsigned NOT NULL,
  `pventa` int(10) unsigned NOT NULL,
  `numero` int(10) unsigned NOT NULL,
  `tipo` char(1) NOT NULL,
  `fecha` char(8) NOT NULL,
  `entidad` int(10) unsigned NOT NULL,
  `servicio` int(10) unsigned NOT NULL,
  `cuenta` int(10) unsigned NOT NULL,
  `apellido` char(254) NOT NULL,
  `nombre` char(254) NOT NULL,
  `direccion` char(254) NOT NULL,
  `localidad` char(10) NOT NULL,
  `iva` int(10) unsigned NOT NULL,
  `cuit` char(13) NOT NULL,
  `tipodoc` char(3) NOT NULL,
  `dni` int(10) unsigned NOT NULL,
  `telefono` char(50) NOT NULL,
  `cp` char(50) NOT NULL,
  `fax` char(50) NOT NULL,
  `email` char(254) NOT NULL,
  `transporte` int(10) unsigned NOT NULL,
  `nomtransp` char(254) NOT NULL,
  `direntrega` char(254) NOT NULL,
  `stock` char(1) NOT NULL,
  `idtipoopera` int(10) unsigned NOT NULL,
  `neto` float(13,4) NOT NULL,
  `subtotal` float(13,4) NOT NULL,
  `descuento` float(13,4) NOT NULL,
  `recargo` float(13,4) NOT NULL,
  `total` float(13,4) NOT NULL,
  `totalimpu` float(13,4) NOT NULL,
  `operexenta` char(1) NOT NULL,
  `anulado` char(1) NOT NULL,
  `observa1` char(254) NOT NULL,
  `observa2` char(254) NOT NULL,
  `observa3` char(254) NOT NULL,
  `observa4` char(254) NOT NULL,
  `idperiodo` int(10) unsigned NOT NULL,
  `ruta1` int(10) unsigned NOT NULL,
  `folio1` int(10) unsigned NOT NULL,
  `ruta2` int(10) unsigned NOT NULL,
  `folio2` int(10) unsigned NOT NULL,
  `fechavenc1` char(8) NOT NULL,
  `fechavenc2` char(8) NOT NULL,
  `fechavenc3` char(8) NOT NULL,
  `proxvenc` char(8) NOT NULL,
  `confirmada` char(1) NOT NULL,
  `astoconta` int(10) unsigned NOT NULL,
  `deudacta` float(13,4) NOT NULL,
  `cespcae` char(100) NOT NULL,
  `caecespven` char(8) NOT NULL,
  `vendedor` int(10) unsigned NOT NULL,
  PRIMARY KEY (`idfactura`) USING BTREE
) ENGINE=InnoDB DEFAULT CHARSET=latin1;

--
-- Dumping data for table `facturas`
--

/*!40000 ALTER TABLE `facturas` DISABLE KEYS */;
INSERT INTO `facturas` (`idfactura`,`idcomproba`,`pventa`,`numero`,`tipo`,`fecha`,`entidad`,`servicio`,`cuenta`,`apellido`,`nombre`,`direccion`,`localidad`,`iva`,`cuit`,`tipodoc`,`dni`,`telefono`,`cp`,`fax`,`email`,`transporte`,`nomtransp`,`direntrega`,`stock`,`idtipoopera`,`neto`,`subtotal`,`descuento`,`recargo`,`total`,`totalimpu`,`operexenta`,`anulado`,`observa1`,`observa2`,`observa3`,`observa4`,`idperiodo`,`ruta1`,`folio1`,`ruta2`,`folio2`,`fechavenc1`,`fechavenc2`,`fechavenc3`,`proxvenc`,`confirmada`,`astoconta`,`deudacta`,`cespcae`,`caecespven`,`vendedor`) VALUES 
 (1,1,3,1,'A','20180308',1,0,0,'ROSSI','TULIO','Avellaneda 6737','3',2,'20221414978','80',22141497,'4693586','3000','4693586','trossi@cosemar.com.ar',4,'Bonet Pablo','Avellaneda 6737','',0,505.0000,505.0000,0.0000,0.0000,611.0500,106.0500,'','N','','','','',0,0,0,0,0,'','','','','',0,0.0000,'','',1),
 (2,1,3,1,'A','20180308',1,0,0,'ROSSI','TULIO','Avellaneda 6737','3',2,'20221414978','80',22141497,'4693586','3000','4693586','trossi@cosemar.com.ar',4,'Bonet Pablo','Avellaneda 6737','',0,505.0000,505.0000,0.0000,0.0000,611.0500,106.0500,'','N','','','','',0,0,0,0,0,'','','','','',0,0.0000,'','',1),
 (3,1,3,1,'A','20180308',1,0,0,'ROSSI','TULIO','Avellaneda 6737','3',2,'20221414978','80',22141497,'4693586','3000','4693586','trossi@cosemar.com.ar',4,'Bonet Pablo','Avellaneda 6737','',0,505.0000,505.0000,0.0000,0.0000,611.0500,106.0500,'','N','','','','',0,0,0,0,0,'','','','','',0,0.0000,'','',1),
 (4,1,3,1,'A','20180308',1,0,0,'ROSSI','TULIO','Avellaneda 6737','3',2,'20221414978','80',22141497,'4693586','3000','4693586','trossi@cosemar.com.ar',4,'Bonet Pablo','Avellaneda 6737','',0,505.0000,505.0000,0.0000,0.0000,611.0500,106.0500,'','N','','','','',0,0,0,0,0,'','','','','',0,0.0000,'','',1),
 (5,1,4,16,'A','20180308',1,0,0,'ROSSI','TULIO','Avellaneda 6737','3',2,'20221414978','80',22141497,'4693586','3000','4693586','trossi@cosemar.com.ar',4,'Bonet Pablo','Avellaneda 6737','',0,505.0000,505.0000,0.0000,0.0000,611.0500,106.0500,'','N','','','','',0,0,0,0,0,'','','','','',0,0.0000,'','',1),
 (6,1,4,17,'A','20180308',1,0,0,'ROSSI','TULIO','Avellaneda 6737','3',2,'20221414978','80',22141497,'4693586','3000','4693586','trossi@cosemar.com.ar',4,'Bonet Pablo','Avellaneda 6737','',0,505.0000,505.0000,0.0000,0.0000,611.0500,106.0500,'','N','','','','',0,0,0,0,0,'','','','','',0,0.0000,'','',1),
 (7,1,3,1,'A','20180309',1,0,0,'ROSSI','TULIO','Avellaneda 6737','3',2,'20221414978','80',22141497,'4693586','3000','4693586','trossi@cosemar.com.ar',4,'Bonet Pablo','Avellaneda 6737','',0,505.0000,505.0000,0.0000,0.0000,611.0500,106.0500,'','N','','','','',0,0,0,0,0,'','','','','',0,0.0000,'','',1),
 (8,1,3,1,'A','20180309',1,0,0,'ROSSI','TULIO','Avellaneda 6737','3',2,'20221414978','80',22141497,'4693586','3000','4693586','trossi@cosemar.com.ar',4,'Bonet Pablo','Avellaneda 6737','',0,606.0000,606.0000,0.0000,0.0000,733.2600,127.2600,'','N','','','','',0,0,0,0,0,'','','','','',0,0.0000,'','',1),
 (9,1,3,1,'A','20180309',1,0,0,'ROSSI','TULIO','Avellaneda 6737','3',2,'20221414978','80',22141497,'4693586','3000','4693586','trossi@cosemar.com.ar',4,'Bonet Pablo','Avellaneda 6737','',0,606.0000,606.0000,0.0000,0.0000,733.2600,127.2600,'','N','','','','',0,0,0,0,0,'','','','','',0,0.0000,'','',1),
 (10,1,4,19,'A','20180309',1,0,0,'ROSSI','TULIO','Avellaneda 6737','3',2,'20221414978','80',22141497,'4693586','3000','4693586','trossi@cosemar.com.ar',4,'Bonet Pablo','Avellaneda 6737','',0,606.0000,606.0000,0.0000,0.0000,733.2600,127.2600,'','N','','','','',0,0,0,0,0,'','','','','',0,0.0000,'','',1),
 (11,1,4,20,'A','20180309',1,0,0,'ROSSI','TULIO','Avellaneda 6737','3',2,'20221414978','80',22141497,'4693586','3000','4693586','trossi@cosemar.com.ar',4,'Bonet Pablo','Avellaneda 6737','',0,606.0000,606.0000,0.0000,0.0000,733.2600,127.2600,'','N','','','','',0,0,0,0,0,'','','','','',0,0.0000,'','',1),
 (12,1,4,1,'A','20180309',1,0,0,'ROSSI','TULIO','Avellaneda 6737','3',2,'20221414978','80',22141497,'4693586','3000','4693586','trossi@cosemar.com.ar',4,'Bonet Pablo','Avellaneda 6737','',0,404.0000,404.0000,0.0000,0.0000,407.3600,3.3600,'','N','','','','',0,0,0,0,0,'','','','','',0,0.0000,'','',1),
 (13,1,4,21,'A','20180309',1,0,0,'ROSSI','TULIO','Avellaneda 6737','3',2,'20221414978','80',22141497,'4693586','3000','4693586','trossi@cosemar.com.ar',4,'Bonet Pablo','Avellaneda 6737','',0,404.0000,404.0000,0.0000,0.0000,488.8400,84.8400,'','N','','','','',0,0,0,0,0,'','','','','',0,0.0000,'','',1),
 (14,1,4,22,'A','20180309',1,0,0,'ROSSI','TULIO','Avellaneda 6737','3',2,'20221414978','80',22141497,'4693586','3000','4693586','trossi@cosemar.com.ar',4,'Bonet Pablo','Avellaneda 6737','',0,404.0000,404.0000,0.0000,0.0000,488.8400,84.8400,'','N','','','','',0,0,0,0,0,'','','','','',0,0.0000,'','',1),
 (15,1,4,23,'A','20180309',1,0,0,'ROSSI','TULIO','Avellaneda 6737','3',2,'20221414978','80',22141497,'4693586','3000','4693586','trossi@cosemar.com.ar',4,'Bonet Pablo','Avellaneda 6737','',0,606.0000,606.0000,0.0000,0.0000,733.2600,127.2600,'','N','','','','',0,0,0,0,0,'','','','','',0,0.0000,'','',1),
 (16,1,4,24,'A','20180309',1,0,0,'ROSSI','TULIO','Avellaneda 6737','3',2,'20221414978','80',22141497,'4693586','3000','4693586','trossi@cosemar.com.ar',4,'Bonet Pablo','Avellaneda 6737','',0,606.0000,606.0000,0.0000,0.0000,733.2600,127.2600,'','N','','','','',0,0,0,0,0,'','','','','',0,0.0000,'','',1),
 (17,1,4,25,'A','20180309',1,0,0,'ROSSI','TULIO','Avellaneda 6737','3',2,'20221414978','80',22141497,'4693586','3000','4693586','trossi@cosemar.com.ar',4,'Bonet Pablo','Avellaneda 6737','',0,606.0000,606.0000,0.0000,0.0000,733.2600,127.2600,'','N','','','','',0,0,0,0,0,'','','','','',0,0.0000,'','',1),
 (18,1,4,26,'A','20180309',1,0,0,'ROSSI','TULIO','Avellaneda 6737','3',2,'20221414978','80',22141497,'4693586','3000','4693586','trossi@cosemar.com.ar',4,'Bonet Pablo','Avellaneda 6737','',0,404.0000,404.0000,0.0000,0.0000,488.8400,84.8400,'','N','','','','',0,0,0,0,0,'','','','','',0,0.0000,'','',1),
 (19,1,4,27,'A','20180309',1,0,0,'ROSSI','TULIO','Avellaneda 6737','3',2,'20221414978','80',22141497,'4693586','3000','4693586','trossi@cosemar.com.ar',4,'Bonet Pablo','Avellaneda 6737','',0,505.0000,505.0000,0.0000,0.0000,611.0500,106.0500,'','N','','','','',0,0,0,0,0,'','','','','',0,0.0000,'','',1),
 (20,1,4,28,'A','20180309',1,0,0,'ROSSI','TULIO','Avellaneda 6737','3',2,'20221414978','80',22141497,'4693586','3000','4693586','trossi@cosemar.com.ar',4,'Bonet Pablo','Avellaneda 6737','',0,606.0000,606.0000,0.0000,0.0000,733.2600,127.2600,'','N','','','','',0,0,0,0,0,'','','','','',0,0.0000,'','',1),
 (21,1,4,29,'A','20180309',1,0,0,'ROSSI','TULIO','Avellaneda 6737','3',2,'20221414978','80',22141497,'4693586','3000','4693586','trossi@cosemar.com.ar',4,'Bonet Pablo','Avellaneda 6737','',0,404.0000,404.0000,0.0000,0.0000,488.8400,84.8400,'','N','','','','',0,0,0,0,0,'','','','','',0,0.0000,'','',1),
 (22,1,4,30,'A','20180309',1,0,0,'ROSSI','TULIO','Avellaneda 6737','3',2,'20221414978','80',22141497,'4693586','3000','4693586','trossi@cosemar.com.ar',4,'Bonet Pablo','Avellaneda 6737','',0,404.0000,404.0000,0.0000,0.0000,488.8400,84.8400,'','N','','','','',0,0,0,0,0,'','','','','',0,0.0000,'','',1),
 (23,1,4,31,'A','20180309',1,0,0,'ROSSI','TULIO','Avellaneda 6737','3',2,'20221414978','80',22141497,'4693586','3000','4693586','trossi@cosemar.com.ar',4,'Bonet Pablo','Avellaneda 6737','',0,404.0000,404.0000,0.0000,0.0000,488.8400,84.8400,'','N','','','','',0,0,0,0,0,'','','','','',0,0.0000,'','',1),
 (24,1,4,32,'A','20180309',1,0,0,'ROSSI','TULIO','Avellaneda 6737','3',2,'20221414978','80',22141497,'4693586','3000','4693586','trossi@cosemar.com.ar',4,'Bonet Pablo','Avellaneda 6737','',0,404.0000,404.0000,0.0000,0.0000,488.8400,84.8400,'','N','','','','',0,0,0,0,0,'','','','','',0,0.0000,'','',1),
 (25,1,4,1,'A','20180310',1,0,0,'ROSSI','TULIO','Avellaneda 6737','3',2,'20221414978','80',22141497,'4693586','3000','4693586','trossi@cosemar.com.ar',4,'Bonet Pablo','Avellaneda 6737','',0,404.0000,404.0000,0.0000,0.0000,488.8400,84.8400,'','N','','','','',0,0,0,0,0,'','','','','',0,0.0000,'','',1),
 (26,1,4,1,'A','20180310',1,0,0,'ROSSI','TULIO','Avellaneda 6737','3',2,'20221414978','80',22141497,'4693586','3000','4693586','trossi@cosemar.com.ar',4,'Bonet Pablo','Avellaneda 6737','',0,404.0000,404.0000,0.0000,0.0000,488.8400,84.8400,'','N','','','','',0,0,0,0,0,'','','','','',0,0.0000,'','',1),
 (27,1,4,33,'A','20180310',1,0,0,'ROSSI','TULIO','Avellaneda 6737','3',2,'20221414978','80',22141497,'4693586','3000','4693586','trossi@cosemar.com.ar',4,'Bonet Pablo','Avellaneda 6737','',0,510.0000,510.0000,0.0000,0.0000,617.1000,107.1000,'','N','','','','',0,0,0,0,0,'','','','','',0,0.0000,'','',1),
 (28,1,4,34,'A','20180310',1,0,0,'ROSSI','TULIO','Avellaneda 6737','3',2,'20221414978','80',22141497,'4693586','3000','4693586','trossi@cosemar.com.ar',4,'Bonet Pablo','Avellaneda 6737','',0,505.0000,505.0000,0.0000,0.0000,611.0500,106.0500,'','N','','','','',0,0,0,0,0,'','','','','',0,0.0000,'','',1),
 (29,1,4,35,'A','20180312',1,0,0,'ROSSI','TULIO','Avellaneda 6737','3',2,'20221414978','80',22141497,'4693586','3000','4693586','trossi@cosemar.com.ar',4,'Bonet Pablo','Avellaneda 6737','',0,505.0000,505.0000,0.0000,0.0000,611.0500,106.0500,'','N','','','','',0,0,0,0,0,'','','','','',0,0.0000,'','',1),
 (30,1,4,36,'A','20180312',1,0,0,'ROSSI','TULIO','Avellaneda 6737','3',2,'20221414978','80',22141497,'4693586','3000','4693586','trossi@cosemar.com.ar',4,'Bonet Pablo','Avellaneda 6737','',0,505.0000,505.0000,0.0000,0.0000,611.0500,106.0500,'','N','','','','',0,0,0,0,0,'','','','','',0,0.0000,'','',1),
 (31,1,4,37,'A','20180312',1,0,0,'ROSSI','TULIO','Avellaneda 6737','3',2,'20221414978','80',22141497,'4693586','3000','4693586','trossi@cosemar.com.ar',4,'Bonet Pablo','Avellaneda 6737','',0,404.0000,404.0000,0.0000,0.0000,488.8400,84.8400,'','N','','','','',0,0,0,0,0,'','','','','',0,0.0000,'','',1),
 (32,1,4,38,'A','20180312',1,0,0,'ROSSI','TULIO','Avellaneda 6737','3',2,'20221414978','80',22141497,'4693586','3000','4693586','trossi@cosemar.com.ar',4,'Bonet Pablo','Avellaneda 6737','',0,202.0000,202.0000,0.0000,0.0000,244.4200,42.4200,'','N','','','','',0,0,0,0,0,'','','','','',0,0.0000,'','',1),
 (33,1,4,39,'A','20180313',1,0,0,'ROSSI','TULIO','Avellaneda 6737','3',2,'20221414978','80',22141497,'4693586','3000','4693586','trossi@cosemar.com.ar',4,'Bonet Pablo','Avellaneda 6737','',0,101.0000,101.0000,0.0000,0.0000,122.2100,21.2100,'','N','','','','',0,0,0,0,0,'','','','','',0,0.0000,'','',1),
 (34,1,4,40,'A','20180313',1,0,0,'ROSSI','TULIO','Avellaneda 6737','3',2,'20221414978','80',22141497,'4693586','3000','4693586','trossi@cosemar.com.ar',4,'Bonet Pablo','Avellaneda 6737','',0,303.0000,303.0000,0.0000,0.0000,366.6300,63.6300,'','N','','','','',0,0,0,0,0,'','','','','',0,0.0000,'','',1),
 (35,1,4,41,'A','20180313',1,0,0,'ROSSI','TULIO','Avellaneda 6737','3',2,'20221414978','80',22141497,'4693586','3000','4693586','trossi@cosemar.com.ar',4,'Bonet Pablo','Avellaneda 6737','',0,303.0000,303.0000,0.0000,0.0000,366.6300,63.6300,'','N','','','','',0,0,0,0,0,'','','','','',0,0.0000,'','',1),
 (36,1,4,42,'A','20180313',1,0,0,'ROSSI','TULIO','Avellaneda 6737','3',2,'20221414978','80',22141497,'4693586','3000','4693586','trossi@cosemar.com.ar',4,'Bonet Pablo','Avellaneda 6737','',0,202.0000,202.0000,0.0000,0.0000,244.4200,42.4200,'','N','','','','',0,0,0,0,0,'','','','','',0,0.0000,'','',1),
 (37,1,4,43,'A','20180313',1,0,0,'ROSSI','TULIO','Avellaneda 6737','3',2,'20221414978','80',22141497,'4693586','3000','4693586','trossi@cosemar.com.ar',4,'Bonet Pablo','Avellaneda 6737','',0,303.0000,303.0000,0.0000,0.0000,366.6300,63.6300,'','N','','','','',0,0,0,0,0,'','','','','',0,0.0000,'','',1),
 (38,1,4,44,'A','20180313',1,0,0,'ROSSI','TULIO','Avellaneda 6737','3',2,'20221414978','80',22141497,'4693586','3000','4693586','trossi@cosemar.com.ar',4,'Bonet Pablo','Avellaneda 6737','',0,202.0000,202.0000,0.0000,0.0000,244.4200,42.4200,'','N','','','','',0,0,0,0,0,'','','','','',0,0.0000,'','',1),
 (39,1,4,45,'A','20180313',1,0,0,'ROSSI','TULIO','Avellaneda 6737','3',2,'20221414978','80',22141497,'4693586','3000','4693586','trossi@cosemar.com.ar',4,'Bonet Pablo','Avellaneda 6737','',0,303.0000,303.0000,0.0000,0.0000,366.6300,63.6300,'','N','','','','',0,0,0,0,0,'','','','','',0,0.0000,'','',1),
 (40,1,4,46,'A','20180313',1,0,0,'ROSSI','TULIO','Avellaneda 6737','3',2,'20221414978','80',22141497,'4693586','3000','4693586','trossi@cosemar.com.ar',4,'Bonet Pablo','Avellaneda 6737','',0,303.0000,303.0000,0.0000,0.0000,366.6300,63.6300,'','N','','','','',0,0,0,0,0,'','','','','',0,0.0000,'','',1),
 (41,1,4,47,'A','20180313',1,0,0,'ROSSI','TULIO','Avellaneda 6737','3',2,'20221414978','80',22141497,'4693586','3000','4693586','trossi@cosemar.com.ar',4,'Bonet Pablo','Avellaneda 6737','',0,303.0000,303.0000,0.0000,0.0000,366.6300,63.6300,'','N','','','','',0,0,0,0,0,'','','','','',0,0.0000,'','',1),
 (42,1,4,48,'A','20180313',1,0,0,'ROSSI','TULIO','Avellaneda 6737','3',2,'20221414978','80',22141497,'4693586','3000','4693586','trossi@cosemar.com.ar',4,'Bonet Pablo','Avellaneda 6737','',0,303.0000,303.0000,0.0000,0.0000,366.6300,63.6300,'','N','','','','',0,0,0,0,0,'','','','','',0,0.0000,'','',1),
 (43,1,4,49,'A','20180313',1,0,0,'ROSSI','TULIO','Avellaneda 6737','3',2,'20221414978','80',22141497,'4693586','3000','4693586','trossi@cosemar.com.ar',4,'Bonet Pablo','Avellaneda 6737','',0,404.0000,404.0000,0.0000,0.0000,488.8400,84.8400,'','N','','','','',0,0,0,0,0,'','','','','',0,0.0000,'','',1),
 (44,1,4,1,'A','20180315',1,0,0,'ROSSI','TULIO','Avellaneda 6737','3',2,'20221414978','80',22141497,'4693586','3000','4693586','trossi@cosemar.com.ar',4,'Bonet Pablo','Avellaneda 6737','',0,306.0000,306.0000,0.0000,0.0000,370.2600,64.2600,'','N','','','','',0,0,0,0,0,'','','','','',0,0.0000,'','',1),
 (45,1,4,1,'A','20180315',1,0,0,'ROSSI','TULIO','Avellaneda 6737','3',2,'20221414978','80',22141497,'4693586','3000','4693586','trossi@cosemar.com.ar',4,'Bonet Pablo','Avellaneda 6737','',0,303.0000,303.0000,0.0000,0.0000,366.6300,63.6300,'','N','','','','',0,0,0,0,0,'','','','','',0,0.0000,'','',1),
 (46,1,4,1,'A','20180315',1,0,0,'ROSSI','TULIO','Avellaneda 6737','3',2,'20221414978','80',22141497,'4693586','3000','4693586','trossi@cosemar.com.ar',4,'Bonet Pablo','Avellaneda 6737','',0,303.0000,303.0000,0.0000,0.0000,366.6300,63.6300,'','N','','','','',0,0,0,0,0,'','','','','',0,0.0000,'','',1),
 (47,1,4,1,'A','20180315',1,0,0,'ROSSI','TULIO','Avellaneda 6737','3',2,'20221414978','80',22141497,'4693586','3000','4693586','trossi@cosemar.com.ar',4,'Bonet Pablo','Avellaneda 6737','',0,202.0000,202.0000,0.0000,0.0000,244.4200,42.4200,'','N','','','','',0,0,0,0,0,'','','','','',0,0.0000,'','',1),
 (48,4,4,44,'A','20180316',1,0,0,'ROSSI','TULIO','Avellaneda 6737','3',2,'20221414978','80',22141497,'4693586','3000','4693586','trossi@cosemar.com.ar',4,'Bonet Pablo','Avellaneda 6737','',0,306.0000,306.0000,0.0000,0.0000,370.2600,64.2600,'','N','','','','',0,0,0,0,0,'','','','','',0,0.0000,'','',1),
 (49,4,4,44,'A','20180316',1,0,0,'ROSSI','TULIO','Avellaneda 6737','3',2,'20221414978','80',22141497,'4693586','3000','4693586','trossi@cosemar.com.ar',4,'Bonet Pablo','Avellaneda 6737','',0,202.0000,202.0000,0.0000,0.0000,244.4200,42.4200,'','N','','','','',0,0,0,0,0,'','','','','',0,0.0000,'','',1),
 (50,4,4,44,'A','20180316',1,0,0,'ROSSI','TULIO','Avellaneda 6737','3',2,'20221414978','80',22141497,'4693586','3000','4693586','trossi@cosemar.com.ar',4,'Bonet Pablo','Avellaneda 6737','',0,202.0000,202.0000,0.0000,0.0000,244.4200,42.4200,'','N','','','','',0,0,0,0,0,'','','','','',0,0.0000,'','',1),
 (51,4,4,44,'A','20180316',1,0,0,'ROSSI','TULIO','Avellaneda 6737','3',2,'20221414978','80',22141497,'4693586','3000','4693586','trossi@cosemar.com.ar',4,'Bonet Pablo','Avellaneda 6737','',0,303.0000,303.0000,0.0000,0.0000,366.6300,63.6300,'','N','','','','',0,0,0,0,0,'','','','','',0,0.0000,'','',1),
 (52,4,4,44,'A','20180316',1,0,0,'ROSSI','TULIO','Avellaneda 6737','3',2,'20221414978','80',22141497,'4693586','3000','4693586','trossi@cosemar.com.ar',4,'Bonet Pablo','Avellaneda 6737','',0,202.0000,202.0000,0.0000,0.0000,244.4200,42.4200,'','N','','','','',0,0,0,0,0,'','','','','',0,0.0000,'','',1),
 (53,4,4,44,'A','20180316',1,0,0,'ROSSI','TULIO','Avellaneda 6737','3',2,'20221414978','80',22141497,'4693586','3000','4693586','trossi@cosemar.com.ar',4,'Bonet Pablo','Avellaneda 6737','',0,102.0000,102.0000,0.0000,0.0000,123.4200,21.4200,'','N','','','','',0,0,0,0,0,'','','','','',0,0.0000,'','',1),
 (54,1,4,1,'A','20180316',1,0,0,'ROSSI','TULIO','Avellaneda 6737','3',2,'20221414978','80',22141497,'4693586','3000','4693586','trossi@cosemar.com.ar',4,'Bonet Pablo','Avellaneda 6737','',0,202.0000,202.0000,0.0000,0.0000,244.4200,42.4200,'','N','','','','',0,0,0,0,0,'','','','','',0,0.0000,'','',1),
 (55,1,4,2,'A','20180316',1,0,0,'ROSSI','TULIO','Avellaneda 6737','3',2,'20221414978','80',22141497,'4693586','3000','4693586','trossi@cosemar.com.ar',4,'Bonet Pablo','Avellaneda 6737','',0,303.0000,303.0000,0.0000,0.0000,366.6300,63.6300,'','N','','','','',0,0,0,0,0,'','','','','',0,0.0000,'','',1),
 (56,1,4,3,'A','20180316',1,0,0,'ROSSI','TULIO','Avellaneda 6737','3',2,'20221414978','80',22141497,'4693586','3000','4693586','trossi@cosemar.com.ar',4,'Bonet Pablo','Avellaneda 6737','',0,303.0000,303.0000,0.0000,0.0000,366.6300,63.6300,'','N','','','','',0,0,0,0,0,'','','','','',0,0.0000,'','',1),
 (57,1,4,4,'A','20180316',1,0,0,'ROSSI','TULIO','Avellaneda 6737','3',2,'20221414978','80',22141497,'4693586','3000','4693586','trossi@cosemar.com.ar',4,'Bonet Pablo','Avellaneda 6737','',0,202.0000,202.0000,0.0000,0.0000,244.4200,42.4200,'','N','','','','',0,0,0,0,0,'','','','','',0,0.0000,'','',1),
 (58,1,4,5,'A','20180316',1,0,0,'ROSSI','TULIO','Avellaneda 6737','3',2,'20221414978','80',22141497,'4693586','3000','4693586','trossi@cosemar.com.ar',4,'Bonet Pablo','Avellaneda 6737','',0,303.0000,303.0000,0.0000,0.0000,366.6300,63.6300,'','N','','','','',0,0,0,0,0,'','','','','',0,0.0000,'','',1),
 (59,1,4,6,'A','20180316',1,0,0,'ROSSI','TULIO','Avellaneda 6737','3',2,'20221414978','80',22141497,'4693586','3000','4693586','trossi@cosemar.com.ar',4,'Bonet Pablo','Avellaneda 6737','',0,204.0000,204.0000,0.0000,0.0000,246.8400,42.8400,'','N','','','','',0,0,0,0,0,'','','','','',0,0.0000,'','',1),
 (60,1,4,7,'A','20180316',1,0,0,'ROSSI','TULIO','Avellaneda 6737','3',2,'20221414978','80',22141497,'4693586','3000','4693586','trossi@cosemar.com.ar',4,'Bonet Pablo','Avellaneda 6737','',0,204.0000,204.0000,0.0000,0.0000,246.8400,42.8400,'','N','','','','',0,0,0,0,0,'','','','','',0,0.0000,'','',1),
 (61,1,4,8,'A','20180316',1,0,0,'ROSSI','TULIO','Avellaneda 6737','3',2,'20221414978','80',22141497,'4693586','3000','4693586','trossi@cosemar.com.ar',4,'Bonet Pablo','Avellaneda 6737','',0,202.0000,202.0000,0.0000,0.0000,244.4200,42.4200,'','N','','','','',0,0,0,0,0,'','','','','',0,0.0000,'','',1),
 (62,1,4,9,'A','20180317',1,0,0,'ROSSI','TULIO','Avellaneda 6737','3',2,'20221414978','80',22141497,'4693586','3000','4693586','trossi@cosemar.com.ar',4,'Bonet Pablo','Avellaneda 6737','',0,303.0000,303.0000,0.0000,0.0000,366.6300,63.6300,'','N','','','','',0,0,0,0,0,'','','','','',0,0.0000,'','',1),
 (63,1,4,63,'A','20180317',1,0,0,'ROSSI','TULIO','Avellaneda 6737','3',2,'20221414978','80',22141497,'4693586','3000','4693586','trossi@cosemar.com.ar',4,'Bonet Pablo','Avellaneda 6737','',0,101.0000,101.0000,0.0000,0.0000,122.2100,21.2100,'','N','','','','',0,0,0,0,0,'','','','','',0,0.0000,'','',1),
 (64,1,4,10,'A','20180317',1,0,0,'ROSSI','TULIO','Avellaneda 6737','3',2,'20221414978','80',22141497,'4693586','3000','4693586','trossi@cosemar.com.ar',4,'Bonet Pablo','Avellaneda 6737','',0,303.0000,303.0000,0.0000,0.0000,366.6300,63.6300,'','N','','','','',0,0,0,0,0,'','','','','',0,0.0000,'','',1),
 (65,1,4,11,'A','20180317',1,0,0,'ROSSI','TULIO','Avellaneda 6737','3',2,'20221414978','80',22141497,'4693586','3000','4693586','trossi@cosemar.com.ar',4,'Bonet Pablo','Avellaneda 6737','',0,202.0000,202.0000,0.0000,0.0000,244.4200,42.4200,'','N','','','','',0,0,0,0,0,'','','','','',0,0.0000,'','',1),
 (66,1,4,12,'A','20180317',1,0,0,'ROSSI','TULIO','Avellaneda 6737','3',2,'20221414978','80',22141497,'4693586','3000','4693586','trossi@cosemar.com.ar',4,'Bonet Pablo','Avellaneda 6737','',0,101.0000,101.0000,0.0000,0.0000,122.2100,21.2100,'','N','','','','',0,0,0,0,0,'','','','','',0,0.0000,'','',1),
 (67,1,4,50,'A','20180317',1,0,0,'ROSSI','TULIO','Avellaneda 6737','3',2,'20221414978','80',22141497,'4693586','3000','4693586','trossi@cosemar.com.ar',4,'Bonet Pablo','Avellaneda 6737','',0,101.0000,101.0000,0.0000,0.0000,122.2100,21.2100,'','N','','','','',0,0,0,0,0,'','','','','',0,0.0000,'','',1),
 (68,1,4,51,'A','20180320',1,0,0,'ROSSI','TULIO','Avellaneda 6737','3',2,'20221414978','80',22141497,'4693586','3000','4693586','trossi@cosemar.com.ar',4,'Bonet Pablo','Avellaneda 6737','',0,202.0000,202.0000,0.0000,0.0000,244.4200,42.4200,'','N','','','','',0,0,0,0,0,'','','','','',0,0.0000,'','',1),
 (69,1,4,52,'A','20180320',0,0,0,'ROSSI TULIO','','Avellaneda 6737','',0,'','99',0,'','','','',4,'Bonet Pablo','Avellaneda 6737','',0,202.0000,202.0000,0.0000,0.0000,244.4200,42.4200,'','N','','','','',0,0,0,0,0,'','','','','',0,0.0000,'','',1),
 (70,1,4,52,'A','20180320',1,0,0,'ROSSI','TULIO','Avellaneda 6737','3',2,'20221414978','80',22141497,'4693586','3000','4693586','trossi@cosemar.com.ar',4,'Bonet Pablo','Avellaneda 6737','',0,202.0000,202.0000,0.0000,0.0000,244.4200,42.4200,'','N','','','','',0,0,0,0,0,'','','','','',0,0.0000,'','',1),
 (71,1,4,53,'A','20180320',1,0,0,'ROSSI','TULIO','Avellaneda 6737','3',2,'20221414978','80',22141497,'4693586','3000','4693586','trossi@cosemar.com.ar',4,'Bonet Pablo','Avellaneda 6737','',0,202.0000,202.0000,0.0000,0.0000,244.4200,42.4200,'','N','','','','',0,0,0,0,0,'','','','','',0,0.0000,'','',1),
 (72,1,4,54,'A','20180320',1,0,0,'ROSSI','TULIO','Avellaneda 6737','3',2,'20221414978','80',22141497,'4693586','3000','4693586','trossi@cosemar.com.ar',4,'Bonet Pablo','Avellaneda 6737','',0,202.0000,202.0000,0.0000,0.0000,244.4200,42.4200,'','N','','','','',0,0,0,0,0,'','','','','',0,0.0000,'','',1),
 (73,1,4,54,'A','20180320',1,0,0,'ROSSI','TULIO','Avellaneda 6737','3',2,'20221414978','80',22141497,'4693586','3000','4693586','trossi@cosemar.com.ar',4,'Bonet Pablo','Avellaneda 6737','',0,202.0000,202.0000,0.0000,0.0000,244.4200,42.4200,'','N','','','','',0,0,0,0,0,'','','','','',0,0.0000,'','',1),
 (74,1,4,55,'A','20180321',1,0,0,'ROSSI','TULIO','Avellaneda 6737','3',2,'20221414978','80',22141497,'4693586','3000','4693586','trossi@cosemar.com.ar',4,'Bonet Pablo','Avellaneda 6737','',0,202.0000,202.0000,0.0000,0.0000,244.4200,42.4200,'','N','','','','',0,0,0,0,0,'','','','','',0,0.0000,'','',1),
 (75,1,4,56,'A','20180321',1,0,0,'ROSSI','TULIO','Avellaneda 6737','3',2,'20221414978','80',22141497,'4693586','3000','4693586','trossi@cosemar.com.ar',4,'Bonet Pablo','Avellaneda 6737','',0,202.0000,202.0000,0.0000,0.0000,244.4200,42.4200,'','N','','','','',0,0,0,0,0,'','','','','',0,0.0000,'','',1),
 (76,1,4,55,'A','20180321',1,0,0,'ROSSI','TULIO','Avellaneda 6737','3',2,'20221414978','80',22141497,'4693586','3000','4693586','trossi@cosemar.com.ar',4,'Bonet Pablo','Avellaneda 6737','',0,202.0000,202.0000,0.0000,0.0000,244.4200,42.4200,'','N','','','','',0,0,0,0,0,'','','','','',0,0.0000,'','',1),
 (77,1,4,56,'A','20180321',1,0,0,'ROSSI','TULIO','Avellaneda 6737','3',2,'20221414978','80',22141497,'4693586','3000','4693586','trossi@cosemar.com.ar',4,'Bonet Pablo','Avellaneda 6737','',0,202.0000,202.0000,0.0000,0.0000,244.4200,42.4200,'','N','','','','',0,0,0,0,0,'','','','','',0,0.0000,'','',1),
 (78,1,4,57,'A','20180321',1,0,0,'ROSSI','TULIO','Avellaneda 6737','3',2,'20221414978','80',22141497,'4693586','3000','4693586','trossi@cosemar.com.ar',4,'Bonet Pablo','Avellaneda 6737','',0,202.0000,202.0000,0.0000,0.0000,244.4200,42.4200,'','N','','','','',0,0,0,0,0,'','','','','',0,0.0000,'','',1),
 (79,1,4,58,'A','20180321',1,0,0,'ROSSI','TULIO','Avellaneda 6737','3',2,'20221414978','80',22141497,'4693586','3000','4693586','trossi@cosemar.com.ar',4,'Bonet Pablo','Avellaneda 6737','',0,202.0000,202.0000,0.0000,0.0000,244.4200,42.4200,'','N','','','','',0,0,0,0,0,'','','','','',0,0.0000,'','',1),
 (80,1,4,59,'A','20180322',1,0,0,'ROSSI','TULIO','Avellaneda 6737','3',2,'20221414978','80',22141497,'4693586','3000','4693586','trossi@cosemar.com.ar',4,'Bonet Pablo','Avellaneda 6737','',0,202.0000,202.0000,0.0000,0.0000,244.4200,42.4200,'','N','','','','',0,0,0,0,0,'','','','','',0,0.0000,'','',1),
 (81,1,4,60,'A','20180322',1,0,0,'ROSSI','TULIO','Avellaneda 6737','3',2,'20221414978','80',22141497,'4693586','3000','4693586','trossi@cosemar.com.ar',4,'Bonet Pablo','Avellaneda 6737','',0,202.0000,202.0000,0.0000,0.0000,244.4200,42.4200,'','N','','','','',0,0,0,0,0,'','','','','',0,0.0000,'','',1),
 (82,1,4,61,'A','20180322',1,0,0,'ROSSI','TULIO','Avellaneda 6737','3',2,'20221414978','80',22141497,'4693586','3000','4693586','trossi@cosemar.com.ar',4,'Bonet Pablo','Avellaneda 6737','',0,202.0000,202.0000,0.0000,0.0000,244.4200,42.4200,'','N','','','','',0,0,0,0,0,'','','','','',0,0.0000,'','',1),
 (83,1,4,62,'A','20180322',1,0,0,'ROSSI','TULIO','Avellaneda 6737','3',2,'20221414978','80',22141497,'4693586','3000','4693586','trossi@cosemar.com.ar',4,'Bonet Pablo','Avellaneda 6737','',0,202.0000,202.0000,0.0000,0.0000,244.4200,42.4200,'','N','','','','',0,0,0,0,0,'','','','','',0,0.0000,'','',1),
 (84,1,4,63,'A','20180322',1,0,0,'ROSSI','TULIO','Avellaneda 6737','3',2,'20221414978','80',22141497,'4693586','3000','4693586','trossi@cosemar.com.ar',4,'Bonet Pablo','Avellaneda 6737','',0,202.0000,202.0000,0.0000,0.0000,244.4200,42.4200,'','N','','','','',0,0,0,0,0,'','','','','',0,0.0000,'','',1),
 (85,1,4,64,'A','20180322',1,0,0,'ROSSI','TULIO','Avellaneda 6737','3',2,'20221414978','80',22141497,'4693586','3000','4693586','trossi@cosemar.com.ar',4,'Bonet Pablo','Avellaneda 6737','',0,202.0000,202.0000,0.0000,0.0000,244.4200,42.4200,'','N','','','','',0,0,0,0,0,'','','','','',0,0.0000,'','',1),
 (86,1,4,64,'A','20180322',1,0,0,'ROSSI','TULIO','Avellaneda 6737','3',2,'20221414978','80',22141497,'4693586','3000','4693586','trossi@cosemar.com.ar',4,'Bonet Pablo','Avellaneda 6737','',0,202.0000,202.0000,0.0000,0.0000,244.4200,42.4200,'','N','','','','',0,0,0,0,0,'','','','','',0,0.0000,'','',1),
 (87,1,4,64,'A','20180322',1,0,0,'ROSSI','TULIO','Avellaneda 6737','3',2,'20221414978','80',22141497,'4693586','3000','4693586','trossi@cosemar.com.ar',4,'Bonet Pablo','Avellaneda 6737','',0,202.0000,202.0000,0.0000,0.0000,244.4200,42.4200,'','N','','','','',0,0,0,0,0,'','','','','',0,0.0000,'','',1),
 (88,1,4,65,'A','20180322',1,0,0,'ROSSI','TULIO','Avellaneda 6737','3',2,'20221414978','80',22141497,'4693586','3000','4693586','trossi@cosemar.com.ar',4,'Bonet Pablo','Avellaneda 6737','',0,202.0000,202.0000,0.0000,0.0000,244.4200,42.4200,'','N','','','','',0,0,0,0,0,'','','','','',0,0.0000,'','',1),
 (89,1,4,65,'A','20180324',1,0,0,'ROSSI','TULIO','Avellaneda 6737','3',2,'20221414978','80',22141497,'4693586','3000','4693586','trossi@cosemar.com.ar',4,'Bonet Pablo','Avellaneda 6737','',0,202.0000,202.0000,0.0000,0.0000,244.4200,42.4200,'','N','','','','',0,0,0,0,0,'','','','','',0,0.0000,'','',1),
 (90,1,4,66,'A','20180324',1,0,0,'ROSSI','TULIO','Avellaneda 6737','3',2,'20221414978','80',22141497,'4693586','3000','4693586','trossi@cosemar.com.ar',4,'Bonet Pablo','Avellaneda 6737','',0,202.0000,202.0000,0.0000,0.0000,244.4200,42.4200,'','N','','','','',0,0,0,0,0,'','','','','',0,0.0000,'','',1),
 (92,1,4,67,'A','20180326',1,0,0,'ROSSI','TULIO','Avellaneda 6737','3',2,'20221414978','80',22141497,'4693586','3000','4693586','trossi@cosemar.com.ar',4,'Bonet Pablo','Avellaneda 6737','',4,202.0000,202.0000,0.0000,0.0000,244.4200,42.4200,'','N','','','','',0,0,0,0,0,'','','','','',0,0.0000,'','',1),
 (93,1,4,67,'A','20180328',1,0,0,'ROSSI','TULIO','Avellaneda 6737','3',2,'20221414978','80',22141497,'4693586','3000','4693586','trossi@cosemar.com.ar',4,'Bonet Pablo','Avellaneda 6737','',3,202.0000,202.0000,0.0000,0.0000,244.4200,42.4200,'','N','','','','',0,0,0,0,0,'','','','','',0,0.0000,'','',1),
 (94,1,4,67,'A','20180328',1,0,0,'ROSSI','TULIO','Avellaneda 6737','3',2,'20221414978','80',22141497,'4693586','3000','4693586','trossi@cosemar.com.ar',4,'Bonet Pablo','Avellaneda 6737','',3,202.0000,202.0000,0.0000,0.0000,244.4200,42.4200,'','N','','','','',0,0,0,0,0,'','','','','',0,0.0000,'','',1),
 (95,1,4,67,'A','20180328',1,0,0,'ROSSI','TULIO','Avellaneda 6737','3',2,'20221414978','80',22141497,'4693586','3000','4693586','trossi@cosemar.com.ar',4,'Bonet Pablo','Avellaneda 6737','',3,202.0000,202.0000,0.0000,0.0000,244.4200,42.4200,'','N','','','','',0,0,0,0,0,'','','','','',0,0.0000,'','',1),
 (96,1,4,67,'A','20180328',1,0,0,'ROSSI','TULIO','Avellaneda 6737','3',2,'20221414978','80',22141497,'4693586','3000','4693586','trossi@cosemar.com.ar',4,'Bonet Pablo','Avellaneda 6737','',3,202.0000,202.0000,0.0000,0.0000,244.4200,42.4200,'','N','','','','',0,0,0,0,0,'','','','','',0,0.0000,'','',1),
 (97,1,4,67,'A','20180328',1,0,0,'ROSSI','TULIO','Avellaneda 6737','3',2,'20221414978','80',22141497,'4693586','3000','4693586','trossi@cosemar.com.ar',4,'Bonet Pablo','Avellaneda 6737','',3,202.0000,202.0000,0.0000,0.0000,244.4200,42.4200,'','N','','','','',0,0,0,0,0,'','','','','',0,0.0000,'','',1),
 (98,1,4,67,'A','20180328',1,0,0,'ROSSI','TULIO','Avellaneda 6737','3',2,'20221414978','80',22141497,'4693586','3000','4693586','trossi@cosemar.com.ar',4,'Bonet Pablo','Avellaneda 6737','',3,202.0000,202.0000,0.0000,0.0000,244.4200,42.4200,'','N','','','','',0,0,0,0,0,'','','','','',0,0.0000,'','',1),
 (99,1,4,67,'A','20180328',1,0,0,'ROSSI','TULIO','Avellaneda 6737','3',2,'20221414978','80',22141497,'4693586','3000','4693586','trossi@cosemar.com.ar',4,'Bonet Pablo','Avellaneda 6737','',3,101.0000,101.0000,0.0000,0.0000,122.2100,21.2100,'','N','','','','',0,0,0,0,0,'','','','','',0,0.0000,'','',1),
 (100,1,4,67,'A','20180329',1,0,0,'ROSSI','TULIO','Avellaneda 6737','3',2,'20221414978','80',22141497,'4693586','3000','4693586','trossi@cosemar.com.ar',4,'Bonet Pablo','Avellaneda 6737','',3,202.0000,202.0000,0.0000,0.0000,244.4200,42.4200,'','N','','','','',0,0,0,0,0,'','','','','',0,0.0000,'','',1),
 (101,1,4,67,'A','20180329',1,0,0,'ROSSI','TULIO','Avellaneda 6737','3',2,'20221414978','80',22141497,'4693586','3000','4693586','trossi@cosemar.com.ar',4,'Bonet Pablo','Avellaneda 6737','',3,202.0000,202.0000,0.0000,0.0000,244.4200,42.4200,'','N','','','','',0,0,0,0,0,'','','','','',0,0.0000,'','',1),
 (102,1,4,67,'A','20180329',1,0,0,'ROSSI','TULIO','Avellaneda 6737','3',2,'20221414978','80',22141497,'4693586','3000','4693586','trossi@cosemar.com.ar',4,'Bonet Pablo','Avellaneda 6737','',3,202.0000,202.0000,0.0000,0.0000,244.4200,42.4200,'','N','','','','',0,0,0,0,0,'','','','','',0,0.0000,'','',1),
 (103,1,4,67,'A','20180329',1,0,0,'ROSSI','TULIO','Avellaneda 6737','3',2,'20221414978','80',22141497,'4693586','3000','4693586','trossi@cosemar.com.ar',4,'Bonet Pablo','Avellaneda 6737','',3,202.0000,202.0000,0.0000,0.0000,244.4200,42.4200,'','N','','','','',0,0,0,0,0,'','','','','',0,0.0000,'','',1),
 (104,1,4,67,'A','20180329',4,0,0,'Bonet','Pablo','Mitre','4',2,'','80',33468473,'','3018','','',4,'Bonet Pablo','Mitre','',3,202.0000,202.0000,0.0000,0.0000,244.4200,42.4200,'','N','','','','',0,0,0,0,0,'','','','','',0,0.0000,'','',1),
 (105,1,4,67,'A','20180331',1,0,0,'ROSSI','TULIO','Avellaneda 6737','3',2,'20221414978','80',22141497,'4693586','3000','4693586','trossi@cosemar.com.ar',4,'Bonet Pablo','Avellaneda 6737','',3,202.0000,202.0000,0.0000,0.0000,244.4200,42.4200,'','N','','','','',0,0,0,0,0,'','','','','',0,0.0000,'','',1),
 (106,1,4,67,'A','20180331',1,0,0,'ROSSI','TULIO','Avellaneda 6737','3',2,'20221414978','80',22141497,'4693586','3000','4693586','trossi@cosemar.com.ar',4,'Bonet Pablo','Avellaneda 6737','',3,202.0000,202.0000,0.0000,0.0000,244.4200,42.4200,'','N','','','','',0,0,0,0,0,'','','','','',0,0.0000,'','',1),
 (107,1,4,67,'A','20180331',1,0,0,'ROSSI','TULIO','Avellaneda 6737','3',2,'20221414978','80',22141497,'4693586','3000','4693586','trossi@cosemar.com.ar',4,'Bonet Pablo','Avellaneda 6737','',3,202.0000,202.0000,0.0000,0.0000,244.4200,42.4200,'','N','','','','',0,0,0,0,0,'','','','','',0,0.0000,'','',1),
 (108,1,4,67,'A','20180331',1,0,0,'ROSSI','TULIO','Avellaneda 6737','3',2,'20221414978','80',22141497,'4693586','3000','4693586','trossi@cosemar.com.ar',4,'Bonet Pablo','Avellaneda 6737','',3,202.0000,202.0000,0.0000,0.0000,244.4200,42.4200,'','N','','','','',0,0,0,0,0,'','','','','',0,0.0000,'','',1),
 (109,1,4,67,'A','20180331',1,0,0,'ROSSI','TULIO','Avellaneda 6737','3',2,'20221414978','80',22141497,'4693586','3000','4693586','trossi@cosemar.com.ar',4,'Bonet Pablo','Avellaneda 6737','',3,202.0000,202.0000,0.0000,0.0000,244.4200,42.4200,'','N','','','','',0,0,0,0,0,'','','','','',0,0.0000,'','',1),
 (110,1,4,68,'A','20180331',1,0,0,'ROSSI','TULIO','Avellaneda 6737','3',2,'20221414978','80',22141497,'4693586','3000','4693586','trossi@cosemar.com.ar',4,'Bonet Pablo','Avellaneda 6737','',3,202.0000,202.0000,0.0000,0.0000,244.4200,42.4200,'','N','','','','',0,0,0,0,0,'','','','','',0,0.0000,'','',1),
 (111,1,4,69,'A','20180331',1,0,0,'ROSSI','TULIO','Avellaneda 6737','3',2,'20221414978','80',22141497,'4693586','3000','4693586','trossi@cosemar.com.ar',4,'Bonet Pablo','Avellaneda 6737','',3,101.0000,101.0000,0.0000,0.0000,122.2100,21.2100,'','N','','','','',0,0,0,0,0,'','','','','',0,0.0000,'','',1),
 (112,1,4,69,'A','20180331',1,0,0,'ROSSI','TULIO','Avellaneda 6737','3',2,'20221414978','80',22141497,'4693586','3000','4693586','trossi@cosemar.com.ar',4,'Bonet Pablo','Avellaneda 6737','',3,202.0000,202.0000,0.0000,0.0000,244.4200,42.4200,'','N','','','','',0,0,0,0,0,'','','','','',0,0.0000,'','',1),
 (113,1,4,69,'A','20180331',1,0,0,'ROSSI','TULIO','Avellaneda 6737','3',2,'20221414978','80',22141497,'4693586','3000','4693586','trossi@cosemar.com.ar',4,'Bonet Pablo','Avellaneda 6737','',3,101.0000,101.0000,0.0000,0.0000,122.2100,21.2100,'','N','','','','',0,0,0,0,0,'','','','','',0,0.0000,'','',1),
 (114,1,4,70,'A','20180331',1,0,0,'ROSSI','TULIO','Avellaneda 6737','3',2,'20221414978','80',22141497,'4693586','3000','4693586','trossi@cosemar.com.ar',4,'Bonet Pablo','Avellaneda 6737','',3,204.0000,204.0000,0.0000,0.0000,246.8400,42.8400,'','N','','','','',0,0,0,0,0,'','','','','',0,0.0000,'','',1),
 (115,1,4,71,'A','20180331',1,0,0,'ROSSI','TULIO','Avellaneda 6737','3',2,'20221414978','80',22141497,'4693586','3000','4693586','trossi@cosemar.com.ar',4,'Bonet Pablo','Avellaneda 6737','',3,101.0000,101.0000,0.0000,0.0000,122.2100,21.2100,'','N','','','','',0,0,0,0,0,'','','','','',0,0.0000,'','',1),
 (116,1,4,71,'A','20180331',1,0,0,'ROSSI','TULIO','Avellaneda 6737','3',2,'20221414978','80',22141497,'4693586','3000','4693586','trossi@cosemar.com.ar',4,'Bonet Pablo','Avellaneda 6737','',3,101.0000,101.0000,0.0000,0.0000,122.2100,21.2100,'','N','','','','',0,0,0,0,0,'','','','','',0,0.0000,'','',1),
 (117,1,4,71,'A','20180331',1,0,0,'ROSSI','TULIO','Avellaneda 6737','3',2,'20221414978','80',22141497,'4693586','3000','4693586','trossi@cosemar.com.ar',4,'Bonet Pablo','Avellaneda 6737','',3,101.0000,101.0000,0.0000,0.0000,122.2100,21.2100,'','N','','','','',0,0,0,0,0,'','','','','',0,0.0000,'','',1),
 (118,1,4,71,'A','20180331',1,0,0,'ROSSI','TULIO','Avellaneda 6737','3',2,'20221414978','80',22141497,'4693586','3000','4693586','trossi@cosemar.com.ar',4,'Bonet Pablo','Avellaneda 6737','',3,101.0000,101.0000,0.0000,0.0000,122.2100,21.2100,'','N','','','','',0,0,0,0,0,'','','','','',0,0.0000,'','',1),
 (119,1,4,72,'A','20180331',1,0,0,'ROSSI','TULIO','Avellaneda 6737','3',2,'20221414978','80',22141497,'4693586','3000','4693586','trossi@cosemar.com.ar',4,'Bonet Pablo','Avellaneda 6737','',3,202.0000,202.0000,0.0000,0.0000,244.4200,42.4200,'','N','','','','',0,0,0,0,0,'','','','','',0,0.0000,'','',1),
 (120,1,4,73,'A','20180402',1,0,0,'ROSSI','TULIO','Avellaneda 6737','3',2,'20221414978','80',22141497,'4693586','3000','4693586','trossi@cosemar.com.ar',4,'Bonet Pablo','Avellaneda 6737','',3,202.0000,202.0000,0.0000,0.0000,244.4200,42.4200,'','N','','','','',0,0,0,0,0,'','','','','',0,0.0000,'','',1),
 (121,1,4,74,'A','20180402',1,0,0,'ROSSI','TULIO','Avellaneda 6737','3',2,'20221414978','80',22141497,'4693586','3000','4693586','trossi@cosemar.com.ar',4,'Bonet Pablo','Avellaneda 6737','',3,101.0000,101.0000,0.0000,0.0000,122.2100,21.2100,'','N','','','','',0,0,0,0,0,'','','','','',0,0.0000,'','',1),
 (122,1,4,75,'A','20180402',1,0,0,'ROSSI','TULIO','Avellaneda 6737','3',2,'20221414978','80',22141497,'4693586','3000','4693586','trossi@cosemar.com.ar',4,'Bonet Pablo','Avellaneda 6737','',3,101.0000,101.0000,0.0000,0.0000,122.2100,21.2100,'','N','','','','',0,0,0,0,0,'','','','','',0,0.0000,'','',1),
 (123,1,4,76,'A','20180402',1,0,0,'ROSSI','TULIO','Avellaneda 6737','3',2,'20221414978','80',22141497,'4693586','3000','4693586','trossi@cosemar.com.ar',4,'Bonet Pablo','Avellaneda 6737','',3,202.0000,202.0000,0.0000,0.0000,244.4200,42.4200,'','N','','','','',0,0,0,0,0,'','','','','',0,0.0000,'','',1),
 (124,1,4,76,'A','20180402',1,0,0,'ROSSI','TULIO','Avellaneda 6737','3',2,'20221414978','80',22141497,'4693586','3000','4693586','trossi@cosemar.com.ar',4,'Bonet Pablo','Avellaneda 6737','',3,101.0000,101.0000,0.0000,0.0000,122.2100,21.2100,'','N','','','','',0,0,0,0,0,'','','','','',0,0.0000,'','',1),
 (125,1,4,77,'A','20180402',1,0,0,'ROSSI','TULIO','Avellaneda 6737','3',2,'20221414978','80',22141497,'4693586','3000','4693586','trossi@cosemar.com.ar',4,'Bonet Pablo','Avellaneda 6737','',3,101.0000,101.0000,0.0000,0.0000,122.2100,21.2100,'','N','','','','',0,0,0,0,0,'','','','','',0,0.0000,'','',1),
 (126,1,4,78,'A','20180403',1,0,0,'ROSSI','TULIO','Avellaneda 6737','3',2,'20221414978','80',22141497,'4693586','3000','4693586','trossi@cosemar.com.ar',4,'Bonet Pablo','Avellaneda 6737','',3,101.0000,101.0000,0.0000,0.0000,122.2100,21.2100,'','N','','','','',0,0,0,0,0,'','','','','',0,0.0000,'','',1),
 (127,1,4,78,'A','20180403',1,0,0,'ROSSI','TULIO','Avellaneda 6737','3',2,'20221414978','80',22141497,'4693586','3000','4693586','trossi@cosemar.com.ar',4,'Bonet Pablo','Avellaneda 6737','',3,202.0000,202.0000,0.0000,0.0000,244.4200,42.4200,'','N','','','','',0,0,0,0,0,'','','','','',0,0.0000,'','',1),
 (128,1,4,78,'A','20180403',1,0,0,'ROSSI','TULIO','Avellaneda 6737','3',2,'20221414978','80',22141497,'4693586','3000','4693586','trossi@cosemar.com.ar',4,'Bonet Pablo','Avellaneda 6737','',3,202.0000,202.0000,0.0000,0.0000,244.4200,42.4200,'','N','','','','',0,0,0,0,0,'','','','','',0,0.0000,'','',1),
 (129,1,4,78,'A','20180403',1,0,0,'ROSSI','TULIO','Avellaneda 6737','3',2,'20221414978','80',22141497,'4693586','3000','4693586','trossi@cosemar.com.ar',4,'Bonet Pablo','Avellaneda 6737','',3,101.0000,101.0000,0.0000,0.0000,122.2100,21.2100,'','N','','','','',0,0,0,0,0,'','','','','',0,0.0000,'','',1),
 (130,1,4,78,'A','20180403',1,0,0,'ROSSI','TULIO','Avellaneda 6737','3',2,'20221414978','80',22141497,'4693586','3000','4693586','trossi@cosemar.com.ar',4,'Bonet Pablo','Avellaneda 6737','',3,101.0000,101.0000,0.0000,0.0000,122.2100,21.2100,'','N','','','','',0,0,0,0,0,'','','','','',0,0.0000,'','',1),
 (131,1,4,78,'A','20180403',1,0,0,'ROSSI','TULIO','Avellaneda 6737','3',2,'20221414978','80',22141497,'4693586','3000','4693586','trossi@cosemar.com.ar',4,'Bonet Pablo','Avellaneda 6737','',3,101.0000,101.0000,0.0000,0.0000,122.2100,21.2100,'','N','','','','',0,0,0,0,0,'','','','','',0,0.0000,'','',1),
 (132,1,4,78,'A','20180403',1,0,0,'ROSSI','TULIO','Avellaneda 6737','3',2,'20221414978','80',22141497,'4693586','3000','4693586','trossi@cosemar.com.ar',4,'Bonet Pablo','Avellaneda 6737','',3,101.0000,101.0000,0.0000,0.0000,122.2100,21.2100,'','N','','','','',0,0,0,0,0,'','','','','',0,0.0000,'','',1),
 (133,1,4,78,'A','20180403',1,0,0,'ROSSI','TULIO','Avellaneda 6737','3',2,'20221414978','80',22141497,'4693586','3000','4693586','trossi@cosemar.com.ar',4,'Bonet Pablo','Avellaneda 6737','',3,101.0000,101.0000,0.0000,0.0000,122.2100,21.2100,'','N','','','','',0,0,0,0,0,'','','','','',0,0.0000,'','',2),
 (134,1,4,78,'A','20180403',1,0,0,'ROSSI','TULIO','Avellaneda 6737','3',2,'20221414978','80',22141497,'4693586','3000','4693586','trossi@cosemar.com.ar',4,'Bonet Pablo','Avellaneda 6737','',3,202.0000,202.0000,0.0000,0.0000,244.4200,42.4200,'','N','','','','',0,0,0,0,0,'','','','','',0,0.0000,'','',1),
 (135,1,4,78,'A','20180403',1,0,0,'ROSSI','TULIO','Avellaneda 6737','3',2,'20221414978','80',22141497,'4693586','3000','4693586','trossi@cosemar.com.ar',4,'Bonet Pablo','Avellaneda 6737','',3,101.0000,101.0000,0.0000,0.0000,122.2100,21.2100,'','N','','','','',0,0,0,0,0,'','','','','',0,0.0000,'','',1),
 (136,1,4,79,'A','20180404',1,0,0,'ROSSI','TULIO','Avellaneda 6737','3',2,'20221414978','80',22141497,'4693586','3000','4693586','trossi@cosemar.com.ar',4,'Bonet Pablo','Avellaneda 6737','',3,202.0000,202.0000,0.0000,0.0000,244.4200,42.4200,'','N','','','','',0,0,0,0,0,'','','','','',0,0.0000,'','',1),
 (137,1,4,80,'A','20180404',1,0,0,'ROSSI','TULIO','Avellaneda 6737','3',2,'20221414978','80',22141497,'4693586','3000','4693586','trossi@cosemar.com.ar',4,'Bonet Pablo','Avellaneda 6737','',3,202.0000,202.0000,0.0000,0.0000,244.4200,42.4200,'','N','','','','',0,0,0,0,0,'','','','','',0,0.0000,'','',1),
 (138,1,4,81,'A','20180404',1,0,0,'ROSSI','TULIO','Avellaneda 6737','3',2,'20221414978','80',22141497,'4693586','3000','4693586','trossi@cosemar.com.ar',4,'Bonet Pablo','Avellaneda 6737','',3,202.0000,202.0000,0.0000,0.0000,244.4200,42.4200,'','N','','','','',0,0,0,0,0,'','','','','',0,0.0000,'','',1),
 (139,1,4,81,'A','20180404',1,0,0,'ROSSI','TULIO','Avellaneda 6737','3',2,'20221414978','80',22141497,'4693586','3000','4693586','trossi@cosemar.com.ar',4,'Bonet Pablo','Avellaneda 6737','',3,101.0000,101.0000,0.0000,0.0000,122.2100,21.2100,'','N','','','','',0,0,0,0,0,'','','','','',0,0.0000,'','',1),
 (140,1,4,81,'A','20180404',1,0,0,'ROSSI','TULIO','Avellaneda 6737','3',2,'20221414978','80',22141497,'4693586','3000','4693586','trossi@cosemar.com.ar',4,'Bonet Pablo','Avellaneda 6737','',3,202.0000,202.0000,0.0000,0.0000,244.4200,42.4200,'','N','','','','',0,0,0,0,0,'','','','','',0,0.0000,'','',1),
 (141,1,4,81,'A','20180404',1,0,0,'ROSSI','TULIO','Avellaneda 6737','3',2,'20221414978','80',22141497,'4693586','3000','4693586','trossi@cosemar.com.ar',4,'Bonet Pablo','Avellaneda 6737','',3,202.0000,202.0000,0.0000,0.0000,244.4200,42.4200,'','N','','','','',0,0,0,0,0,'','','','','',0,0.0000,'','',1),
 (142,1,4,82,'A','20180404',1,0,0,'ROSSI','TULIO','Avellaneda 6737','3',2,'20221414978','80',22141497,'4693586','3000','4693586','trossi@cosemar.com.ar',4,'Bonet Pablo','Avellaneda 6737','',3,202.0000,202.0000,0.0000,0.0000,244.4200,42.4200,'','N','','','','',0,0,0,0,0,'','','','','',0,0.0000,'','',1),
 (143,1,4,83,'A','20180404',1,0,0,'ROSSI','TULIO','Avellaneda 6737','3',2,'20221414978','80',22141497,'4693586','3000','4693586','trossi@cosemar.com.ar',4,'Bonet Pablo','Avellaneda 6737','',3,408.0000,408.0000,0.0000,0.0000,493.6800,85.6800,'','N','','','','',0,0,0,0,0,'','','','','',0,0.0000,'','',1),
 (144,1,4,84,'A','20180404',1,0,0,'ROSSI','TULIO','Avellaneda 6737','3',2,'20221414978','80',22141497,'4693586','3000','4693586','trossi@cosemar.com.ar',4,'Bonet Pablo','Avellaneda 6737','',3,303.0000,303.0000,0.0000,0.0000,366.6300,63.6300,'','N','','','','',0,0,0,0,0,'','','','','',0,0.0000,'','',1),
 (145,1,4,84,'A','20180404',1,0,0,'ROSSI','TULIO','Avellaneda 6737','3',2,'20221414978','80',22141497,'4693586','3000','4693586','trossi@cosemar.com.ar',4,'Bonet Pablo','Avellaneda 6737','',3,510.0000,510.0000,0.0000,0.0000,617.1000,107.1000,'','N','','','','',0,0,0,0,0,'','','','','',0,0.0000,'','',1),
 (146,1,4,84,'A','20180404',1,0,0,'ROSSI','TULIO','Avellaneda 6737','3',2,'20221414978','80',22141497,'4693586','3000','4693586','trossi@cosemar.com.ar',4,'Bonet Pablo','Avellaneda 6737','',3,202.0000,202.0000,0.0000,0.0000,244.4200,42.4200,'','N','','','','',0,0,0,0,0,'','','','','',0,0.0000,'','',1),
 (147,1,4,84,'A','20180405',1,0,0,'ROSSI','TULIO','Avellaneda 6737','3',2,'20221414978','80',22141497,'4693586','3000','4693586','trossi@cosemar.com.ar',4,'Bonet Pablo','Avellaneda 6737','',3,202.0000,202.0000,0.0000,0.0000,244.4200,42.4200,'','N','','','','',0,0,0,0,0,'','','','','',0,0.0000,'','',1),
 (148,1,4,84,'A','20180405',1,0,0,'ROSSI','TULIO','Avellaneda 6737','3',2,'20221414978','80',22141497,'4693586','3000','4693586','trossi@cosemar.com.ar',4,'Bonet Pablo','Avellaneda 6737','',3,101.0000,101.0000,0.0000,0.0000,122.2100,21.2100,'','N','','','','',0,0,0,0,0,'','','','','',0,0.0000,'','',1),
 (149,1,4,85,'A','20180405',1,0,0,'ROSSI','TULIO','Avellaneda 6737','3',2,'20221414978','80',22141497,'4693586','3000','4693586','trossi@cosemar.com.ar',4,'Bonet Pablo','Avellaneda 6737','',3,101.0000,101.0000,0.0000,0.0000,122.2100,21.2100,'','N','','','','',0,0,0,0,0,'','','','','',0,0.0000,'','',1),
 (150,1,4,85,'A','20180405',1,0,0,'ROSSI','TULIO','Avellaneda 6737','3',2,'20221414978','80',22141497,'4693586','3000','4693586','trossi@cosemar.com.ar',4,'Bonet Pablo','Avellaneda 6737','',3,202.0000,202.0000,0.0000,0.0000,244.4200,42.4200,'','N','','','','',0,0,0,0,0,'','','','','',0,0.0000,'','',1),
 (151,1,4,86,'A','20180405',1,0,0,'ROSSI','TULIO','Avellaneda 6737','3',2,'20221414978','80',22141497,'4693586','3000','4693586','trossi@cosemar.com.ar',4,'Bonet Pablo','Avellaneda 6737','',4,202.0000,202.0000,0.0000,0.0000,244.4200,42.4200,'','N','','','','',0,0,0,0,0,'','','','','',0,0.0000,'','',1),
 (152,1,4,86,'A','20180405',1,0,0,'ROSSI','TULIO','Avellaneda 6737','3',2,'20221414978','80',22141497,'4693586','3000','4693586','trossi@cosemar.com.ar',4,'Bonet Pablo','Avellaneda 6737','',4,101.0000,101.0000,0.0000,0.0000,122.2100,21.2100,'','N','','','','',0,0,0,0,0,'','','','','',0,0.0000,'','',1),
 (153,1,4,86,'A','20180405',1,0,0,'ROSSI','TULIO','Avellaneda 6737','3',2,'20221414978','80',22141497,'4693586','3000','4693586','trossi@cosemar.com.ar',4,'Bonet Pablo','Avellaneda 6737','',4,101.0000,101.0000,0.0000,0.0000,122.2100,21.2100,'','N','','','','',0,0,0,0,0,'','','','','',0,0.0000,'','',1),
 (154,1,4,86,'A','20180405',1,0,0,'ROSSI','TULIO','Avellaneda 6737','3',2,'20221414978','80',22141497,'4693586','3000','4693586','trossi@cosemar.com.ar',4,'Bonet Pablo','Avellaneda 6737','',4,202.0000,202.0000,0.0000,0.0000,244.4200,42.4200,'','N','','','','',0,0,0,0,0,'','','','','',0,0.0000,'','',1),
 (155,1,4,86,'A','20180405',1,0,0,'ROSSI','TULIO','Avellaneda 6737','3',2,'20221414978','80',22141497,'4693586','3000','4693586','trossi@cosemar.com.ar',4,'Bonet Pablo','Avellaneda 6737','',4,101.0000,101.0000,0.0000,0.0000,122.2100,21.2100,'','N','','','','',0,0,0,0,0,'','','','','',0,0.0000,'','',1),
 (156,1,4,86,'A','20180405',1,0,0,'ROSSI','TULIO','Avellaneda 6737','3',2,'20221414978','80',22141497,'4693586','3000','4693586','trossi@cosemar.com.ar',4,'Bonet Pablo','Avellaneda 6737','',4,101.0000,101.0000,0.0000,0.0000,122.2100,21.2100,'','N','','','','',0,0,0,0,0,'','','','','',0,0.0000,'','',1),
 (157,1,4,86,'A','20180405',1,0,0,'ROSSI','TULIO','Avellaneda 6737','3',2,'20221414978','80',22141497,'4693586','3000','4693586','trossi@cosemar.com.ar',4,'Bonet Pablo','Avellaneda 6737','',4,101.0000,101.0000,0.0000,0.0000,122.2100,21.2100,'','N','','','','',0,0,0,0,0,'','','','','',0,0.0000,'','',1),
 (158,1,4,86,'A','20180405',1,0,0,'ROSSI','TULIO','Avellaneda 6737','3',2,'20221414978','80',22141497,'4693586','3000','4693586','trossi@cosemar.com.ar',4,'Bonet Pablo','Avellaneda 6737','',3,101.0000,101.0000,0.0000,0.0000,122.2100,21.2100,'','N','','','','',0,0,0,0,0,'','','','','',0,0.0000,'','',1),
 (159,1,4,87,'A','20180405',1,0,0,'ROSSI','TULIO','Avellaneda 6737','3',2,'20221414978','80',22141497,'4693586','3000','4693586','trossi@cosemar.com.ar',4,'Bonet Pablo','Avellaneda 6737','',4,202.0000,202.0000,0.0000,0.0000,244.4200,42.4200,'','N','','','','',0,0,0,0,0,'','','','','',0,0.0000,'','',1),
 (160,1,4,87,'A','20180405',1,0,0,'ROSSI','TULIO','Avellaneda 6737','3',2,'20221414978','80',22141497,'4693586','3000','4693586','trossi@cosemar.com.ar',4,'Bonet Pablo','Avellaneda 6737','',4,202.0000,202.0000,0.0000,0.0000,244.4200,42.4200,'','N','','','','',0,0,0,0,0,'','','','','',0,0.0000,'','',1),
 (161,1,4,87,'A','20180405',1,0,0,'ROSSI','TULIO','Avellaneda 6737','3',2,'20221414978','80',22141497,'4693586','3000','4693586','trossi@cosemar.com.ar',4,'Bonet Pablo','Avellaneda 6737','',4,202.0000,202.0000,0.0000,0.0000,244.4200,42.4200,'','N','','','','',0,0,0,0,0,'','','','','',0,0.0000,'','',1),
 (162,1,4,87,'A','20180405',1,0,0,'ROSSI','TULIO','Avellaneda 6737','3',2,'20221414978','80',22141497,'4693586','3000','4693586','trossi@cosemar.com.ar',4,'Bonet Pablo','Avellaneda 6737','',4,202.0000,202.0000,0.0000,0.0000,244.4200,42.4200,'','N','','','','',0,0,0,0,0,'','','','','',0,0.0000,'','',1),
 (163,1,4,87,'A','20180405',1,0,0,'ROSSI','TULIO','Avellaneda 6737','3',2,'20221414978','80',22141497,'4693586','3000','4693586','trossi@cosemar.com.ar',4,'Bonet Pablo','Avellaneda 6737','',2,303.0000,303.0000,0.0000,0.0000,366.6300,63.6300,'','N','','','','',0,0,0,0,0,'','','','','',0,0.0000,'','',1),
 (164,1,4,88,'A','20180405',1,0,0,'ROSSI','TULIO','Avellaneda 6737','3',2,'20221414978','80',22141497,'4693586','3000','4693586','trossi@cosemar.com.ar',4,'Bonet Pablo','Avellaneda 6737','',1,505.0000,505.0000,0.0000,0.0000,611.0500,106.0500,'','N','','','','',0,0,0,0,0,'','','','','',0,0.0000,'','',1),
 (165,1,4,89,'A','20180405',1,0,0,'ROSSI','TULIO','Avellaneda 6737','3',2,'20221414978','80',22141497,'4693586','3000','4693586','trossi@cosemar.com.ar',4,'Bonet Pablo','Avellaneda 6737','',4,505.0000,505.0000,0.0000,0.0000,611.0500,106.0500,'','N','','','','',0,0,0,0,0,'','','','','',0,0.0000,'','',1),
 (166,1,4,89,'A','20180406',1,0,0,'ROSSI','TULIO','Avellaneda 6737','3',2,'20221414978','80',22141497,'4693586','3000','4693586','trossi@cosemar.com.ar',4,'Bonet Pablo','Avellaneda 6737','',4,202.0000,202.0000,0.0000,0.0000,244.4200,42.4200,'','N','','','','',0,0,0,0,0,'','','','','',0,0.0000,'','',1),
 (167,1,4,89,'A','20180406',1,0,0,'ROSSI','TULIO','Avellaneda 6737','3',2,'20221414978','80',22141497,'4693586','3000','4693586','trossi@cosemar.com.ar',4,'Bonet Pablo','Avellaneda 6737','',4,202.0000,202.0000,0.0000,0.0000,244.4200,42.4200,'','N','','','','',0,0,0,0,0,'','','','','',0,0.0000,'','',1),
 (168,1,4,89,'A','20180406',1,0,0,'ROSSI','TULIO','Avellaneda 6737','3',2,'20221414978','80',22141497,'4693586','3000','4693586','trossi@cosemar.com.ar',4,'Bonet Pablo','Avellaneda 6737','',4,202.0000,202.0000,0.0000,0.0000,244.4200,42.4200,'','N','','','','',0,0,0,0,0,'','','','','',0,0.0000,'','',1),
 (169,1,4,89,'A','20180406',1,0,0,'ROSSI','TULIO','Avellaneda 6737','3',2,'20221414978','80',22141497,'4693586','3000','4693586','trossi@cosemar.com.ar',4,'Bonet Pablo','Avellaneda 6737','',4,505.0000,505.0000,0.0000,0.0000,611.0500,106.0500,'','N','','','','',0,0,0,0,0,'','','','','',0,0.0000,'','',1),
 (170,1,4,89,'A','20180406',1,0,0,'ROSSI','TULIO','Avellaneda 6737','3',2,'20221414978','80',22141497,'4693586','3000','4693586','trossi@cosemar.com.ar',4,'Bonet Pablo','Avellaneda 6737','',4,202.0000,202.0000,0.0000,0.0000,244.4200,42.4200,'','N','','','','',0,0,0,0,0,'','','','','',0,0.0000,'','',1),
 (171,1,4,89,'A','20180406',1,0,0,'ROSSI','TULIO','Avellaneda 6737','3',2,'20221414978','80',22141497,'4693586','3000','4693586','trossi@cosemar.com.ar',4,'Bonet Pablo','Avellaneda 6737','',4,202.0000,202.0000,0.0000,0.0000,244.4200,42.4200,'','N','','','','',0,0,0,0,0,'','','','','',0,0.0000,'','',1),
 (172,1,4,89,'A','20180406',1,0,0,'ROSSI','TULIO','Avellaneda 6737','3',2,'20221414978','80',22141497,'4693586','3000','4693586','trossi@cosemar.com.ar',4,'Bonet Pablo','Avellaneda 6737','',4,303.0000,303.0000,0.0000,0.0000,366.6300,63.6300,'','N','','','','',0,0,0,0,0,'','','','','',0,0.0000,'','',1),
 (173,1,4,89,'A','20180406',1,0,0,'ROSSI','TULIO','Avellaneda 6737','3',2,'20221414978','80',22141497,'4693586','3000','4693586','trossi@cosemar.com.ar',4,'Bonet Pablo','Avellaneda 6737','',4,303.0000,303.0000,0.0000,0.0000,366.6300,63.6300,'','N','','','','',0,0,0,0,0,'','','','','',0,0.0000,'','',1),
 (174,1,4,90,'A','20180406',1,0,0,'ROSSI','TULIO','Avellaneda 6737','3',2,'20221414978','80',22141497,'4693586','3000','4693586','trossi@cosemar.com.ar',4,'Bonet Pablo','Avellaneda 6737','',4,202.0000,202.0000,0.0000,0.0000,244.4200,42.4200,'','N','','','','',0,0,0,0,0,'','','','','',0,0.0000,'','',1),
 (175,1,4,91,'A','20180406',1,0,0,'ROSSI','TULIO','Avellaneda 6737','3',2,'20221414978','80',22141497,'4693586','3000','4693586','trossi@cosemar.com.ar',4,'Bonet Pablo','Avellaneda 6737','',4,202.0000,202.0000,0.0000,0.0000,244.4200,42.4200,'','N','','','','',0,0,0,0,0,'','','','','',0,0.0000,'','',1),
 (176,1,4,92,'A','20180406',1,0,0,'ROSSI','TULIO','Avellaneda 6737','3',2,'20221414978','80',22141497,'4693586','3000','4693586','trossi@cosemar.com.ar',4,'Bonet Pablo','Avellaneda 6737','',4,368.9260,368.9260,0.0000,0.0000,446.4005,77.4745,'','N','','','','',0,0,0,0,0,'','','','','',0,0.0000,'','',1),
 (177,1,4,92,'A','20180406',1,0,0,'ROSSI','TULIO','Avellaneda 6737','3',2,'20221414978','80',22141497,'4693586','3000','4693586','trossi@cosemar.com.ar',4,'Bonet Pablo','Avellaneda 6737','',4,607.2100,607.2100,0.0000,0.0000,734.7241,127.5141,'','N','','','','',0,0,0,0,0,'','','','','',0,0.0000,'','',1),
 (178,1,4,92,'A','20180406',1,0,0,'ROSSI','TULIO','Avellaneda 6737','3',2,'20221414978','80',22141497,'4693586','3000','4693586','trossi@cosemar.com.ar',4,'Bonet Pablo','Avellaneda 6737','',4,230.8840,230.8840,0.0000,0.0000,279.3696,48.4856,'','N','','','','',0,0,0,0,0,'','','','','',0,0.0000,'','',1),
 (179,1,4,92,'A','20180406',1,0,0,'ROSSI','TULIO','Avellaneda 6737','3',2,'20221414978','80',22141497,'4693586','3000','4693586','trossi@cosemar.com.ar',4,'Bonet Pablo','Avellaneda 6737','',4,230.8840,230.8840,0.0000,0.0000,279.3696,48.4856,'','N','','','','',0,0,0,0,0,'','','','','',0,0.0000,'','',1),
 (180,1,4,92,'A','20180407',1,0,0,'ROSSI','TULIO','Avellaneda 6737','3',2,'20221414978','80',22141497,'4693586','3000','4693586','trossi@cosemar.com.ar',4,'Bonet Pablo','Avellaneda 6737','',4,230.8840,230.8840,0.0000,0.0000,279.3696,48.4856,'','N','','','','',0,0,0,0,0,'','','','','',0,0.0000,'','',1),
 (181,1,4,92,'A','20180407',1,0,0,'ROSSI','TULIO','Avellaneda 6737','3',2,'20221414978','80',22141497,'4693586','3000','4693586','trossi@cosemar.com.ar',4,'Bonet Pablo','Avellaneda 6737','',4,202.0000,202.0000,0.0000,0.0000,244.4200,42.4200,'','N','','','','',0,0,0,0,0,'','','','','',0,0.0000,'','',1),
 (182,1,4,92,'A','20180407',1,0,0,'ROSSI','TULIO','Avellaneda 6737','3',2,'20221414978','80',22141497,'4693586','3000','4693586','trossi@cosemar.com.ar',4,'Bonet Pablo','Avellaneda 6737','',4,230.8840,230.8840,0.0000,0.0000,279.3696,48.4856,'','N','','','','',0,0,0,0,0,'','','','','',0,0.0000,'','',1),
 (183,1,4,92,'A','20180407',1,0,0,'ROSSI','TULIO','Avellaneda 6737','3',2,'20221414978','80',22141497,'4693586','3000','4693586','trossi@cosemar.com.ar',4,'Bonet Pablo','Avellaneda 6737','',4,230.8840,230.8840,0.0000,0.0000,279.3696,48.4856,'','N','','','','',0,0,0,0,0,'','','','','',0,0.0000,'','',1),
 (184,1,4,92,'A','20180407',1,0,0,'ROSSI','TULIO','Avellaneda 6737','3',2,'20221414978','80',22141497,'4693586','3000','4693586','trossi@cosemar.com.ar',4,'Bonet Pablo','Avellaneda 6737','',4,230.8840,230.8840,0.0000,0.0000,279.3696,48.4856,'','N','','','','',0,0,0,0,0,'','','','','',0,0.0000,'','',1),
 (185,1,4,93,'A','20180408',1,0,0,'ROSSI','TULIO','Avellaneda 6737','3',2,'20221414978','80',22141497,'4693586','3000','4693586','trossi@cosemar.com.ar',4,'Bonet Pablo','Avellaneda 6737','',2,304.0000,304.0000,0.0000,0.0000,367.6300,63.6300,'','N','','','','',0,0,0,0,0,'','','','','',0,0.0000,'','',1),
 (186,1,4,93,'A','20180410',1,0,0,'ROSSI','TULIO','Avellaneda 6737','3',2,'20221414978','80',22141497,'4693586','3000','4693586','trossi@cosemar.com.ar',4,'Bonet Pablo','Avellaneda 6737','',4,242.0000,242.0000,0.0000,0.0000,292.8200,50.8200,'','N','','','','',0,0,0,0,0,'','','','','',0,0.0000,'','',1),
 (187,1,4,93,'A','20180410',1,0,0,'ROSSI','TULIO','Avellaneda 6737','3',2,'20221414978','80',22141497,'4693586','3000','4693586','trossi@cosemar.com.ar',4,'Bonet Pablo','Avellaneda 6737','',4,230.8840,230.8840,0.0000,0.0000,279.3696,48.4856,'','N','','','','',0,0,0,0,0,'','','','','',0,0.0000,'','',1),
 (188,1,4,93,'A','20180410',1,0,0,'ROSSI','TULIO','Avellaneda 6737','3',2,'20221414978','80',22141497,'4693586','3000','4693586','trossi@cosemar.com.ar',4,'Bonet Pablo','Avellaneda 6737','',4,121.0000,121.0000,0.0000,0.0000,146.4100,25.4100,'','N','','','','',0,0,0,0,0,'','','','','',0,0.0000,'','',1),
 (189,1,4,93,'A','20180410',1,0,0,'ROSSI','TULIO','Avellaneda 6737','3',2,'20221414978','80',22141497,'4693586','3000','4693586','trossi@cosemar.com.ar',4,'Bonet Pablo','Avellaneda 6737','',4,121.0000,121.0000,0.0000,0.0000,146.4100,25.4100,'','N','','','','',0,0,0,0,0,'','','','','',0,0.0000,'','',1),
 (190,1,4,93,'A','20180410',1,0,0,'ROSSI','TULIO','Avellaneda 6737','3',2,'20221414978','80',22141497,'4693586','3000','4693586','trossi@cosemar.com.ar',4,'Bonet Pablo','Avellaneda 6737','',4,368.0794,368.0794,0.0000,0.0000,445.3761,77.2967,'','N','','','','',0,0,0,0,0,'','','','','',0,0.0000,'','',1),
 (191,1,4,94,'A','20180410',1,0,0,'ROSSI','TULIO','Avellaneda 6737','3',2,'20221414978','80',22141497,'4693586','3000','4693586','trossi@cosemar.com.ar',4,'Bonet Pablo','Avellaneda 6737','',3,303.0000,303.0000,0.0000,0.0000,366.6300,63.6300,'','N','','','','',0,0,0,0,0,'','','','','',0,0.0000,'','',1),
 (192,1,4,95,'A','20180410',1,0,0,'ROSSI','TULIO','Avellaneda 6737','3',2,'20221414978','80',22141497,'4693586','3000','4693586','trossi@cosemar.com.ar',4,'Bonet Pablo','Avellaneda 6737','',4,365.2551,365.2551,0.0000,0.0000,441.9587,76.7036,'','N','','','','',0,0,0,0,0,'','','','','',0,0.0000,'','',1),
 (193,1,4,96,'A','20180410',1,0,0,'ROSSI','TULIO','Avellaneda 6737','3',2,'20221414978','80',22141497,'4693586','3000','4693586','trossi@cosemar.com.ar',4,'Bonet Pablo','Avellaneda 6737','',4,242.0000,242.0000,0.0000,0.0000,292.8200,50.8200,'','N','','','','',0,0,0,0,0,'','','','','',0,0.0000,'','',1),
 (194,1,4,97,'A','20180410',1,0,0,'ROSSI','TULIO','Avellaneda 6737','3',2,'20221414978','80',22141497,'4693586','3000','4693586','trossi@cosemar.com.ar',4,'Bonet Pablo','Avellaneda 6737','',1,101.0000,101.0000,0.0000,0.0000,122.2100,21.2100,'','N','','','','',0,0,0,0,0,'','','','','',0,0.0000,'','',1),
 (195,1,4,98,'A','20180410',1,0,0,'ROSSI','TULIO','Avellaneda 6737','3',2,'20221414978','80',22141497,'4693586','3000','4693586','trossi@cosemar.com.ar',4,'Bonet Pablo','Avellaneda 6737','',2,204.0000,204.0000,0.0000,0.0000,246.8400,42.8400,'','N','','','','',0,0,0,0,0,'','','','','',0,0.0000,'','',1),
 (196,1,4,99,'A','20180411',1,0,0,'ROSSI','TULIO','Avellaneda 6737','3',2,'20221414978','80',22141497,'4693586','3000','4693586','trossi@cosemar.com.ar',4,'Bonet Pablo','Avellaneda 6737','',3,101.0000,101.0000,0.0000,0.0000,122.2100,21.2100,'','N','','','','',0,0,0,0,0,'','','','','',0,0.0000,'','',1),
 (197,1,4,99,'A','20180411',1,0,0,'ROSSI','TULIO','Avellaneda 6737','3',2,'20221414978','80',22141497,'4693586','3000','4693586','trossi@cosemar.com.ar',4,'Bonet Pablo','Avellaneda 6737','',1,101.0000,101.0000,0.0000,0.0000,122.2100,21.2100,'','N','','','','',0,0,0,0,0,'','','','','',0,0.0000,'','',1),
 (198,1,4,99,'A','20180411',1,0,0,'ROSSI','TULIO','Avellaneda 6737','3',2,'20221414978','80',22141497,'4693586','3000','4693586','trossi@cosemar.com.ar',4,'Bonet Pablo','Avellaneda 6737','',2,202.0000,202.0000,0.0000,0.0000,244.4200,42.4200,'','N','','','','',0,0,0,0,0,'','','','','',0,0.0000,'','',1),
 (199,1,4,101,'A','20180411',1,0,0,'ROSSI','TULIO','Avellaneda 6737','3',2,'20221414978','80',22141497,'4693586','3000','4693586','trossi@cosemar.com.ar',4,'Bonet Pablo','Avellaneda 6737','',2,101.0000,101.0000,0.0000,0.0000,122.2100,21.2100,'','N','','','','',0,0,0,0,0,'','','','','',0,0.0000,'','',1),
 (200,1,4,102,'A','20180411',1,0,0,'ROSSI','TULIO','Avellaneda 6737','3',2,'20221414978','80',22141497,'4693586','3000','4693586','trossi@cosemar.com.ar',4,'Bonet Pablo','Avellaneda 6737','',2,202.0000,202.0000,0.0000,0.0000,244.4200,42.4200,'','N','','','','',0,0,0,0,0,'','','','','',0,0.0000,'','',1),
 (201,1,4,103,'A','20180411',1,0,0,'ROSSI','TULIO','Avellaneda 6737','3',2,'20221414978','80',22141497,'4693586','3000','4693586','trossi@cosemar.com.ar',4,'Bonet Pablo','Avellaneda 6737','',2,202.0000,202.0000,0.0000,0.0000,244.4200,42.4200,'','N','','','','',0,0,0,0,0,'','','','','',0,0.0000,'','',1),
 (202,1,4,104,'A','20180411',1,0,0,'ROSSI','TULIO','Avellaneda 6737','3',2,'20221414978','80',22141497,'4693586','3000','4693586','trossi@cosemar.com.ar',4,'Bonet Pablo','Avellaneda 6737','',2,202.0000,202.0000,0.0000,0.0000,244.4200,42.4200,'','N','','','','',0,0,0,0,0,'','','','','',0,0.0000,'','',1),
 (203,1,4,105,'A','20180411',1,0,0,'ROSSI','TULIO','Avellaneda 6737','3',2,'20221414978','80',22141497,'4693586','3000','4693586','trossi@cosemar.com.ar',4,'Bonet Pablo','Avellaneda 6737','',2,202.0000,202.0000,0.0000,0.0000,244.4200,42.4200,'','N','','','','',0,0,0,0,0,'','','','','',0,0.0000,'','',1),
 (204,4,4,3,'A','20180804',1,0,0,'ROSSI','TULIO','Avellaneda 6737','3',2,'20221414978','1',22141497,'4693586','3000','4693586','trossi@cosemar.com.ar',1,'','Avellaneda 6737','',3,101.0000,101.0000,0.0000,0.0000,122.2100,21.2100,'','N','','','','',0,0,0,0,0,'','','','','',0,0.0000,'','',1),
 (205,1,4,106,'A','20180804',4,0,0,'Bonet','Pablo','Mitre','4',2,'','1',33468473,'','3018','','',4,'Bonet Pablo','Mitre','',3,101.0000,101.0000,0.0000,0.0000,122.2100,21.2100,'','N','','','','',0,0,0,0,0,'','','','','',0,0.0000,'','',1),
 (206,1,1,3,'A','20180817',1,0,0,'ROSSI','TULIO','Avellaneda 6737','3',2,'20221414978','1',22141497,'4693586','3000','4693586','trossi@cosemar.com.ar',4,'Bonet Pablo','Avellaneda 6737','',1,515.0000,515.0000,0.0000,0.0000,515.0000,0.0000,'','N','','','','',0,0,0,0,0,'','','','','',0,0.0000,'','',1),
 (207,1,1,4,'A','20180817',1,0,0,'ROSSI','TULIO','Avellaneda 6737','3',2,'20221414978','1',22141497,'4693586','3000','4693586','trossi@cosemar.com.ar',4,'Bonet Pablo','Avellaneda 6737','',1,505.0000,505.0000,0.0000,0.0000,611.0500,106.0500,'','N','','','','',0,0,0,0,0,'','','','','',0,0.0000,'','',1),
 (208,1,1,5,'A','20180817',1,0,0,'ROSSI','TULIO','Avellaneda 6737','3',2,'20221414978','1',22141497,'4693586','3000','4693586','trossi@cosemar.com.ar',4,'Bonet Pablo','Avellaneda 6737','',1,505.0000,505.0000,0.0000,0.0000,611.0500,106.0500,'','N','','','','',0,0,0,0,0,'','','','','',0,0.0000,'','',1),
 (209,1,1,6,'A','20180817',1,0,0,'ROSSI','TULIO','Avellaneda 6737','3',2,'20221414978','1',22141497,'4693586','3000','4693586','trossi@cosemar.com.ar',4,'Bonet Pablo','Avellaneda 6737','',2,50.0000,50.0000,0.0000,0.0000,60.5000,10.5000,'','N','','','','',0,0,0,0,0,'','','','','',0,0.0000,'','',1),
 (210,1,1,7,'A','20180818',1,0,0,'ROSSI','TULIO','Avellaneda 6737','3',2,'20221414978','1',22141497,'4693586','3000','4693586','trossi@cosemar.com.ar',4,'Bonet Pablo','Avellaneda 6737','',3,505.0000,505.0000,0.0000,0.0000,611.0500,106.0500,'','N','','','','',0,0,0,0,0,'','','','','',0,0.0000,'','',1),
 (211,1,1,8,'A','20180821',1,0,0,'ROSSI','TULIO','Avellaneda 6737','3',2,'20221414978','1',22141497,'4693586','3000','4693586','trossi@cosemar.com.ar',4,'Bonet Pablo','Avellaneda 6737','',3,1010.0000,1010.0000,0.0000,0.0000,1222.1000,212.1000,'','N','','','','',0,0,0,0,0,'','','','','',0,0.0000,'','',1),
 (212,1,1,9,'A','20180821',1,0,0,'ROSSI','TULIO','Avellaneda 6737','3',2,'20221414978','1',22141497,'4693586','3000','4693586','trossi@cosemar.com.ar',4,'Bonet Pablo','Avellaneda 6737','',3,1010.0000,1010.0000,0.0000,0.0000,1222.1000,212.1000,'','N','','','','',0,0,0,0,0,'','','','','',0,0.0000,'','',1);
INSERT INTO `facturas` (`idfactura`,`idcomproba`,`pventa`,`numero`,`tipo`,`fecha`,`entidad`,`servicio`,`cuenta`,`apellido`,`nombre`,`direccion`,`localidad`,`iva`,`cuit`,`tipodoc`,`dni`,`telefono`,`cp`,`fax`,`email`,`transporte`,`nomtransp`,`direntrega`,`stock`,`idtipoopera`,`neto`,`subtotal`,`descuento`,`recargo`,`total`,`totalimpu`,`operexenta`,`anulado`,`observa1`,`observa2`,`observa3`,`observa4`,`idperiodo`,`ruta1`,`folio1`,`ruta2`,`folio2`,`fechavenc1`,`fechavenc2`,`fechavenc3`,`proxvenc`,`confirmada`,`astoconta`,`deudacta`,`cespcae`,`caecespven`,`vendedor`) VALUES 
 (213,1,1,10,'A','20180821',1,0,0,'ROSSI','TULIO','Avellaneda 6737','3',2,'20221414978','1',22141497,'4693586','3000','4693586','trossi@cosemar.com.ar',4,'Bonet Pablo','Avellaneda 6737','',3,505.0000,505.0000,0.0000,0.0000,611.0500,106.0500,'','N','','','','',0,0,0,0,0,'','','','','',0,0.0000,'','',1),
 (214,1,1,11,'A','20180821',1,0,0,'ROSSI','TULIO','Avellaneda 6737','3',2,'20221414978','1',22141497,'4693586','3000','4693586','trossi@cosemar.com.ar',4,'Bonet Pablo','Avellaneda 6737','',3,202.0000,202.0000,0.0000,0.0000,244.4200,42.4200,'','N','','','','',0,0,0,0,0,'','','','','',0,0.0000,'','',1),
 (215,1,1,12,'A','20180821',1,0,0,'ROSSI','TULIO','Avellaneda 6737','3',2,'20221414978','1',22141497,'4693586','3000','4693586','trossi@cosemar.com.ar',4,'Bonet Pablo','Avellaneda 6737','',3,606.0000,606.0000,0.0000,0.0000,733.2600,127.2600,'','N','','','','',0,0,0,0,0,'','','','','',0,0.0000,'','',1),
 (216,1,1,13,'A','20180821',1,0,0,'ROSSI','TULIO','Avellaneda 6737','3',2,'20221414978','1',22141497,'4693586','3000','4693586','trossi@cosemar.com.ar',4,'Bonet Pablo','Avellaneda 6737','',3,202.0000,202.0000,0.0000,0.0000,244.4200,42.4200,'','N','','','','',0,0,0,0,0,'','','','','',0,0.0000,'','',1),
 (217,1,1,14,'A','20180821',1,0,0,'ROSSI','TULIO','Avellaneda 6737','3',2,'20221414978','1',22141497,'4693586','3000','4693586','trossi@cosemar.com.ar',4,'Bonet Pablo','Avellaneda 6737','',3,202.0000,202.0000,0.0000,0.0000,244.4200,42.4200,'','N','','','','',0,0,0,0,0,'','','','','',0,0.0000,'','',1),
 (218,1,1,15,'A','20180821',1,0,0,'ROSSI','TULIO','Avellaneda 6737','3',2,'20221414978','1',22141497,'4693586','3000','4693586','trossi@cosemar.com.ar',4,'Bonet Pablo','Avellaneda 6737','',3,505.0000,505.0000,0.0000,0.0000,611.0500,106.0500,'','N','','','','',0,0,0,0,0,'','','','','',0,0.0000,'','',1),
 (219,1,1,16,'A','20180821',1,0,0,'ROSSI','TULIO','Avellaneda 6737','3',2,'20221414978','1',22141497,'4693586','3000','4693586','trossi@cosemar.com.ar',4,'Bonet Pablo','Avellaneda 6737','',3,202.0000,202.0000,0.0000,0.0000,244.4200,42.4200,'','N','','','','',0,0,0,0,0,'','','','','',0,0.0000,'','',1),
 (220,1,1,17,'A','20180822',1,0,0,'ROSSI','TULIO','Avellaneda 6737','3',2,'20221414978','1',22141497,'4693586','3000','4693586','trossi@cosemar.com.ar',4,'Bonet Pablo','Avellaneda 6737','',1,303.0000,303.0000,0.0000,0.0000,366.6300,63.6300,'','N','','','','',0,0,0,0,0,'','','','','',0,0.0000,'','',1),
 (221,1,1,18,'A','20180822',1,0,0,'ROSSI','TULIO','Avellaneda 6737','3',2,'20221414978','1',22141497,'4693586','3000','4693586','trossi@cosemar.com.ar',4,'Bonet Pablo','Avellaneda 6737','',2,404.0000,404.0000,0.0000,0.0000,488.8400,84.8400,'','N','','','','',0,0,0,0,0,'','','','','',0,0.0000,'','',1),
 (222,1,1,19,'A','20180822',1,0,0,'ROSSI','TULIO','Avellaneda 6737','3',2,'20221414978','1',22141497,'4693586','3000','4693586','trossi@cosemar.com.ar',4,'Bonet Pablo','Avellaneda 6737','',2,404.0000,404.0000,0.0000,0.0000,488.8400,84.8400,'','N','','','','',0,0,0,0,0,'','','','','',0,0.0000,'','',1),
 (223,1,1,20,'A','20180822',1,0,0,'ROSSI','TULIO','Avellaneda 6737','3',2,'20221414978','1',22141497,'4693586','3000','4693586','trossi@cosemar.com.ar',4,'Bonet Pablo','Avellaneda 6737','',2,505.0000,505.0000,0.0000,0.0000,611.0500,106.0500,'','N','','','','',0,0,0,0,0,'','','','','',0,0.0000,'','',1),
 (224,1,1,21,'A','20180822',1,0,0,'ROSSI','TULIO','Avellaneda 6737','3',2,'20221414978','1',22141497,'4693586','3000','4693586','trossi@cosemar.com.ar',4,'Bonet Pablo','Avellaneda 6737','',3,505.0000,505.0000,0.0000,0.0000,611.0500,106.0500,'','N','','','','',0,0,0,0,0,'','','','','',0,0.0000,'','',1),
 (225,1,1,22,'A','20180822',1,0,0,'ROSSI','TULIO','Avellaneda 6737','3',2,'20221414978','1',22141497,'4693586','3000','4693586','trossi@cosemar.com.ar',4,'Bonet Pablo','Avellaneda 6737','',2,606.0000,606.0000,0.0000,0.0000,733.2600,127.2600,'','N','','','','',0,0,0,0,0,'','','','','',0,0.0000,'','',1),
 (226,1,1,23,'A','20180822',1,0,0,'ROSSI','TULIO','Avellaneda 6737','3',2,'20221414978','1',22141497,'4693586','3000','4693586','trossi@cosemar.com.ar',4,'Bonet Pablo','Avellaneda 6737','',2,505.0000,505.0000,0.0000,0.0000,611.0500,106.0500,'','N','','','','',0,0,0,0,0,'','','','','',0,0.0000,'','',1),
 (227,1,1,24,'A','20180822',1,0,0,'ROSSI','TULIO','Avellaneda 6737','3',2,'20221414978','1',22141497,'4693586','3000','4693586','trossi@cosemar.com.ar',4,'Bonet Pablo','Avellaneda 6737','',2,505.0000,505.0000,0.0000,0.0000,611.0500,106.0500,'','N','','','','',0,0,0,0,0,'','','','','',0,0.0000,'','',1),
 (228,1,1,25,'A','20180823',1,0,0,'ROSSI','TULIO','Avellaneda 6737','3',2,'20221414978','1',22141497,'4693586','3000','4693586','trossi@cosemar.com.ar',4,'Bonet Pablo','Avellaneda 6737','',3,505.0000,505.0000,0.0000,0.0000,611.0500,106.0500,'','N','','','','',0,0,0,0,0,'','','','','',0,0.0000,'','',1),
 (229,1,1,26,'A','20180823',1,0,0,'ROSSI','TULIO','Avellaneda 6737','3',2,'20221414978','1',22141497,'4693586','3000','4693586','trossi@cosemar.com.ar',4,'Bonet Pablo','Avellaneda 6737','',2,505.0000,505.0000,0.0000,0.0000,611.0500,106.0500,'','N','','','','',0,0,0,0,0,'','','','','',0,0.0000,'','',1),
 (230,1,1,27,'A','20180823',1,0,0,'ROSSI','TULIO','Avellaneda 6737','3',2,'20221414978','1',22141497,'4693586','3000','4693586','trossi@cosemar.com.ar',4,'Bonet Pablo','Avellaneda 6737','',4,1010.0000,1010.0000,0.0000,0.0000,1222.1000,212.1000,'','N','','','','',0,0,0,0,0,'','','','','',0,0.0000,'','',1),
 (231,1,1,28,'A','20180823',1,0,0,'ROSSI','TULIO','Avellaneda 6737','3',2,'20221414978','1',22141497,'4693586','3000','4693586','trossi@cosemar.com.ar',4,'Bonet Pablo','Avellaneda 6737','',2,505.0000,505.0000,0.0000,0.0000,611.0500,106.0500,'','N','','','','',0,0,0,0,0,'','','','','',0,0.0000,'','',1),
 (232,1,1,29,'A','20180823',1,0,0,'ROSSI','TULIO','Avellaneda 6737','3',2,'20221414978','1',22141497,'4693586','3000','4693586','trossi@cosemar.com.ar',4,'Bonet Pablo','Avellaneda 6737','',2,202.0000,202.0000,0.0000,0.0000,244.4200,42.4200,'','N','','','','',0,0,0,0,0,'','','','','',0,0.0000,'','',1),
 (233,1,1,30,'A','20180823',1,0,0,'ROSSI','TULIO','Avellaneda 6737','3',2,'20221414978','1',22141497,'4693586','3000','4693586','trossi@cosemar.com.ar',4,'Bonet Pablo','Avellaneda 6737','',4,303.0000,303.0000,0.0000,0.0000,366.6300,63.6300,'','N','','','','',0,0,0,0,0,'','','','','',0,0.0000,'','',1),
 (234,1,1,31,'A','20180823',1,0,0,'ROSSI','TULIO','Avellaneda 6737','3',2,'20221414978','1',22141497,'4693586','3000','4693586','trossi@cosemar.com.ar',4,'Bonet Pablo','Avellaneda 6737','',4,202.0000,202.0000,0.0000,0.0000,244.4200,42.4200,'','N','','','','',0,0,0,0,0,'','','','','',0,0.0000,'','',1),
 (235,1,1,32,'A','20180824',1,0,0,'ROSSI','TULIO','Avellaneda 6737','3',2,'20221414978','1',22141497,'4693586','3000','4693586','trossi@cosemar.com.ar',4,'Bonet Pablo','Avellaneda 6737','',1,202.0000,202.0000,0.0000,0.0000,244.4200,42.4200,'','N','','','','',0,0,0,0,0,'','','','','',0,0.0000,'','',1),
 (236,1,1,33,'A','20180824',1,0,0,'ROSSI','TULIO','Avellaneda 6737','3',2,'20221414978','1',22141497,'4693586','3000','4693586','trossi@cosemar.com.ar',4,'Bonet Pablo','Avellaneda 6737','',3,202.0000,202.0000,0.0000,0.0000,244.4200,42.4200,'','N','','','','',0,0,0,0,0,'','','','','',0,0.0000,'','',1),
 (237,1,1,34,'A','20180824',1,0,0,'ROSSI','TULIO','Avellaneda 6737','3',2,'20221414978','1',22141497,'4693586','3000','4693586','trossi@cosemar.com.ar',4,'Bonet Pablo','Avellaneda 6737','',1,303.0000,303.0000,0.0000,0.0000,366.6300,63.6300,'','N','','','','',0,0,0,0,0,'','','','','',0,0.0000,'','',1),
 (238,1,1,35,'A','20180824',1,0,0,'ROSSI','TULIO','Avellaneda 6737','3',2,'20221414978','1',22141497,'4693586','3000','4693586','trossi@cosemar.com.ar',4,'Bonet Pablo','Avellaneda 6737','',2,202.0000,202.0000,0.0000,0.0000,244.4200,42.4200,'','N','','','','',0,0,0,0,0,'','','','','',0,0.0000,'','',1),
 (239,1,1,36,'A','20180824',1,0,0,'ROSSI','TULIO','Avellaneda 6737','3',2,'20221414978','1',22141497,'4693586','3000','4693586','trossi@cosemar.com.ar',4,'Bonet Pablo','Avellaneda 6737','',2,202.0000,202.0000,0.0000,0.0000,244.4200,42.4200,'','N','','','','',0,0,0,0,0,'','','','','',0,0.0000,'','',1),
 (240,1,1,37,'A','20180824',1,0,0,'ROSSI','TULIO','Avellaneda 6737','3',2,'20221414978','1',22141497,'4693586','3000','4693586','trossi@cosemar.com.ar',4,'Bonet Pablo','Avellaneda 6737','',2,202.0000,202.0000,0.0000,0.0000,244.4200,42.4200,'','N','','','','',0,0,0,0,0,'','','','','',0,0.0000,'','',1),
 (241,1,1,38,'A','20180824',1,0,0,'ROSSI','TULIO','Avellaneda 6737','3',2,'20221414978','1',22141497,'4693586','3000','4693586','trossi@cosemar.com.ar',4,'Bonet Pablo','Avellaneda 6737','',2,202.0000,202.0000,0.0000,0.0000,244.4200,42.4200,'','N','','','','',0,0,0,0,0,'','','','','',0,0.0000,'','',1),
 (242,1,1,39,'A','20180824',1,0,0,'ROSSI','TULIO','Avellaneda 6737','3',2,'20221414978','1',22141497,'4693586','3000','4693586','trossi@cosemar.com.ar',4,'Bonet Pablo','Avellaneda 6737','',4,202.0000,202.0000,0.0000,0.0000,244.4200,42.4200,'','N','','','','',0,0,0,0,0,'','','','','',0,0.0000,'','',1),
 (243,1,1,40,'A','20180824',1,0,0,'ROSSI','TULIO','Avellaneda 6737','3',2,'20221414978','1',22141497,'4693586','3000','4693586','trossi@cosemar.com.ar',4,'Bonet Pablo','Avellaneda 6737','',4,202.0000,202.0000,0.0000,0.0000,244.4200,42.4200,'','N','','','','',0,0,0,0,0,'','','','','',0,0.0000,'','',1),
 (244,1,1,41,'A','20180824',1,0,0,'ROSSI','TULIO','Avellaneda 6737','3',2,'20221414978','1',22141497,'4693586','3000','4693586','trossi@cosemar.com.ar',4,'Bonet Pablo','Avellaneda 6737','',4,242.0000,242.0000,0.0000,0.0000,292.8200,50.8200,'','N','','','','',0,0,0,0,0,'','','','','',0,0.0000,'','',1),
 (245,1,1,42,'A','20180828',1,0,0,'ROSSI','TULIO','Avellaneda 6737','3',2,'20221414978','1',22141497,'4693586','3000','4693586','trossi@cosemar.com.ar',4,'Bonet Pablo','Avellaneda 6737','',3,101.0000,101.0000,0.0000,0.0000,122.2100,21.2100,'','N','','','','',0,0,0,0,0,'','','','','',0,0.0000,'','',1),
 (246,1,1,43,'A','20180828',1,0,0,'ROSSI','TULIO','Avellaneda 6737','3',2,'20221414978','1',22141497,'4693586','3000','4693586','trossi@cosemar.com.ar',4,'Bonet Pablo','Avellaneda 6737','',1,1010.0000,1010.0000,0.0000,0.0000,1222.1000,212.1000,'','N','','','','',0,0,0,0,0,'','','','','',0,0.0000,'','',1),
 (247,1,1,44,'A','20180829',4,0,0,'Bonet','Pablo','Mitre','4',2,'','1',33468473,'','3018','','',4,'Bonet Pablo','Mitre','',1,1010.0000,1010.0000,0.0000,0.0000,1222.1000,212.1000,'','N','','','','',0,0,0,0,0,'','','','','',0,0.0000,'','',1),
 (248,1,1,45,'A','20180829',1,0,0,'ROSSI','TULIO','Avellaneda 6737','3',2,'20221414978','1',22141497,'4693586','3000','4693586','trossi@cosemar.com.ar',4,'Bonet Pablo','Avellaneda 6737','',3,505.0000,505.0000,0.0000,0.0000,611.0500,106.0500,'','N','','','','',0,0,0,0,0,'','','','','',0,0.0000,'','',1),
 (249,1,1,46,'A','20180830',4,0,0,'Bonet','Pablo','Mitre','4',2,'','1',33468473,'','3018','','',4,'Bonet Pablo','Mitre','',1,505.0000,505.0000,0.0000,0.0000,611.0500,106.0500,'','N','','','','',0,0,0,0,0,'','','','','',0,0.0000,'','',1),
 (250,1,1,47,'A','20180831',4,0,0,'Bonet','Pablo','Mitre','4',2,'','1',33468473,'','3018','','',4,'Bonet Pablo','Mitre','',2,505.0000,505.0000,0.0000,0.0000,611.0500,106.0500,'','N','','','','',0,0,0,0,0,'','','','','',0,0.0000,'','',1),
 (251,1,1,48,'A','20180831',4,0,0,'Bonet','Pablo','Mitre','4',2,'','1',33468473,'','3018','','',4,'Bonet Pablo','Mitre','',4,505.0000,505.0000,0.0000,0.0000,611.0500,106.0500,'','N','','','','',0,0,0,0,0,'','','','','',0,0.0000,'','',1),
 (252,1,1,49,'A','20180901',4,0,0,'Bonet','Pablo','Mitre','4',2,'','1',33468473,'','3018','','',4,'Bonet Pablo','Mitre','',1,101.0000,101.0000,0.0000,0.0000,122.2100,21.2100,'','N','','','','',0,0,0,0,0,'','','','','',0,0.0000,'','',1),
 (253,1,1,50,'A','20180903',4,0,0,'Bonet','Pablo','Mitre','4',2,'','1',33468473,'','3018','','',4,'Bonet Pablo','Mitre','',2,505.0000,505.0000,0.0000,0.0000,611.0500,106.0500,'','N','','','','',0,0,0,0,0,'','','','','',0,0.0000,'','',1),
 (254,1,1,51,'A','20180903',4,0,0,'Bonet','Pablo','Mitre','4',2,'','1',33468473,'','3018','','',4,'Bonet Pablo','Mitre','',4,250.8840,250.8840,0.0000,0.0000,303.5696,52.6856,'','N','','','','',0,0,0,0,0,'','','','','',0,0.0000,'','',1),
 (255,1,1,52,'A','20180903',4,0,0,'Bonet','Pablo','Mitre','4',2,'','1',33468473,'','3018','','',4,'Bonet Pablo','Mitre','',5,505.0000,505.0000,0.0000,0.0000,611.0500,106.0500,'','N','','','','',0,0,0,0,0,'','','','','',0,0.0000,'','',1),
 (256,1,1,53,'A','20180907',4,0,0,'Bonet','Pablo','Mitre','4',2,'','1',33468473,'','3018','','',4,'Bonet Pablo','Mitre','',1,505.0000,505.0000,0.0000,0.0000,611.0500,106.0500,'','N','','','','',0,0,0,0,0,'','','','','',0,0.0000,'','',1),
 (257,1,1,54,'A','20180907',4,0,0,'Bonet','Pablo','Mitre','4',2,'','1',33468473,'','3018','','',4,'Bonet Pablo','Mitre','',1,505.0000,505.0000,0.0000,0.0000,611.0500,106.0500,'','N','','','','',0,0,0,0,0,'','','','','',0,0.0000,'','',1),
 (258,1,1,55,'A','20180908',4,0,0,'Bonet','Pablo','Mitre','4',2,'','1',33468473,'','3018','','',4,'Bonet Pablo','Mitre','',2,101.0000,101.0000,0.0000,0.0000,122.2100,21.2100,'','N','','','','',0,0,0,0,0,'','','','','',0,0.0000,'','',1),
 (259,1,1,56,'A','20180908',4,0,0,'Bonet','Pablo','Mitre','4',2,'','1',33468473,'','3018','','',4,'Bonet Pablo','Mitre','',2,101.0000,101.0000,0.0000,0.0000,122.2100,21.2100,'','N','','','','',0,0,0,0,0,'','','','','',0,0.0000,'','',1),
 (260,1,1,57,'A','20180908',4,0,0,'Bonet','Pablo','Mitre','4',2,'','1',33468473,'','3018','','',4,'Bonet Pablo','Mitre','',2,101.0000,101.0000,0.0000,0.0000,122.2100,21.2100,'','N','','','','',0,0,0,0,0,'','','','','',0,0.0000,'','',1),
 (261,1,1,58,'A','20180908',4,0,0,'Bonet','Pablo','Mitre','4',2,'','1',33468473,'','3018','','',4,'Bonet Pablo','Mitre','',2,101.0000,101.0000,0.0000,0.0000,122.2100,21.2100,'','N','','','','',0,0,0,0,0,'','','','','',0,0.0000,'','',1),
 (262,1,1,59,'A','20180908',4,0,0,'Bonet','Pablo','Mitre','4',2,'','1',33468473,'','3018','','',4,'Bonet Pablo','Mitre','',2,133.1600,133.1600,0.0000,0.0000,161.1236,27.9636,'','N','','','','',0,0,0,0,0,'','','','','',0,0.0000,'','',1),
 (263,1,1,60,'A','20180908',4,0,0,'Bonet','Pablo','Mitre','4',2,'','1',33468473,'','3018','','',4,'Bonet Pablo','Mitre','',2,303.0000,303.0000,0.0000,0.0000,366.6300,63.6300,'','N','','','','',0,0,0,0,0,'','','','','',0,0.0000,'','',1),
 (264,1,1,61,'A','20180908',4,0,0,'Bonet','Pablo','Mitre','4',2,'','1',33468473,'','3018','','',4,'Bonet Pablo','Mitre','',2,333.0000,333.0000,0.0000,0.0000,402.9300,69.9300,'','N','','','','',0,0,0,0,0,'','','','','',0,0.0000,'','',1),
 (265,1,1,62,'A','20180908',4,0,0,'Bonet','Pablo','Mitre','4',2,'','1',33468473,'','3018','','',4,'Bonet Pablo','Mitre','',2,111.0000,111.0000,0.0000,0.0000,134.3100,23.3100,'','N','','','','',0,0,0,0,0,'','','','','',0,0.0000,'','',1),
 (266,1,1,63,'A','20180911',4,0,0,'Bonet','Pablo','Mitre','4',2,'','1',33468473,'','3018','','',4,'Bonet Pablo','Mitre','',5,505.0000,505.0000,0.0000,0.0000,611.0500,106.0500,'','N','','','','',0,0,0,0,0,'','','','','',0,0.0000,'','',1),
 (267,1,1,64,'A','20180911',4,0,0,'Bonet','Pablo','Mitre','4',2,'','1',33468473,'','3018','','',4,'Bonet Pablo','Mitre','',5,202.0000,202.0000,0.0000,0.0000,244.4200,42.4200,'','N','','','','',0,0,0,0,0,'','','','','',0,0.0000,'','',1),
 (268,1,1,65,'A','20180911',4,0,0,'Bonet','Pablo','Mitre','4',2,'','1',33468473,'','3018','','',4,'Bonet Pablo','Mitre','',5,202.0000,202.0000,0.0000,0.0000,244.4200,42.4200,'','N','','','','',0,0,0,0,0,'','','','','',0,0.0000,'','',1),
 (269,1,1,66,'A','20180911',4,0,0,'Bonet','Pablo','Mitre','4',2,'','1',33468473,'','3018','','',4,'Bonet Pablo','Mitre','',5,101.0000,101.0000,0.0000,0.0000,122.2100,21.2100,'','N','','','','',0,0,0,0,0,'','','','','',0,0.0000,'','',1),
 (270,1,1,67,'A','20180911',4,0,0,'Bonet','Pablo','Mitre','4',2,'','1',33468473,'','3018','','',4,'Bonet Pablo','Mitre','',5,101.0000,101.0000,0.0000,0.0000,122.2100,21.2100,'','N','','','','',0,0,0,0,0,'','','','','',0,0.0000,'','',1),
 (271,1,1,68,'A','20180911',4,0,0,'Bonet','Pablo','Mitre','4',2,'','1',33468473,'','3018','','',4,'Bonet Pablo','Mitre','',5,101.0000,101.0000,0.0000,0.0000,122.2100,21.2100,'','N','','','','',0,0,0,0,0,'','','','','',0,0.0000,'','',1),
 (272,1,1,69,'A','20180911',4,0,0,'Bonet','Pablo','Mitre','4',2,'','1',33468473,'','3018','','',4,'Bonet Pablo','Mitre','',5,101.0000,101.0000,0.0000,0.0000,122.2100,21.2100,'','N','','','','',0,0,0,0,0,'','','','','',0,0.0000,'','',1),
 (273,1,1,70,'A','20180911',4,0,0,'Bonet','Pablo','Mitre','4',2,'','1',33468473,'','3018','','',4,'Bonet Pablo','Mitre','',5,202.0000,202.0000,0.0000,0.0000,244.4200,42.4200,'','N','','','','',0,0,0,0,0,'','','','','',0,0.0000,'','',1),
 (274,1,1,71,'A','20180911',4,0,0,'Bonet','Pablo','Mitre','4',2,'','1',33468473,'','3018','','',4,'Bonet Pablo','Mitre','',5,101.0000,101.0000,0.0000,0.0000,122.2100,21.2100,'','N','','','','',0,0,0,0,0,'','','','','',0,0.0000,'','',1),
 (275,1,1,72,'A','20180911',4,0,0,'Bonet','Pablo','Mitre','4',2,'','1',33468473,'','3018','','',4,'Bonet Pablo','Mitre','',5,101.0000,101.0000,0.0000,0.0000,122.2100,21.2100,'','N','','','','',0,0,0,0,0,'','','','','',0,0.0000,'','',1),
 (276,1,1,73,'A','20180912',4,0,0,'Bonet','Pablo','Mitre','4',2,'','1',33468473,'','3018','','',4,'Bonet Pablo','Mitre','',5,101.0000,101.0000,0.0000,0.0000,122.2100,21.2100,'','N','','','','',0,0,0,0,0,'','','','','',0,0.0000,'','',1),
 (277,1,1,74,'A','20180912',4,0,0,'Bonet','Pablo','Mitre','4',2,'','1',33468473,'','3018','','',4,'Bonet Pablo','Mitre','',5,101.0000,101.0000,0.0000,0.0000,122.2100,21.2100,'','N','','','','',0,0,0,0,0,'','','','','',0,0.0000,'','',1),
 (278,1,1,75,'A','20180915',4,0,0,'Bonet','Pablo','Mitre','4',2,'','1',33468473,'','3018','','',4,'Bonet Pablo','Mitre','',5,505.0000,505.0000,0.0000,0.0000,611.0500,106.0500,'','N','','','','',0,0,0,0,0,'','','','','',0,0.0000,'','',1),
 (279,1,1,76,'A','20180915',4,0,0,'Bonet','Pablo','Mitre','4',2,'','1',33468473,'','3018','','',4,'Bonet Pablo','Mitre','',5,1010.0000,1010.0000,0.0000,0.0000,1222.1000,212.1000,'','N','','','','',0,0,0,0,0,'','','','','',0,0.0000,'','',1),
 (280,1,1,77,'A','20180915',4,0,0,'Bonet','Pablo','Mitre','4',2,'','1',33468473,'','3018','','',4,'Bonet Pablo','Mitre','',5,1010.0000,1010.0000,0.0000,0.0000,1222.1000,212.1000,'','N','','','','',0,0,0,0,0,'','','','','',0,0.0000,'','',1),
 (282,1,1,79,'A','20180921',4,0,0,'Bonet','Pablo','Mitre','4',2,'','1',33468473,'','3018','','',4,'Bonet Pablo','Mitre','',3,101.0000,101.0000,0.0000,0.0000,122.2100,21.2100,'','N','','','','',0,0,0,0,0,'','','','','',0,0.0000,'','',1),
 (285,1,1,82,'A','20180921',4,0,0,'Bonet','Pablo','Mitre','4',2,'','1',33468473,'','3018','','',4,'Bonet Pablo','Mitre','',3,505.0000,505.0000,0.0000,0.0000,611.0500,106.0500,'','N','','','','',0,0,0,0,0,'','','','','',0,0.0000,'','',1),
 (286,1,1,83,'A','20180921',4,0,0,'Bonet','Pablo','Mitre','4',2,'','1',33468473,'','3018','','',4,'Bonet Pablo','Mitre','',3,505.0000,505.0000,0.0000,0.0000,611.0500,106.0500,'','N','','','','',0,0,0,0,0,'','','','','',0,0.0000,'','',1),
 (287,1,1,84,'A','20180921',4,0,0,'Bonet','Pablo','Mitre','4',2,'','1',33468473,'','3018','','',4,'Bonet Pablo','Mitre','',3,505.0000,505.0000,0.0000,0.0000,611.0500,106.0500,'','N','','','','',0,0,0,0,0,'','','','','',0,0.0000,'','',1),
 (288,1,1,85,'A','20180921',4,0,0,'Bonet','Pablo','Mitre','4',2,'','1',33468473,'','3018','','',4,'Bonet Pablo','Mitre','',3,1010.0000,1010.0000,0.0000,0.0000,1222.1000,212.1000,'','N','','','','',0,0,0,0,0,'','','','','',0,0.0000,'','',1),
 (289,1,1,86,'A','20180922',4,0,0,'Bonet','Pablo','Mitre','4',2,'','1',33468473,'','3018','','',4,'Bonet Pablo','Mitre','',3,101.0000,101.0000,0.0000,0.0000,122.2100,21.2100,'','N','','','','',0,0,0,0,0,'','','','','',0,0.0000,'','',1),
 (291,1,1,87,'A','20180922',4,0,0,'Bonet','Pablo','Mitre','4',2,'','1',33468473,'','3018','','',4,'Bonet Pablo','Mitre','',1,505.0000,505.0000,0.0000,0.0000,611.0500,106.0500,'','N','','','','',0,0,0,0,0,'','','','','',0,0.0000,'','',1),
 (292,1,1,88,'A','20180922',4,0,0,'Bonet','Pablo','Mitre','4',2,'','1',33468473,'','3018','','',4,'Bonet Pablo','Mitre','',5,101.0000,101.0000,0.0000,0.0000,122.2100,21.2100,'','N','','','','',0,0,0,0,0,'','','','','',0,0.0000,'','',1),
 (293,1,1,89,'A','20180922',4,0,0,'Bonet','Pablo','Mitre','4',2,'','1',33468473,'','3018','','',4,'Bonet Pablo','Mitre','',4,105.4420,105.4420,0.0000,0.0000,127.5848,22.1428,'','N','','','','',0,0,0,0,0,'','','','','',0,0.0000,'','',1),
 (294,1,1,90,'A','20180925',4,0,0,'Bonet','Pablo','Mitre','4',2,'','1',33468473,'','3018','','',4,'Bonet Pablo','Mitre','',2,565.0000,565.0000,0.0000,0.0000,683.6500,118.6500,'','N','','','','',0,0,0,0,0,'','','','','',0,0.0000,'','',1),
 (295,1,1,91,'A','20180925',4,0,0,'Bonet','Pablo','Mitre','4',2,'','1',33468473,'','3018','','',4,'Bonet Pablo','Mitre','',1,505.0000,505.0000,0.0000,0.0000,611.0500,106.0500,'','N','','','','',0,0,0,0,0,'','','','','',0,0.0000,'','',1),
 (296,1,1,92,'A','20180926',0,0,0,'','','','',0,'','99',0,'','','','',0,'','','',1,1515.0000,1515.0000,0.0000,0.0000,1515.0000,0.0000,'','N','','','','',0,0,0,0,0,'','','','','',0,0.0000,'','',0),
 (299,1,1,94,'A','20180926',1,0,0,'ROSSI','TULIO','Avellaneda 6737','3',2,'20221414978','1',22141497,'4693586','3000','4693586','trossi@cosemar.com.ar',4,'Bonet Pablo','Avellaneda 6737','',1,2020.0000,2020.0000,0.0000,0.0000,2444.2000,424.2000,'','N','','','','',0,0,0,0,0,'','','','','',0,0.0000,'','',1),
 (300,1,1,95,'A','20180928',4,0,0,'Bonet','Pablo','Mitre','4',2,'','1',33468473,'','3018','','',4,'Bonet Pablo','Mitre','',2,565.0000,565.0000,0.0000,0.0000,683.6500,118.6500,'','N','','','','',0,0,0,0,0,'','','','','',0,0.0000,'','',1),
 (301,1,1,96,'A','20180928',0,0,0,'','','','',0,'','99',0,'','','','',0,'','','',1,505.0000,505.0000,0.0000,0.0000,611.0500,106.0500,'','N','','','','',0,0,0,0,0,'','','','','',0,0.0000,'','',0),
 (302,1,1,97,'A','20181006',4,0,0,'Bonet','Pablo','Mitre','4',2,'','1',33468473,'','3018','','',4,'Bonet Pablo','Mitre','',4,505.0000,505.0000,0.0000,0.0000,611.0500,106.0500,'','N','','','','',0,0,0,0,0,'','','','','',0,0.0000,'','',1),
 (303,1,1,98,'A','20181006',4,0,0,'Bonet','Pablo','Mitre','4',2,'','1',33468473,'','3018','','',4,'Bonet Pablo','Mitre','',4,505.0000,505.0000,0.0000,0.0000,611.0500,106.0500,'','N','','','','',0,0,0,0,0,'','','','','',0,0.0000,'','',1),
 (304,1,1,99,'A','20181006',4,0,0,'Bonet','Pablo','Mitre','4',2,'','1',33468473,'','3018','','',4,'Bonet Pablo','Mitre','',4,101.0000,101.0000,0.0000,0.0000,122.2100,21.2100,'','N','','','','',0,0,0,0,0,'','','','','',0,0.0000,'','',1),
 (305,1,1,100,'A','20181006',4,0,0,'Bonet','Pablo','Mitre','4',2,'','1',33468473,'','3018','','',4,'Bonet Pablo','Mitre','',4,627.2100,627.2100,0.0000,0.0000,758.9241,131.7141,'','N','','','','',0,0,0,0,0,'','','','','',0,0.0000,'','',1),
 (306,1,1,101,'A','20181006',4,0,0,'Bonet','Pablo','Mitre','4',2,'','1',33468473,'','3018','','',4,'Bonet Pablo','Mitre','',4,627.2100,627.2100,0.0000,0.0000,758.9241,131.7141,'','N','','','','',0,0,0,0,0,'','','','','',0,0.0000,'','',1),
 (307,1,1,102,'A','20181006',4,0,0,'Bonet','Pablo','Mitre','4',2,'','1',33468473,'','3018','','',4,'Bonet Pablo','Mitre','',4,250.8840,250.8840,0.0000,0.0000,303.5696,52.6856,'','N','','','','',0,0,0,0,0,'','','','','',0,0.0000,'','',1),
 (308,1,1,103,'A','20181006',4,0,0,'Bonet','Pablo','Mitre','4',2,'','1',33468473,'','3018','','',4,'Bonet Pablo','Mitre','',4,250.8840,250.8840,0.0000,0.0000,303.5696,52.6856,'','N','','','','',0,0,0,0,0,'','','','','',0,0.0000,'','',1),
 (309,1,1,104,'A','20181006',4,0,0,'Bonet','Pablo','Mitre','4',2,'','1',33468473,'','3018','','',4,'Bonet Pablo','Mitre','',4,250.8840,250.8840,0.0000,0.0000,303.5696,52.6856,'','N','','','','',0,0,0,0,0,'','','','','',0,0.0000,'','',1),
 (310,1,1,105,'A','20181006',4,0,0,'Bonet','Pablo','Mitre','4',2,'','1',33468473,'','3018','','',4,'Bonet Pablo','Mitre','',4,376.3260,376.3260,0.0000,0.0000,455.3545,79.0285,'','N','','','','',0,0,0,0,0,'','','','','',0,0.0000,'','',1),
 (311,1,1,106,'A','20181006',4,0,0,'Bonet','Pablo','Mitre','4',2,'','1',33468473,'','3018','','',4,'Bonet Pablo','Mitre','',4,250.8840,250.8840,0.0000,0.0000,303.5696,52.6856,'','N','','','','',0,0,0,0,0,'','','','','',0,0.0000,'','',1),
 (312,1,1,107,'A','20181006',4,0,0,'Bonet','Pablo','Mitre','4',2,'','1',33468473,'','3018','','',4,'Bonet Pablo','Mitre','',4,250.8840,250.8840,0.0000,0.0000,303.5696,52.6856,'','N','','','','',0,0,0,0,0,'','','','','',0,0.0000,'','',1),
 (313,1,1,108,'A','20181006',4,0,0,'Bonet','Pablo','Mitre','4',2,'','1',33468473,'','3018','','',4,'Bonet Pablo','Mitre','',4,250.8840,250.8840,0.0000,0.0000,303.5696,52.6856,'','N','','','','',0,0,0,0,0,'','','','','',0,0.0000,'','',1),
 (314,1,1,109,'A','20181008',4,0,0,'Bonet','Pablo','Mitre','4',2,'','1',33468473,'','3018','','',4,'Bonet Pablo','Mitre','',4,1210.0000,1210.0000,0.0000,0.0000,1464.1000,254.1000,'','N','','','','',0,0,0,0,0,'','','','','',0,0.0000,'','',1),
 (315,1,1,110,'A','20181008',4,0,0,'Bonet','Pablo','Mitre','4',2,'','1',33468473,'','3018','','',4,'Bonet Pablo','Mitre','',4,607.2100,607.2100,0.0000,0.0000,734.7241,127.5141,'','N','','','','',0,0,0,0,0,'','','','','',0,0.0000,'','',1),
 (316,1,1,111,'A','20181008',4,0,0,'Bonet','Pablo','Mitre','4',2,'','1',33468473,'','3018','','',4,'Bonet Pablo','Mitre','',4,607.2100,607.2100,0.0000,0.0000,734.7241,127.5141,'','N','','','','',0,0,0,0,0,'','','','','',0,0.0000,'','',1),
 (317,1,1,112,'A','20181008',0,0,0,'Pablo Rodriguez','','','',0,'','99',0,'','','','',0,'','','',3,202.0000,202.0000,0.0000,0.0000,244.4200,42.4200,'','N','','','','',0,0,0,0,0,'','','','','',0,0.0000,'','',3),
 (318,4,4,4,'A','20181011',4,0,0,'Bonet','Pablo','Mitre','4',2,'','1',33468473,'','3018','','',4,'Bonet Pablo','Mitre','',3,202.0000,202.0000,0.0000,0.0000,244.4200,42.4200,'','N','','','','',0,0,0,0,0,'','','','','',0,0.0000,'','',1),
 (319,4,4,5,'A','20181011',1,0,0,'ROSSI','TULIO','Avellaneda 6737','3',2,'20221414978','1',22141497,'4693586','3000','4693586','trossi@cosemar.com.ar',4,'Bonet Pablo','Avellaneda 6737','',3,202.0000,202.0000,0.0000,0.0000,244.4200,42.4200,'','N','','','','',0,0,0,0,0,'','','','','',0,0.0000,'','',1),
 (320,4,4,6,'A','20181011',1,0,0,'ROSSI','TULIO','Avellaneda 6737','3',2,'20221414978','1',22141497,'4693586','3000','4693586','trossi@cosemar.com.ar',4,'Bonet Pablo','Avellaneda 6737','',3,202.0000,202.0000,0.0000,0.0000,244.4200,42.4200,'','N','','','','',0,0,0,0,0,'','','','','',0,0.0000,'','',1),
 (321,4,4,7,'A','20181011',0,0,0,'','','','',0,'','99',0,'','','','',4,'Bonet Pablo','','',3,101.0000,101.0000,0.0000,0.0000,122.2100,21.2100,'','N','','','','',0,0,0,0,0,'','','','','',0,0.0000,'','',1),
 (322,4,4,8,'A','20181011',1,0,0,'ROSSI','TULIO','Avellaneda 6737','3',2,'20221414978','80',22141497,'4693586','3000','4693586','trossi@cosemar.com.ar',4,'Bonet Pablo','Avellaneda 6737','',3,202.0000,202.0000,0.0000,0.0000,244.4200,42.4200,'','N','','','','',0,0,0,0,0,'','','','','',0,0.0000,'','',1),
 (323,1,4,107,'A','20181011',4,0,0,'Bonet','Pablo','Mitre','4',2,'','80',33468473,'','3018','','',4,'Bonet Pablo','Mitre','',3,505.0000,505.0000,0.0000,0.0000,611.0500,106.0500,'','N','','','','',0,0,0,0,0,'','','','','',0,0.0000,'','',1),
 (324,1,4,108,'A','20181011',1,0,0,'ROSSI','TULIO','Avellaneda 6737','3',2,'20221414978','80',22141497,'4693586','3000','4693586','trossi@cosemar.com.ar',4,'Bonet Pablo','Avellaneda 6737','',3,202.0000,202.0000,0.0000,0.0000,244.4200,42.4200,'','N','','','','',0,0,0,0,0,'','','','','',0,0.0000,'','',1),
 (325,9,4,1,'','20181011',1,0,0,'ROSSI','TULIO','Avellaneda 6737','3',2,'20221414978','80',22141497,'4693586','3000','4693586','trossi@cosemar.com.ar',4,'Bonet Pablo','Avellaneda 6737','',3,202.0000,202.0000,0.0000,0.0000,244.4200,42.4200,'','N','','','','',0,0,0,0,0,'','','','','',0,0.0000,'','',1),
 (326,1,1,113,'A','20181011',1,0,0,'ROSSI','TULIO','Avellaneda 6737','3',2,'20221414978','80',22141497,'4693586','3000','4693586','trossi@cosemar.com.ar',4,'Bonet Pablo','Avellaneda 6737','',1,101.0000,101.0000,0.0000,0.0000,122.2100,21.2100,'','N','','','','',0,0,0,0,0,'','','','','',0,0.0000,'','',1),
 (327,1,1,114,'A','20181011',4,0,0,'Bonet','Pablo','Mitre','4',2,'','80',33468473,'','3018','','',4,'Bonet Pablo','Mitre','',3,101.0000,101.0000,0.0000,0.0000,122.2100,21.2100,'','N','','','','',0,0,0,0,0,'','','','','',0,0.0000,'','',1),
 (328,1,1,115,'A','20181011',4,0,0,'Bonet','Pablo','Mitre','4',2,'','80',33468473,'','3018','','',1,'','Mitre','',3,202.0000,202.0000,0.0000,0.0000,244.4200,42.4200,'','N','','','','',0,0,0,0,0,'','','','','',0,0.0000,'','',1),
 (329,1,1,116,'A','20181012',4,0,0,'Bonet','Pablo','Mitre','4',2,'','80',33468473,'','3018','','',4,'Bonet Pablo','Mitre','',2,101.0000,101.0000,0.0000,0.0000,122.2100,21.2100,'','N','','','','',0,0,0,0,0,'','','','','',0,0.0000,'','',1),
 (330,1,1,117,'A','20181012',4,0,0,'Bonet','Pablo','Mitre','4',2,'','80',33468473,'','3018','','',4,'Bonet Pablo','Mitre','',1,202.0000,202.0000,0.0000,0.0000,244.4200,42.4200,'','N','','','','',0,0,0,0,0,'','','','','',0,0.0000,'','',1),
 (331,7,1,1,'A','20181012',4,0,0,'Bonet','Pablo','Mitre','4',2,'','80',33468473,'','3018','','',4,'Bonet Pablo','Mitre','',3,59.1500,59.1500,0.0000,0.0000,59.1500,0.0000,'','N','','','','',0,0,0,0,0,'','','','','',0,0.0000,'','',1),
 (334,1,1,120,'A','20181012',4,0,0,'Bonet','Pablo','Mitre','4',2,'20334684734','80',33468473,'','3018','','',4,'Bonet Pablo','Mitre','',3,101.0000,101.0000,0.0000,0.0000,122.2100,21.2100,'','N','','','','',0,0,0,0,0,'','','','','',0,0.0000,'','',1),
 (335,4,4,9,'A','20181012',4,0,0,'Bonet','Pablo','Mitre','4',2,'20334684734','80',33468473,'','3018','','',4,'Bonet Pablo','Mitre','',3,101.0000,101.0000,0.0000,0.0000,122.2100,21.2100,'','N','','','','',0,0,0,0,0,'','','','','',0,0.0000,'','',1),
 (336,4,4,10,'A','20181012',4,0,0,'Bonet','Pablo','Mitre','4',2,'20334684734','80',33468473,'','3018','','',4,'Bonet Pablo','Mitre','',3,101.0000,101.0000,0.0000,0.0000,122.2100,21.2100,'','N','','','','',0,0,0,0,0,'','','','','',0,0.0000,'','',1),
 (337,7,1,2,'A','20181013',4,0,0,'Bonet','Pablo','Mitre','4',2,'20334684734','80',33468473,'','3018','','',4,'Bonet Pablo','Mitre','',1,50.0000,50.0000,0.0000,0.0000,60.5000,10.5000,'','N','','','','',0,0,0,0,0,'','','','','',0,0.0000,'','',1),
 (338,1,1,121,'A','20181013',4,0,0,'Bonet','Pablo','Mitre','4',2,'20334684734','80',33468473,'','3018','','',4,'Bonet Pablo','Mitre','',1,303.0000,303.0000,0.0000,0.0000,366.6300,63.6300,'','N','','','','',0,0,0,0,0,'','','','','',0,0.0000,'','',1),
 (339,7,1,3,'A','20181013',4,0,0,'Bonet','Pablo','Mitre','4',2,'20334684734','80',33468473,'','3018','','',4,'Bonet Pablo','Mitre','',1,73.3300,73.3300,0.0000,0.0000,88.7272,15.3972,'','N','','','','',0,0,0,0,0,'','','','','',0,0.0000,'','',1),
 (340,1,1,122,'A','20181013',4,0,0,'Bonet','Pablo','Mitre','4',2,'20334684734','80',33468473,'','3018','','',4,'Bonet Pablo','Mitre','',5,101.0000,101.0000,0.0000,0.0000,122.2100,21.2100,'','N','','','','',0,0,0,0,0,'','','','','',0,0.0000,'','',1),
 (343,1,1,125,'A','20181013',4,0,0,'Bonet','Pablo','Mitre','4',2,'20334684734','80',33468473,'','3018','','',4,'Bonet Pablo','Mitre','',1,505.0000,505.0000,0.0000,0.0000,611.0500,106.0500,'','N','','','','',0,0,0,0,0,'','','','','',0,0.0000,'','',1),
 (344,7,1,4,'A','20181016',4,0,0,'Bonet','Pablo','Mitre','4',2,'20334684734','80',33468473,'','3018','','',4,'Bonet Pablo','Mitre','',1,50.0000,50.0000,0.0000,0.0000,60.5000,10.5000,'','N','','','','',0,0,0,0,0,'','','','','',0,0.0000,'','',1),
 (345,1,1,126,'A','20181016',4,0,0,'Bonet','Pablo','Mitre','4',2,'20334684734','80',33468473,'','3018','','',4,'Bonet Pablo','Mitre','',1,305.0000,305.0000,0.0000,0.0000,305.0000,0.0000,'','N','','','','',0,0,0,0,0,'','','','','',0,0.0000,'','',1),
 (346,1,1,127,'A','20181016',4,0,0,'Bonet','Pablo','Mitre','4',2,'20334684734','80',33468473,'','3018','','',4,'Bonet Pablo','Mitre','',1,304.0000,304.0000,0.0000,0.0000,367.6300,63.6300,'','N','','','','',0,0,0,0,0,'','','','','',0,0.0000,'','',1),
 (347,1,1,128,'A','20181016',4,0,0,'Bonet','Pablo','Mitre','4',2,'20334684734','80',33468473,'','3018','','',4,'Bonet Pablo','Mitre','',1,505.0000,505.0000,0.0000,0.0000,611.0500,106.0500,'','N','','','','',0,0,0,0,0,'','','','','',0,0.0000,'','',1),
 (348,1,1,129,'A','20181016',4,0,0,'Bonet','Pablo','Mitre','4',2,'20334684734','80',33468473,'','3018','','',4,'Bonet Pablo','Mitre','',1,202.0000,202.0000,0.0000,0.0000,244.4200,42.4200,'','N','','','','',0,0,0,0,0,'','','','','',0,0.0000,'','',1),
 (349,1,1,130,'A','20181016',4,0,0,'Bonet','Pablo','Mitre','4',2,'20334684734','80',33468473,'','3018','','',4,'Bonet Pablo','Mitre','',1,202.0000,202.0000,0.0000,0.0000,244.4200,42.4200,'','N','','','','',0,0,0,0,0,'','','','','',0,0.0000,'','',1),
 (350,1,1,131,'A','20181016',4,0,0,'Bonet','Pablo','Mitre','4',2,'20334684734','80',33468473,'','3018','','',4,'Bonet Pablo','Mitre','',1,508.0000,508.0000,0.0000,0.0000,614.0500,106.0500,'','N','','','','',0,0,0,0,0,'','','','','',0,0.0000,'','',1),
 (351,1,1,132,'A','20181016',4,0,0,'Bonet','Pablo','Mitre','4',2,'20334684734','80',33468473,'','3018','','',4,'Bonet Pablo','Mitre','',1,508.0000,508.0000,0.0000,0.0000,614.0500,106.0500,'','N','','','','',0,0,0,0,0,'','','','','',0,0.0000,'','',1),
 (352,1,1,133,'A','20181016',4,0,0,'Bonet','Pablo','Mitre','4',2,'20334684734','80',33468473,'','3018','','',4,'Bonet Pablo','mitre','',1,508.0000,508.0000,0.0000,0.0000,614.0500,106.0500,'','N','','','','',0,0,0,0,0,'','','','','',0,0.0000,'','',1),
 (353,1,1,134,'A','20181017',4,0,0,'Bonet','Pablo','Mitre','4',2,'20334684734','80',33468473,'','3018','','',4,'Bonet Pablo','Mitre','',1,508.0000,508.0000,0.0000,0.0000,614.0500,106.0500,'','N','','','','',0,0,0,0,0,'','','','','',0,0.0000,'','',1),
 (354,1,1,135,'A','20181017',4,0,0,'Bonet','Pablo','Mitre','4',2,'20334684734','80',33468473,'','3018','','',4,'Bonet Pablo','Mitre','',1,506.0000,506.0000,0.0000,0.0000,613.1000,107.1000,'','N','','','','',0,0,0,0,0,'','','','','',0,0.0000,'','',1),
 (355,1,1,136,'A','20181017',1,0,0,'ROSSI','TULIO','Avellaneda 6737','3',2,'20221414978','80',22141497,'4693586','3000','4693586','trossi@cosemar.com.ar',3,'','Avellaneda 6737','',1,508.0000,508.0000,0.0000,0.0000,614.0500,106.0500,'','N','','','','',0,0,0,0,0,'','','','','',0,0.0000,'','',1),
 (356,1,1,137,'A','20181017',4,0,0,'Bonet','Pablo','Mitre','4',2,'20334684734','80',33468473,'','3018','','',4,'Bonet Pablo','Mitre','',1,610.0000,610.0000,0.0000,0.0000,737.2600,127.2600,'','N','','','','',0,0,0,0,0,'','','','','',0,0.0000,'','',1),
 (357,1,1,138,'A','20181017',4,0,0,'Bonet','Pablo','Mitre','4',2,'20334684734','80',33468473,'','3018','','',4,'Bonet Pablo','Mitre','',1,508.0000,508.0000,0.0000,0.0000,614.0500,106.0500,'','N','','','','',0,0,0,0,0,'','','','','',0,0.0000,'','',1),
 (358,1,1,139,'A','20181018',4,0,0,'Bonet','Pablo','Mitre','4',2,'20334684734','80',33468473,'','3018','','',4,'Bonet Pablo','Mitre','',1,305.0000,305.0000,0.0000,0.0000,390.4700,85.4700,'','N','','','','',0,0,0,0,0,'','','','','',0,0.0000,'','',1),
 (359,1,1,140,'A','20181018',4,0,0,'Bonet','Pablo','Mitre','4',2,'20334684734','80',33468473,'','3018','','',4,'Bonet Pablo','Mitre','',1,305.0000,305.0000,0.0000,0.0000,390.4700,85.4700,'','N','','','','',0,0,0,0,0,'','','','','',0,0.0000,'','',1),
 (360,1,1,141,'A','20181018',4,0,0,'Bonet','Pablo','Mitre','4',2,'20334684734','80',33468473,'','3018','','',4,'Bonet Pablo','Mitre','',1,305.0000,305.0000,0.0000,0.0000,390.4700,85.4700,'','N','','','','',0,0,0,0,0,'','','','','',0,0.0000,'','',4),
 (361,1,1,142,'A','20181019',4,0,0,'Bonet','Pablo','Mitre','4',2,'20334684734','80',33468473,'','3018','','',4,'Bonet Pablo','Mitre','',1,305.0000,305.0000,0.0000,0.0000,390.4700,85.4700,'','N','','','','',0,0,0,0,0,'','','','','',0,0.0000,'','',1),
 (362,1,1,143,'A','20181019',4,0,0,'Bonet','Pablo','Mitre','4',2,'20334684734','80',33468473,'','3018','','',4,'Bonet Pablo','Mitre','',3,305.0000,305.0000,0.0000,0.0000,390.4700,85.4700,'','N','','','','',0,0,0,0,0,'','','','','',0,0.0000,'','',2),
 (363,4,4,11,'A','20181019',4,0,0,'Bonet','Pablo','Mitre','4',2,'20334684734','80',33468473,'','3018','','',4,'Bonet Pablo','Mitre','',1,507.0000,507.0000,0.0000,0.0000,634.8900,127.8900,'','N','','','','',0,0,0,0,0,'','','','','',0,0.0000,'','',1),
 (364,4,4,12,'A','20181019',4,0,0,'Bonet','Pablo','Mitre','4',2,'20334684734','80',33468473,'','3018','','',4,'Bonet Pablo','Mitre','',3,302.0000,302.0000,0.0000,0.0000,365.4200,63.4200,'','N','','','','',0,0,0,0,0,'','','','','',0,0.0000,'','',1),
 (365,4,4,13,'A','20181019',4,0,0,'Bonet','Pablo','Mitre','4',2,'20334684734','80',33468473,'','3018','','',4,'Bonet Pablo','Mitre','',1,302.0000,302.0000,0.0000,0.0000,365.4200,63.4200,'','N','','','','',0,0,0,0,0,'','','','','',0,0.0000,'','',1),
 (366,4,4,14,'A','20181019',4,0,0,'Bonet','Pablo','Mitre','4',2,'20334684734','80',33468473,'','3018','','',4,'Bonet Pablo','Mitre','',1,403.0000,403.0000,0.0000,0.0000,487.6300,84.6300,'','N','','','','',0,0,0,0,0,'','','','','',0,0.0000,'','',1),
 (367,1,1,144,'A','20181020',4,0,0,'Bonet','Pablo','Mitre','4',2,'20334684734','80',33468473,'','3018','','',4,'Bonet Pablo','Mitre','',1,306.0000,306.0000,0.0000,0.0000,402.3900,96.3900,'','N','','','','',0,0,0,0,0,'','','','','',0,0.0000,'','',1),
 (368,4,4,15,'A','20181020',4,0,0,'Bonet','Pablo','Mitre','4',2,'20334684734','80',33468473,'','3018','','',4,'Bonet Pablo','Mitre','',3,1017.0000,1017.0000,0.0000,0.0000,1305.5400,288.5400,'','N','','','','',0,0,0,0,0,'','','','','',0,0.0000,'','',1),
 (369,4,4,16,'A','20181020',4,0,0,'Bonet','Pablo','Mitre','4',2,'20334684734','80',33468473,'','3018','','',4,'Bonet Pablo','Mitre','',3,306.0000,306.0000,0.0000,0.0000,402.3900,96.3900,'','N','','','','',0,0,0,0,0,'','','','','',0,0.0000,'','',1),
 (370,4,4,17,'A','20181020',4,0,0,'Bonet','Pablo','Mitre','4',2,'20334684734','80',33468473,'','3018','','',4,'Bonet Pablo','Mitre','',3,306.0000,306.0000,0.0000,0.0000,434.5200,128.5200,'','N','','','','',0,0,0,0,0,'','','','','',0,0.0000,'','',1),
 (371,4,4,18,'A','20181020',4,0,0,'Bonet','Pablo','Mitre','4',2,'20334684734','80',33468473,'','3018','','',4,'Bonet Pablo','Mitre','',1,306.0000,306.0000,0.0000,0.0000,402.3900,96.3900,'','N','','','','',0,0,0,0,0,'','','','','',0,0.0000,'','',1),
 (372,4,4,19,'A','20181020',4,0,0,'Bonet','Pablo','Mitre','4',2,'20334684734','80',33468473,'','3018','','',4,'Bonet Pablo','Mitre','',1,306.0000,306.0000,0.0000,0.0000,402.3900,96.3900,'','N','','','','',0,0,0,0,0,'','','','','',0,0.0000,'','',1),
 (373,1,4,109,'A','20181020',4,0,0,'Bonet','Pablo','Mitre','4',2,'20334684734','80',33468473,'','3018','','',4,'Bonet Pablo','Mitre','',1,306.0000,306.0000,0.0000,0.0000,595.1700,289.1700,'','N','','','','',0,0,0,0,0,'','','','','',0,0.0000,'','',1),
 (374,4,4,20,'A','20181020',4,0,0,'Bonet','Pablo','Mitre','4',2,'20334684734','80',33468473,'','3018','','',4,'Bonet Pablo','Mitre','',1,305.0000,305.0000,0.0000,0.0000,390.4700,85.4700,'','N','','','','',0,0,0,0,0,'','','','','',0,0.0000,'','',1),
 (375,4,4,21,'A','20181020',4,0,0,'Bonet','Pablo','Mitre','4',2,'20334684734','80',33468473,'','3018','','',4,'Bonet Pablo','Mitre','',3,305.0000,305.0000,0.0000,0.0000,390.4700,85.4700,'','N','','','','',0,0,0,0,0,'','','','','',0,0.0000,'','',1),
 (376,4,4,22,'A','20181020',4,0,0,'Bonet','Pablo','Mitre','4',2,'20334684734','80',33468473,'','3018','','',4,'Bonet Pablo','Mitre','',1,204.0000,204.0000,0.0000,0.0000,268.2600,64.2600,'','N','','','','',0,0,0,0,0,'','','','','',0,0.0000,'','',1),
 (377,4,4,23,'A','20181020',4,0,0,'Bonet','Pablo','Mitre','4',2,'20334684734','80',33468473,'','3018','','',4,'Bonet Pablo','Mitre','',1,204.0000,204.0000,0.0000,0.0000,268.2600,64.2600,'','N','','','','',0,0,0,0,0,'','','','','',0,0.0000,'','',1),
 (378,4,4,24,'A','20181020',4,0,0,'Bonet','Pablo','Mitre','4',2,'20334684734','80',33468473,'','3018','','',4,'Bonet Pablo','Mitre','',3,201.0000,201.0000,0.0000,0.0000,243.2100,42.2100,'','N','','','','',0,0,0,0,0,'','','','','',0,0.0000,'','',1),
 (379,4,4,25,'A','20181020',4,0,0,'Bonet','Pablo','Mitre','4',2,'20334684734','80',33468473,'','3018','','',4,'Bonet Pablo','Mitre','',1,302.0000,302.0000,0.0000,0.0000,354.9200,52.9200,'','N','','','','',0,0,0,0,0,'','','','','',0,0.0000,'','',1),
 (380,1,1,145,'A','20181022',1,0,0,'ROSSI','TULIO','Avellaneda 6737','3',2,'20221414978','80',22141497,'4693586','3000','4693586','trossi@cosemar.com.ar',4,'Bonet Pablo','Avellaneda 6737','',3,508.0000,508.0000,0.0000,0.0000,614.6800,106.6800,'','N','','','','',0,0,0,0,0,'','','','','',0,0.0000,'','',1),
 (381,1,1,146,'A','20181022',1,0,0,'ROSSI','TULIO','Avellaneda 6737','3',2,'20221414978','80',22141497,'4693586','3000','4693586','trossi@cosemar.com.ar',4,'Bonet Pablo','Avellaneda 6737','',1,508.0000,508.0000,0.0000,0.0000,614.6800,106.6800,'','N','','','','',0,0,0,0,0,'','','','','',0,0.0000,'','',1),
 (382,1,1,147,'A','20181022',1,0,0,'ROSSI','TULIO','Avellaneda 6737','3',2,'20221414978','80',22141497,'4693586','3000','4693586','trossi@cosemar.com.ar',4,'Bonet Pablo','Avellaneda 6737','',2,508.0000,508.0000,0.0000,0.0000,614.6800,106.6800,'','N','','','','',0,0,0,0,0,'','','','','',0,0.0000,'','',1),
 (383,1,1,148,'A','20181022',1,0,0,'ROSSI','TULIO','Avellaneda 6737','3',2,'20221414978','80',22141497,'4693586','3000','4693586','trossi@cosemar.com.ar',4,'Bonet Pablo','Avellaneda 6737','',2,508.0000,508.0000,0.0000,0.0000,614.6800,106.6800,'','N','','','','',0,0,0,0,0,'','','','','',0,0.0000,'','',1),
 (384,1,1,149,'A','20181022',1,0,0,'ROSSI','TULIO','Avellaneda 6737','3',2,'20221414978','80',22141497,'4693586','3000','4693586','trossi@cosemar.com.ar',4,'Bonet Pablo','Avellaneda 6737','',2,508.0000,508.0000,0.0000,0.0000,614.6800,106.6800,'','N','','','','',0,0,0,0,0,'','','','','',0,0.0000,'','',1),
 (385,1,1,150,'A','20181022',1,0,0,'ROSSI','TULIO','Avellaneda 6737','3',2,'20221414978','80',22141497,'4693586','3000','4693586','trossi@cosemar.com.ar',4,'Bonet Pablo','Avellaneda 6737','',2,508.0000,508.0000,0.0000,0.0000,614.6800,106.6800,'','N','','','','',0,0,0,0,0,'','','','','',0,0.0000,'','',1),
 (386,1,1,151,'A','20181022',1,0,0,'ROSSI','TULIO','Avellaneda 6737','3',2,'20221414978','80',22141497,'4693586','3000','4693586','trossi@cosemar.com.ar',4,'Bonet Pablo','Avellaneda 6737','',4,508.0000,508.0000,0.0000,0.0000,614.6800,106.6800,'','N','','','','',0,0,0,0,0,'','','','','',0,0.0000,'','',1),
 (387,1,1,152,'A','20181022',1,0,0,'ROSSI','TULIO','Avellaneda 6737','3',2,'20221414978','80',22141497,'4693586','3000','4693586','trossi@cosemar.com.ar',4,'Bonet Pablo','Avellaneda 6737','',3,202.0000,202.0000,0.0000,0.0000,244.4200,42.4200,'','N','','','','',0,0,0,0,0,'','','','','',0,0.0000,'','',1),
 (388,1,1,153,'A','20181022',4,0,0,'Bonet','Pablo','Mitre','4',2,'20334684734','80',33468473,'','3018','','',4,'Bonet Pablo','Mitre','',3,202.0000,202.0000,0.0000,0.0000,244.4200,42.4200,'','N','','','','',0,0,0,0,0,'','','','','',0,0.0000,'','',1),
 (389,1,1,154,'A','20181022',4,0,0,'Bonet','Pablo','Mitre','4',2,'20334684734','80',33468473,'','3018','','',4,'Bonet Pablo','Mitre','',3,508.0000,508.0000,0.0000,0.0000,614.6800,106.6800,'','N','','','','',0,0,0,0,0,'','','','','',0,0.0000,'','',1),
 (390,10,1,1,'B','20181022',1,0,0,'ROSSI','TULIO','Avellaneda 6737','3',2,'20221414978','80',22141497,'4693586','3000','4693586','trossi@cosemar.com.ar',4,'Bonet Pablo','Avellaneda 6737','',3,508.0000,508.0000,0.0000,0.0000,614.6800,106.6800,'','N','','','','',0,0,0,0,0,'','','','','',0,0.0000,'','',1),
 (391,10,1,2,'B','20181022',1,0,0,'ROSSI','TULIO','Avellaneda 6737','3',2,'20221414978','80',22141497,'4693586','3000','4693586','trossi@cosemar.com.ar',4,'Bonet Pablo','Avellaneda 6737','',3,508.0000,508.0000,0.0000,0.0000,614.6800,106.6800,'','N','','','','',0,0,0,0,0,'','','','','',0,0.0000,'','',1),
 (392,10,1,3,'B','20181022',1,0,0,'ROSSI','TULIO','Avellaneda 6737','3',2,'20221414978','80',22141497,'4693586','3000','4693586','trossi@cosemar.com.ar',4,'Bonet Pablo','Avellaneda 6737','',3,508.0000,508.0000,0.0000,0.0000,614.6800,106.6800,'','N','','','','',0,0,0,0,0,'','','','','',0,0.0000,'','',1),
 (393,10,1,4,'B','20181022',1,0,0,'ROSSI','TULIO','Avellaneda 6737','3',2,'20221414978','80',22141497,'4693586','3000','4693586','trossi@cosemar.com.ar',4,'Bonet Pablo','Avellaneda 6737','',3,508.0000,508.0000,0.0000,0.0000,614.6800,106.6800,'','N','','','','',0,0,0,0,0,'','','','','',0,0.0000,'','',1),
 (394,10,1,5,'B','20181022',1,0,0,'ROSSI','TULIO','Avellaneda 6737','3',2,'20221414978','80',22141497,'4693586','3000','4693586','trossi@cosemar.com.ar',4,'Bonet Pablo','Avellaneda 6737','',3,508.0000,508.0000,0.0000,0.0000,614.6800,106.6800,'','N','','','','',0,0,0,0,0,'','','','','',0,0.0000,'','',1),
 (395,10,1,6,'B','20181022',1,0,0,'ROSSI','TULIO','Avellaneda 6737','3',2,'20221414978','80',22141497,'4693586','3000','4693586','trossi@cosemar.com.ar',4,'Bonet Pablo','Avellaneda 6737','',3,508.0000,508.0000,0.0000,0.0000,614.6800,106.6800,'','N','','','','',0,0,0,0,0,'','','','','',0,0.0000,'','',1),
 (396,1,1,155,'A','20181023',4,0,0,'Bonet','Pablo','Mitre','4',2,'20334684734','80',33468473,'','3018','','',4,'Bonet Pablo','Mitre','',4,508.0000,508.0000,0.0000,0.0000,614.6800,106.6800,'','N','','','','',0,0,0,0,0,'','','','','',0,0.0000,'','',1),
 (397,1,1,156,'A','20181023',4,0,0,'Bonet','Pablo','Mitre','4',2,'20334684734','80',33468473,'','3018','','',4,'Bonet Pablo','Mitre','',4,508.0000,508.0000,0.0000,0.0000,614.6800,106.6800,'','N','','','','',0,0,0,0,0,'','','','','',0,0.0000,'','',1),
 (398,1,1,157,'A','20181023',4,0,0,'Bonet','Pablo','Mitre','4',2,'20334684734','80',33468473,'','3018','','',4,'Bonet Pablo','Mitre','',4,508.0000,508.0000,0.0000,0.0000,614.6800,106.6800,'','N','','','','',0,0,0,0,0,'','','','','',0,0.0000,'','',1),
 (399,1,1,158,'A','20181023',4,0,0,'Bonet','Pablo','Mitre','4',2,'20334684734','80',33468473,'','3018','','',4,'Bonet Pablo','Mitre','',4,508.0000,508.0000,0.0000,0.0000,614.6800,106.6800,'','N','','','','',0,0,0,0,0,'','','','','',0,0.0000,'','',1),
 (400,1,4,110,'A','20181024',4,0,0,'Bonet','Pablo','Mitre','4',2,'20334684734','80',33468473,'','3018','','',4,'Bonet Pablo','Mitre','',1,508.0000,508.0000,0.0000,0.0000,614.6800,106.6800,'','N','','','','',0,0,0,0,0,'','','','','',0,0.0000,'','',1),
 (401,1,1,159,'A','20181024',4,0,0,'Bonet','Pablo','Mitre','4',2,'20334684734','80',33468473,'','3018','','',4,'Bonet Pablo','Mitre','',4,202.0000,202.0000,0.0000,0.0000,244.4200,42.4200,'','N','','','','',0,0,0,0,0,'','','','','',0,0.0000,'','',1),
 (402,1,1,160,'A','20181024',4,0,0,'Bonet','Pablo','Mitre','4',2,'20334684734','80',33468473,'','3018','','',4,'Bonet Pablo','Mitre','',4,630.9360,630.9360,0.0000,0.0000,763.4326,132.4966,'','N','','','','',0,0,0,0,0,'','','','','',0,0.0000,'','',1),
 (403,1,1,161,'A','20181024',4,0,0,'Bonet','Pablo','Mitre','4',2,'20334684734','80',33468473,'','3018','','',4,'Bonet Pablo','Mitre','',4,630.9360,630.9360,0.0000,0.0000,763.4326,132.4966,'','N','','','','',0,0,0,0,0,'','','','','',0,0.0000,'','',1),
 (404,1,1,162,'A','20181024',1,0,0,'ROSSI','TULIO','Avellaneda 6737','3',2,'20221414978','80',22141497,'4693586','3000','4693586','trossi@cosemar.com.ar',4,'Bonet Pablo','Avellaneda 6737','',2,508.0000,508.0000,0.0000,0.0000,614.6800,106.6800,'','N','','','','',0,0,0,0,0,'','','','','',0,0.0000,'','',1),
 (405,1,1,163,'A','20181024',1,0,0,'ROSSI','TULIO','Avellaneda 6737','3',2,'20221414978','80',22141497,'4693586','3000','4693586','trossi@cosemar.com.ar',4,'Bonet Pablo','Avellaneda 6737','',2,508.0000,508.0000,0.0000,0.0000,614.6800,106.6800,'','N','','','','',0,0,0,0,0,'','','','','',0,0.0000,'','',1),
 (406,1,1,164,'A','20181024',1,0,0,'ROSSI','TULIO','Avellaneda 6737','3',2,'20221414978','80',22141497,'4693586','3000','4693586','trossi@cosemar.com.ar',4,'Bonet Pablo','Avellaneda 6737','',2,508.0000,508.0000,0.0000,0.0000,614.6800,106.6800,'','N','','','','',0,0,0,0,0,'','','','','',0,0.0000,'','',1),
 (407,1,1,165,'A','20181024',1,0,0,'ROSSI','TULIO','Avellaneda 6737','3',2,'20221414978','80',22141497,'4693586','3000','4693586','trossi@cosemar.com.ar',4,'Bonet Pablo','Avellaneda 6737','',2,508.0000,508.0000,0.0000,0.0000,614.6800,106.6800,'','N','','','','',0,0,0,0,0,'','','','','',0,0.0000,'','',1),
 (408,1,1,166,'A','20181024',1,0,0,'ROSSI','TULIO','Avellaneda 6737','3',2,'20221414978','80',22141497,'4693586','3000','4693586','trossi@cosemar.com.ar',4,'Bonet Pablo','Avellaneda 6737','',2,508.0000,508.0000,0.0000,0.0000,614.6800,106.6800,'','N','','','','',0,0,0,0,0,'','','','','',0,0.0000,'','',1),
 (409,1,1,167,'A','20181024',1,0,0,'ROSSI','TULIO','Avellaneda 6737','3',2,'20221414978','80',22141497,'4693586','3000','4693586','trossi@cosemar.com.ar',4,'Bonet Pablo','Avellaneda 6737','',2,508.0000,508.0000,0.0000,0.0000,614.6800,106.6800,'','N','','','','',0,0,0,0,0,'','','','','',0,0.0000,'','',1),
 (410,1,1,168,'A','20181024',1,0,0,'ROSSI','TULIO','Avellaneda 6737','3',2,'20221414978','80',22141497,'4693586','3000','4693586','trossi@cosemar.com.ar',4,'Bonet Pablo','Avellaneda 6737','',2,569.4600,569.4600,0.0000,0.0000,689.0466,119.5866,'','N','','','','',0,0,0,0,0,'','','','','',0,0.0000,'','',1),
 (411,1,1,169,'A','20181024',1,0,0,'ROSSI','TULIO','Avellaneda 6737','3',2,'20221414978','80',22141497,'4693586','3000','4693586','trossi@cosemar.com.ar',4,'Bonet Pablo','Avellaneda 6737','',2,569.4600,569.4600,0.0000,0.0000,689.0466,119.5866,'','N','','','','',0,0,0,0,0,'','','','','',0,0.0000,'','',1),
 (412,1,1,170,'A','20181024',1,0,0,'ROSSI','TULIO','Avellaneda 6737','3',2,'20221414978','80',22141497,'4693586','3000','4693586','trossi@cosemar.com.ar',4,'Bonet Pablo','Avellaneda 6737','',2,508.0000,508.0000,0.0000,0.0000,614.6800,106.6800,'','N','','','','',0,0,0,0,0,'','','','','',0,0.0000,'','',1),
 (413,1,1,171,'A','20181024',1,0,0,'ROSSI','TULIO','Avellaneda 6737','3',2,'20221414978','80',22141497,'4693586','3000','4693586','trossi@cosemar.com.ar',4,'Bonet Pablo','Avellaneda 6737','',2,568.0000,568.0000,0.0000,0.0000,687.2800,119.2800,'','N','','','','',0,0,0,0,0,'','','','','',0,0.0000,'','',1),
 (414,1,1,172,'A','20181024',1,0,0,'ROSSI','TULIO','Avellaneda 6737','3',2,'20221414978','80',22141497,'4693586','3000','4693586','trossi@cosemar.com.ar',4,'Bonet Pablo','Avellaneda 6737','',4,508.0000,508.0000,0.0000,0.0000,614.6800,106.6800,'','N','','','','',0,0,0,0,0,'','','','','',0,0.0000,'','',1),
 (415,1,1,173,'A','20181024',1,0,0,'ROSSI','TULIO','Avellaneda 6737','3',2,'20221414978','80',22141497,'4693586','3000','4693586','trossi@cosemar.com.ar',4,'Bonet Pablo','Avellaneda 6737','',4,508.0000,508.0000,0.0000,0.0000,614.6800,106.6800,'','N','','','','',0,0,0,0,0,'','','','','',0,0.0000,'','',1),
 (416,1,1,174,'A','20181024',1,0,0,'ROSSI','TULIO','Avellaneda 6737','3',2,'20221414978','80',22141497,'4693586','3000','4693586','trossi@cosemar.com.ar',4,'Bonet Pablo','Avellaneda 6737','',4,628.0000,628.0000,0.0000,0.0000,759.8800,131.8800,'','N','','','','',0,0,0,0,0,'','','','','',0,0.0000,'','',1),
 (417,1,1,175,'A','20181024',1,0,0,'ROSSI','TULIO','Avellaneda 6737','3',2,'20221414978','80',22141497,'4693586','3000','4693586','trossi@cosemar.com.ar',4,'Bonet Pablo','Avellaneda 6737','',4,630.9360,630.9360,0.0000,0.0000,763.4326,132.4966,'','N','','','','',0,0,0,0,0,'','','','','',0,0.0000,'','',1),
 (418,1,4,111,'A','20181024',1,0,0,'ROSSI','TULIO','Avellaneda 6737','3',2,'20221414978','80',22141497,'4693586','3000','4693586','trossi@cosemar.com.ar',4,'Bonet Pablo','Avellaneda 6737','',4,628.0000,628.0000,0.0000,0.0000,759.8800,131.8800,'','N','','','','',0,0,0,0,0,'','','','','',0,0.0000,'','',1),
 (419,1,4,112,'A','20181024',1,0,0,'ROSSI','TULIO','Avellaneda 6737','3',2,'20221414978','80',22141497,'4693586','3000','4693586','trossi@cosemar.com.ar',4,'Bonet Pablo','Avellaneda 6737','',3,508.0000,508.0000,0.0000,0.0000,614.6800,106.6800,'','N','','','','',0,0,0,0,0,'','','','','',0,0.0000,'','',1),
 (420,1,4,113,'A','20181024',1,0,0,'ROSSI','TULIO','Avellaneda 6737','3',2,'20221414978','80',22141497,'4693586','3000','4693586','trossi@cosemar.com.ar',4,'Bonet Pablo','Avellaneda 6737','',4,508.0000,508.0000,0.0000,0.0000,614.6800,106.6800,'','N','','','','',0,0,0,0,0,'','','','','',0,0.0000,'','',1),
 (421,1,4,114,'A','20181024',1,0,0,'ROSSI','TULIO','Avellaneda 6737','3',2,'20221414978','80',22141497,'4693586','3000','4693586','trossi@cosemar.com.ar',4,'Bonet Pablo','Avellaneda 6737','',4,508.0000,508.0000,0.0000,0.0000,614.6800,106.6800,'','N','','','','',0,0,0,0,0,'','','','','',0,0.0000,'','',1),
 (422,1,4,115,'A','20181024',1,0,0,'ROSSI','TULIO','Avellaneda 6737','3',2,'20221414978','80',22141497,'4693586','3000','4693586','trossi@cosemar.com.ar',4,'Bonet Pablo','Avellaneda 6737','',4,630.9360,630.9360,0.0000,0.0000,763.4326,132.4966,'','N','','','','',0,0,0,0,0,'','','','','',0,0.0000,'','',1),
 (423,1,1,176,'A','20181025',1,0,0,'ROSSI','TULIO','Avellaneda 6737','3',2,'20221414978','80',22141497,'4693586','3000','4693586','trossi@cosemar.com.ar',4,'Bonet Pablo','Avellaneda 6737','',4,628.0000,628.0000,0.0000,0.0000,759.8800,131.8800,'','N','','','','',0,0,0,0,0,'','','','','',0,0.0000,'','',1),
 (424,1,1,177,'A','20181025',1,0,0,'ROSSI','TULIO','Avellaneda 6737','3',2,'20221414978','80',22141497,'4693586','3000','4693586','trossi@cosemar.com.ar',4,'Bonet Pablo','Avellaneda 6737','',4,528.8320,528.8320,0.0000,0.0000,639.8867,111.0547,'','N','','','','',0,0,0,0,0,'','','','','',0,0.0000,'','',1),
 (425,1,1,178,'A','20181025',1,0,0,'ROSSI','TULIO','Avellaneda 6737','3',2,'20221414978','80',22141497,'4693586','3000','4693586','trossi@cosemar.com.ar',3,'','Avellaneda 6737','',4,528.8320,528.8320,0.0000,0.0000,639.8867,111.0547,'','N','','','','',0,0,0,0,0,'','','','','',0,0.0000,'','',1),
 (426,1,1,179,'A','20181025',1,0,0,'ROSSI','TULIO','Avellaneda 6737','3',2,'20221414978','80',22141497,'4693586','3000','4693586','trossi@cosemar.com.ar',4,'Bonet Pablo','Avellaneda 6737','',4,607.1736,607.1736,0.0000,0.0000,734.6801,127.5065,'','N','','','','',0,0,0,0,0,'','','','','',0,0.0000,'','',1),
 (427,1,4,116,'A','20181025',1,0,0,'ROSSI','TULIO','Avellaneda 6737','3',2,'20221414978','80',22141497,'4693586','3000','4693586','trossi@cosemar.com.ar',4,'Bonet Pablo','Avellaneda 6737','',4,607.1736,607.1736,0.0000,0.0000,734.6801,127.5065,'','N','','','','',0,0,0,0,0,'','','','','',0,0.0000,'','',1),
 (428,1,4,117,'A','20181025',1,0,0,'ROSSI','TULIO','Avellaneda 6737','3',2,'20221414978','80',22141497,'4693586','3000','4693586','trossi@cosemar.com.ar',4,'Bonet Pablo','Avellaneda 6737','',4,607.1736,607.1736,0.0000,0.0000,734.6801,127.5065,'','N','','','','',0,0,0,0,0,'','','','','',0,0.0000,'','',1),
 (429,1,4,118,'A','20181025',1,0,0,'ROSSI','TULIO','Avellaneda 6737','3',2,'20221414978','80',22141497,'4693586','3000','4693586','trossi@cosemar.com.ar',4,'Bonet Pablo','Avellaneda 6737','',4,607.1736,607.1736,0.0000,0.0000,734.6801,127.5065,'','N','','','','',0,0,0,0,0,'','','','','',0,0.0000,'','',1),
 (430,1,4,119,'A','20181025',1,0,0,'ROSSI','TULIO','Avellaneda 6737','3',2,'20221414978','80',22141497,'4693586','3000','4693586','trossi@cosemar.com.ar',4,'Bonet Pablo','Avellaneda 6737','',4,607.1736,607.1736,0.0000,0.0000,734.6801,127.5065,'','N','','','','',0,0,0,0,0,'','','','','',0,0.0000,'','',1),
 (431,10,4,1,'B','20181026',1,0,0,'ROSSI','TULIO','Avellaneda 6737','3',2,'20221414978','80',22141497,'4693586','3000','4693586','trossi@cosemar.com.ar',4,'Bonet Pablo','Avellaneda 6737','',1,508.0000,508.0000,0.0000,0.0000,614.6800,106.6800,'','N','','','','',0,0,0,0,0,'','','','','',0,0.0000,'','',1),
 (432,10,4,2,'B','20181026',1,0,0,'ROSSI','TULIO','Avellaneda 6737','3',2,'20221414978','80',22141497,'4693586','3000','4693586','trossi@cosemar.com.ar',4,'Bonet Pablo','Avellaneda 6737','',2,508.0000,508.0000,0.0000,0.0000,614.6800,106.6800,'','N','','','','',0,0,0,0,0,'','','','','',0,0.0000,'','',1),
 (433,10,4,3,'B','20181026',1,0,0,'ROSSI','TULIO','Avellaneda 6737','3',2,'20221414978','80',22141497,'4693586','3000','4693586','trossi@cosemar.com.ar',4,'Bonet Pablo','Avellaneda 6737','',2,508.0000,508.0000,0.0000,0.0000,614.6800,106.6800,'','N','','','','',0,0,0,0,0,'','','','','',0,0.0000,'','',1),
 (434,10,4,4,'B','20181026',1,0,0,'ROSSI','TULIO','Avellaneda 6737','3',2,'20221414978','80',22141497,'4693586','3000','4693586','trossi@cosemar.com.ar',4,'Bonet Pablo','Avellaneda 6737','',3,508.0000,508.0000,0.0000,0.0000,614.6800,106.6800,'','N','','','','',0,0,0,0,0,'','','','','',0,0.0000,'','',1),
 (435,10,4,5,'B','20181026',1,0,0,'ROSSI','TULIO','Avellaneda 6737','3',2,'20221414978','80',22141497,'4693586','3000','4693586','trossi@cosemar.com.ar',4,'Bonet Pablo','Avellaneda 6737','',4,508.0000,508.0000,0.0000,0.0000,614.6800,106.6800,'','N','','','','',0,0,0,0,0,'','','','','',0,0.0000,'','',1),
 (436,10,4,6,'B','20181026',1,0,0,'ROSSI','TULIO','Avellaneda 6737','3',2,'20221414978','80',22141497,'4693586','3000','4693586','trossi@cosemar.com.ar',4,'Bonet Pablo','Avellaneda 6737','',4,508.0000,508.0000,0.0000,0.0000,614.6800,106.6800,'','N','','','','',0,0,0,0,0,'','','','','',0,0.0000,'','',1),
 (437,10,4,7,'B','20181026',1,0,0,'ROSSI','TULIO','Avellaneda 6737','3',2,'20221414978','80',22141497,'4693586','3000','4693586','trossi@cosemar.com.ar',4,'Bonet Pablo','Avellaneda 6737','',4,609.6000,609.6000,0.0000,0.0000,737.6160,128.0160,'','N','','','','',0,0,0,0,0,'','','','','',0,0.0000,'','',1),
 (438,10,4,8,'B','20181026',1,0,0,'ROSSI','TULIO','Avellaneda 6737','3',2,'20221414978','80',22141497,'4693586','3000','4693586','trossi@cosemar.com.ar',4,'Bonet Pablo','Avellaneda 6737','',4,607.1736,607.1736,0.0000,0.0000,734.6801,127.5065,'','N','','','','',0,0,0,0,0,'','','','','',0,0.0000,'','',1),
 (439,1,4,120,'A','20181026',1,0,0,'ROSSI','TULIO','Avellaneda 6737','3',2,'20221414978','80',22141497,'4693586','3000','4693586','trossi@cosemar.com.ar',4,'Bonet Pablo','Avellaneda 6737','',2,628.0000,628.0000,0.0000,0.0000,759.8800,131.8800,'','N','','','','',0,0,0,0,0,'','','','','',0,0.0000,'','',1),
 (440,1,4,121,'A','20181026',1,0,0,'ROSSI','TULIO','Avellaneda 6737','3',2,'20221414978','80',22141497,'4693586','3000','4693586','trossi@cosemar.com.ar',4,'Bonet Pablo','Avellaneda 6737','',2,508.0000,508.0000,0.0000,0.0000,614.6800,106.6800,'','N','','','','',0,0,0,0,0,'','','','','',0,0.0000,'','',1),
 (441,1,4,122,'A','20181026',1,0,0,'ROSSI','TULIO','Avellaneda 6737','3',2,'20221414978','80',22141497,'4693586','3000','4693586','trossi@cosemar.com.ar',4,'Bonet Pablo','Avellaneda 6737','',2,508.0000,508.0000,0.0000,0.0000,614.6800,106.6800,'','N','','','','',0,0,0,0,0,'','','','','',0,0.0000,'','',1),
 (442,1,4,123,'A','20181026',1,0,0,'ROSSI','TULIO','Avellaneda 6737','3',2,'20221414978','80',22141497,'4693586','3000','4693586','trossi@cosemar.com.ar',4,'Bonet Pablo','Avellaneda 6737','',2,628.0000,628.0000,0.0000,0.0000,759.8800,131.8800,'','N','','','','',0,0,0,0,0,'','','','','',0,0.0000,'','',1),
 (443,1,4,124,'A','20181026',1,0,0,'ROSSI','TULIO','Avellaneda 6737','3',2,'20221414978','80',22141497,'4693586','3000','4693586','trossi@cosemar.com.ar',4,'Bonet Pablo','Avellaneda 6737','',2,628.0000,628.0000,0.0000,0.0000,759.8800,131.8800,'','N','','','','',0,0,0,0,0,'','','','','',0,0.0000,'','',1),
 (444,1,4,125,'A','20181026',1,0,0,'ROSSI','TULIO','Avellaneda 6737','3',2,'20221414978','80',22141497,'4693586','3000','4693586','trossi@cosemar.com.ar',4,'Bonet Pablo','Avellaneda 6737','',2,607.1736,607.1736,0.0000,0.0000,734.6801,127.5065,'','N','','','','',0,0,0,0,0,'','','','','',0,0.0000,'','',1),
 (445,1,4,126,'A','20181026',1,0,0,'ROSSI','TULIO','Avellaneda 6737','3',2,'20221414978','80',22141497,'4693586','3000','4693586','trossi@cosemar.com.ar',4,'Bonet Pablo','Avellaneda 6737','',2,607.1736,607.1736,0.0000,0.0000,734.6801,127.5065,'','N','','','','',0,0,0,0,0,'','','','','',0,0.0000,'','',1),
 (446,10,4,9,'B','20181026',1,0,0,'ROSSI','TULIO','Avellaneda 6737','3',2,'20221414978','80',22141497,'4693586','3000','4693586','trossi@cosemar.com.ar',4,'Bonet Pablo','Avellaneda 6737','',2,609.5868,609.5868,0.0000,0.0000,737.6000,128.0132,'','N','','','','',0,0,0,0,0,'','','','','',0,0.0000,'','',1),
 (447,10,4,10,'B','20181026',1,0,0,'ROSSI','TULIO','Avellaneda 6737','3',2,'20221414978','80',22141497,'4693586','3000','4693586','trossi@cosemar.com.ar',4,'Bonet Pablo','Avellaneda 6737','',2,508.0000,508.0000,0.0000,0.0000,614.6800,106.6800,'','N','','','','',0,0,0,0,0,'','','','','',0,0.0000,'','',1),
 (448,10,4,11,'B','20181026',1,0,0,'ROSSI','TULIO','Avellaneda 6737','3',2,'20221414978','80',22141497,'4693586','3000','4693586','trossi@cosemar.com.ar',4,'Bonet Pablo','Avellaneda 6737','',2,609.5868,609.5868,0.0000,0.0000,737.6000,128.0132,'','N','','','','',0,0,0,0,0,'','','','','',0,0.0000,'','',1),
 (449,7,4,1,'A','20181026',1,0,0,'ROSSI','TULIO','Avellaneda 6737','3',2,'20221414978','80',22141497,'4693586','3000','4693586','trossi@cosemar.com.ar',4,'Bonet Pablo','Avellaneda 6737','',1,100.0000,100.0000,0.0000,0.0000,121.0000,21.0000,'','N','','','','',0,0,0,0,0,'','','','','',0,0.0000,'','',1),
 (450,9,4,2,'A','20181026',1,0,0,'ROSSI','TULIO','Avellaneda 6737','3',2,'20221414978','80',22141497,'4693586','3000','4693586','trossi@cosemar.com.ar',4,'Bonet Pablo','Avellaneda 6737','',1,306.0000,306.0000,0.0000,0.0000,370.2600,64.2600,'','N','','','','',0,0,0,0,0,'','','','','',0,0.0000,'','',1),
 (451,1,4,127,'A','20181027',1,0,0,'ROSSI','TULIO','Avellaneda 6737','3',2,'20221414978','80',22141497,'4693586','3000','4693586','trossi@cosemar.com.ar',4,'Bonet Pablo','Avellaneda 6737','',3,162.0000,162.0000,0.0000,0.0000,196.0200,34.0200,'','N','','','','',0,0,0,0,0,'','','','','',0,0.0000,'','',1),
 (452,10,4,12,'B','20181027',1,0,0,'ROSSI','TULIO','Avellaneda 6737','3',2,'20221414978','80',22141497,'4693586','3000','4693586','trossi@cosemar.com.ar',4,'Bonet Pablo','Avellaneda 6737','',3,202.0000,202.0000,0.0000,0.0000,244.4200,42.4200,'','N','','','','',0,0,0,0,0,'','','','','',0,0.0000,'','',1),
 (453,10,4,13,'B','20181027',1,0,0,'ROSSI','TULIO','Avellaneda 6737','3',2,'20221414978','80',22141497,'4693586','3000','4693586','trossi@cosemar.com.ar',4,'Bonet Pablo','Avellaneda 6737','',3,202.0000,202.0000,0.0000,0.0000,244.4200,42.4200,'','N','','','','',0,0,0,0,0,'','','','','',0,0.0000,'','',1),
 (454,10,4,14,'B','20181027',0,0,0,'Adrián Magnago','','','',0,'','99',0,'','','','',1,'','','',3,500.0000,500.0000,0.0000,0.0000,605.0000,105.0000,'','N','','','','',0,0,0,0,0,'','','','','',0,0.0000,'','',1),
 (455,10,4,15,'B','20181027',0,0,0,'Pablo Adrián','','','',0,'','99',0,'','','','',1,'','','',3,500.0000,500.0000,0.0000,0.0000,605.0000,105.0000,'','N','','','','',0,0,0,0,0,'','','','','',0,0.0000,'','',1),
 (456,10,4,16,'B','20181027',0,0,0,'Adrián Magnago','','','',0,'','99',0,'','','','',1,'','','',3,498.0000,498.0000,0.0000,0.0000,602.5800,104.5800,'','N','','','','',0,0,0,0,0,'','','','','',0,0.0000,'','',1),
 (457,10,4,17,'B','20181027',0,0,0,'Adrián Magnago','','','',0,'','99',0,'','','','',1,'','','',3,202.0000,202.0000,0.0000,0.0000,244.4200,42.4200,'','N','','','','',0,0,0,0,0,'','','','','',0,0.0000,'','',1),
 (458,1,1,180,'A','20181027',0,0,0,'Adrián MAgnago','','','',0,'','99',0,'','','','',1,'','','',3,202.0000,202.0000,0.0000,0.0000,244.4200,42.4200,'','N','','','','',0,0,0,0,0,'','','','','',0,0.0000,'','',1),
 (459,10,4,18,'B','20181027',1,0,0,'ROSSI','TULIO','Avellaneda 6737','3',2,'20221414978','80',22141497,'4693586','3000','4693586','trossi@cosemar.com.ar',1,'','Avellaneda 6737','',4,755.9025,755.9025,0.0000,0.0000,914.6420,158.7395,'','N','','','','',0,0,0,0,0,'','','','','',0,0.0000,'','',1);
INSERT INTO `facturas` (`idfactura`,`idcomproba`,`pventa`,`numero`,`tipo`,`fecha`,`entidad`,`servicio`,`cuenta`,`apellido`,`nombre`,`direccion`,`localidad`,`iva`,`cuit`,`tipodoc`,`dni`,`telefono`,`cp`,`fax`,`email`,`transporte`,`nomtransp`,`direntrega`,`stock`,`idtipoopera`,`neto`,`subtotal`,`descuento`,`recargo`,`total`,`totalimpu`,`operexenta`,`anulado`,`observa1`,`observa2`,`observa3`,`observa4`,`idperiodo`,`ruta1`,`folio1`,`ruta2`,`folio2`,`fechavenc1`,`fechavenc2`,`fechavenc3`,`proxvenc`,`confirmada`,`astoconta`,`deudacta`,`cespcae`,`caecespven`,`vendedor`) VALUES 
 (460,1,1,181,'A','20181031',1,0,0,'ROSSI','TULIO','Avellaneda 6737','3',2,'20221414978','80',22141497,'4693586','3000','4693586','trossi@cosemar.com.ar',4,'Bonet Pablo','Avellaneda 6737','',3,121.2000,121.2000,0.0000,0.0000,146.6520,25.4520,'','N','','','','',0,0,0,0,0,'','','','','',0,0.0000,'','',1),
 (461,1,1,182,'A','20181031',1,0,0,'ROSSI','TULIO','Avellaneda 6737','3',2,'20221414978','80',22141497,'4693586','3000','4693586','trossi@cosemar.com.ar',4,'Bonet Pablo','Avellaneda 6737','',3,121.2000,121.2000,0.0000,0.0000,146.6520,25.4520,'','N','','','','',0,0,0,0,0,'','','','','',0,0.0000,'','',1),
 (462,1,1,183,'A','20181031',1,0,0,'ROSSI','TULIO','Avellaneda 6737','3',2,'20221414978','80',22141497,'4693586','3000','4693586','trossi@cosemar.com.ar',1,'','Avellaneda 6737','',3,242.4000,242.4000,0.0000,0.0000,293.3040,50.9040,'','N','','','','',0,0,0,0,0,'','','','','',0,0.0000,'','',1),
 (463,1,1,184,'A','20181031',1,0,0,'ROSSI','TULIO','Avellaneda 6737','3',2,'20221414978','80',22141497,'4693586','3000','4693586','trossi@cosemar.com.ar',1,'','Avellaneda 6737','',3,242.4000,242.4000,0.0000,0.0000,293.3040,50.9040,'','N','','','','',0,0,0,0,0,'','','','','',0,0.0000,'','',1),
 (464,10,1,7,'B','20181031',1,0,0,'ROSSI','TULIO','Avellaneda 6737','3',2,'20221414978','80',22141497,'4693586','3000','4693586','trossi@cosemar.com.ar',1,'','Avellaneda 6737','',3,242.4000,242.4000,0.0000,0.0000,293.3040,50.9040,'','N','','','','',0,0,0,0,0,'','','','','',0,0.0000,'','',1),
 (465,1,1,185,'A','20181031',1,0,0,'ROSSI','TULIO','Avellaneda 6737','3',2,'20221414978','80',22141497,'4693586','3000','4693586','trossi@cosemar.com.ar',4,'Bonet Pablo','Avellaneda 6737','',3,242.4000,242.4000,0.0000,0.0000,293.3040,50.9040,'','N','','','','',0,0,0,0,0,'','','','','',0,0.0000,'','',1),
 (466,1,1,186,'A','20181031',1,0,0,'ROSSI','TULIO','Avellaneda 6737','3',2,'20221414978','80',22141497,'4693586','3000','4693586','trossi@cosemar.com.ar',1,'','Avellaneda 6737','',3,242.4000,242.4000,0.0000,0.0000,293.3040,50.9040,'','N','','','','',0,0,0,0,0,'','','','','',0,0.0000,'','',2),
 (467,1,1,187,'A','20181031',1,0,0,'ROSSI','TULIO','Avellaneda 6737','3',2,'20221414978','80',22141497,'4693586','3000','4693586','trossi@cosemar.com.ar',1,'','Avellaneda 6737','',3,242.4000,242.4000,0.0000,0.0000,293.3040,50.9040,'','N','','','','',0,0,0,0,0,'','','','','',0,0.0000,'','',1),
 (468,1,1,188,'A','20181031',1,0,0,'ROSSI','TULIO','Avellaneda 6737','3',2,'20221414978','80',22141497,'4693586','3000','4693586','trossi@cosemar.com.ar',1,'','Avellaneda 6737','',3,242.4000,242.4000,0.0000,0.0000,293.3040,50.9040,'','N','','','','',0,0,0,0,0,'','','','','',0,0.0000,'','',1),
 (469,1,1,189,'A','20181110',1,0,0,'ROSSI','TULIO','Avellaneda 6737','3',2,'20221414978','80',22141497,'4693586','3000','4693586','trossi@cosemar.com.ar',1,'','Avellaneda 6737','',1,121.2000,121.2000,0.0000,0.0000,146.6520,25.4520,'','N','','','','',0,0,0,0,0,'','','','','',0,0.0000,'','',1),
 (470,1,4,128,'A','20181123',1,0,0,'ROSSI','TULIO','Avellaneda 6737','3',2,'20221414978','80',22141497,'4693586','3000','4693586','trossi@cosemar.com.ar',1,'','Avellaneda 6737','',1,1212.0000,1212.0000,0.0000,0.0000,1466.5200,254.5200,'','N','','','','',0,0,0,0,0,'','','','','',0,0.0000,'','',1),
 (471,1,1,190,'A','20181123',1,0,0,'ROSSI','TULIO','Avellaneda 6737','3',2,'20221414978','80',22141497,'4693586','3000','4693586','trossi@cosemar.com.ar',1,'','Avellaneda 6737','',1,242.4000,242.4000,0.0000,0.0000,293.3040,50.9040,'','N','','','','',0,0,0,0,0,'','','','','',0,0.0000,'','',1),
 (472,1,4,129,'A','20181123',2,0,0,'Racca','Gaston Ramon Alberto','Ruta 11 Km 486','4',1,'30712443347','80',0,'342-4191679','6556','','gracca@alsafex.com.ar',0,'','Ruta 11 Km 486','',1,10.0000,10.0000,0.0000,0.0000,12.1000,2.1000,'','N','','','','',0,0,0,0,0,'','','','','',0,0.0000,'','',1),
 (473,1,4,130,'A','20181123',1,0,0,'ROSSI','TULIO','Avellaneda 6737','3',2,'20221414978','80',22141497,'4693586','3000','4693586','trossi@cosemar.com.ar',1,'','Avellaneda 6737','',1,0.0000,0.0000,0.0000,0.0000,0.0000,2.1000,'','N','','','','',0,0,0,0,0,'','','','','',0,0.0000,'','',1),
 (474,1,4,131,'A','20181124',1,0,0,'ROSSI','TULIO','Avellaneda 6737','3',2,'20221414978','80',22141497,'4693586','3000','4693586','trossi@cosemar.com.ar',1,'','Avellaneda 6737','',1,121.2000,121.2000,0.0000,0.0000,146.6520,25.4520,'','N','','','','',0,0,0,0,0,'','','','','',0,0.0000,'','',1),
 (475,4,4,26,'A','20181127',1,0,0,'ROSSI','TULIO','Avellaneda 6737','3',2,'20221414978','80',22141497,'4693586','3000','4693586','trossi@cosemar.com.ar',4,'Bonet Pablo','Avellaneda 6737','',1,606.0000,606.0000,0.0000,0.0000,733.2600,127.2600,'','N','','','','',0,0,0,0,0,'','','','','',0,0.0000,'','',1),
 (478,1,1,193,'A','20181128',1,0,0,'ROSSI','TULIO','Avellaneda 6737','3',2,'20221414978','80',22141497,'4693586','3000','4693586','trossi@cosemar.com.ar',4,'Bonet Pablo','Avellaneda 6737','',1,121.2000,121.2000,0.0000,0.0000,146.6520,25.4520,'','N','','','','',0,0,0,0,0,'','','','','',0,0.0000,'','',1),
 (481,1,1,196,'A','20181206',1,0,0,'ROSSI','TULIO','Avellaneda 6737','3',2,'20221414978','80',22141497,'4693586','3000','4693586','trossi@cosemar.com.ar',1,'Bonet Pablo','Avellaneda 6737','',1,121.2000,121.2000,0.0000,0.0000,146.6520,25.4520,'','N','','','','',0,0,0,0,0,'','','','','',0,0.0000,'','',1),
 (482,1,1,197,'A','20181206',1,0,0,'ROSSI','TULIO','Avellaneda 6737','3',2,'20221414978','80',22141497,'4693586','3000','4693586','trossi@cosemar.com.ar',1,'Bonet Pablo','Avellaneda 6737','',1,363.6000,363.6000,0.0000,0.0000,439.9560,76.3560,'','N','','','','',0,0,0,0,0,'','','','','',0,0.0000,'','',1),
 (483,1,1,198,'A','20181206',1,0,0,'ROSSI','TULIO','Avellaneda 6737','3',2,'20221414978','80',22141497,'4693586','3000','4693586','trossi@cosemar.com.ar',1,'Bonet Pablo','Avellaneda 6737','',1,393.9000,393.9000,0.0000,0.0000,476.6190,82.7190,'','N','','','','',0,0,0,0,0,'','','','','',0,0.0000,'','',1),
 (484,4,4,27,'A','20181206',1,0,0,'ROSSI','TULIO','Avellaneda 6737','3',2,'20221414978','80',22141497,'4693586','3000','4693586','trossi@cosemar.com.ar',1,'Bonet Pablo','Avellaneda 6737','',1,363.6000,363.6000,0.0000,0.0000,439.9560,76.3560,'','N','','','','',0,0,0,0,0,'','','','','',0,0.0000,'','',1),
 (485,4,4,28,'A','20181206',1,0,0,'ROSSI','TULIO','Avellaneda 6737','3',2,'20221414978','80',22141497,'4693586','3000','4693586','trossi@cosemar.com.ar',1,'Bonet Pablo','Avellaneda 6737','',1,253.8000,253.8000,0.0000,0.0000,307.0980,53.2980,'','N','','','','',0,0,0,0,0,'','','','','',0,0.0000,'','',1),
 (486,4,4,29,'A','20181206',1,0,0,'ROSSI','TULIO','Avellaneda 6737','3',2,'20221414978','80',22141497,'4693586','3000','4693586','trossi@cosemar.com.ar',1,'Bonet Pablo','Avellaneda 6737','',1,628.8000,628.8000,0.0000,0.0000,760.8480,132.0480,'','N','','','','',0,0,0,0,0,'','','','','',0,0.0000,'','',1),
 (487,4,4,30,'A','20181206',1,0,0,'ROSSI','TULIO','Avellaneda 6737','3',2,'20221414978','80',22141497,'4693586','3000','4693586','trossi@cosemar.com.ar',1,'Bonet Pablo','Avellaneda 6737','',1,363.6000,363.6000,0.0000,0.0000,439.9560,76.3560,'','N','','','','',0,0,0,0,0,'','','','','',0,0.0000,'','',1),
 (488,4,4,31,'A','20181206',1,0,0,'ROSSI','TULIO','Avellaneda 6737','3',2,'20221414978','80',22141497,'4693586','3000','4693586','trossi@cosemar.com.ar',1,'Bonet Pablo','Avellaneda 6737','',1,363.6000,363.6000,0.0000,0.0000,439.9560,76.3560,'','N','','','','',0,0,0,0,0,'','','','','',0,0.0000,'','',1),
 (489,4,4,32,'A','20181206',1,0,0,'ROSSI','TULIO','Avellaneda 6737','3',2,'20221414978','80',22141497,'4693586','3000','4693586','trossi@cosemar.com.ar',1,'Bonet Pablo','Avellaneda 6737','',1,628.8000,628.8000,0.0000,0.0000,760.8480,132.0480,'','N','','','','',0,0,0,0,0,'','','','','',0,0.0000,'','',1),
 (490,4,4,33,'A','20181206',1,0,0,'ROSSI','TULIO','Avellaneda 6737','3',2,'20221414978','80',22141497,'4693586','3000','4693586','trossi@cosemar.com.ar',1,'Bonet Pablo','Avellaneda 6737','',4,363.6000,363.6000,0.0000,0.0000,439.9560,76.3560,'','N','','','','',0,0,0,0,0,'','','','','',0,0.0000,'','',1),
 (491,4,4,34,'A','20181206',1,0,0,'ROSSI','TULIO','Avellaneda 6737','3',2,'20221414978','80',22141497,'4693586','3000','4693586','trossi@cosemar.com.ar',1,'Bonet Pablo','Avellaneda 6737','',4,496.2000,496.2000,0.0000,0.0000,600.4020,104.2020,'','N','','','','',0,0,0,0,0,'','','','','',0,0.0000,'','',1),
 (492,4,4,35,'A','20181206',1,0,0,'ROSSI','TULIO','Avellaneda 6737','3',2,'20221414978','80',22141497,'4693586','3000','4693586','trossi@cosemar.com.ar',1,'Bonet Pablo','Avellaneda 6737','',4,363.6000,363.6000,0.0000,0.0000,439.9560,76.3560,'','N','','','','',0,0,0,0,0,'','','','','',0,0.0000,'','',1),
 (493,1,1,199,'A','20181206',1,0,0,'ROSSI','TULIO','Avellaneda 6737','3',2,'20221414978','80',22141497,'4693586','3000','4693586','trossi@cosemar.com.ar',1,'Bonet Pablo','Avellaneda 6737','',4,761.4000,761.4000,0.0000,0.0000,921.2940,159.8940,'','N','','','','',0,0,0,0,0,'','','','','',0,0.0000,'','',1),
 (494,1,4,132,'A','20181206',1,0,0,'ROSSI','TULIO','Avellaneda 6737','3',2,'20221414978','80',22141497,'4693586','3000','4693586','trossi@cosemar.com.ar',1,'Bonet Pablo','Avellaneda 6737','',4,628.8000,628.8000,0.0000,0.0000,760.8480,132.0480,'','N','','','','',0,0,0,0,0,'','','','','',0,0.0000,'','',1),
 (495,1,1,200,'A','20181208',4,0,0,'Bonet','Pablo','Mitre','4',2,'20334684734','80',33468473,'','3018','','',1,'Bonet Pablo','Mitre','',4,121.2000,121.2000,0.0000,0.0000,146.6520,25.4520,'','N','','','','',0,0,0,0,0,'','','','','',0,0.0000,'','',1),
 (496,1,1,201,'A','20181210',1,0,0,'ROSSI','TULIO','Avellaneda 6737','3',2,'20221414978','80',22141497,'4693586','3000','4693586','trossi@cosemar.com.ar',1,'Bonet Pablo','Avellaneda 6737','',5,121.2000,121.2000,0.0000,0.0000,146.6520,25.4520,'','N','','','','',0,0,0,0,0,'','','','','',0,0.0000,'','',1),
 (497,1,1,202,'A','20181228',1,0,0,'ROSSI','TULIO','Avellaneda 6737','3',2,'20221414978','80',22141497,'4693586','3000','4693586','trossi@cosemar.com.ar',1,'Bonet Pablo','Avellaneda 6737','',1,1212.0000,1212.0000,0.0000,0.0000,1466.5200,254.5200,'','N','','','','',0,0,0,0,0,'','','','','',0,0.0000,'','',1),
 (498,7,1,5,'A','20181228',1,0,0,'ROSSI','TULIO','Avellaneda 6737','3',2,'20221414978','80',22141497,'4693586','3000','4693586','trossi@cosemar.com.ar',1,'Bonet Pablo','Avellaneda 6737','',1,100.0000,100.0000,0.0000,0.0000,121.0000,21.0000,'','N','','','','',0,0,0,0,0,'','','','','',0,0.0000,'','',1),
 (499,1,1,203,'A','20181228',1,0,0,'ROSSI','TULIO','Avellaneda 6737','3',2,'20221414978','80',22141497,'4693586','3000','4693586','trossi@cosemar.com.ar',1,'Bonet Pablo','Avellaneda 6737','',1,606.0000,606.0000,0.0000,0.0000,733.2600,127.2600,'','N','','','','',0,0,0,0,0,'','','','','',0,0.0000,'','',1),
 (500,10,1,8,'B','20190108',4,0,0,'Bonet','Pablo','Mitre','4',2,'20334684734','80',33468473,'','3018','','',1,'Bonet Pablo','Mitre','',3,121.2000,121.2000,0.0000,0.0000,146.6520,25.4520,'','N','','','','',0,0,0,0,0,'','','','','',0,0.0000,'','',1),
 (501,8,1,1,'A','20190108',4,0,0,'Bonet','Pablo','Mitre','4',2,'20334684734','80',33468473,'','3018','','',1,'Bonet Pablo','Mitre','',1,-130.0000,-130.0000,0.0000,0.0000,-157.3000,-27.3000,'','N','','','','',0,0,0,0,0,'','','','','',0,0.0000,'','',1),
 (502,1,1,204,'A','20190108',1,0,0,'ROSSI','TULIO','Avellaneda 6737','3',2,'20221414978','80',22141497,'4693586','3000','4693586','trossi@cosemar.com.ar',1,'Bonet Pablo','Avellaneda 6737','',1,121.2000,121.2000,0.0000,0.0000,146.6520,25.4520,'','N','','','','',0,0,0,0,0,'','','','','',0,0.0000,'','',1),
 (503,1,1,205,'A','20190108',4,0,0,'Bonet','Pablo','Mitre','4',2,'20334684734','80',33468473,'','3018','','',1,'Bonet Pablo','Mitre','',1,-13.0000,-13.0000,0.0000,0.0000,-15.7300,-2.7300,'','N','','','','',0,0,0,0,0,'','','','','',0,0.0000,'','',1),
 (504,1,1,206,'A','20190110',1,0,0,'ROSSI','TULIO','Avellaneda 6737','3',2,'20221414978','80',22141497,'4693586','3000','4693586','trossi@cosemar.com.ar',1,'Bonet Pablo','Avellaneda 6737','',1,2652.0000,2652.0000,0.0000,0.0000,3208.9199,556.9200,'','N','','','','',0,0,0,0,0,'','','','','',0,0.0000,'','',1),
 (505,1,1,207,'A','20190110',1,0,0,'ROSSI','TULIO','Avellaneda 6737','3',2,'20221414978','80',22141497,'4693586','3000','4693586','trossi@cosemar.com.ar',1,'Bonet Pablo','Avellaneda 6737','',1,242.4000,242.4000,0.0000,0.0000,293.3040,50.9040,'','N','','','','',0,0,0,0,0,'','','','','',0,0.0000,'','',1),
 (506,1,1,208,'A','20190115',4,0,0,'Bonet','Pablo','Mitre','4',2,'20334684734','80',33468473,'','3018','','',1,'Bonet Pablo','Mitre','',3,242.4000,242.4000,0.0000,0.0000,293.3040,50.9040,'','N','','','','',0,0,0,0,0,'','','','','',0,0.0000,'','',1),
 (509,1,1,211,'A','20190116',1,0,0,'ROSSI','TULIO','Avellaneda 6737','3',2,'20221414978','80',22141497,'4693586','3000','4693586','trossi@cosemar.com.ar',1,'Bonet Pablo','Avellaneda 6737','',2,1327.6942,1327.6942,0.0000,0.0000,1606.5100,278.8158,'','N','','','','',0,0,0,0,0,'','','','','',0,0.0000,'','',1),
 (510,1,1,212,'A','20190116',4,0,0,'Bonet','Pablo','Mitre','4',2,'20334684734','80',33468473,'','3018','','',1,'Bonet Pablo','Mitre','',2,1327.7025,1327.7025,0.0000,0.0000,1606.5200,278.8175,'','N','','','','',0,0,0,0,0,'','','','','',0,0.0000,'','',1),
 (511,1,1,213,'A','20190116',4,0,0,'Bonet','Pablo','Mitre','4',2,'20334684734','80',33468473,'','3018','','',1,'Bonet Pablo','joioj','',2,1327.6942,1327.6942,0.0000,0.0000,1606.5100,278.8158,'','N','','','','',0,0,0,0,0,'','','','','',0,0.0000,'','',1),
 (517,1,1,219,'A','20190117',1,0,0,'ROSSI','TULIO','Avellaneda 6737','3',2,'20221414978','80',22141497,'4693586','3000','4693586','trossi@cosemar.com.ar',1,'Bonet Pablo','Avellaneda 6737','',1,121.2000,121.2000,0.0000,0.0000,146.6520,25.4520,'','N','','','','',0,0,0,0,0,'','','','','',0,0.0000,'','',1),
 (518,1,1,220,'A','20190117',3,0,0,'OLIVIERO','GERMAN','PEDRO CENTENO','3',1,'20222222223','99',2121,'AAAAAD','3000','DSF','',1,'Bonet Pablo','PEDRO CENTENO','',1,1212.0000,1212.0000,0.0000,0.0000,1466.5200,254.5200,'','N','','','','',0,0,0,0,0,'','','','','',0,0.0000,'','',1),
 (519,1,1,221,'A','20190117',3,0,0,'OLIVIERO','GERMAN','PEDRO CENTENO','3',1,'20222222223','99',2121,'AAAAAD','3000','DSF','',1,'Bonet Pablo','PEDRO CENTENO','',3,606.0000,606.0000,0.0000,0.0000,733.2600,127.2600,'','N','','','','',0,0,0,0,0,'','','','','',0,0.0000,'','',1),
 (520,8,1,2,'A','20190117',1,0,0,'ROSSI','TULIO','Avellaneda 6737','3',2,'20221414978','80',22141497,'4693586','3000','4693586','trossi@cosemar.com.ar',2,'','Avellaneda 6737','',1,100.0000,100.0000,0.0000,0.0000,121.0000,21.0000,'','N','','','','',0,0,0,0,0,'','','','','',0,0.0000,'','',2),
 (521,1,1,222,'A','20190117',0,0,0,'PAblo','','','',0,'','99',0,'','','','',1,'Bonet Pablo','','',3,1212.0000,1212.0000,0.0000,0.0000,1466.5200,254.5200,'','N','','','','',0,0,0,0,0,'','','','','',0,0.0000,'','',1),
 (522,1,1,223,'A','20190117',1,0,0,'ROSSI','TULIO','Avellaneda 6737','3',2,'20221414978','80',22141497,'4693586','3000','4693586','trossi@cosemar.com.ar',1,'Bonet Pablo','Avellaneda 6737','',3,119.9000,119.9000,0.0000,0.0000,145.0790,25.1790,'','N','','','','',0,0,0,0,0,'','','','','',0,0.0000,'','',1),
 (523,1,1,224,'A','20190118',1,0,0,'ROSSI','TULIO','Avellaneda 6737','3',2,'20221414978','80',22141497,'4693586','3000','4693586','trossi@cosemar.com.ar',1,'Bonet Pablo','Avellaneda 6737','',5,606.0000,606.0000,0.0000,0.0000,733.2600,127.2600,'','N','','','','',0,0,0,0,0,'','','','','',0,0.0000,'','',1),
 (524,1,1,225,'A','20190118',4,0,0,'Bonet','Pablo','Mitre','4',2,'20334684734','80',33468473,'','3018','','',1,'Bonet Pablo','Mitre','',3,606.0000,606.0000,0.0000,0.0000,733.2600,127.2600,'','N','','','','',0,0,0,0,0,'','','','','',0,0.0000,'','',1),
 (525,1,1,226,'A','20190118',4,0,0,'Bonet','Pablo','Mitre','4',2,'20334684734','80',33468473,'','3018','','',1,'Bonet Pablo','Mitre','',3,606.0000,606.0000,0.0000,0.0000,733.2600,127.2600,'','N','','','','',0,0,0,0,0,'','','','','',0,0.0000,'','',1),
 (526,1,1,227,'A','20190118',4,0,0,'Bonet','Pablo','Mitre','4',2,'20334684734','80',33468473,'','3018','','',1,'Bonet Pablo','Mitre','',3,606.0000,606.0000,0.0000,0.0000,733.2600,127.2600,'','N','','','','',0,0,0,0,0,'','','','','',0,0.0000,'','',1),
 (527,1,1,228,'A','20190118',4,0,0,'Bonet','Pablo','Mitre','4',2,'20334684734','80',33468473,'','3018','','',1,'Bonet Pablo','Mitre','',3,606.0000,606.0000,0.0000,0.0000,733.2600,127.2600,'','N','','','','',0,0,0,0,0,'','','','','',0,0.0000,'','',1),
 (528,1,1,229,'A','20190118',4,0,0,'Bonet','Pablo','Mitre','4',2,'20334684734','80',33468473,'','3018','','',1,'Bonet Pablo','Mitre','',2,663.8347,663.8347,0.0000,0.0000,803.2400,139.4053,'','N','','','','',0,0,0,0,0,'','','','','',0,0.0000,'','',1),
 (530,1,1,231,'A','20190118',3,0,0,'OLIVIERO','GERMAN','PEDRO CENTENO','3',1,'20222222223','99',2121,'AAAAAD','3000','DSF','',1,'Bonet Pablo','PEDRO CENTENO','',2,663.8347,663.8347,0.0000,0.0000,803.2400,139.4053,'','N','','','','',0,0,0,0,0,'','','','','',0,0.0000,'','',1),
 (531,1,1,232,'A','20190118',3,0,0,'OLIVIERO','GERMAN','PEDRO CENTENO','3',1,'20222222223','99',2121,'AAAAAD','3000','DSF','',1,'Bonet Pablo','PEDRO CENTENO','',1,1212.0000,1212.0000,0.0000,0.0000,1466.5200,254.5200,'','N','','','','',0,0,0,0,0,'','','','','',0,0.0000,'','',1),
 (532,1,1,233,'A','20190119',4,0,0,'Bonet','Pablo','Mitre','4',2,'20334684734','80',33468473,'','3018','','',1,'Bonet Pablo','Mitre','',4,721.7025,721.7025,0.0000,0.0000,873.2600,151.5575,'','N','','','','',0,0,0,0,0,'','','','','',0,0.0000,'','',1),
 (533,1,1,234,'A','20190121',4,0,0,'Bonet','Pablo','Mitre','4',2,'20334684734','80',33468473,'','3018','','',1,'Bonet Pablo','Mitre','',3,606.0000,606.0000,0.0000,0.0000,733.2600,127.2600,'','N','','','','',0,0,0,0,0,'','','','','',0,0.0000,'','',1),
 (534,1,1,235,'A','20190123',4,0,0,'Bonet','Pablo','Mitre','4',2,'20334684734','80',33468473,'','3018','','',1,'Bonet Pablo','Mitre','',2,606.0000,606.0000,0.0000,0.0000,733.2600,127.2600,'','N','','','','',0,0,0,0,0,'','','','','',0,0.0000,'','',1),
 (535,1,1,236,'A','20190123',4,0,0,'Bonet','Pablo','Mitre','4',2,'20334684734','80',33468473,'','3018','','',1,'Bonet Pablo','Mitre','',2,663.8347,663.8347,0.0000,0.0000,803.2400,139.4053,'','N','','','','',0,0,0,0,0,'','','','','',0,0.0000,'','',1),
 (536,1,1,237,'A','20190123',4,0,0,'Bonet','Pablo','Mitre','4',2,'20334684734','80',33468473,'','3018','','',1,'Bonet Pablo','Mitre','',2,663.8347,663.8347,0.0000,0.0000,803.2400,139.4053,'','N','','','','',0,0,0,0,0,'','','','','',0,0.0000,'','',1),
 (537,1,1,238,'A','20190123',4,0,0,'Bonet','Pablo','Mitre','4',2,'20334684734','80',33468473,'','3018','','',1,'Bonet Pablo','Mitre','',2,606.0000,606.0000,0.0000,0.0000,733.2600,127.2600,'','N','','','','',0,0,0,0,0,'','','','','',0,0.0000,'','',1),
 (538,1,1,239,'A','20190123',4,0,0,'Bonet','Pablo','Mitre','4',2,'20334684734','80',33468473,'','3018','','',1,'Bonet Pablo','Mitre','',2,121.2000,121.2000,0.0000,0.0000,146.6520,25.4520,'','N','','','','',0,0,0,0,0,'','','','','',0,0.0000,'','',1),
 (539,1,1,240,'A','20190123',4,0,0,'Bonet','Pablo','Mitre','4',2,'20334684734','80',33468473,'','3018','','',1,'Bonet Pablo','Mitre','',3,606.0000,606.0000,0.0000,0.0000,733.2600,127.2600,'','N','','','','',0,0,0,0,0,'','','','','',0,0.0000,'','',1),
 (540,1,1,241,'A','20190123',4,0,0,'Bonet','Pablo','Mitre','4',2,'20334684734','80',33468473,'','3018','','',1,'Bonet Pablo','Mitre','',2,663.8347,663.8347,0.0000,0.0000,803.2400,139.4053,'','N','','','','',0,0,0,0,0,'','','','','',0,0.0000,'','',1),
 (541,1,1,242,'A','20190124',4,0,0,'Bonet','Pablo','Mitre','4',2,'20334684734','80',33468473,'','3018','','',1,'Bonet Pablo','Mitre','',3,606.0000,606.0000,0.0000,0.0000,733.2600,127.2600,'','N','','','','',0,0,0,0,0,'','','','','',0,0.0000,'','',1),
 (542,1,1,243,'A','20190124',4,0,0,'Bonet','Pablo','Mitre','4',2,'20334684734','80',33468473,'','3018','','',1,'Bonet Pablo','Mitre','',3,484.8000,484.8000,0.0000,0.0000,586.6080,101.8080,'','N','','','','',0,0,0,0,0,'','','','','',0,0.0000,'','',1),
 (543,1,1,244,'A','20190124',4,0,0,'Bonet','Pablo','Mitre','4',2,'20334684734','80',33468473,'','3018','','',1,'Bonet Pablo','Mitre','',4,721.7025,721.7025,0.0000,0.0000,873.2600,151.5575,'','N','','','','',0,0,0,0,0,'','','','','',0,0.0000,'','',1),
 (544,1,1,245,'A','20190124',4,0,0,'Bonet','Pablo','Mitre','4',2,'20334684734','80',33468473,'','3018','','',1,'Bonet Pablo','Mitre','',2,724.9835,724.9835,0.0000,0.0000,877.2300,152.2465,'','N','','','','',0,0,0,0,0,'','','','','',0,0.0000,'','',1),
 (545,8,1,3,'A','20190125',4,0,0,'Bonet','Pablo','Mitre','4',2,'20334684734','80',33468473,'','3018','','',1,'Bonet Pablo','Mitre','',1,6.0000,6.0000,0.0000,0.0000,7.2600,1.2600,'','N','','','','',0,0,0,0,0,'','','','','',0,0.0000,'','',1),
 (546,1,1,246,'A','20190125',4,0,0,'Bonet','Pablo','Mitre','4',2,'20334684734','80',33468473,'','3018','','',1,'Bonet Pablo','Mitre','',3,606.0000,606.0000,0.0000,0.0000,733.2600,127.2600,'','N','','','','',0,0,0,0,0,'','','','','',0,0.0000,'','',1),
 (547,1,1,247,'A','20190125',4,0,0,'Bonet','Pablo','Mitre','4',2,'20334684734','80',33468473,'','3018','','',1,'Bonet Pablo','Mitre','',2,663.8347,663.8347,0.0000,0.0000,803.2400,139.4053,'','N','','','','',0,0,0,0,0,'','','','','',0,0.0000,'','',1),
 (548,1,1,248,'A','20190125',4,0,0,'Bonet','Pablo','Mitre','4',2,'20334684734','80',33468473,'','3018','','',1,'Bonet Pablo','Mitre','',4,1212.0000,1212.0000,0.0000,0.0000,1466.5200,254.5200,'','N','','','','',0,0,0,0,0,'','','','','',0,0.0000,'','',1),
 (549,1,1,249,'A','20190129',4,0,0,'Bonet','Pablo','Mitre','4',2,'20334684734','80',33468473,'','3018','','',1,'Bonet Pablo','Mitre','',2,663.8347,663.8347,0.0000,0.0000,803.2400,139.4053,'','N','','','','',0,0,0,0,0,'','','','','',0,0.0000,'','',1),
 (550,1,1,250,'A','20190129',4,0,0,'Bonet','Pablo','Mitre','4',2,'20334684734','80',33468473,'','3018','','',1,'Bonet Pablo','Mitre','',4,721.7025,721.7025,0.0000,0.0000,873.2600,151.5575,'','N','','','','',0,0,0,0,0,'','','','','',0,0.0000,'','',1),
 (551,1,1,251,'A','20190129',4,0,0,'Bonet','Pablo','Mitre','4',2,'20334684734','80',33468473,'','3018','','',1,'Bonet Pablo','Mitre','',4,1443.4050,1443.4050,0.0000,0.0000,1746.5200,303.1150,'','N','','','','',0,0,0,0,0,'','','','','',0,0.0000,'','',1),
 (552,1,1,252,'A','20190129',4,0,0,'Bonet','Pablo','Mitre','4',2,'20334684734','80',33468473,'','3018','','',1,'Bonet Pablo','Mitre','',4,1451.0942,1451.0942,0.0000,0.0000,1755.8240,304.7298,'','N','','','','',0,0,0,0,0,'','','','','',0,0.0000,'','',1),
 (553,1,1,253,'A','20190129',4,0,0,'Bonet','Pablo','Mitre','4',2,'20334684734','80',33468473,'','3018','','',1,'Bonet Pablo','Mitre','',3,606.0000,606.0000,0.0000,0.0000,733.2600,127.2600,'','N','','','','',0,0,0,0,0,'','','','','',0,0.0000,'','',1),
 (554,1,1,254,'A','20190129',4,0,0,'Bonet','Pablo','Mitre','4',2,'20334684734','80',33468473,'','3018','','',1,'Bonet Pablo','Mitre','',4,1443.4908,1443.4908,0.0000,0.0000,1746.6240,303.1331,'','N','','','','',0,0,0,0,0,'','','','','',0,0.0000,'','',1),
 (555,1,1,255,'A','20190129',4,0,0,'Bonet','Pablo','Mitre','4',2,'20334684734','80',33468473,'','3018','','',1,'Bonet Pablo','Mitre','',4,795.2314,795.2314,0.0000,0.0000,962.2300,166.9986,'','N','','','','',0,0,0,0,0,'','','','','',0,0.0000,'','',1),
 (556,1,1,256,'A','20190129',1,0,0,'ROSSI','TULIO','Avellaneda 6737','3',2,'20221414978','80',22141497,'4693586','3000','4693586','trossi@cosemar.com.ar',1,'Bonet Pablo','Avellaneda 6737','',4,721.7025,721.7025,0.0000,0.0000,873.2600,151.5575,'','N','','','','',0,0,0,0,0,'','','','','',0,0.0000,'','',1),
 (557,1,1,257,'A','20190129',4,0,0,'Bonet','Pablo','Mitre','4',2,'20334684734','80',33468473,'','3018','','',1,'Bonet Pablo','Mitre','',4,723.3983,723.3983,0.0000,0.0000,875.3119,151.9136,'','N','','','','',0,0,0,0,0,'','','','','',0,0.0000,'','',1),
 (558,1,1,258,'A','20190129',4,0,0,'Bonet','Pablo','Mitre','4',2,'20334684734','80',33468473,'','3018','','',1,'Bonet Pablo','Mitre','',4,721.7455,721.7455,0.0000,0.0000,873.3121,151.5666,'','N','','','','',0,0,0,0,0,'','','','','',0,0.0000,'','',1),
 (559,1,1,259,'A','20190130',4,0,0,'Bonet','Pablo','Mitre','4',2,'20334684734','80',33468473,'','3018','','',1,'Bonet Pablo','Mitre','',4,1212.0000,1212.0000,0.0000,0.0000,1466.5200,254.5200,'','N','','','','',0,0,0,0,0,'','','','','',0,0.0000,'','',1),
 (560,1,1,260,'A','20190130',4,0,0,'Bonet','Pablo','Mitre','4',2,'20334684734','80',33468473,'','3018','','',1,'Bonet Pablo','Mitre','',4,1437.8711,1437.8711,0.0000,0.0000,1739.8240,301.9529,'','N','','','','',0,0,0,0,0,'','','','','',0,0.0000,'','',1),
 (561,1,1,261,'A','20190130',4,0,0,'Bonet','Pablo','Mitre','4',2,'20334684734','80',33468473,'','3018','','',1,'Bonet Pablo','Mitre','',4,1443.4908,1443.4908,0.0000,0.0000,1746.6240,303.1331,'','N','','','','',0,0,0,0,0,'','','','','',0,0.0000,'','',1),
 (562,1,1,262,'A','20190131',4,0,0,'Bonet','Pablo','Mitre','4',2,'20334684734','80',33468473,'','3018','','',1,'Bonet Pablo','Mitre','',4,721.7025,721.7025,0.0000,0.0000,873.2600,151.5575,'','N','','','','',0,0,0,0,0,'','','','','',0,0.0000,'','',1),
 (563,1,1,263,'A','20190131',4,0,0,'Bonet','Pablo','Mitre','4',2,'20334684734','80',33468473,'','3018','','',1,'Bonet Pablo','Mitre','',4,1212.0000,1212.0000,0.0000,0.0000,1466.5200,254.5200,'','N','','','','',0,0,0,0,0,'','','','','',0,0.0000,'','',1),
 (564,1,1,264,'A','20190202',4,0,0,'Bonet','Pablo','Mitre','4',2,'20334684734','80',33468473,'','3018','','',1,'Bonet Pablo','Mitre','',4,713.9769,713.9769,0.0000,0.0000,863.9120,149.9351,'','N','','','','',0,0,0,0,0,'','','','','',0,0.0000,'','',1),
 (565,1,1,265,'A','20190202',4,0,0,'Bonet','Pablo','Mitre','4',2,'20334684734','80',33468473,'','3018','','',0,'','Mitre','',4,713.9769,713.9769,0.0000,0.0000,863.9120,149.9351,'','N','','','','',0,0,0,0,0,'','','','','',0,0.0000,'','',0),
 (566,1,1,266,'A','20190202',4,0,0,'Bonet','Pablo','Mitre','4',2,'20334684734','80',33468473,'','3018','','',1,'Bonet Pablo','Mitre','',3,606.0000,606.0000,0.0000,0.0000,733.2600,127.2600,'','N','','','','',0,0,0,0,0,'','','','','',0,0.0000,'','',1),
 (567,1,1,267,'A','20190204',1,0,0,'ROSSI','TULIO','Avellaneda 6737','3',2,'20221414978','80',22141497,'4693586','3000','4693586','trossi@cosemar.com.ar',1,'Bonet Pablo','Avellaneda 6737','',3,606.0000,606.0000,0.0000,0.0000,733.2600,127.2600,'','N','','','','',0,0,0,0,0,'','','','','',0,0.0000,'','',1),
 (568,1,1,268,'A','20190223',4,0,0,'Bonet','Pablo','Mitre','4',2,'20334684734','80',33468473,'','3018','','',1,'Bonet Pablo','Mitre','',3,242.4000,242.4000,0.0000,0.0000,293.3040,50.9040,'','N','','','','',0,0,0,0,0,'','','','','',0,0.0000,'','',1),
 (569,1,1,269,'A','20190223',4,0,0,'Bonet','Pablo','Mitre','4',2,'20334684734','80',33468473,'','3018','','',1,'Bonet Pablo','Mitre','',3,242.4000,242.4000,0.0000,0.0000,293.3040,50.9040,'','N','','','','',0,0,0,0,0,'','','','','',0,0.0000,'','',1),
 (570,1,1,270,'A','20190223',4,0,0,'Bonet','Pablo','Mitre','4',2,'20334684734','80',33468473,'','3018','','',1,'Bonet Pablo','Mitre','',3,242.4000,242.4000,0.0000,0.0000,293.3040,50.9040,'','N','','','','',0,0,0,0,0,'','','','','',0,0.0000,'','',1),
 (571,1,1,271,'A','20190223',4,0,0,'Bonet','Pablo','Mitre','4',2,'20334684734','80',33468473,'','3018','','',1,'Bonet Pablo','Mitre','',3,363.6000,363.6000,0.0000,0.0000,439.9560,76.3560,'','N','','','','',0,0,0,0,0,'','','','','',0,0.0000,'','',1),
 (572,1,1,272,'A','20190223',4,0,0,'Bonet','Pablo','Mitre','4',2,'20334684734','80',33468473,'','3018','','',1,'Bonet Pablo','Mitre','',3,242.4000,242.4000,0.0000,0.0000,293.3040,50.9040,'','N','','','','',0,0,0,0,0,'','','','','',0,0.0000,'','',1),
 (573,1,1,273,'A','20190225',4,0,0,'Bonet','Pablo','Mitre','4',2,'20334684734','80',33468473,'','3018','','',1,'Bonet Pablo','Mitre','',3,242.4000,242.4000,0.0000,0.0000,293.3040,50.9040,'','N','','','','',0,0,0,0,0,'','','','','',0,0.0000,'','',1),
 (574,1,1,274,'A','20190225',4,0,0,'Bonet','Pablo','Mitre','4',2,'20334684734','80',33468473,'','3018','','',1,'Bonet Pablo','Mitre','',3,121.2000,121.2000,0.0000,0.0000,146.6520,25.4520,'','N','','','','',0,0,0,0,0,'','','','','',0,0.0000,'','',1),
 (575,1,1,275,'A','20190225',4,0,0,'Bonet','Pablo','Mitre','4',2,'20334684734','80',33468473,'','3018','','',1,'Bonet Pablo','Mitre','',3,242.4000,242.4000,0.0000,0.0000,293.3040,50.9040,'','N','','','','',0,0,0,0,0,'','','','','',0,0.0000,'','',1),
 (576,1,1,276,'A','20190225',4,0,0,'Bonet','Pablo','Mitre','4',2,'20334684734','80',33468473,'','3018','','',1,'Bonet Pablo','Mitre','',3,242.4000,242.4000,0.0000,0.0000,293.3040,50.9040,'','N','','','','',0,0,0,0,0,'','','','','',0,0.0000,'','',1),
 (577,1,1,277,'A','20190225',4,0,0,'Bonet','Pablo','Mitre','4',2,'20334684734','80',33468473,'','3018','','',1,'Bonet Pablo','Mitre','',3,242.4000,242.4000,0.0000,0.0000,293.3040,50.9040,'','N','','','','',0,0,0,0,0,'','','','','',0,0.0000,'','',1),
 (578,1,1,278,'A','20190225',4,0,0,'Bonet','Pablo','Mitre','4',2,'20334684734','80',33468473,'','3018','','',1,'Bonet Pablo','Mitre','',3,242.4000,242.4000,0.0000,0.0000,293.3040,50.9040,'','N','','','','',0,0,0,0,0,'','','','','',0,0.0000,'','',1),
 (579,1,1,279,'A','20190225',4,0,0,'Bonet','Pablo','Mitre','4',2,'20334684734','80',33468473,'','3018','','',1,'Bonet Pablo','Mitre','',3,242.4000,242.4000,0.0000,0.0000,293.3040,50.9040,'','N','','','','',0,0,0,0,0,'','','','','',0,0.0000,'','',1),
 (580,1,1,280,'A','20190225',4,0,0,'Bonet','Pablo','Mitre','4',2,'20334684734','80',33468473,'','3018','','',1,'Bonet Pablo','Mitre','',3,242.4000,242.4000,0.0000,0.0000,293.3040,50.9040,'','N','','','','',0,0,0,0,0,'','','','','',0,0.0000,'','',1),
 (581,1,1,281,'A','20190225',4,0,0,'Bonet','Pablo','Mitre','4',2,'20334684734','80',33468473,'','3018','','',1,'Bonet Pablo','Mitre','',3,242.4000,242.4000,0.0000,0.0000,293.3040,50.9040,'','N','','','','',0,0,0,0,0,'','','','','',0,0.0000,'','',1),
 (582,1,1,282,'A','20190226',4,0,0,'Bonet','Pablo','Mitre','4',2,'20334684734','80',33468473,'','3018','','',1,'Bonet Pablo','Mitre','',4,242.4000,242.4000,0.0000,0.0000,293.3040,50.9040,'','N','','','','',0,0,0,0,0,'','','','','',0,0.0000,'','',1),
 (583,1,1,283,'A','20190226',4,0,0,'Bonet','Pablo','Mitre','4',2,'20334684734','80',33468473,'','3018','','',1,'Bonet Pablo','Mitre','',2,663.8512,663.8512,0.0000,0.0000,803.2600,139.4088,'','N','','','','',0,0,0,0,0,'','','','','',0,0.0000,'','',1),
 (584,1,1,284,'A','20190226',4,0,0,'Bonet','Pablo','Mitre','4',2,'20334684734','80',33468473,'','3018','','',1,'Bonet Pablo','Mitre','',3,363.6000,363.6000,0.0000,0.0000,439.9560,76.3560,'','N','','','','',0,0,0,0,0,'','','','','',0,0.0000,'','',1),
 (585,1,1,285,'A','20190226',4,0,0,'Bonet','Pablo','Mitre','4',2,'20334684734','80',33468473,'','3018','','',1,'Bonet Pablo','Mitre','',1,242.4000,242.4000,0.0000,0.0000,293.3040,50.9040,'','N','','','','',0,0,0,0,0,'','','','','',0,0.0000,'','',1),
 (586,1,1,286,'A','20190226',4,0,0,'Bonet','Pablo','Mitre','4',2,'20334684734','80',33468473,'','3018','','',1,'Bonet Pablo','Mitre','',2,129.4628,129.4628,0.0000,0.0000,156.6500,27.1872,'','N','','','','',0,0,0,0,0,'','','','','',0,0.0000,'','',1),
 (587,1,1,287,'A','20190226',4,0,0,'Bonet','Pablo','Mitre','4',2,'20334684734','80',33468473,'','3018','','',1,'Bonet Pablo','Mitre','',2,258.9256,258.9256,0.0000,0.0000,313.3000,54.3744,'','N','','','','',0,0,0,0,0,'','','','','',0,0.0000,'','',1),
 (588,1,1,288,'A','20190227',4,0,0,'Bonet','Pablo','Mitre','4',2,'20334684734','80',33468473,'','3018','','',1,'Bonet Pablo','Mitre','',3,242.4000,242.4000,0.0000,0.0000,293.3040,50.9040,'','N','','','','',0,0,0,0,0,'','','','','',0,0.0000,'','',1),
 (589,1,1,289,'A','20190227',4,0,0,'Bonet','Pablo','Mitre','4',2,'20334684734','80',33468473,'','3018','','',1,'Bonet Pablo','Mitre','',1,1212.0000,1212.0000,0.0000,0.0000,1466.5200,254.5200,'','N','','','','',0,0,0,0,0,'','','','','',0,0.0000,'','',1),
 (590,1,1,290,'A','20190227',4,0,0,'Bonet','Pablo','Mitre','4',2,'20334684734','80',33468473,'','3018','','',1,'Bonet Pablo','Mitre','',2,258.9174,258.9174,0.0000,0.0000,313.2901,54.3727,'','N','','','','',0,0,0,0,0,'','','','','',0,0.0000,'','',1),
 (591,1,1,291,'A','20190301',1,0,0,'ROSSI','TULIO','Avellaneda 6737','3',2,'20221414978','80',22141497,'4693586','3000','4693586','trossi@cosemar.com.ar',1,'Bonet Pablo','Avellaneda 6737','',1,2424.0000,2424.0000,0.0000,0.0000,2678.5200,254.5200,'','N','','','','',0,0,0,0,0,'','','','','',0,0.0000,'','',0),
 (592,1,1,292,'A','20190301',1,0,0,'ROSSI','TULIO','Avellaneda 6737','3',2,'20221414978','80',22141497,'4693586','3000','4693586','trossi@cosemar.com.ar',1,'Bonet Pablo','Avellaneda 6737','',1,2424.0000,2424.0000,0.0000,0.0000,2678.5200,254.5200,'','N','','','','',0,0,0,0,0,'','','','','',0,0.0000,'','',1),
 (593,1,1,293,'A','20190305',4,0,0,'Bonet','Pablo','Mitre','4',2,'20334684734','80',33468473,'','3018','','',1,'Bonet Pablo','Mitre','',3,121.2000,121.2000,0.0000,0.0000,146.6520,25.4520,'','N','','','','',0,0,0,0,0,'','','','','',0,0.0000,'','',1),
 (594,1,1,294,'A','20190309',4,0,0,'Bonet','Pablo','Mitre','4',2,'20334684734','80',33468473,'','3018','','',1,'Bonet Pablo','Mitre','',3,606.0000,606.0000,0.0000,0.0000,733.2600,127.2600,'','N','','','','',0,0,0,0,0,'','','','','',0,0.0000,'','',1),
 (595,1,1,295,'A','20190309',4,0,0,'Bonet','Pablo','Mitre','4',2,'20334684734','80',33468473,'','3018','','',1,'Bonet Pablo','Mitre','',3,242.4000,242.4000,0.0000,0.0000,293.3040,50.9040,'','N','','','','',0,0,0,0,0,'','','','','',0,0.0000,'','',1),
 (596,1,1,296,'A','20190309',4,0,0,'Bonet','Pablo','Mitre','4',2,'20334684734','80',33468473,'','3018','','',1,'Bonet Pablo','Mitre','',3,242.4000,242.4000,0.0000,0.0000,293.3040,50.9040,'','N','','','','',0,0,0,0,0,'','','','','',0,0.0000,'','',1),
 (597,1,1,297,'A','20190309',4,0,0,'Bonet','Pablo','Mitre','4',2,'20334684734','80',33468473,'','3018','','',1,'Bonet Pablo','Mitre','',3,242.4000,242.4000,0.0000,0.0000,293.3040,50.9040,'','N','','','','',0,0,0,0,0,'','','','','',0,0.0000,'','',1),
 (598,1,1,298,'A','20190312',1,0,0,'ROSSI','TULIO','Avellaneda 6737','3',2,'20221414978','80',22141497,'4693586','3000','4693586','trossi@cosemar.com.ar',1,'Bonet Pablo','Avellaneda 6737','',3,242.4000,242.4000,0.0000,0.0000,293.3040,50.9040,'','N','','','','',0,0,0,0,0,'','','','','',0,0.0000,'','',1),
 (599,1,1,299,'A','20190313',4,0,0,'Bonet','Pablo','Mitre','4',2,'20334684734','80',33468473,'','3018','','',1,'Bonet Pablo','Mitre','',1,1212.0000,1212.0000,0.0000,0.0000,1466.5200,254.5200,'','N','','','','',0,0,0,0,0,'','','','','',0,0.0000,'','',1),
 (600,1,1,300,'A','20190320',4,0,0,'Bonet','Pablo','Mitre','4',2,'20334684734','80',33468473,'','3018','','',1,'Bonet Pablo','Mitre','',2,2423.9834,2423.9834,0.0000,0.0000,2933.0200,509.0365,'','N','','','','',0,0,0,0,0,'','','','','',0,0.0000,'','',1),
 (601,1,1,301,'A','20190320',1,0,0,'ROSSI','TULIO','Avellaneda 6737','3',2,'20221414978','80',22141497,'4693586','3000','4693586','trossi@cosemar.com.ar',1,'Bonet Pablo','Avellaneda 6737','',2,24239.9844,24239.9844,0.0000,0.0000,29330.3809,5090.3965,'','N','','','','',0,0,0,0,0,'','','','','',0,0.0000,'','',1),
 (602,1,1,302,'A','20190320',1,0,0,'ROSSI','TULIO','Avellaneda 6737','3',2,'20221414978','80',22141497,'4693586','3000','4693586','trossi@cosemar.com.ar',1,'Bonet Pablo','Avellaneda 6737','',2,2423.9834,2423.9834,0.0000,0.0000,2933.0200,509.0365,'','N','','','','',0,0,0,0,0,'','','','','',0,0.0000,'','',1),
 (603,1,1,303,'A','20190320',1,0,0,'ROSSI','TULIO','Avellaneda 6737','3',2,'20221414978','80',22141497,'4693586','3000','4693586','trossi@cosemar.com.ar',1,'Bonet Pablo','Avellaneda 6737','',2,606.0000,606.0000,0.0000,0.0000,733.2600,127.2600,'','N','','','','',0,0,0,0,0,'','','','','',0,0.0000,'','',1),
 (604,1,1,304,'A','20190320',1,0,0,'ROSSI','TULIO','Avellaneda 6737','3',2,'20221414978','80',22141497,'4693586','3000','4693586','trossi@cosemar.com.ar',1,'Bonet Pablo','Avellaneda 6737','',2,606.0000,606.0000,0.0000,0.0000,733.2600,127.2600,'','N','','','','',0,0,0,0,0,'','','','','',0,0.0000,'','',1),
 (605,1,1,305,'A','20190320',4,0,0,'Bonet','Pablo','Mitre','4',2,'20334684734','80',33468473,'','3018','','',1,'Bonet Pablo','Mitre','',2,2424.0000,2424.0000,0.0000,0.0000,2933.0400,509.0400,'','N','','','','',0,0,0,0,0,'','','','','',0,0.0000,'','',1),
 (606,1,1,306,'A','20190320',4,0,0,'Bonet','Pablo','Mitre','4',2,'20334684734','80',33468473,'','3018','','',1,'Bonet Pablo','Mitre','',2,606.0000,606.0000,0.0000,0.0000,733.2600,127.2600,'','N','','','','',0,0,0,0,0,'','','','','',0,0.0000,'','',1),
 (607,1,1,307,'A','20190320',4,0,0,'Bonet','Pablo','Mitre','4',2,'20334684734','80',33468473,'','3018','','',1,'Bonet Pablo','Mitre','',2,6060.0000,6060.0000,0.0000,0.0000,7332.6001,1272.6000,'','N','','','','',0,0,0,0,0,'','','','','',0,0.0000,'','',1),
 (608,1,1,308,'A','20190320',1,0,0,'ROSSI','TULIO','Avellaneda 6737','3',2,'20221414978','80',22141497,'4693586','3000','4693586','trossi@cosemar.com.ar',1,'Bonet Pablo','Avellaneda 6737','',2,606.0000,606.0000,0.0000,0.0000,733.2600,127.2600,'','N','','','','',0,0,0,0,0,'','','','','',0,0.0000,'','',1),
 (609,1,1,309,'A','20190320',4,0,0,'Bonet','Pablo','Mitre','4',2,'20334684734','80',33468473,'','3018','','',1,'Bonet Pablo','Mitre','',2,606.0000,606.0000,0.0000,0.0000,733.2600,127.2600,'','N','','','','',0,0,0,0,0,'','','','','',0,0.0000,'','',1),
 (610,1,1,310,'A','20190320',4,0,0,'Bonet','Pablo','Mitre','4',2,'20334684734','80',33468473,'','3018','','',1,'Bonet Pablo','Mitre','',2,2424.0000,2424.0000,0.0000,0.0000,2933.0400,509.0400,'','N','','','','',0,0,0,0,0,'','','','','',0,0.0000,'','',1),
 (611,1,1,311,'A','20190323',4,0,0,'Bonet','Pablo','Mitre','4',2,'20334684734','80',33468473,'','3018','','',1,'Bonet Pablo','Mitre','',2,606.0000,606.0000,0.0000,0.0000,733.2600,127.2600,'','N','','','','',0,0,0,0,0,'','','','','',0,0.0000,'','',1),
 (612,1,1,312,'A','20190323',4,0,0,'Bonet','Pablo','Mitre','4',2,'20334684734','80',33468473,'','3018','','',1,'Bonet Pablo','Mitre','',2,606.0000,606.0000,0.0000,0.0000,733.2600,127.2600,'','N','','','','',0,0,0,0,0,'','','','','',0,0.0000,'','',1),
 (613,1,1,313,'A','20190323',4,0,0,'Bonet','Pablo','Mitre','4',2,'20334684734','80',33468473,'','3018','','',1,'Bonet Pablo','Mitre','',2,663.0000,663.0000,0.0000,0.0000,802.2300,139.2300,'','N','','','','',0,0,0,0,0,'','','','','',0,0.0000,'','',1),
 (615,1,1,315,'A','20190323',4,0,0,'Bonet','Pablo','Mitre','4',2,'20334684734','80',33468473,'','3018','','',1,'Bonet Pablo','Mitre','',2,606.0000,606.0000,0.0000,0.0000,733.2600,127.2600,'','N','','','','',0,0,0,0,0,'','','','','',0,0.0000,'','',1),
 (616,1,1,316,'A','20190323',4,0,0,'Bonet','Pablo','Mitre','4',2,'20334684734','80',33468473,'','3018','','',1,'Bonet Pablo','Mitre','',2,606.0000,606.0000,0.0000,0.0000,733.2600,127.2600,'','N','','','','',0,0,0,0,0,'','','','','',0,0.0000,'','',1),
 (617,1,1,317,'A','20190323',4,0,0,'Bonet','Pablo','Mitre','4',2,'20334684734','80',33468473,'','3018','','',1,'Bonet Pablo','Mitre','',2,605.9917,605.9917,0.0000,0.0000,733.2500,127.2583,'','N','','','','',0,0,0,0,0,'','','','','',0,0.0000,'','',1),
 (618,1,1,318,'A','20190323',4,0,0,'Bonet','Pablo','Mitre','4',2,'20334684734','80',33468473,'','3018','','',1,'Bonet Pablo','Mitre','',1,242.4000,242.4000,0.0000,0.0000,293.3040,50.9040,'','N','','','','',0,0,0,0,0,'','','','','',0,0.0000,'','',2),
 (619,1,1,319,'A','20190323',4,0,0,'Bonet','Pablo','Mitre','4',2,'20334684734','80',33468473,'','3018','','',1,'Bonet Pablo','Mitre','',3,606.0000,606.0000,0.0000,0.0000,733.2600,127.2600,'','N','','','','',0,0,0,0,0,'','','','','',0,0.0000,'','',2),
 (620,1,1,320,'A','20190323',4,0,0,'Bonet','Pablo','Mitre','4',2,'20334684734','80',33468473,'','3018','','',1,'Bonet Pablo','Mitre','',3,606.0000,606.0000,0.0000,0.0000,733.2600,127.2600,'','N','','','','',0,0,0,0,0,'','','','','',0,0.0000,'','',1),
 (621,1,1,321,'A','20190323',4,0,0,'Bonet','Pablo','Mitre','4',2,'20334684734','80',33468473,'','3018','','',1,'Bonet Pablo','Mitre','',3,606.0000,606.0000,0.0000,0.0000,733.2600,127.2600,'','N','','','','',0,0,0,0,0,'','','','','',0,0.0000,'','',1),
 (622,1,1,322,'A','20190323',4,0,0,'Bonet','Pablo','Mitre','4',2,'20334684734','80',33468473,'','3018','','',1,'Bonet Pablo','Mitre','',3,606.0000,606.0000,0.0000,0.0000,733.2600,127.2600,'','N','','','','',0,0,0,0,0,'','','','','',0,0.0000,'','',1),
 (623,1,1,323,'A','20190323',4,0,0,'Bonet','Pablo','Mitre','4',2,'20334684734','80',33468473,'','3018','','',1,'Bonet Pablo','Mitre','',3,606.0000,606.0000,0.0000,0.0000,733.2600,127.2600,'','N','','','','',0,0,0,0,0,'','','','','',0,0.0000,'','',2),
 (624,1,1,324,'A','20190323',4,0,0,'Bonet','Pablo','Mitre','4',2,'20334684734','80',33468473,'','3018','','',1,'Bonet Pablo','Mitre','',2,605.9917,605.9917,0.0000,0.0000,733.2500,127.2583,'','N','','','','',0,0,0,0,0,'','','','','',0,0.0000,'','',1),
 (625,1,1,325,'A','20190323',4,0,0,'Bonet','Pablo','Mitre','4',2,'20334684734','80',33468473,'','3018','','',1,'Bonet Pablo','Mitre','',1,1212.0000,1212.0000,0.0000,0.0000,1466.5200,254.5200,'','N','','','','',0,0,0,0,0,'','','','','',0,0.0000,'','',1),
 (626,1,1,326,'A','20190323',4,0,0,'Bonet','Pablo','Mitre','4',2,'20334684734','80',33468473,'','3018','','',1,'Bonet Pablo','Mitre','',3,484.8000,484.8000,0.0000,0.0000,586.6080,101.8080,'','N','','','','',0,0,0,0,0,'','','','','',0,0.0000,'','',1),
 (627,1,1,327,'A','20190323',4,0,0,'Bonet','Pablo','Mitre','4',2,'20334684734','80',33468473,'','3018','','',1,'Bonet Pablo','Mitre','',4,1212.0000,1212.0000,0.0000,0.0000,1466.5200,254.5200,'','N','','','','',0,0,0,0,0,'','','','','',0,0.0000,'','',2),
 (628,1,1,328,'A','20190323',4,0,0,'Bonet','Pablo','Mitre','4',2,'20334684734','80',33468473,'','3018','','',1,'Bonet Pablo','Mitre','',4,606.0000,606.0000,0.0000,0.0000,733.2600,127.2600,'','N','','','','',0,0,0,0,0,'','','','','',0,0.0000,'','',1),
 (629,1,1,329,'A','20190323',4,0,0,'Bonet','Pablo','Mitre','4',2,'20334684734','80',33468473,'','3018','','',1,'Bonet Pablo','Mitre','',4,606.0000,606.0000,0.0000,0.0000,733.2600,127.2600,'','N','','','','',0,0,0,0,0,'','','','','',0,0.0000,'','',1),
 (630,1,1,330,'A','20190323',4,0,0,'Bonet','Pablo','Mitre','4',2,'20334684734','80',33468473,'','3018','','',1,'Bonet Pablo','Mitre','',4,606.0000,606.0000,0.0000,0.0000,733.2600,127.2600,'','N','','','','',0,0,0,0,0,'','','','','',0,0.0000,'','',2),
 (631,1,1,331,'A','20190326',4,0,0,'Bonet','Pablo','Mitre','4',2,'20334684734','80',33468473,'','3018','','',1,'Bonet Pablo','Mitre','',3,606.0000,606.0000,0.0000,0.0000,733.2600,127.2600,'','N','','','','',0,0,0,0,0,'','','','','',0,0.0000,'','',1),
 (632,1,1,332,'A','20190404',1,0,0,'ROSSI','TULIO','Avellaneda 6737','3',2,'20221414978','80',22141497,'4693586','3000','4693586','trossi@cosemar.com.ar',1,'Bonet Pablo','Avellaneda 6737','',1,606.0000,606.0000,0.0000,0.0000,733.2600,127.2600,'','N','','','','',0,0,0,0,0,'','','','','',0,0.0000,'','',1),
 (633,1,1,333,'A','20190404',4,0,0,'Bonet','Pablo','Mitre','4',2,'20334684734','80',33468473,'','3018','','',1,'Bonet Pablo','Mitre','',1,606.0000,606.0000,0.0000,0.0000,733.2600,127.2600,'','N','','','','',0,0,0,0,0,'','','','','',0,0.0000,'','',1),
 (634,1,1,334,'A','20190404',4,0,0,'Bonet','Pablo','Mitre','4',2,'20334684734','80',33468473,'','3018','','',1,'Bonet Pablo','Mitre','',1,606.0000,606.0000,0.0000,0.0000,733.2600,127.2600,'','N','','','','',0,0,0,0,0,'','','','','',0,0.0000,'','',1),
 (635,1,1,335,'A','20190404',4,0,0,'Bonet','Pablo','Mitre','4',2,'20334684734','80',33468473,'','3018','','',1,'Bonet Pablo','Mitre','',1,606.0000,606.0000,0.0000,0.0000,733.2600,127.2600,'','N','','','','',0,0,0,0,0,'','','','','',0,0.0000,'','',1),
 (636,1,1,336,'A','20190404',4,0,0,'Bonet','Pablo','Mitre','4',2,'20334684734','80',33468473,'','3018','','',1,'Bonet Pablo','Mitre','',1,606.0000,606.0000,0.0000,0.0000,733.2600,127.2600,'','N','','','','',0,0,0,0,0,'','','','','',0,0.0000,'','',1),
 (637,1,1,337,'A','20190404',4,0,0,'Bonet','Pablo','Mitre','4',2,'20334684734','80',33468473,'','3018','','',1,'Bonet Pablo','Mitre','',1,606.0000,606.0000,0.0000,0.0000,733.2600,127.2600,'','N','','','','',0,0,0,0,0,'','','','','',0,0.0000,'','',1),
 (638,1,1,338,'A','20190404',4,0,0,'Bonet','Pablo','Mitre','4',2,'20334684734','80',33468473,'','3018','','',1,'Bonet Pablo','Mitre','',1,606.0000,606.0000,0.0000,0.0000,733.2600,127.2600,'','N','','','','',0,0,0,0,0,'','','','','',0,0.0000,'','',1),
 (639,1,1,339,'A','20190404',4,0,0,'Bonet','Pablo','Mitre','4',2,'20334684734','80',33468473,'','3018','','',1,'Bonet Pablo','Mitre','',1,606.0000,606.0000,0.0000,0.0000,733.2600,127.2600,'','N','','','','',0,0,0,0,0,'','','','','',0,0.0000,'','',1),
 (640,1,1,340,'A','20190404',4,0,0,'Bonet','Pablo','Mitre','4',2,'20334684734','80',33468473,'','3018','','',1,'Bonet Pablo','Mitre','',1,727.2000,727.2000,0.0000,0.0000,879.9120,152.7120,'','N','','','','',0,0,0,0,0,'','','','','',0,0.0000,'','',1),
 (641,1,1,341,'A','20190405',4,0,0,'Bonet','Pablo','Mitre','4',2,'20334684734','80',33468473,'','3018','','',1,'Bonet Pablo','Mitre','',1,727.2000,727.2000,0.0000,0.0000,879.9120,152.7120,'','N','','','','',0,0,0,0,0,'','','','','',0,0.0000,'','',1),
 (642,1,1,342,'A','20190405',4,0,0,'Bonet','Pablo','Mitre','4',2,'20334684734','80',33468473,'','3018','','',1,'Bonet Pablo','Mitre','',1,1212.0000,1212.0000,0.0000,0.0000,1466.5200,254.5200,'','N','','','','',0,0,0,0,0,'','','','','',0,0.0000,'','',1),
 (643,1,1,343,'A','20190405',4,0,0,'Bonet','Pablo','Mitre','4',2,'20334684734','80',33468473,'','3018','','',1,'Bonet Pablo','Mitre','',1,1212.0000,1212.0000,0.0000,0.0000,1466.5200,254.5200,'','N','','','','',0,0,0,0,0,'','','','','',0,0.0000,'','',1),
 (644,1,1,344,'A','20190405',4,0,0,'Bonet','Pablo','Mitre','4',2,'20334684734','80',33468473,'','3018','','',1,'Bonet Pablo','Mitre','',1,242.4000,242.4000,0.0000,0.0000,293.3040,50.9040,'','N','','','','',0,0,0,0,0,'','','','','',0,0.0000,'','',1),
 (645,1,1,345,'A','20190406',4,0,0,'Bonet','Pablo','Mitre','4',2,'20334684734','80',33468473,'','3018','','',1,'Bonet Pablo','Mitre','',1,606.0000,606.0000,0.0000,0.0000,733.2600,127.2600,'','N','','','','',0,0,0,0,0,'','','','','',0,0.0000,'','',1),
 (646,1,1,346,'A','20190408',4,0,0,'Bonet','Pablo','Mitre','4',2,'20334684734','80',33468473,'','3018','','',1,'Bonet Pablo','Mitre','',3,2424.0000,2424.0000,0.0000,0.0000,2933.0400,509.0400,'','N','','','','',0,0,0,0,0,'','','','','',0,0.0000,'','',1),
 (647,1,1,347,'A','20190408',4,0,0,'Bonet','Pablo','Mitre','4',2,'20334684734','80',33468473,'','3018','','',1,'Bonet Pablo','Mitre','',3,2545.2000,2545.2000,0.0000,0.0000,3079.6919,534.4920,'','N','','','','',0,0,0,0,0,'','','','','',0,0.0000,'','',1),
 (648,1,1,348,'A','20190408',4,0,0,'Bonet','Pablo','Mitre','4',2,'20334684734','80',33468473,'','3018','','',1,'Bonet Pablo','Mitre','',1,606.0000,606.0000,0.0000,0.0000,733.2600,127.2600,'','N','','','','',0,0,0,0,0,'','','','','',0,0.0000,'','',1),
 (649,1,1,349,'A','20190408',4,0,0,'Bonet','Pablo','Mitre','4',2,'20334684734','80',33468473,'','3018','','',1,'Bonet Pablo','Mitre','',1,242.4000,242.4000,0.0000,0.0000,293.3040,50.9040,'','N','','','','',0,0,0,0,0,'','','','','',0,0.0000,'','',1),
 (650,1,1,350,'A','20190408',4,0,0,'Bonet','Pablo','Mitre','4',2,'20334684734','80',33468473,'','3018','','',1,'Bonet Pablo','Mitre','',1,606.0000,606.0000,0.0000,0.0000,733.2600,127.2600,'','N','','','','',0,0,0,0,0,'','','','','',0,0.0000,'','',1),
 (651,1,1,351,'A','20190408',4,0,0,'Bonet','Pablo','Mitre','4',2,'20334684734','80',33468473,'','3018','','',1,'Bonet Pablo','Mitre','',1,1212.0000,1212.0000,0.0000,0.0000,1466.5200,254.5200,'','N','','','','',0,0,0,0,0,'','','','','',0,0.0000,'','',1),
 (652,1,1,352,'A','20190408',4,0,0,'Bonet','Pablo','Mitre','4',2,'20334684734','80',33468473,'','3018','','',1,'Bonet Pablo','Mitre','',1,121.2000,121.2000,0.0000,0.0000,146.6520,25.4520,'','N','','','','',0,0,0,0,0,'','','','','',0,0.0000,'','',1),
 (653,1,1,353,'A','20190410',4,0,0,'Bonet','Pablo','Mitre','4',2,'20334684734','80',33468473,'','3018','','',1,'Bonet Pablo','Mitre','',1,363.6000,363.6000,0.0000,0.0000,439.9560,76.3560,'','N','','','','',0,0,0,0,0,'','','','','',0,0.0000,'','',1),
 (654,1,1,354,'A','20190410',4,0,0,'Bonet','Pablo','Mitre','4',2,'20334684734','80',33468473,'','3018','','',1,'Bonet Pablo','Mitre','',1,484.8000,484.8000,0.0000,0.0000,586.6080,101.8080,'','N','','','','',0,0,0,0,0,'','','','','',0,0.0000,'','',1),
 (655,1,1,355,'A','20190410',4,0,0,'Bonet','Pablo','Mitre','4',2,'20334684734','80',33468473,'','3018','','',1,'Bonet Pablo','Mitre','',1,606.0000,606.0000,0.0000,0.0000,733.2600,127.2600,'','N','','','','',0,0,0,0,0,'','','','','',0,0.0000,'','',1),
 (656,1,1,356,'A','20190410',4,0,0,'Bonet','Pablo','Mitre','4',2,'20334684734','80',33468473,'','3018','','',1,'Bonet Pablo','Mitre','',1,121.2000,121.2000,0.0000,0.0000,146.6520,25.4520,'','N','','','','',0,0,0,0,0,'','','','','',0,0.0000,'','',1),
 (657,1,1,357,'A','20190410',4,0,0,'Bonet','Pablo','Mitre','4',2,'20334684734','80',33468473,'','3018','','',1,'Bonet Pablo','Mitre','',1,242.4000,242.4000,0.0000,0.0000,293.3040,50.9040,'','N','','','','',0,0,0,0,0,'','','','','',0,0.0000,'','',1),
 (658,1,1,358,'A','20190410',4,0,0,'Bonet','Pablo','Mitre','4',2,'20334684734','80',33468473,'','3018','','',1,'Bonet Pablo','Mitre','',1,242.4000,242.4000,0.0000,0.0000,293.3040,50.9040,'','N','','','','',0,0,0,0,0,'','','','','',0,0.0000,'','',1),
 (659,1,1,359,'A','20190411',4,0,0,'Bonet','Pablo','Mitre','4',2,'20334684734','80',33468473,'','3018','','',1,'Bonet Pablo','Mitre','',1,242.4000,242.4000,0.0000,0.0000,293.3040,50.9040,'','N','','','','',0,0,0,0,0,'','','','','',0,0.0000,'','',1),
 (660,1,1,360,'A','20190411',4,0,0,'Bonet','Pablo','Mitre','4',2,'20334684734','80',33468473,'','3018','','',1,'Bonet Pablo','Mitre','',1,606.0000,606.0000,0.0000,0.0000,733.2600,127.2600,'','N','','','','',0,0,0,0,0,'','','','','',0,0.0000,'','',2),
 (661,1,1,361,'A','20190411',4,0,0,'Bonet','Pablo','Mitre','4',2,'20334684734','80',33468473,'','3018','','',1,'Bonet Pablo','Mitre','',1,606.0000,606.0000,0.0000,0.0000,733.2600,127.2600,'','N','','','','',0,0,0,0,0,'','','','','',0,0.0000,'','',2),
 (662,1,1,362,'A','20190411',4,0,0,'Bonet','Pablo','Mitre','4',2,'20334684734','80',33468473,'','3018','','',1,'Bonet Pablo','Mitre','',1,606.0000,606.0000,0.0000,0.0000,733.2600,127.2600,'','N','','','','',0,0,0,0,0,'','','','','',0,0.0000,'','',2),
 (663,1,1,363,'A','20190411',4,0,0,'Bonet','Pablo','Mitre','4',2,'20334684734','80',33468473,'','3018','','',1,'Bonet Pablo','Mitre','',1,1038.0000,1038.0000,0.0000,0.0000,1255.9800,217.9800,'','N','','','','',0,0,0,0,0,'','','','','',0,0.0000,'','',2),
 (664,1,1,364,'A','20190411',4,0,0,'Bonet','Pablo','Mitre','4',2,'20334684734','80',33468473,'','3018','','',1,'Bonet Pablo','Mitre','',1,1246.2000,1246.2000,0.0000,0.0000,1507.9020,261.7020,'','N','','','','',0,0,0,0,0,'','','','','',0,0.0000,'','',2),
 (665,1,1,365,'A','20190411',4,0,0,'Bonet','Pablo','Mitre','4',2,'20334684734','80',33468473,'','3018','','',1,'Bonet Pablo','Mitre','',1,784.2000,784.2000,0.0000,0.0000,948.8820,164.6820,'','N','','','','',0,0,0,0,0,'','','','','',0,0.0000,'','',2),
 (666,1,1,366,'A','20190413',4,0,0,'Bonet','Pablo','Mitre','4',2,'20334684734','80',33468473,'','3018','','',1,'Bonet Pablo','Mitre','',1,1424.4000,1424.4000,0.0000,0.0000,1723.5240,299.1240,'','N','','','','',0,0,0,0,0,'','','','','',0,0.0000,'','',1),
 (667,1,1,367,'A','20190413',4,0,0,'Bonet','Pablo','Mitre','4',2,'20334684734','80',33468473,'','3018','','',1,'Bonet Pablo','Mitre','',1,1003.8000,1003.8000,0.0000,0.0000,1214.5980,210.7980,'','N','','','','',0,0,0,0,0,'','','','','',0,0.0000,'','',2),
 (668,1,1,368,'A','20190413',4,0,0,'Bonet','Pablo','Mitre','4',2,'20334684734','80',33468473,'','3018','','',1,'Bonet Pablo','Mitre','',1,242.4000,242.4000,0.0000,0.0000,293.3040,50.9040,'','N','','','','',0,0,0,0,0,'','','','','',0,0.0000,'','',2),
 (669,1,1,369,'A','20190415',4,0,0,'Bonet','Pablo','Mitre','4',2,'20334684734','80',33468473,'','3018','','',1,'Bonet Pablo','Mitre','',1,905.4000,905.4000,0.0000,0.0000,1095.5341,190.1340,'','N','','','','',0,0,0,0,0,'','','','','',0,0.0000,'','',2),
 (670,1,1,370,'A','20190415',4,0,0,'Bonet','Pablo','Mitre','4',2,'20334684734','80',33468473,'','3018','','',1,'Bonet Pablo','Mitre','',1,606.0000,606.0000,0.0000,0.0000,733.2600,127.2600,'','N','','','','',0,0,0,0,0,'','','','','',0,0.0000,'','',2),
 (671,1,1,371,'A','20190415',4,0,0,'Bonet','Pablo','Mitre','4',2,'20334684734','80',33468473,'','3018','','',1,'Bonet Pablo','Mitre','',1,242.4000,242.4000,0.0000,0.0000,293.3040,50.9040,'','N','','','','',0,0,0,0,0,'','','','','',0,0.0000,'','',2),
 (672,1,1,372,'A','20190416',4,0,0,'Bonet','Pablo','Mitre','4',2,'20334684734','80',33468473,'','3018','','',1,'Bonet Pablo','Mitre','',1,606.0000,606.0000,0.0000,0.0000,733.2600,127.2600,'','N','','','','',0,0,0,0,0,'','','','','',0,0.0000,'','',2),
 (673,1,1,373,'A','20190416',4,0,0,'Bonet','Pablo','Mitre','4',2,'20334684734','80',33468473,'','3018','','',1,'Bonet Pablo','Mitre','',1,121.2000,121.2000,0.0000,0.0000,146.6520,25.4520,'','N','','','','',0,0,0,0,0,'','','','','',0,0.0000,'','',2),
 (674,1,1,374,'A','20190416',4,0,0,'Bonet','Pablo','Mitre','4',2,'20334684734','80',33468473,'','3018','','',1,'Bonet Pablo','Mitre','',1,606.0000,606.0000,0.0000,0.0000,733.2600,127.2600,'','N','','','','',0,0,0,0,0,'','','','','',0,0.0000,'','',2),
 (675,1,1,375,'A','20190416',4,0,0,'Bonet','Pablo','Mitre','4',2,'20334684734','80',33468473,'','3018','','',1,'Bonet Pablo','Mitre','',1,363.6000,363.6000,0.0000,0.0000,439.9560,76.3560,'','N','','','','',0,0,0,0,0,'','','','','',0,0.0000,'','',2),
 (676,1,1,376,'A','20190416',4,0,0,'Bonet','Pablo','Mitre','4',2,'20334684734','80',33468473,'','3018','','',1,'Bonet Pablo','Mitre','',1,848.4000,848.4000,0.0000,0.0000,1026.5640,178.1640,'','N','','','','',0,0,0,0,0,'','','','','',0,0.0000,'','',2),
 (677,10,1,9,'B','20190416',4,0,0,'Bonet','Pablo','Mitre','4',2,'20334684734','80',33468473,'','3018','','',1,'Bonet Pablo','Mitre','',1,1367.4000,1367.4000,0.0000,0.0000,1654.5540,287.1540,'','N','','','','',0,0,0,0,0,'','','','','',0,0.0000,'','',2),
 (678,10,1,10,'B','20190416',4,0,0,'Bonet','Pablo','Mitre','4',2,'20334684734','80',33468473,'','3018','','',1,'Bonet Pablo','Mitre','',1,265.2000,265.2000,0.0000,0.0000,320.8920,55.6920,'','N','','','','',0,0,0,0,0,'','','','','',0,0.0000,'','',2),
 (679,1,1,377,'A','20190417',4,0,0,'Bonet','Pablo','Mitre','4',2,'20334684734','80',33468473,'','3018','','',1,'Bonet Pablo','Mitre','',1,1170.6000,1170.6000,0.0000,0.0000,1416.4260,245.8260,'','N','','','','',0,0,0,0,0,'','','','','',0,0.0000,'','',2),
 (680,10,1,11,'B','20190417',1,0,0,'ROSSI','TULIO','Avellaneda 6737','3',2,'20221414978','80',22141497,'4693586','3000','4693586','trossi@cosemar.com.ar',1,'Bonet Pablo','Avellaneda 6737','',1,242.4000,242.4000,0.0000,0.0000,293.3040,50.9040,'','N','','','','',0,0,0,0,0,'','','','','',0,0.0000,'','',3),
 (681,10,1,12,'B','20190417',4,0,0,'Bonet','Pablo','Mitre','4',2,'20334684734','80',33468473,'','3018','','',1,'Bonet Pablo','Mitre','',2,1705.7603,1705.7603,0.0000,0.0000,2063.9700,358.2097,'','N','','','','',0,0,0,0,0,'','','','','',0,0.0000,'','',3),
 (682,1,1,378,'A','20190417',4,0,0,'Bonet','Pablo','Mitre','4',2,'20334684734','80',33468473,'','3018','','',1,'Bonet Pablo','Mitre','',3,242.4000,242.4000,0.0000,0.0000,293.3040,50.9040,'','N','','','','',0,0,0,0,0,'','','','','',0,0.0000,'','',3),
 (683,1,1,379,'A','20190417',4,0,0,'Bonet','Pablo','Mitre','4',2,'20334684734','80',33468473,'','3018','','',1,'Bonet Pablo','Mitre','',2,396.6529,396.6529,0.0000,0.0000,479.9500,83.2971,'','N','','','','',0,0,0,0,0,'','','','','',0,0.0000,'','',3),
 (684,10,1,13,'B','20190417',4,0,0,'Bonet','Pablo','Mitre','4',2,'20334684734','80',33468473,'','3018','','',1,'Bonet Pablo','Mitre','',2,869.9752,869.9752,0.0000,0.0000,1052.6700,182.6948,'','N','','','','',0,0,0,0,0,'','','','','',0,0.0000,'','',3),
 (685,10,1,14,'B','20190417',4,0,0,'Bonet','Pablo','Mitre','4',2,'20334684734','80',33468473,'','3018','','',1,'Bonet Pablo','Mitre','',1,606.0000,606.0000,0.0000,0.0000,733.2600,127.2600,'','N','','','','',0,0,0,0,0,'','','','','',0,0.0000,'','',2),
 (686,1,1,380,'A','20190419',4,0,0,'Bonet','Pablo','Mitre','4',2,'20334684734','80',33468473,'','3018','','',1,'Bonet Pablo','Mitre','',1,242.4000,242.4000,0.0000,0.0000,293.3040,50.9040,'','N','','','','',0,0,0,0,0,'','','','','',0,0.0000,'','',2),
 (687,1,1,381,'A','20190424',4,0,0,'Bonet','Pablo','Mitre','4',2,'20334684734','80',33468473,'','3018','','',1,'Bonet Pablo','Mitre','',3,606.0000,606.0000,0.0000,0.0000,733.2600,127.2600,'','N','','','','',0,0,0,0,0,'','','','','',0,0.0000,'','',1),
 (688,1,1,382,'A','20190424',4,0,0,'Bonet','Pablo','Mitre','4',2,'20334684734','80',33468473,'','3018','','',1,'Bonet Pablo','Mitre','',3,848.4000,848.4000,0.0000,0.0000,1026.5640,178.1640,'','N','','','','',0,0,0,0,0,'','','','','',0,0.0000,'','',1),
 (689,1,1,383,'A','20190430',4,0,0,'Bonet','Pablo','Mitre','4',2,'20334684734','80',33468473,'','3018','','',1,'Bonet Pablo','Mitre','',2,663.8347,663.8347,0.0000,0.0000,803.2400,139.4053,'','N','','','','',0,0,0,0,0,'','','','','',0,0.0000,'','',2),
 (690,1,1,384,'A','20190516',4,0,0,'Bonet','Pablo','Mitre','4',2,'20334684734','80',33468473,'','3018','','',1,'Bonet Pablo','Mitre','',3,606.0000,606.0000,0.0000,0.0000,733.2600,127.2600,'','N','','','','',0,0,0,0,0,'','','','','',0,0.0000,'','',2),
 (691,1,1,385,'A','20190516',4,0,0,'Bonet','Pablo','Mitre','4',2,'20334684734','80',33468473,'','3018','','',1,'Bonet Pablo','Mitre','',3,121.2000,121.2000,0.0000,0.0000,146.6520,25.4520,'','N','','','','',0,0,0,0,0,'','','','','',0,0.0000,'','',2),
 (692,1,1,386,'A','20190518',0,0,0,'','','','',0,'','99',0,'','','','',0,'Bonet Pablo','','',3,871.2000,871.2000,0.0000,0.0000,1054.1520,182.9520,'','N','','','','',0,0,0,0,0,'','','','','',0,0.0000,'','',2),
 (693,8,1,4,'A','20190518',4,0,0,'Bonet','Pablo','Mitre','4',2,'20334684734','80',33468473,'','3018','','',1,'Bonet Pablo','Mitre','',1,606.0000,606.0000,0.0000,0.0000,733.2600,127.2600,'','N','','','','',0,0,0,0,0,'','','','','',0,0.0000,'','',1),
 (694,8,1,5,'A','20190527',4,0,0,'Bonet','Pablo','Mitre','4',2,'20334684734','80',33468473,'','3018','','',1,'Bonet Pablo','Mitre','',1,242.4000,242.4000,0.0000,0.0000,293.3040,50.9040,'','N','','','','',0,0,0,0,0,'','','','','',0,0.0000,'','',1),
 (695,1,1,387,'A','20190529',4,0,0,'Bonet','Pablo','Mitre','4',2,'20334684734','80',33468473,'','3018','','',1,'Bonet Pablo','Mitre','',1,606.0000,606.0000,0.0000,0.0000,733.2600,127.2600,'','N','','','','',0,0,0,0,0,'','','','','',0,0.0000,'','',1),
 (696,8,1,6,'A','20190529',4,0,0,'Bonet','Pablo','Mitre','4',2,'20334684734','80',33468473,'','3018','','',1,'Bonet Pablo','Mitre','',1,606.0000,606.0000,0.0000,0.0000,733.2600,127.2600,'','N','','','','',0,0,0,0,0,'','','','','',0,0.0000,'','',1),
 (697,1,1,388,'A','20190614',1,0,0,'ROSSI','TULIO','Avellaneda 6737','3',2,'20221414978','80',22141497,'4693586','3000','4693586','trossi@cosemar.com.ar',1,'Bonet Pablo','Avellaneda 6737','',1,606.0000,606.0000,0.0000,0.0000,733.2600,127.2600,'','N','','','','',0,0,0,0,0,'','','','','',0,0.0000,'','',1),
 (698,1,1,389,'A','20190614',1,0,0,'ROSSI','TULIO','Avellaneda 6737','3',2,'20221414978','80',22141497,'4693586','3000','4693586','trossi@cosemar.com.ar',1,'Bonet Pablo','Avellaneda 6737','',1,242.4000,242.4000,0.0000,0.0000,293.3040,50.9040,'','N','','','','',0,0,0,0,0,'','','','','',0,0.0000,'','',2),
 (699,1,1,390,'A','20190614',1,0,0,'ROSSI','TULIO','Avellaneda 6737','3',2,'20221414978','80',22141497,'4693586','3000','4693586','trossi@cosemar.com.ar',1,'Bonet Pablo','Avellaneda 6737','',1,242.4000,242.4000,0.0000,0.0000,242.4000,0.0000,'','N','','','','',0,0,0,0,0,'','','','','',0,0.0000,'','',2),
 (700,1,1,391,'A','20190614',1,0,0,'ROSSI','TULIO','Avellaneda 6737','3',2,'20221414978','80',22141497,'4693586','3000','4693586','trossi@cosemar.com.ar',1,'Bonet Pablo','Avellaneda 6737','',1,606.0000,606.0000,0.0000,0.0000,733.2600,127.2600,'','N','','','','',0,0,0,0,0,'','','','','',0,0.0000,'','',2),
 (701,1,1,392,'A','20190615',1,0,0,'ROSSI','TULIO','Avellaneda 6737','3',2,'20221414978','80',22141497,'4693586','3000','4693586','trossi@cosemar.com.ar',1,'Bonet Pablo','Avellaneda 6737','',1,1544.8000,1544.8000,0.0000,0.0000,1858.7080,313.9080,'','N','','','','',0,0,0,0,0,'','','','','',0,0.0000,'','',2),
 (702,1,1,393,'A','20190618',1,0,0,'ROSSI','TULIO','Avellaneda 6737','3',2,'20221414978','80',22141497,'4693586','3000','4693586','trossi@cosemar.com.ar',1,'Bonet Pablo','Avellaneda 6737','',1,606.0000,606.0000,0.0000,0.0000,733.2600,127.2600,'','N','','','','',0,0,0,0,0,'','','','','',0,0.0000,'','',2),
 (703,1,1,394,'A','20190618',1,0,0,'ROSSI','TULIO','Avellaneda 6737','3',2,'20221414978','80',22141497,'4693586','3000','4693586','trossi@cosemar.com.ar',1,'Bonet Pablo','Avellaneda 6737','',1,905.4000,905.4000,0.0000,0.0000,1095.5341,190.1340,'','N','','','','',0,0,0,0,0,'','','','','',0,0.0000,'','',2),
 (707,1,1,398,'A','20190618',1,3,2,'OLIVIERO','GERMAN','Avellaneda 6737','3',2,'20221414978','80',22141497,'4693586','3000','4693586','trossi@cosemar.com.ar',1,'Bonet Pablo','Avellaneda 6737','',1,606.0000,606.0000,0.0000,0.0000,733.2600,127.2600,'','N','','','','',0,0,0,0,0,'','','','','',0,0.0000,'','',2),
 (708,1,1,399,'A','20190618',1,3,2,'OLIVIERO','GERMAN','Avellaneda 6737','3',2,'20221414978','80',22141497,'4693586','3000','4693586','trossi@cosemar.com.ar',1,'Bonet Pablo','Avellaneda 6737','',1,265.2000,265.2000,0.0000,0.0000,320.8920,55.6920,'','N','','','','',0,0,0,0,0,'','','','','',0,0.0000,'','',2),
 (709,1,1,400,'A','20190619',1,3,2,'OLIVIERO','GERMAN','Avellaneda 6737','3',2,'20221414978','80',22141497,'4693586','3000','4693586','trossi@cosemar.com.ar',1,'Bonet Pablo','Avellaneda 6737','',3,606.0000,606.0000,0.0000,0.0000,733.2600,127.2600,'','N','','','','',0,0,0,0,0,'','','','','',0,0.0000,'','',2),
 (710,1,1,401,'A','20190619',0,0,0,'Adrián Magnago','','Mitre','',2,'','99',0,'','','','',1,'Bonet Pablo','Mitre','',3,606.0000,606.0000,0.0000,0.0000,733.2600,127.2600,'','N','','','','',0,0,0,0,0,'','','','','',0,0.0000,'','',2),
 (711,1,1,402,'A','20190619',1,0,0,'ROSSI','TULIO','Avellaneda 6737','3',2,'20221414978','80',22141497,'4693586','3000','4693586','trossi@cosemar.com.ar',1,'Bonet Pablo','Avellaneda 6737','',2,2097.2893,2097.2893,0.0000,0.0000,2537.7202,440.4308,'','N','','','','',0,0,0,0,0,'','','','','',0,0.0000,'','',2),
 (712,1,1,403,'A','20190621',1,0,0,'ROSSI','TULIO','Avellaneda 6737','3',2,'20221414978','80',22141497,'4693586','3000','4693586','trossi@cosemar.com.ar',1,'Bonet Pablo','Avellaneda 6737','',2,663.8347,663.8347,0.0000,0.0000,803.2400,139.4053,'','N','','','','',0,0,0,0,0,'','','','','',0,0.0000,'','',2),
 (713,1,1,404,'A','20190621',1,0,0,'ROSSI','TULIO','Avellaneda 6737','3',2,'20221414978','80',22141497,'4693586','3000','4693586','trossi@cosemar.com.ar',1,'Bonet Pablo','Avellaneda 6737','',2,729.1157,729.1157,0.0000,0.0000,882.2300,153.1143,'','N','','','','',0,0,0,0,0,'','','','','',0,0.0000,'','',2),
 (714,1,1,405,'A','20190621',1,0,0,'ROSSI','TULIO','Avellaneda 6737','3',2,'20221414978','80',22141497,'4693586','3000','4693586','trossi@cosemar.com.ar',1,'Bonet Pablo','Avellaneda 6737','',2,795.2314,795.2314,0.0000,0.0000,962.2300,166.9986,'','N','','','','',0,0,0,0,0,'','','','','',0,0.0000,'','',2),
 (715,1,1,406,'A','20190621',1,0,0,'ROSSI','TULIO','Avellaneda 6737','3',2,'20221414978','80',22141497,'4693586','3000','4693586','trossi@cosemar.com.ar',1,'Bonet Pablo','Avellaneda 6737','',2,663.8512,663.8512,0.0000,0.0000,803.2600,139.4088,'','N','','','','',0,0,0,0,0,'','','','','',0,0.0000,'','',1);
INSERT INTO `facturas` (`idfactura`,`idcomproba`,`pventa`,`numero`,`tipo`,`fecha`,`entidad`,`servicio`,`cuenta`,`apellido`,`nombre`,`direccion`,`localidad`,`iva`,`cuit`,`tipodoc`,`dni`,`telefono`,`cp`,`fax`,`email`,`transporte`,`nomtransp`,`direntrega`,`stock`,`idtipoopera`,`neto`,`subtotal`,`descuento`,`recargo`,`total`,`totalimpu`,`operexenta`,`anulado`,`observa1`,`observa2`,`observa3`,`observa4`,`idperiodo`,`ruta1`,`folio1`,`ruta2`,`folio2`,`fechavenc1`,`fechavenc2`,`fechavenc3`,`proxvenc`,`confirmada`,`astoconta`,`deudacta`,`cespcae`,`caecespven`,`vendedor`) VALUES 
 (716,1,1,407,'A','20190621',1,0,0,'ROSSI','TULIO','Avellaneda 6737','3',2,'20221414978','80',22141497,'4693586','3000','4693586','trossi@cosemar.com.ar',1,'Bonet Pablo','Avellaneda 6737','',2,663.8512,663.8512,0.0000,0.0000,803.2600,139.4088,'','N','','','','',0,0,0,0,0,'','','','','',0,0.0000,'','',2),
 (717,1,1,408,'A','20190627',1,0,0,'ROSSI','TULIO','Avellaneda 6737','3',2,'20221414978','80',22141497,'4693586','3000','4693586','trossi@cosemar.com.ar',1,'Bonet Pablo','Avellaneda 6737','',3,1212.0000,1212.0000,0.0000,0.0000,1466.5200,254.5200,'','N','','','','',0,0,0,0,0,'','','','','',0,0.0000,'','',2),
 (718,1,1,409,'A','20190627',1,0,0,'ROSSI','TULIO','Avellaneda 6737','3',2,'20221414978','80',22141497,'4693586','3000','4693586','trossi@cosemar.com.ar',1,'Bonet Pablo','Avellaneda 6737','',3,1212.0000,1212.0000,0.0000,0.0000,1466.5200,254.5200,'','N','asdsad','','','',0,0,0,0,0,'','','','','',0,0.0000,'','',2),
 (719,1,1,410,'A','20190628',1,0,0,'ROSSI','TULIO','Avellaneda 6737','3',2,'20221414978','80',22141497,'4693586','3000','4693586','trossi@cosemar.com.ar',1,'Bonet Pablo','Avellaneda 6737','',3,606.0000,606.0000,0.0000,0.0000,733.2600,127.2600,'','N','','','','',0,0,0,0,0,'','','','','',0,0.0000,'','',2),
 (720,1,1,411,'A','20190629',1,0,0,'ROSSI','TULIO','Avellaneda 6737','3',2,'20221414978','80',22141497,'4693586','3000','4693586','trossi@cosemar.com.ar',1,'Bonet Pablo','Avellaneda 6737','',3,121.2000,121.2000,0.0000,0.0000,146.6520,25.4520,'','N','','','','',0,0,0,0,0,'','','','','',0,0.0000,'','',2),
 (721,1,1,412,'A','20190708',1,0,0,'ROSSI','TULIO','Avellaneda 6737','3',2,'20221414978','80',22141497,'4693586','3000','4693586','trossi@cosemar.com.ar',1,'Bonet Pablo','Avellaneda 6737','',3,606.0000,606.0000,0.0000,0.0000,733.2600,127.2600,'','N','','','','',0,0,0,0,0,'','','','','',0,0.0000,'','',2),
 (722,1,1,413,'A','20190708',1,0,0,'ROSSI','TULIO','Avellaneda 6737','3',2,'20221414978','80',22141497,'4693586','3000','4693586','trossi@cosemar.com.ar',1,'Bonet Pablo','Avellaneda 6737','',1,606.0000,606.0000,0.0000,0.0000,733.2600,127.2600,'','N','','','','',0,0,0,0,0,'','','','','',0,0.0000,'','',2),
 (723,1,1,414,'A','20190806',1,0,0,'ROSSI','TULIO','Avellaneda 6737','3',2,'20221414978','80',22141497,'4693586','3000','4693586','trossi@cosemar.com.ar',1,'Bonet Pablo','Avellaneda 6737','',1,606.0000,606.0000,0.0000,0.0000,733.2600,127.2600,'','N','','','','',0,0,0,0,0,'','','','','',0,0.0000,'','',1),
 (724,1,1,415,'A','20190806',2,0,0,'Racca','Gaston Ramon Alberto','Ruta 11 Km 486','4',1,'30712443347','80',0,'342-4191679','6556','','gracca@alsafex.com.ar',1,'Bonet Pablo','Ruta 11 Km 486','',1,1326.0000,1326.0000,0.0000,0.0000,1604.4600,278.4600,'','N','','','','',0,0,0,0,0,'','','','','',0,0.0000,'','',2),
 (725,1,1,416,'A','20190921',1,0,0,'ROSSI','TULIO','Avellaneda 6737','3',2,'20221414978','80',22141497,'4693586','3000','4693586','trossi@cosemar.com.ar',1,'Bonet Pablo','Avellaneda 6737','',4,1.3000,1.3000,0.0000,0.0000,1.5730,0.2730,'','N','','','','',0,0,0,0,0,'','','','','',0,0.0000,'','',2),
 (726,1,1,417,'A','20190921',1,0,0,'ROSSI','TULIO','Avellaneda 6737','3',2,'20221414978','80',22141497,'4693586','3000','4693586','trossi@cosemar.com.ar',1,'Bonet Pablo','Avellaneda 6737','',4,13.0000,13.0000,0.0000,0.0000,15.7300,2.7300,'','N','','','','',0,0,0,0,0,'','','','','',0,0.0000,'','',2);
/*!40000 ALTER TABLE `facturas` ENABLE KEYS */;


--
-- Definition of table `facturascta`
--

DROP TABLE IF EXISTS `facturascta`;
CREATE TABLE `facturascta` (
  `idcuotafc` int(10) unsigned NOT NULL,
  `idfactura` int(10) unsigned NOT NULL,
  `cuota` int(10) unsigned NOT NULL,
  `cancuotas` int(10) unsigned NOT NULL,
  `importe` float(13,4) NOT NULL,
  `fechavenc` char(8) NOT NULL,
  PRIMARY KEY (`idcuotafc`)
) ENGINE=InnoDB DEFAULT CHARSET=latin1;

--
-- Dumping data for table `facturascta`
--

/*!40000 ALTER TABLE `facturascta` DISABLE KEYS */;
INSERT INTO `facturascta` (`idcuotafc`,`idfactura`,`cuota`,`cancuotas`,`importe`,`fechavenc`) VALUES 
 (3,82,1,2,110.0000,'20180322'),
 (4,82,2,2,110.0000,'20180322'),
 (5,84,1,3,89.6200,'20180322'),
 (6,84,2,3,89.6200,'20180322'),
 (7,84,3,3,89.6200,'20180322'),
 (8,90,1,3,73.4800,'20180324'),
 (9,90,2,3,73.4800,'20180324'),
 (10,90,3,3,73.4800,'20180324'),
 (11,163,1,3,110.0000,'20180405'),
 (12,163,2,3,110.0000,'20180405'),
 (13,163,3,3,110.0000,'20180405'),
 (14,195,1,1,200.0000,'20180510'),
 (15,198,1,1,220.0000,'20180511'),
 (16,199,1,1,100.0000,'20180411'),
 (17,200,1,2,100.0000,'20180411'),
 (18,200,2,2,100.0000,'20180411'),
 (19,201,1,2,100.0000,'20180411'),
 (20,201,2,2,100.0000,'20180411'),
 (21,202,1,2,100.0000,'20180411'),
 (22,202,2,2,100.0000,'20180411'),
 (23,203,1,2,100.0000,'20180411'),
 (24,203,2,2,100.0000,'20180411'),
 (25,209,1,1,60.5000,'20180817'),
 (26,221,1,4,100.0000,'20180822'),
 (27,221,2,4,100.0000,'20180822'),
 (28,221,3,4,100.0000,'20180822'),
 (29,221,4,4,100.0000,'20180822'),
 (30,222,1,4,100.0000,'20180822'),
 (31,222,2,4,100.0000,'20180822'),
 (32,222,3,4,100.0000,'20180822'),
 (33,222,4,4,100.0000,'20180822'),
 (34,223,1,6,100.0000,'20180822'),
 (35,223,2,6,100.0000,'20180822'),
 (36,223,3,6,100.0000,'20180822'),
 (37,223,4,6,100.0000,'20180822'),
 (38,223,5,6,100.0000,'20180822'),
 (39,223,6,6,100.0000,'20180822'),
 (40,225,1,7,100.0000,'20180822'),
 (41,225,2,7,100.0000,'20180822'),
 (42,225,3,7,100.0000,'20180822'),
 (43,225,4,7,100.0000,'20180822'),
 (44,225,5,7,100.0000,'20180822'),
 (45,225,6,7,100.0000,'20180822'),
 (46,225,7,7,100.0000,'20180822'),
 (47,226,1,6,100.0000,'20180822'),
 (48,226,2,6,100.0000,'20180822'),
 (49,226,3,6,100.0000,'20180822'),
 (50,226,4,6,100.0000,'20180822'),
 (51,226,5,6,100.0000,'20180822'),
 (52,226,6,6,100.0000,'20180822'),
 (53,227,1,6,100.0000,'20180822'),
 (54,227,2,6,100.0000,'20180822'),
 (55,227,3,6,100.0000,'20180822'),
 (56,227,4,6,100.0000,'20180822'),
 (57,227,5,6,100.0000,'20180822'),
 (58,227,6,6,100.0000,'20180822'),
 (59,229,1,6,100.0000,'20180823'),
 (60,229,2,6,100.0000,'20180823'),
 (61,229,3,6,100.0000,'20180823'),
 (62,229,4,6,100.0000,'20180823'),
 (63,229,5,6,100.0000,'20180823'),
 (64,229,6,6,100.0000,'20180823'),
 (65,231,0,6,11.0500,'20180823'),
 (66,231,1,6,100.0000,'20180823'),
 (67,231,2,6,100.0000,'20180823'),
 (68,231,3,6,100.0000,'20180823'),
 (69,231,4,6,100.0000,'20180823'),
 (70,231,5,6,100.0000,'20180823'),
 (71,231,6,6,100.0000,'20180823'),
 (72,232,0,2,44.4200,'20180823'),
 (73,232,1,2,100.0000,'20180823'),
 (74,232,2,2,100.0000,'20180823'),
 (75,238,0,2,0.0000,'20180824'),
 (76,238,1,2,122.2100,'20180824'),
 (77,238,2,2,122.2100,'20180824'),
 (78,239,0,2,0.0000,'20180824'),
 (79,239,1,2,134.4300,'20180824'),
 (80,239,2,2,134.4300,'20180824'),
 (81,240,0,2,44.4200,'20180824'),
 (82,240,1,2,100.0000,'20180824'),
 (83,240,2,2,100.0000,'20180824'),
 (84,241,0,2,44.4200,'20180824'),
 (85,241,1,2,110.0000,'20180824'),
 (86,241,2,2,110.0000,'20180824'),
 (87,250,0,3,11.0500,'20180831'),
 (88,250,1,3,200.0000,'20180831'),
 (89,250,2,3,200.0000,'20180831'),
 (90,250,3,3,200.0000,'20180831'),
 (91,253,0,2,11.0500,'20180903'),
 (92,253,1,2,330.0000,'20180903'),
 (93,253,2,2,330.0000,'20180903'),
 (94,260,0,6,22.2100,'20180908'),
 (95,260,1,6,20.0000,'20180908'),
 (96,260,2,6,20.0000,'20180908'),
 (97,260,3,6,20.0000,'20180908'),
 (98,260,4,6,20.0000,'20180908'),
 (99,260,5,6,20.0000,'20180908'),
 (100,260,6,6,20.0000,'20180908'),
 (101,261,0,5,2.2100,'20180908'),
 (102,261,1,5,26.4000,'20180908'),
 (103,261,2,5,26.4000,'20180908'),
 (104,261,3,5,26.4000,'20180908'),
 (105,261,4,5,26.4000,'20180908'),
 (106,261,5,5,26.4000,'20180908'),
 (107,262,0,2,44.4200,'20180908'),
 (108,262,1,2,110.0000,'20180908'),
 (109,262,2,2,110.0000,'20180908'),
 (110,264,0,2,66.6300,'20180908'),
 (111,264,1,2,165.0000,'20180908'),
 (112,264,2,2,165.0000,'20180908'),
 (113,265,0,2,22.2100,'20180908'),
 (114,265,1,2,55.0000,'20180908'),
 (115,265,2,2,55.0000,'20180908'),
 (116,294,0,1,11.0500,'20180925'),
 (117,294,1,1,660.0000,'20180925'),
 (118,300,0,5,11.0500,'20180928'),
 (119,300,1,5,132.0000,'20180928'),
 (120,300,2,5,132.0000,'20180928'),
 (121,300,3,5,132.0000,'20180928'),
 (122,300,4,5,132.0000,'20180928'),
 (123,300,5,5,132.0000,'20180928'),
 (124,382,0,2,0.0000,'20181022'),
 (125,382,1,2,307.3400,'20181022'),
 (126,382,2,2,307.3400,'20181022'),
 (127,383,0,2,0.0000,'20181022'),
 (128,383,1,2,338.0700,'20181022'),
 (129,383,2,2,338.0700,'20181022'),
 (130,384,0,2,14.6800,'20181022'),
 (131,384,1,2,300.0000,'20181022'),
 (132,384,2,2,300.0000,'20181022'),
 (133,385,0,2,14.6800,'20181022'),
 (134,385,1,2,330.0000,'20181022'),
 (135,385,2,2,330.0000,'20181022'),
 (136,404,0,2,0.0000,'20181024'),
 (137,404,1,2,307.3400,'20181024'),
 (138,404,2,2,307.3400,'20181024'),
 (139,405,0,2,0.0000,'20181024'),
 (140,405,1,2,307.3400,'20181024'),
 (141,405,2,2,307.3400,'20181024'),
 (142,406,0,2,0.0000,'20181024'),
 (143,406,1,2,307.3400,'20181024'),
 (144,406,2,2,307.3400,'20181024'),
 (145,407,0,2,0.0000,'20181024'),
 (146,407,1,2,338.0700,'20181024'),
 (147,407,2,2,338.0700,'20181024'),
 (148,408,0,2,0.0000,'20181024'),
 (149,408,1,2,338.0700,'20181024'),
 (150,408,2,2,338.0700,'20181024'),
 (151,409,0,2,0.0000,'20181024'),
 (152,409,1,2,338.0700,'20181024'),
 (153,409,2,2,338.0700,'20181024'),
 (154,410,0,2,0.0000,'20181024'),
 (155,410,1,2,338.0700,'20181024'),
 (156,410,2,2,338.0700,'20181024'),
 (157,411,0,2,0.0000,'20181024'),
 (158,411,1,2,338.0700,'20181024'),
 (159,411,2,2,338.0700,'20181024'),
 (160,412,0,2,14.6800,'20181024'),
 (161,412,1,2,300.0000,'20181024'),
 (162,412,2,2,300.0000,'20181024'),
 (163,413,0,2,14.6800,'20181024'),
 (164,413,1,2,330.0000,'20181024'),
 (165,413,2,2,330.0000,'20181024'),
 (166,432,0,2,0.0000,'20181026'),
 (167,432,1,2,307.3400,'20181026'),
 (168,432,2,2,307.3400,'20181026'),
 (169,433,0,2,14.6800,'20181026'),
 (170,433,1,2,300.0000,'20181026'),
 (171,433,2,2,300.0000,'20181026'),
 (172,439,0,2,14.6800,'20181026'),
 (173,439,1,2,360.0000,'20181026'),
 (174,439,2,2,360.0000,'20181026'),
 (175,442,0,2,14.6800,'20181026'),
 (176,442,1,2,360.0000,'20181026'),
 (177,442,2,2,360.0000,'20181026'),
 (178,443,0,2,14.6800,'20181026'),
 (179,443,1,2,360.0000,'20181026'),
 (180,443,2,2,360.0000,'20181026'),
 (181,444,0,2,14.6800,'20181026'),
 (182,444,1,2,360.0000,'20181026'),
 (183,444,2,2,360.0000,'20181026'),
 (184,445,0,2,14.6800,'20181026'),
 (185,445,1,2,360.0000,'20181026'),
 (186,445,2,2,360.0000,'20181026'),
 (187,446,0,2,0.0000,'20181026'),
 (188,446,1,2,368.8000,'20181026'),
 (189,446,2,2,368.8000,'20181026'),
 (190,447,0,2,14.6800,'20181026'),
 (191,447,1,2,300.0000,'20181026'),
 (192,447,2,2,300.0000,'20181026'),
 (193,448,0,2,0.0000,'20181026'),
 (194,448,1,2,368.8000,'20181026'),
 (195,448,2,2,368.8000,'20181026'),
 (196,509,0,3,66.5200,'20190116'),
 (197,509,1,3,513.3300,'20190116'),
 (198,509,2,3,513.3300,'20190116'),
 (199,509,3,3,513.3300,'20190116'),
 (200,510,0,4,66.5200,'20190116'),
 (201,510,1,4,385.0000,'20190116'),
 (202,510,2,4,385.0000,'20190116'),
 (203,510,3,4,385.0000,'20190116'),
 (204,510,4,4,385.0000,'20190116'),
 (205,511,0,3,66.5200,'20190116'),
 (206,511,1,3,513.3300,'20190216'),
 (207,511,2,3,513.3300,'20190316'),
 (208,511,3,3,513.3300,'20190416'),
 (209,528,0,3,33.2600,'20190118'),
 (210,528,1,3,256.6600,'20190118'),
 (211,528,2,3,256.6600,'20190218'),
 (212,528,3,3,256.6600,'20190318'),
 (213,530,0,3,33.2600,'20190118'),
 (214,530,1,3,256.6600,'20190118'),
 (215,530,2,3,256.6600,'20190218'),
 (216,530,3,3,256.6600,'20190318'),
 (217,535,0,3,33.2600,'20190123'),
 (218,535,1,3,256.6600,'20190123'),
 (219,535,2,3,256.6600,'20190207'),
 (220,535,3,3,256.6600,'20190222'),
 (221,536,0,3,33.2600,'20190123'),
 (222,536,1,3,256.6600,'20190123'),
 (223,536,2,3,256.6600,'20190222'),
 (224,536,3,3,256.6600,'20190324'),
 (225,540,0,3,33.2600,'20190123'),
 (226,540,1,3,256.6600,'20190123'),
 (227,540,2,3,256.6600,'20190222'),
 (228,540,3,3,256.6600,'20190324'),
 (229,544,0,5,52.2300,'20190124'),
 (230,544,1,5,165.0000,'20190124'),
 (231,544,2,5,165.0000,'20190223'),
 (232,544,3,5,165.0000,'20190325'),
 (233,544,4,5,165.0000,'20190424'),
 (234,544,5,5,165.0000,'20190524'),
 (235,547,0,3,33.2600,'20190125'),
 (236,547,1,3,256.6600,'20190125'),
 (237,547,2,3,256.6600,'20190224'),
 (238,547,3,3,256.6600,'20190326'),
 (239,549,0,3,33.2600,'20190129'),
 (240,549,1,3,256.6600,'20190129'),
 (241,549,2,3,256.6600,'20190213'),
 (242,549,3,3,256.6600,'20190228'),
 (243,583,0,1,33.2600,'20190226'),
 (244,583,1,1,770.0000,'20190226'),
 (245,586,0,1,46.6500,'20190226'),
 (246,586,1,1,110.0000,'20190226'),
 (247,587,0,1,93.3000,'20190226'),
 (248,587,1,1,220.0000,'20190226'),
 (249,590,0,3,93.3000,'20190227'),
 (250,590,1,3,73.3300,'20190227'),
 (251,590,2,3,73.3300,'20190329'),
 (252,590,3,3,73.3300,'20190428'),
 (253,600,0,3,700.0000,'20190320'),
 (254,600,1,3,744.3400,'20190320'),
 (255,600,2,3,744.3400,'20190419'),
 (256,600,3,3,744.3400,'20190519'),
 (257,601,0,3,700.0000,'20190320'),
 (258,601,1,3,9543.4600,'20190320'),
 (259,601,2,3,9543.4600,'20190419'),
 (260,601,3,3,9543.4600,'20190519'),
 (261,602,0,3,700.0000,'20190320'),
 (262,602,1,3,744.3400,'20190320'),
 (263,602,2,3,744.3400,'20190419'),
 (264,602,3,3,744.3400,'20190519'),
 (265,603,0,3,33.0000,'20190320'),
 (266,603,1,3,233.4200,'20190320'),
 (267,603,2,3,233.4200,'20190419'),
 (268,603,3,3,233.4200,'20190519'),
 (269,604,0,3,30.0000,'20190320'),
 (270,604,1,3,234.4200,'20190320'),
 (271,604,2,3,234.4200,'20190419'),
 (272,604,3,3,234.4200,'20190519'),
 (273,605,0,3,900.0000,'20190320'),
 (274,605,1,3,677.6800,'20190320'),
 (275,605,2,3,677.6800,'20190419'),
 (276,605,3,3,677.6800,'20190519'),
 (277,606,0,2,33.0000,'20190320'),
 (278,606,1,2,350.1300,'20190320'),
 (279,606,2,2,350.1300,'20190419'),
 (280,607,0,1,500.0000,'20190320'),
 (281,607,1,1,6832.6001,'20190320'),
 (282,608,0,1,33.0000,'20190320'),
 (283,608,1,1,700.2600,'20190320'),
 (284,609,0,1,33.0000,'20190320'),
 (285,609,1,1,700.2600,'20190320'),
 (286,610,0,3,933.0000,'20190320'),
 (287,610,1,3,666.6800,'20190320'),
 (288,610,2,3,666.6800,'20190419'),
 (289,610,3,3,666.6800,'20190519'),
 (290,612,0,3,33.0000,'20190323'),
 (291,612,1,3,233.4200,'20190323'),
 (292,612,2,3,233.4200,'20190422'),
 (293,612,3,3,233.4200,'20190522'),
 (296,617,0,5,33.0000,'20190323'),
 (297,617,1,5,140.0500,'20190323'),
 (298,617,2,5,140.0500,'20190422'),
 (299,617,3,5,140.0500,'20190522'),
 (300,617,4,5,140.0500,'20190621'),
 (301,617,5,5,140.0500,'20190721'),
 (302,624,0,5,50.0000,'20190323'),
 (303,624,1,5,136.6500,'20190323'),
 (304,624,2,5,136.6500,'20190422'),
 (305,624,3,5,136.6500,'20190522'),
 (306,624,4,5,136.6500,'20190621'),
 (307,624,5,5,136.6500,'20190721'),
 (308,681,0,2,83.9700,'20190417'),
 (309,681,1,2,990.0000,'20190417'),
 (310,681,2,2,990.0000,'20190517'),
 (311,683,0,2,39.9500,'20190417'),
 (312,683,1,2,220.0000,'20190417'),
 (313,683,2,2,220.0000,'20190517'),
 (314,684,0,2,62.6700,'20190417'),
 (315,684,1,2,495.0000,'20190417'),
 (316,684,2,2,495.0000,'20190517'),
 (317,689,0,3,33.2600,'20190430'),
 (318,689,1,3,256.6600,'20190430'),
 (319,689,2,3,256.6600,'20190530'),
 (320,689,3,3,256.6600,'20190629'),
 (321,711,0,2,337.7200,'20190619'),
 (322,711,1,2,1100.0000,'20190619'),
 (323,711,2,2,1100.0000,'20190719'),
 (324,712,0,3,33.2600,'20190621'),
 (325,712,1,3,256.6600,'20190621'),
 (326,712,2,3,256.6600,'20190721'),
 (327,712,3,3,256.6600,'20190820'),
 (328,713,0,4,2.2300,'20190621'),
 (329,713,1,4,220.0000,'20190621'),
 (330,713,2,4,220.0000,'20190721'),
 (331,713,3,4,220.0000,'20190820'),
 (332,713,4,4,220.0000,'20190919'),
 (333,714,0,4,2.2300,'20190621'),
 (334,714,1,4,240.0000,'20190621'),
 (335,714,2,4,240.0000,'20190721'),
 (336,714,3,4,240.0000,'20190820'),
 (337,714,4,4,240.0000,'20190919'),
 (338,715,0,4,33.2600,'20190621'),
 (339,715,1,4,192.5000,'20190621'),
 (340,715,2,4,192.5000,'20190721'),
 (341,715,3,4,192.5000,'20190820'),
 (342,715,4,4,192.5000,'20190919'),
 (343,716,0,2,33.2600,'20190621'),
 (344,716,1,2,385.0000,'20190621'),
 (345,716,2,2,385.0000,'20190721');
/*!40000 ALTER TABLE `facturascta` ENABLE KEYS */;


--
-- Definition of table `facturasfe`
--

DROP TABLE IF EXISTS `facturasfe`;
CREATE TABLE `facturasfe` (
  `idfe` int(10) unsigned NOT NULL,
  `idfactura` int(10) unsigned NOT NULL,
  `fecha` char(8) NOT NULL,
  `resultado` char(1) NOT NULL,
  `caecesp` char(50) NOT NULL,
  `caecespven` char(8) NOT NULL,
  `caecespfec` char(8) NOT NULL,
  `pathpdffe` char(254) NOT NULL,
  `idtipofe` int(10) unsigned NOT NULL,
  `idtranafip` int(10) unsigned NOT NULL,
  `observa` char(254) NOT NULL,
  `coderror` char(20) NOT NULL,
  `numerofe` int(10) unsigned NOT NULL,
  PRIMARY KEY (`idfe`) USING BTREE
) ENGINE=InnoDB DEFAULT CHARSET=latin1;

--
-- Dumping data for table `facturasfe`
--

/*!40000 ALTER TABLE `facturasfe` DISABLE KEYS */;
INSERT INTO `facturasfe` (`idfe`,`idfactura`,`fecha`,`resultado`,`caecesp`,`caecespven`,`caecespfec`,`pathpdffe`,`idtipofe`,`idtranafip`,`observa`,`coderror`,`numerofe`) VALUES 
 (1,5,'20180308','A','68107639037495','20180318','','',0,0,'','',16),
 (2,6,'20180308','A','68107639037877','20180318','','',0,0,'','',17),
 (3,10,'20180309','A','68107639198933','20180319','','',0,0,'','',19),
 (4,11,'20180309','A','68107639201091','20180319','','',0,0,'','',20),
 (6,13,'20180309','A','68107639202709','20180319','','',0,0,'','',21),
 (7,14,'20180309','A','68107639202990','20180319','','',0,0,'','',22),
 (8,15,'20180309','A','68107639203475','20180319','','',0,0,'','',23),
 (9,16,'20180309','A','68107639203755','20180319','','',0,0,'','',24),
 (10,17,'20180309','A','68107639203988','20180319','','',0,0,'','',25),
 (11,18,'20180309','A','68107639204387','20180319','','',0,0,'','',26),
 (12,19,'20180309','A','68107639205008','20180319','','',0,0,'','',27),
 (13,20,'20180309','A','68107639205257','20180319','','',0,0,'','',28),
 (14,21,'20180309','A','68107639205508','20180319','','',0,0,'','',29),
 (15,22,'20180309','A','68107639207393','20180319','','',0,0,'','',30),
 (16,23,'20180309','A','68107639207893','20180319','','',0,0,'','',31),
 (17,24,'20180309','A','68107639208085','20180319','','',0,0,'','',32),
 (18,27,'20180310','A','68107639224469','20180320','','',0,0,'','',33),
 (19,28,'20180310','A','68107639224689','20180320','','',0,0,'','',34),
 (20,29,'20180312','A','68117639499506','20180322','','',0,0,'','',35),
 (21,30,'20180312','A','68117639500324','20180322','','',0,0,'','',36),
 (22,31,'20180312','A','68117639500882','20180322','','',0,0,'','',37),
 (23,32,'20180312','A','68117639501090','20180322','','',0,0,'','',38),
 (24,33,'20180313','A','68117639658552','20180323','','',0,0,'','',39),
 (25,34,'20180313','A','68117639658934','20180323','','',0,0,'','',40),
 (26,35,'20180313','A','68117639659113','20180323','','',0,0,'','',41),
 (27,36,'20180313','A','68117639659286','20180323','','',0,0,'','',42),
 (28,37,'20180313','A','68117639660329','20180323','','',0,0,'','',43),
 (29,38,'20180313','A','68117639661993','20180323','','',0,0,'','',44),
 (30,39,'20180313','A','68117639662245','20180323','','',0,0,'','',45),
 (31,40,'20180313','A','68117639664776','20180323','','',0,0,'','',46),
 (32,41,'20180313','A','68117639665984','20180323','','',0,0,'','',47),
 (33,42,'20180313','A','68117639666516','20180323','','',0,0,'','',48),
 (34,43,'20180313','A','68117639667606','20180323','','',0,0,'','',49),
 (35,54,'20180316','A','68117640042706','20180326','','',0,0,'','',1),
 (36,55,'20180316','A','68117640042748','20180326','','',0,0,'','',2),
 (37,56,'20180316','A','68117640042777','20180326','','',0,0,'','',3),
 (38,57,'20180316','A','68117640042866','20180326','','',0,0,'','',4),
 (39,58,'20180316','A','68117640042882','20180326','','',0,0,'','',5),
 (40,59,'20180316','A','68117640042895','20180326','','',0,0,'','',6),
 (41,60,'20180316','A','68117640042926','20180326','','',0,0,'','',7),
 (42,61,'20180316','A','68117640042942','20180326','','',0,0,'','',8),
 (43,62,'20180317','A','68117640049376','20180327','','',0,0,'','',9),
 (44,64,'20180317','A','68117640055812','20180327','','',0,0,'','',10),
 (45,65,'20180317','A','68117640056017','20180327','','',0,0,'','',11),
 (46,67,'20180317','A','68117640056135','20180327','','',0,0,'','',50),
 (47,68,'20180320','A','68127640325435','20180330','','',0,0,'','',51),
 (48,70,'20180320','A','68127640329879','20180330','','',0,0,'','',52),
 (49,71,'20180320','A','68127640331777','20180330','','',0,0,'','',53),
 (50,73,'20180320','A','68127640332503','20180330','','',0,0,'','',54),
 (51,76,'20180321','A','68127640449592','20180331','','',0,0,'','',55),
 (52,77,'20180321','A','68127640449827','20180331','','',0,0,'','',56),
 (53,78,'20180321','A','68127640451149','20180331','','',0,0,'','',57),
 (54,79,'20180321','A','68127640451916','20180331','','',0,0,'','',58),
 (55,80,'20180322','A','68127640576650','20180401','','',0,0,'','',59),
 (56,81,'20180322','A','68127640577651','20180401','','',0,0,'','',60),
 (57,82,'20180322','A','68127640578021','20180401','','',0,0,'','',61),
 (58,83,'20180322','A','68127640578712','20180401','','',0,0,'','',62),
 (59,84,'20180322','A','68127640578929','20180401','','',0,0,'','',63),
 (60,87,'20180322','A','68127640580301','20180401','','',0,0,'','',64),
 (61,89,'20180324','A','68127640884746','20180403','','',0,0,'','',65),
 (62,90,'20180324','A','68127640884953','20180403','','',0,0,'','',66),
 (63,109,'20180331','A','68137642335446','20180410','','',0,0,'','',67),
 (64,110,'20180331','A','68137642336036','20180410','','',0,0,'','',68),
 (65,113,'20180331','A','68137642337655','20180410','','',0,0,'','',69),
 (66,114,'20180331','A','68137642337891','20180410','','',0,0,'','',70),
 (67,118,'20180331','A','68137642338630','20180410','','',0,0,'','',71),
 (68,119,'20180331','A','68137642351642','20180410','','',0,0,'','',72),
 (69,120,'20180402','A','68147642518474','20180412','','',0,0,'','',73),
 (70,121,'20180402','A','68147642518636','20180412','','',0,0,'','',74),
 (71,122,'20180402','A','68147642519137','20180412','','',0,0,'','',75),
 (72,124,'20180402','A','68147642523566','20180412','','',0,0,'','',76),
 (73,125,'20180402','A','68147642523728','20180412','','',0,0,'','',77),
 (74,135,'20180403','A','68147642751546','20180413','','',0,0,'','',78),
 (75,136,'20180404','A','68147642859376','20180414','','',0,0,'','',79),
 (76,137,'20180404','A','68147642861907','20180414','','',0,0,'','',80),
 (77,141,'20180404','A','68147642865058','20180414','','',0,0,'','',81),
 (78,142,'20180404','A','68147642865469','20180414','','',0,0,'','',82),
 (79,143,'20180404','A','68147642868700','20180414','','',0,0,'','',83),
 (80,148,'20180405','A','68147643100463','20180415','','',0,0,'','',84),
 (81,150,'20180405','A','68147643101715','20180415','','',0,0,'','',85),
 (82,158,'20180405','A','68147643125906','20180415','','',0,0,'','',86),
 (84,163,'20180405','A','68147643127644','20180415','','',0,0,'','',87),
 (85,164,'20180405','A','68147643128014','20180415','','',0,0,'','',88),
 (91,173,'20180406','A','68147643313235','20180416','','',0,0,'','',89),
 (92,174,'20180406','A','68147643313442','20180416','','',0,0,'','',90),
 (93,175,'20180406','A','68147643313528','20180416','','',0,0,'','',91),
 (107,194,'20180410','A','68157644386152','20180420','','',0,0,'','',97),
 (108,195,'20180410','A','68157644386547','20180420','','',0,0,'','',98),
 (109,197,'20180411','A','68157644565691','20180421','','',0,0,'','',99),
 (110,198,'20180411','A','68157644566430','20180421','','',0,0,'','',100),
 (111,199,'20180411','A','68157644568238','20180421','','',0,0,'','',101),
 (112,203,'20180411','A','68157644571608','20180421','','',0,0,'','',102),
 (113,322,'20181011','A','68417686448147','20181021','','',0,0,'','',105),
 (114,324,'20181011','A','68417686448401','20181021','','',0,0,'','',106),
 (115,325,'20181011','A','68417686452801','20181021','','',0,0,'','',1),
 (116,336,'20181012','A','68417686618176','20181022','','',0,0,'','',107),
 (119,366,'20181019','A','68427688741358','20181029','','',0,0,'','',108),
 (127,375,'20181020','R','','','','',0,0,'[10061] La suma de los campos BaseImp en AlicIva debe ser igual al valor ingresado en ImpNeto.\n','',0),
 (128,376,'20181020','R','','','','',0,0,'[10061] La suma de los campos BaseImp en AlicIva debe ser igual al valor ingresado en ImpNeto.\n','',0),
 (129,378,'20181020','A','68427688787123','20181030','','',0,0,'','',109),
 (130,379,'20181020','A','68427688787149','20181030','','',0,0,'','',110),
 (131,400,'20181024','A','68437689373567','20181103','','',0,0,'','',111),
 (133,419,'20181024','A','68437689385509','20181103','','',0,0,'','',112),
 (134,420,'20181024','A','68437689385583','20181103','','',0,0,'','',113),
 (135,421,'20181024','A','68437689385656','20181103','','',0,0,'','',114),
 (136,422,'20181024','R','','','','',0,0,'Hubo un error al autorizar el comprobante. Se obtuvo una respuesta Nula\n','',0),
 (139,430,'20181025','A','68437689748011','20181104','','',0,0,'','',115),
 (140,431,'20181026','A','68437690646097','20181105','','',0,0,'','',1),
 (141,432,'20181026','A','68437690646160','20181105','','',0,0,'','',2),
 (142,433,'20181026','A','68437690646246','20181105','','',0,0,'','',3),
 (143,434,'20181026','A','68437690646306','20181105','','',0,0,'','',4),
 (144,435,'20181026','A','68437690646377','20181105','','',0,0,'','',5),
 (145,436,'20181026','A','68437690646482','20181105','','',0,0,'','',6),
 (146,437,'20181026','A','68437690646568','20181105','','',0,0,'','',7),
 (147,438,'20181026','A','68437690646644','20181105','','',0,0,'','',8),
 (148,439,'20181026','A','68437690647187','20181105','','',0,0,'','',116),
 (149,440,'20181026','A','68437690648971','20181105','','',0,0,'','',117),
 (150,442,'20181026','A','68437690650280','20181105','','',0,0,'','',118),
 (151,443,'20181026','A','68437690650824','20181105','','',0,0,'','',119),
 (152,444,'20181026','A','68437690651265','20181105','','',0,0,'','',120),
 (153,445,'20181026','A','68437690653018','20181105','','',0,0,'','',121),
 (154,446,'20181026','A','68437690653518','20181105','','',0,0,'','',9),
 (155,447,'20181026','A','68437690653607','20181105','','',0,0,'','',10),
 (156,448,'20181026','A','68437690653801','20181105','','',0,0,'','',11),
 (157,449,'20181026','A','68437690654933','20181105','','',0,0,'','',3),
 (158,450,'20181026','A','68437690655201','20181105','','',0,0,'','',2),
 (159,451,'20181027','A','68437690720589','20181106','','',0,0,'','',122),
 (160,452,'20181027','A','68437690721111','20181106','','',0,0,'','',12),
 (161,453,'20181027','A','68437690721682','20181106','','',0,0,'','',13),
 (162,459,'20181027','A','68437690732270','20181106','','',0,0,'','',14),
 (163,470,'20181123','A','68477700792415','20181203','','',0,0,'','',123),
 (164,472,'20181123','A','68477700792428','20181203','','',0,0,'','',124),
 (165,473,'20181123','A','68477700792444','20181203','','',0,0,'','',125),
 (166,474,'20181124','A','68477700799603','20181204','','',0,0,'','',126),
 (167,475,'20181127','A','68487702245159','20181207','','',0,0,'','',127),
 (169,485,'20181206','A','68497708926880','20181216','','',0,0,'','',128),
 (171,487,'20181206','R','','','','',0,0,'[10048] El campo  Importe Total ImpTotal, debe ser igual  a la  suma de ImpTotConc + ImpNeto + ImpOpEx + ImpTrib + ImpIVA.\n[10051] Los importes informados en AlicIVA no se corresponden con los porcentajes.\n','',0),
 (172,488,'20181206','A','68497708928426','20181216','','',0,0,'','',129),
 (173,489,'20181206','A','68497708928497','20181216','','',0,0,'','',130),
 (174,490,'20181206','A','68497708928586','20181216','','',0,0,'','',131),
 (175,491,'20181206','A','68497708930222','20181216','','',0,0,'','',132),
 (176,492,'20181206','A','68497708931163','20181216','','',0,0,'','',133),
 (177,494,'20181206','A','68497708931430','20181216','','',0,0,'','',134);
/*!40000 ALTER TABLE `facturasfe` ENABLE KEYS */;


--
-- Definition of table `facturasimp`
--

DROP TABLE IF EXISTS `facturasimp`;
CREATE TABLE `facturasimp` (
  `idfactura` int(10) unsigned NOT NULL,
  `impuesto` int(10) unsigned NOT NULL,
  `detalle` char(254) NOT NULL,
  `neto` float(13,4) NOT NULL,
  `razon` float(13,4) NOT NULL,
  `importe` float(13,4) NOT NULL,
  `articulo` char(50) NOT NULL
) ENGINE=InnoDB DEFAULT CHARSET=latin1;

--
-- Dumping data for table `facturasimp`
--

/*!40000 ALTER TABLE `facturasimp` DISABLE KEYS */;
INSERT INTO `facturasimp` (`idfactura`,`impuesto`,`detalle`,`neto`,`razon`,`importe`,`articulo`) VALUES 
 (1,1,'IVA 21%',505.0000,21.0000,106.0500,''),
 (2,1,'IVA 21%',505.0000,21.0000,106.0500,''),
 (3,1,'IVA 21%',505.0000,21.0000,106.0500,''),
 (4,1,'IVA 21%',505.0000,21.0000,106.0500,''),
 (5,1,'IVA 21%',505.0000,21.0000,106.0500,''),
 (6,1,'IVA 21%',505.0000,21.0000,106.0500,''),
 (7,1,'IVA 21%',505.0000,21.0000,106.0500,''),
 (8,1,'IVA 21%',606.0000,21.0000,127.2600,''),
 (9,1,'IVA 21%',606.0000,21.0000,127.2600,''),
 (10,1,'IVA 21%',606.0000,21.0000,127.2600,''),
 (11,1,'IVA 21%',606.0000,21.0000,127.2600,''),
 (12,1,'IVA 21%',404.0000,21.0000,3.3600,''),
 (13,1,'IVA 21%',404.0000,21.0000,84.8400,''),
 (14,1,'IVA 21%',404.0000,21.0000,84.8400,''),
 (15,1,'IVA 21%',606.0000,21.0000,127.2600,''),
 (16,1,'IVA 21%',606.0000,21.0000,127.2600,''),
 (17,1,'IVA 21%',606.0000,21.0000,127.2600,''),
 (18,1,'IVA 21%',404.0000,21.0000,84.8400,''),
 (19,1,'IVA 21%',505.0000,21.0000,106.0500,''),
 (20,1,'IVA 21%',606.0000,21.0000,127.2600,''),
 (21,1,'IVA 21%',404.0000,21.0000,84.8400,''),
 (22,1,'IVA 21%',404.0000,21.0000,84.8400,''),
 (23,1,'IVA 21%',404.0000,21.0000,84.8400,''),
 (24,1,'IVA 21%',404.0000,21.0000,84.8400,''),
 (25,1,'IVA 21%',404.0000,21.0000,84.8400,''),
 (26,1,'IVA 21%',404.0000,21.0000,84.8400,''),
 (27,1,'IVA 21%',510.0000,21.0000,107.1000,''),
 (28,1,'IVA 21%',505.0000,21.0000,106.0500,''),
 (29,1,'IVA 21%',505.0000,21.0000,106.0500,''),
 (30,1,'IVA 21%',505.0000,21.0000,106.0500,''),
 (31,1,'IVA 21%',404.0000,21.0000,84.8400,''),
 (32,1,'IVA 21%',202.0000,21.0000,42.4200,''),
 (33,1,'IVA 21%',101.0000,21.0000,21.2100,''),
 (34,1,'IVA 21%',303.0000,21.0000,63.6300,''),
 (35,1,'IVA 21%',303.0000,21.0000,63.6300,''),
 (36,1,'IVA 21%',202.0000,21.0000,42.4200,''),
 (37,1,'IVA 21%',303.0000,21.0000,63.6300,''),
 (38,1,'IVA 21%',202.0000,21.0000,42.4200,''),
 (39,1,'IVA 21%',303.0000,21.0000,63.6300,''),
 (40,1,'IVA 21%',303.0000,21.0000,63.6300,''),
 (41,1,'IVA 21%',303.0000,21.0000,63.6300,''),
 (42,1,'IVA 21%',303.0000,21.0000,63.6300,''),
 (43,1,'IVA 21%',404.0000,21.0000,84.8400,''),
 (44,1,'IVA 21%',306.0000,21.0000,64.2600,''),
 (45,1,'IVA 21%',303.0000,21.0000,63.6300,''),
 (46,1,'IVA 21%',303.0000,21.0000,63.6300,''),
 (47,1,'IVA 21%',202.0000,21.0000,42.4200,''),
 (48,1,'IVA 21%',306.0000,21.0000,64.2600,''),
 (49,1,'IVA 21%',202.0000,21.0000,42.4200,''),
 (50,1,'IVA 21%',202.0000,21.0000,42.4200,''),
 (51,1,'IVA 21%',303.0000,21.0000,63.6300,''),
 (52,1,'IVA 21%',202.0000,21.0000,42.4200,''),
 (53,1,'IVA 21%',102.0000,21.0000,21.4200,''),
 (54,1,'IVA 21%',202.0000,21.0000,42.4200,''),
 (55,1,'IVA 21%',303.0000,21.0000,63.6300,''),
 (56,1,'IVA 21%',303.0000,21.0000,63.6300,''),
 (57,1,'IVA 21%',202.0000,21.0000,42.4200,''),
 (58,1,'IVA 21%',303.0000,21.0000,63.6300,''),
 (59,1,'IVA 21%',204.0000,21.0000,42.8400,''),
 (60,1,'IVA 21%',204.0000,21.0000,42.8400,''),
 (61,1,'IVA 21%',202.0000,21.0000,42.4200,''),
 (62,1,'IVA 21%',303.0000,21.0000,63.6300,''),
 (63,1,'IVA 21%',101.0000,21.0000,21.2100,''),
 (64,1,'IVA 21%',303.0000,21.0000,63.6300,''),
 (65,1,'IVA 21%',202.0000,21.0000,42.4200,''),
 (66,1,'IVA 21%',101.0000,21.0000,21.2100,''),
 (67,1,'IVA 21%',101.0000,21.0000,21.2100,''),
 (68,1,'IVA 21%',202.0000,21.0000,42.4200,''),
 (69,1,'IVA 21%',202.0000,21.0000,42.4200,''),
 (70,1,'IVA 21%',202.0000,21.0000,42.4200,''),
 (71,1,'IVA 21%',202.0000,21.0000,42.4200,''),
 (72,1,'IVA 21%',202.0000,21.0000,42.4200,''),
 (73,1,'IVA 21%',202.0000,21.0000,42.4200,''),
 (74,1,'IVA 21%',202.0000,21.0000,42.4200,''),
 (75,1,'IVA 21%',202.0000,21.0000,42.4200,''),
 (76,1,'IVA 21%',202.0000,21.0000,42.4200,''),
 (77,1,'IVA 21%',202.0000,21.0000,42.4200,''),
 (78,1,'IVA 21%',202.0000,21.0000,42.4200,''),
 (79,1,'IVA 21%',202.0000,21.0000,42.4200,''),
 (80,1,'IVA 21%',202.0000,21.0000,42.4200,''),
 (81,1,'IVA 21%',202.0000,21.0000,42.4200,''),
 (82,1,'IVA 21%',202.0000,21.0000,42.4200,''),
 (83,1,'IVA 21%',202.0000,21.0000,42.4200,''),
 (84,1,'IVA 21%',202.0000,21.0000,42.4200,''),
 (85,1,'IVA 21%',202.0000,21.0000,42.4200,''),
 (86,1,'IVA 21%',202.0000,21.0000,42.4200,''),
 (87,1,'IVA 21%',202.0000,21.0000,42.4200,''),
 (88,1,'IVA 21%',202.0000,21.0000,42.4200,''),
 (89,1,'IVA 21%',202.0000,21.0000,42.4200,''),
 (90,1,'IVA 21%',202.0000,21.0000,42.4200,''),
 (92,1,'IVA 21%',202.0000,21.0000,42.4200,''),
 (96,1,'IVA 21%',202.0000,21.0000,0.0000,''),
 (98,1,'IVA 21%',202.0000,21.0000,0.0000,''),
 (99,1,'IVA 21%',101.0000,21.0000,0.0000,''),
 (100,1,'IVA 21%',202.0000,21.0000,0.0000,''),
 (101,1,'IVA 21%',202.0000,21.0000,0.0000,''),
 (102,1,'IVA 21%',202.0000,21.0000,0.0000,''),
 (103,1,'IVA 21%',202.0000,21.0000,42.4200,''),
 (104,1,'IVA 21%',202.0000,21.0000,42.4200,''),
 (105,1,'IVA 21%',202.0000,21.0000,42.4200,''),
 (106,1,'IVA 21%',202.0000,21.0000,42.4200,''),
 (107,1,'IVA 21%',202.0000,21.0000,42.4200,''),
 (108,1,'IVA 21%',202.0000,21.0000,42.4200,''),
 (109,1,'IVA 21%',202.0000,21.0000,42.4200,''),
 (110,1,'IVA 21%',202.0000,21.0000,42.4200,''),
 (111,1,'IVA 21%',101.0000,21.0000,21.2100,''),
 (112,1,'IVA 21%',202.0000,21.0000,42.4200,''),
 (113,1,'IVA 21%',101.0000,21.0000,21.2100,''),
 (114,1,'IVA 21%',204.0000,21.0000,42.8400,''),
 (115,1,'IVA 21%',101.0000,21.0000,21.2100,''),
 (116,1,'IVA 21%',101.0000,21.0000,21.2100,''),
 (117,1,'IVA 21%',101.0000,21.0000,21.2100,''),
 (118,1,'IVA 21%',101.0000,21.0000,21.2100,''),
 (119,1,'IVA 21%',202.0000,21.0000,42.4200,''),
 (120,1,'IVA 21%',202.0000,21.0000,42.4200,''),
 (121,1,'IVA 21%',101.0000,21.0000,21.2100,''),
 (122,1,'IVA 21%',101.0000,21.0000,21.2100,''),
 (123,1,'IVA 21%',202.0000,21.0000,42.4200,''),
 (124,1,'IVA 21%',101.0000,21.0000,21.2100,''),
 (125,1,'IVA 21%',101.0000,21.0000,21.2100,''),
 (126,1,'IVA 21%',101.0000,21.0000,21.2100,''),
 (127,1,'IVA 21%',202.0000,21.0000,42.4200,''),
 (128,1,'IVA 21%',202.0000,21.0000,42.4200,''),
 (129,1,'IVA 21%',101.0000,21.0000,21.2100,''),
 (130,1,'IVA 21%',101.0000,21.0000,21.2100,''),
 (131,1,'IVA 21%',101.0000,21.0000,21.2100,''),
 (132,1,'IVA 21%',101.0000,21.0000,21.2100,''),
 (133,1,'IVA 21%',101.0000,21.0000,21.2100,''),
 (134,1,'IVA 21%',202.0000,21.0000,42.4200,''),
 (135,1,'IVA 21%',101.0000,21.0000,21.2100,''),
 (136,1,'IVA 21%',202.0000,21.0000,42.4200,''),
 (137,1,'IVA 21%',202.0000,21.0000,42.4200,''),
 (138,1,'IVA 21%',202.0000,21.0000,42.4200,''),
 (139,1,'IVA 21%',101.0000,21.0000,21.2100,''),
 (140,1,'IVA 21%',202.0000,21.0000,42.4200,''),
 (141,1,'IVA 21%',202.0000,21.0000,42.4200,''),
 (142,1,'IVA 21%',202.0000,21.0000,42.4200,''),
 (143,1,'IVA 21%',408.0000,21.0000,85.6800,''),
 (144,1,'IVA 21%',303.0000,21.0000,63.6300,''),
 (145,1,'IVA 21%',510.0000,21.0000,107.1000,''),
 (146,1,'IVA 21%',202.0000,21.0000,42.4200,''),
 (147,1,'IVA 21%',202.0000,21.0000,42.4200,''),
 (148,1,'IVA 21%',101.0000,21.0000,21.2100,''),
 (149,1,'IVA 21%',101.0000,21.0000,21.2100,''),
 (150,1,'IVA 21%',202.0000,21.0000,42.4200,''),
 (151,1,'IVA 21%',202.0000,21.0000,42.4200,''),
 (152,1,'IVA 21%',101.0000,21.0000,21.2100,''),
 (153,1,'IVA 21%',101.0000,21.0000,21.2100,''),
 (154,1,'IVA 21%',202.0000,21.0000,42.4200,''),
 (155,1,'IVA 21%',101.0000,21.0000,21.2100,''),
 (156,1,'IVA 21%',101.0000,21.0000,21.2100,''),
 (157,1,'IVA 21%',101.0000,21.0000,21.2100,''),
 (158,1,'IVA 21%',101.0000,21.0000,21.2100,''),
 (159,1,'IVA 21%',202.0000,21.0000,42.4200,''),
 (160,1,'IVA 21%',202.0000,21.0000,42.4200,''),
 (161,1,'IVA 21%',202.0000,21.0000,42.4200,''),
 (162,1,'IVA 21%',42.4200,21.0000,84.8400,''),
 (163,1,'IVA 21%',303.0000,21.0000,63.6300,''),
 (164,1,'IVA 21%',505.0000,21.0000,106.0500,''),
 (165,1,'IVA 21%',106.0500,21.0000,212.1000,''),
 (166,1,'IVA 21%',42.4200,21.0000,84.8400,''),
 (167,1,'IVA 21%',202.0000,21.0000,42.4200,''),
 (168,1,'IVA 21%',42.4200,21.0000,84.8400,''),
 (169,1,'IVA 21%',106.0500,21.0000,212.1000,''),
 (170,1,'IVA 21%',42.4200,21.0000,84.8400,''),
 (171,1,'IVA 21%',42.4200,21.0000,84.8400,''),
 (172,1,'IVA 21%',63.6300,21.0000,127.2600,''),
 (173,1,'IVA 21%',303.0000,21.0000,63.6300,''),
 (174,1,'IVA 21%',202.0000,21.0000,42.4200,''),
 (175,1,'IVA 21%',202.0000,21.0000,42.4200,''),
 (176,1,'IVA 21%',303.0000,21.0000,63.6300,''),
 (177,1,'IVA 21%',505.0000,21.0000,106.0500,''),
 (178,1,'IVA 21%',202.0000,21.0000,42.4200,''),
 (179,1,'IVA 21%',202.0000,21.0000,42.4200,''),
 (180,1,'IVA 21%',202.0000,21.0000,42.4200,''),
 (181,1,'IVA 21%',202.0000,21.0000,42.4200,''),
 (182,1,'IVA 21%',202.0000,21.0000,42.4200,''),
 (183,1,'IVA 21%',202.0000,21.0000,42.4200,''),
 (184,1,'IVA 21%',230.8840,21.0000,48.4856,''),
 (185,1,'IVA 21%',102.0000,21.0000,21.2100,''),
 (186,1,'IVA 21%',242.0000,21.0000,50.8200,''),
 (187,1,'IVA 21%',230.8840,21.0000,48.4856,''),
 (188,1,'IVA 21%',121.0000,21.0000,25.4100,''),
 (189,1,'IVA 21%',121.0000,21.0000,25.4100,''),
 (190,1,'IVA 21%',368.0794,21.0000,77.2967,''),
 (191,1,'IVA 21%',303.0000,21.0000,63.6300,''),
 (192,1,'IVA 21%',365.2551,21.0000,76.7036,''),
 (193,1,'IVA 21%',242.0000,21.0000,50.8200,''),
 (194,1,'IVA 21%',101.0000,21.0000,21.2100,''),
 (195,1,'IVA 21%',204.0000,21.0000,42.8400,''),
 (196,1,'IVA 21%',101.0000,21.0000,21.2100,''),
 (197,1,'IVA 21%',101.0000,21.0000,21.2100,''),
 (198,1,'IVA 21%',202.0000,21.0000,42.4200,''),
 (199,1,'IVA 21%',101.0000,21.0000,21.2100,''),
 (200,1,'IVA 21%',202.0000,21.0000,42.4200,''),
 (201,1,'IVA 21%',202.0000,21.0000,42.4200,''),
 (202,1,'IVA 21%',202.0000,21.0000,42.4200,''),
 (203,1,'IVA 21%',202.0000,21.0000,42.4200,''),
 (204,1,'IVA 21%',101.0000,21.0000,21.2100,''),
 (205,1,'IVA 21%',101.0000,21.0000,21.2100,''),
 (208,1,'IVA 21%',505.0000,21.0000,106.0500,''),
 (209,1,'IVA 21%',50.0000,21.0000,10.5000,''),
 (210,1,'IVA 21%',505.0000,21.0000,106.0500,''),
 (211,1,'IVA 21%',1010.0000,21.0000,212.1000,''),
 (212,1,'IVA 21%',1010.0000,21.0000,212.1000,''),
 (213,1,'IVA 21%',505.0000,21.0000,106.0500,''),
 (214,1,'IVA 21%',202.0000,21.0000,42.4200,''),
 (215,1,'IVA 21%',606.0000,21.0000,127.2600,''),
 (216,1,'IVA 21%',202.0000,21.0000,42.4200,''),
 (217,1,'IVA 21%',202.0000,21.0000,42.4200,''),
 (218,1,'IVA 21%',505.0000,21.0000,106.0500,''),
 (219,1,'IVA 21%',202.0000,21.0000,42.4200,''),
 (220,1,'IVA 21%',303.0000,21.0000,63.6300,''),
 (221,1,'IVA 21%',404.0000,21.0000,84.8400,''),
 (222,1,'IVA 21%',404.0000,21.0000,84.8400,''),
 (223,1,'IVA 21%',505.0000,21.0000,106.0500,''),
 (224,1,'IVA 21%',505.0000,21.0000,106.0500,''),
 (225,1,'IVA 21%',606.0000,21.0000,127.2600,''),
 (226,1,'IVA 21%',505.0000,21.0000,106.0500,''),
 (227,1,'IVA 21%',505.0000,21.0000,106.0500,''),
 (228,1,'IVA 21%',505.0000,21.0000,106.0500,''),
 (229,1,'IVA 21%',505.0000,21.0000,106.0500,''),
 (230,1,'IVA 21%',1010.0000,21.0000,212.1000,''),
 (231,1,'IVA 21%',505.0000,21.0000,106.0500,''),
 (232,1,'IVA 21%',202.0000,21.0000,42.4200,''),
 (233,1,'IVA 21%',303.0000,21.0000,63.6300,''),
 (234,1,'IVA 21%',202.0000,21.0000,42.4200,''),
 (235,1,'IVA 21%',202.0000,21.0000,42.4200,''),
 (236,1,'IVA 21%',202.0000,21.0000,42.4200,''),
 (237,1,'IVA 21%',303.0000,21.0000,63.6300,''),
 (238,1,'IVA 21%',202.0000,21.0000,42.4200,''),
 (239,1,'IVA 21%',202.0000,21.0000,42.4200,''),
 (240,1,'IVA 21%',202.0000,21.0000,42.4200,''),
 (241,1,'IVA 21%',202.0000,21.0000,42.4200,''),
 (242,1,'IVA 21%',202.0000,21.0000,42.4200,''),
 (243,1,'IVA 21%',202.0000,21.0000,42.4200,''),
 (244,1,'IVA 21%',242.0000,21.0000,50.8200,''),
 (245,1,'IVA 21%',101.0000,21.0000,21.2100,''),
 (246,1,'IVA 21%',1010.0000,21.0000,212.1000,''),
 (247,1,'IVA 21%',1010.0000,21.0000,212.1000,''),
 (248,1,'IVA 21%',505.0000,21.0000,106.0500,''),
 (249,1,'IVA 21%',505.0000,21.0000,106.0500,''),
 (250,1,'IVA 21%',505.0000,21.0000,106.0500,''),
 (251,1,'IVA 21%',505.0000,21.0000,106.0500,''),
 (252,1,'IVA 21%',101.0000,21.0000,21.2100,''),
 (253,1,'IVA 21%',505.0000,21.0000,106.0500,''),
 (254,1,'IVA 21%',250.8840,21.0000,52.6856,''),
 (255,1,'IVA 21%',505.0000,21.0000,106.0500,''),
 (256,1,'IVA 21%',505.0000,21.0000,106.0500,''),
 (257,1,'IVA 21%',505.0000,21.0000,106.0500,''),
 (258,1,'IVA 21%',101.0000,21.0000,21.2100,''),
 (259,1,'IVA 21%',101.0000,21.0000,21.2100,''),
 (260,1,'IVA 21%',101.0000,21.0000,21.2100,''),
 (261,1,'IVA 21%',101.0000,21.0000,21.2100,''),
 (262,1,'IVA 21%',133.1600,21.0000,27.9636,''),
 (263,1,'IVA 21%',303.0000,21.0000,63.6300,''),
 (264,1,'IVA 21%',333.0000,21.0000,69.9300,''),
 (265,1,'IVA 21%',111.0000,21.0000,23.3100,''),
 (266,1,'IVA 21%',505.0000,21.0000,106.0500,''),
 (267,1,'IVA 21%',202.0000,21.0000,42.4200,''),
 (268,1,'IVA 21%',202.0000,21.0000,42.4200,''),
 (269,1,'IVA 21%',101.0000,21.0000,21.2100,''),
 (270,1,'IVA 21%',101.0000,21.0000,21.2100,''),
 (271,1,'IVA 21%',101.0000,21.0000,21.2100,''),
 (272,1,'IVA 21%',101.0000,21.0000,21.2100,''),
 (273,1,'IVA 21%',202.0000,21.0000,42.4200,''),
 (274,1,'IVA 21%',101.0000,21.0000,21.2100,''),
 (275,1,'IVA 21%',101.0000,21.0000,21.2100,''),
 (276,1,'IVA 21%',101.0000,21.0000,21.2100,''),
 (277,1,'IVA 21%',101.0000,21.0000,21.2100,''),
 (278,1,'IVA 21%',505.0000,21.0000,106.0500,''),
 (279,1,'IVA 21%',1010.0000,21.0000,212.1000,''),
 (280,1,'IVA 21%',1010.0000,21.0000,212.1000,''),
 (282,1,'IVA 21%',101.0000,21.0000,21.2100,''),
 (286,1,'IVA 21%',505.0000,21.0000,106.0500,''),
 (287,1,'IVA 21%',505.0000,21.0000,106.0500,''),
 (288,1,'IVA 21%',1010.0000,21.0000,212.1000,''),
 (289,1,'IVA 21%',101.0000,21.0000,21.2100,''),
 (291,1,'IVA 21%',505.0000,21.0000,106.0500,''),
 (292,1,'IVA 21%',101.0000,21.0000,21.2100,''),
 (293,1,'IVA 21%',105.4420,21.0000,22.1428,''),
 (294,1,'IVA 21%',565.0000,21.0000,118.6500,''),
 (295,1,'IVA 21%',505.0000,21.0000,106.0500,''),
 (296,1,'IVA 21%',1515.0000,21.0000,0.0000,''),
 (299,1,'IVA 21%',2020.0000,21.0000,424.2000,''),
 (300,1,'IVA 21%',565.0000,21.0000,118.6500,''),
 (301,1,'IVA 21%',505.0000,21.0000,106.0500,''),
 (302,1,'IVA 21%',505.0000,21.0000,106.0500,''),
 (303,1,'IVA 21%',505.0000,21.0000,106.0500,''),
 (304,1,'IVA 21%',101.0000,21.0000,21.2100,''),
 (305,1,'IVA 21%',627.2100,21.0000,131.7141,''),
 (306,1,'IVA 21%',627.2100,21.0000,131.7141,''),
 (307,1,'IVA 21%',250.8840,21.0000,52.6856,''),
 (308,1,'IVA 21%',250.8840,21.0000,52.6856,''),
 (309,1,'IVA 21%',250.8840,21.0000,52.6856,''),
 (310,1,'IVA 21%',376.3260,21.0000,79.0285,''),
 (311,1,'IVA 21%',250.8840,21.0000,52.6856,''),
 (312,1,'IVA 21%',250.8840,21.0000,52.6856,''),
 (313,1,'IVA 21%',250.8840,21.0000,52.6856,''),
 (314,1,'IVA 21%',1210.0000,21.0000,254.1000,''),
 (315,1,'IVA 21%',607.2100,21.0000,127.5141,''),
 (316,1,'IVA 21%',607.2100,21.0000,127.5141,''),
 (317,1,'IVA 21%',202.0000,21.0000,42.4200,''),
 (318,1,'IVA 21%',202.0000,21.0000,42.4200,''),
 (319,1,'IVA 21%',202.0000,21.0000,42.4200,''),
 (320,1,'IVA 21%',202.0000,21.0000,42.4200,''),
 (321,1,'IVA 21%',101.0000,21.0000,21.2100,''),
 (322,1,'IVA 21%',202.0000,21.0000,42.4200,''),
 (323,1,'IVA 21%',505.0000,21.0000,106.0500,''),
 (324,1,'IVA 21%',202.0000,21.0000,42.4200,''),
 (325,1,'IVA 21%',202.0000,21.0000,42.4200,''),
 (326,1,'IVA 21%',101.0000,21.0000,21.2100,''),
 (327,1,'IVA 21%',101.0000,21.0000,21.2100,''),
 (328,1,'IVA 21%',202.0000,21.0000,42.4200,''),
 (329,1,'IVA 21%',101.0000,21.0000,21.2100,''),
 (330,1,'IVA 21%',202.0000,21.0000,42.4200,''),
 (334,1,'IVA 21%',101.0000,21.0000,21.2100,''),
 (335,1,'IVA 21%',101.0000,21.0000,21.2100,''),
 (336,1,'IVA 21%',101.0000,21.0000,21.2100,''),
 (337,1,'IVA 21%',50.0000,21.0000,10.5000,''),
 (338,1,'IVA 21%',303.0000,21.0000,63.6300,''),
 (339,1,'IVA 21%',73.3300,21.0000,15.3972,''),
 (340,1,'IVA 21%',101.0000,21.0000,21.2100,''),
 (343,1,'IVA 21%',505.0000,21.0000,106.0500,''),
 (344,1,'IVA 21%',50.0000,21.0000,10.5000,''),
 (346,1,'IVA 21%',102.0000,21.0000,21.2100,''),
 (347,0,'IVA 21%',0.0000,0.0000,0.0000,''),
 (349,1,'IVA 21%',202.0000,21.0000,42.4200,''),
 (352,1,'IVA 21%',306.0000,21.0000,63.6300,''),
 (353,1,'IVA 21%',306.0000,21.0000,63.6300,''),
 (354,1,'IVA 21%',404.0000,21.0000,85.6800,''),
 (356,1,'IVA 21%',408.0000,21.0000,84.8400,''),
 (358,1,'IVA 21%',305.0000,21.0000,85.4700,''),
 (358,2,'IVA 10.5%',204.0000,10.5000,64.2600,''),
 (360,1,'IVA 21%',305.0000,21.0000,64.0500,''),
 (360,2,'IVA 10.5%',204.0000,10.5000,21.4200,''),
 (361,1,'IVA 21%',204.0000,21.0000,42.8400,'0101002'),
 (362,1,'IVA 21%',204.0000,21.0000,42.8400,'0101002'),
 (362,1,'IVA 21%',101.0000,21.0000,21.2100,'0101001'),
 (362,2,'IVA 10.5%',204.0000,10.5000,21.4200,'0101002'),
 (363,1,'IVA 21%',204.0000,21.0000,42.8400,'0101002'),
 (363,1,'IVA 21%',303.0000,21.0000,63.6300,'0101001'),
 (363,2,'IVA 10.5%',204.0000,10.5000,21.4200,'0101002'),
 (364,1,'IVA 21%',202.0000,21.0000,42.4200,'0101001'),
 (364,1,'IVA 21%',100.0000,21.0000,21.0000,'0101004'),
 (365,1,'IVA 21%',202.0000,21.0000,42.4200,'0101001'),
 (365,1,'IVA 21%',100.0000,21.0000,21.0000,'0101004'),
 (366,1,'IVA 21%',303.0000,21.0000,63.6300,'0101001'),
 (366,1,'IVA 21%',100.0000,21.0000,21.0000,'0101004'),
 (367,1,'IVA 21%',204.0000,21.0000,21.4200,'0101002'),
 (367,1,'IVA 21%',102.0000,21.0000,21.4200,'0101002'),
 (367,2,'IVA 10.5%',204.0000,10.5000,10.7100,'0101002'),
 (367,2,'IVA 10.5%',102.0000,10.5000,10.7100,'0101002'),
 (368,1,'IVA 21%',204.0000,21.0000,107.1000,'0101002'),
 (368,1,'IVA 21%',303.0000,21.0000,63.6300,'0101001'),
 (368,1,'IVA 21%',510.0000,21.0000,107.1000,'0101002'),
 (368,2,'IVA 10.5%',204.0000,10.5000,53.5500,'0101002'),
 (368,2,'IVA 10.5%',510.0000,10.5000,53.5500,'0101002'),
 (369,1,'IVA 21%',204.0000,21.0000,21.4200,'0101002'),
 (369,1,'IVA 21%',102.0000,21.0000,21.4200,'0101002'),
 (369,2,'IVA 10.5%',204.0000,10.5000,10.7100,'0101002'),
 (369,2,'IVA 10.5%',102.0000,10.5000,10.7100,'0101002'),
 (370,1,'IVA 21%',204.0000,21.0000,21.4200,'0101002'),
 (370,1,'IVA 21%',204.0000,21.0000,21.4200,'0101002'),
 (370,1,'IVA 21%',102.0000,21.0000,21.4200,'0101002'),
 (370,1,'IVA 21%',102.0000,21.0000,21.4200,'0101002'),
 (370,2,'IVA 10.5%',204.0000,10.5000,10.7100,'0101002'),
 (370,2,'IVA 10.5%',204.0000,10.5000,10.7100,'0101002'),
 (370,2,'IVA 10.5%',102.0000,10.5000,10.7100,'0101002'),
 (370,2,'IVA 10.5%',102.0000,10.5000,10.7100,'0101002'),
 (371,1,'IVA 21%',204.0000,21.0000,21.4200,'0101002'),
 (371,1,'IVA 21%',102.0000,21.0000,21.4200,'0101002'),
 (371,2,'IVA 10.5%',204.0000,10.5000,10.7100,'0101002'),
 (371,2,'IVA 10.5%',102.0000,10.5000,10.7100,'0101002'),
 (372,1,'IVA 21%',204.0000,21.0000,21.4200,'0101002'),
 (372,1,'IVA 21%',102.0000,21.0000,21.4200,'0101002'),
 (372,2,'IVA 10.5%',204.0000,10.5000,10.7100,'0101002'),
 (372,2,'IVA 10.5%',102.0000,10.5000,10.7100,'0101002'),
 (373,1,'IVA 21%',204.0000,21.0000,64.2600,'0101002'),
 (373,1,'IVA 21%',102.0000,21.0000,64.2600,'0101002'),
 (373,2,'IVA 10.5%',204.0000,10.5000,32.1300,'0101002'),
 (373,2,'IVA 10.5%',102.0000,10.5000,32.1300,'0101002'),
 (374,1,'IVA 21%',204.0000,21.0000,42.8400,'0101002'),
 (374,1,'IVA 21%',101.0000,21.0000,21.2100,'0101001'),
 (374,2,'IVA 10.5%',204.0000,10.5000,21.4200,'0101002'),
 (375,1,'IVA 21%',204.0000,21.0000,42.8400,'0101002'),
 (375,1,'IVA 21%',101.0000,21.0000,21.2100,'0101001'),
 (375,2,'IVA 10.5%',204.0000,10.5000,21.4200,'0101002'),
 (376,1,'IVA 21%',204.0000,21.0000,42.8400,'0101002'),
 (376,2,'IVA 10.5%',204.0000,10.5000,21.4200,'0101002'),
 (377,1,'IVA 21%',204.0000,21.0000,42.8400,'0101002'),
 (377,2,'IVA 10.5%',204.0000,10.5000,21.4200,'0101002'),
 (378,1,'IVA 21%',101.0000,21.0000,21.2100,'0101001'),
 (378,1,'IVA 21%',100.0000,21.0000,21.0000,'0101004'),
 (379,1,'IVA 21%',202.0000,21.0000,42.4200,'0101001'),
 (379,2,'IVA 10.5%',100.0000,10.5000,10.5000,'0101003'),
 (380,1,'IVA 21%',202.0000,21.0000,42.4200,'0101001'),
 (380,1,'IVA 21%',306.0000,21.0000,64.2600,'0101002'),
 (381,1,'IVA 21%',202.0000,21.0000,42.4200,'0101001'),
 (381,1,'IVA 21%',306.0000,21.0000,64.2600,'0101002'),
 (382,1,'IVA 21%',202.0000,21.0000,42.4200,'0101001'),
 (382,1,'IVA 21%',306.0000,21.0000,64.2600,'0101002'),
 (383,1,'IVA 21%',202.0000,21.0000,42.4200,'0101001'),
 (383,1,'IVA 21%',306.0000,21.0000,64.2600,'0101002'),
 (384,1,'IVA 21%',202.0000,21.0000,42.4200,'0101001'),
 (384,1,'IVA 21%',306.0000,21.0000,64.2600,'0101002'),
 (385,1,'IVA 21%',202.0000,21.0000,42.4200,'0101001'),
 (385,1,'IVA 21%',306.0000,21.0000,64.2600,'0101002'),
 (386,1,'IVA 21%',202.0000,21.0000,42.4200,'0101001'),
 (386,1,'IVA 21%',306.0000,21.0000,64.2600,'0101002'),
 (387,1,'IVA 21%',202.0000,21.0000,42.4200,'0101001'),
 (388,1,'IVA 21%',202.0000,21.0000,42.4200,'0101001'),
 (389,1,'IVA 21%',202.0000,21.0000,42.4200,'0101001'),
 (389,1,'IVA 21%',306.0000,21.0000,64.2600,'0101002'),
 (390,1,'IVA 21%',202.0000,21.0000,42.4200,'0101001'),
 (390,1,'IVA 21%',306.0000,21.0000,64.2600,'0101002'),
 (391,1,'IVA 21%',202.0000,21.0000,42.4200,'0101001'),
 (391,1,'IVA 21%',306.0000,21.0000,64.2600,'0101002'),
 (392,1,'IVA 21%',202.0000,21.0000,42.4200,'0101001'),
 (392,1,'IVA 21%',306.0000,21.0000,64.2600,'0101002'),
 (393,1,'IVA 21%',202.0000,21.0000,42.4200,'0101001'),
 (393,1,'IVA 21%',306.0000,21.0000,64.2600,'0101002'),
 (394,1,'IVA 21%',202.0000,21.0000,42.4200,'0101001'),
 (394,1,'IVA 21%',306.0000,21.0000,64.2600,'0101002'),
 (395,1,'IVA 21%',202.0000,21.0000,42.4200,'0101001'),
 (395,1,'IVA 21%',306.0000,21.0000,64.2600,'0101002'),
 (396,1,'IVA 21%',202.0000,21.0000,42.4200,'0101001'),
 (396,1,'IVA 21%',306.0000,21.0000,64.2600,'0101002'),
 (397,1,'IVA 21%',202.0000,21.0000,42.4200,'0101001'),
 (397,1,'IVA 21%',306.0000,21.0000,64.2600,'0101002'),
 (398,1,'IVA 21%',202.0000,21.0000,42.4200,'0101001'),
 (398,1,'IVA 21%',306.0000,21.0000,64.2600,'0101002'),
 (399,1,'IVA 21%',202.0000,21.0000,42.4200,'0101001'),
 (399,1,'IVA 21%',306.0000,21.0000,64.2600,'0101002'),
 (400,1,'IVA 21%',202.0000,21.0000,42.4200,'0101001'),
 (400,1,'IVA 21%',306.0000,21.0000,64.2600,'0101002'),
 (401,1,'IVA 21%',202.0000,21.0000,42.4200,'0101001'),
 (402,1,'IVA 21%',202.0000,21.0000,42.4200,'0101001'),
 (402,1,'IVA 21%',306.0000,21.0000,64.2600,'0101002'),
 (403,1,'IVA 21%',202.0000,21.0000,42.4200,'0101001'),
 (403,1,'IVA 21%',306.0000,21.0000,64.2600,'0101002'),
 (404,1,'IVA 21%',202.0000,21.0000,42.4200,'0101001'),
 (404,1,'IVA 21%',306.0000,21.0000,64.2600,'0101002'),
 (405,1,'IVA 21%',202.0000,21.0000,42.4200,'0101001'),
 (405,1,'IVA 21%',306.0000,21.0000,64.2600,'0101002'),
 (406,1,'IVA 21%',202.0000,21.0000,42.4200,'0101001'),
 (406,1,'IVA 21%',306.0000,21.0000,64.2600,'0101002'),
 (407,1,'IVA 21%',202.0000,21.0000,42.4200,'0101001'),
 (407,1,'IVA 21%',306.0000,21.0000,64.2600,'0101002'),
 (408,1,'IVA 21%',202.0000,21.0000,42.4200,'0101001'),
 (408,1,'IVA 21%',306.0000,21.0000,64.2600,'0101002'),
 (409,1,'IVA 21%',202.0000,21.0000,42.4200,'0101001'),
 (409,1,'IVA 21%',306.0000,21.0000,64.2600,'0101002'),
 (410,1,'IVA 21%',202.0000,21.0000,42.4200,'0101001'),
 (410,1,'IVA 21%',306.0000,21.0000,64.2600,'0101002'),
 (411,1,'IVA 21%',202.0000,21.0000,42.4200,'0101001'),
 (411,1,'IVA 21%',306.0000,21.0000,64.2600,'0101002'),
 (412,1,'IVA 21%',202.0000,21.0000,42.4200,'0101001'),
 (412,1,'IVA 21%',306.0000,21.0000,64.2600,'0101002'),
 (413,1,'IVA 21%',202.0000,21.0000,42.4200,'0101001'),
 (413,1,'IVA 21%',306.0000,21.0000,64.2600,'0101002'),
 (414,1,'IVA 21%',202.0000,21.0000,42.4200,'0101001'),
 (414,1,'IVA 21%',306.0000,21.0000,64.2600,'0101002'),
 (415,1,'IVA 21%',202.0000,21.0000,42.4200,'0101001'),
 (415,1,'IVA 21%',306.0000,21.0000,64.2600,'0101002'),
 (416,1,'IVA 21%',202.0000,21.0000,42.4200,'0101001'),
 (416,1,'IVA 21%',306.0000,21.0000,64.2600,'0101002'),
 (417,1,'IVA 21%',202.0000,21.0000,42.4200,'0101001'),
 (417,1,'IVA 21%',306.0000,21.0000,64.2600,'0101002'),
 (418,1,'IVA 21%',202.0000,21.0000,42.4200,'0101001'),
 (418,1,'IVA 21%',306.0000,21.0000,64.2600,'0101002'),
 (419,1,'IVA 21%',202.0000,21.0000,42.4200,'0101001'),
 (419,1,'IVA 21%',306.0000,21.0000,64.2600,'0101002'),
 (420,1,'IVA 21%',202.0000,21.0000,42.4200,'0101001'),
 (420,1,'IVA 21%',306.0000,21.0000,64.2600,'0101002'),
 (421,1,'IVA 21%',202.0000,21.0000,42.4200,'0101001'),
 (421,1,'IVA 21%',306.0000,21.0000,64.2600,'0101002'),
 (422,1,'IVA 21%',202.0000,21.0000,42.4200,'0101001'),
 (422,1,'IVA 21%',306.0000,21.0000,64.2600,'0101002'),
 (423,1,'IVA 21%',202.0000,21.0000,42.4200,'0101001'),
 (423,1,'IVA 21%',306.0000,21.0000,64.2600,'0101002'),
 (424,1,'IVA 21%',202.0000,21.0000,42.4200,'0101001'),
 (424,1,'IVA 21%',306.0000,21.0000,64.2600,'0101002'),
 (425,1,'IVA 21%',202.0000,21.0000,42.4200,'0101001'),
 (425,1,'IVA 21%',306.0000,21.0000,64.2600,'0101002'),
 (426,1,'IVA 21%',202.0000,21.0000,42.4200,'0101001'),
 (426,1,'IVA 21%',306.0000,21.0000,64.2600,'0101002'),
 (427,1,'IVA 21%',202.0000,21.0000,42.4200,'0101001'),
 (427,1,'IVA 21%',306.0000,21.0000,64.2600,'0101002'),
 (428,1,'IVA 21%',202.0000,21.0000,42.4200,'0101001'),
 (428,1,'IVA 21%',306.0000,21.0000,64.2600,'0101002'),
 (429,1,'IVA 21%',202.0000,21.0000,42.4200,'0101001'),
 (429,1,'IVA 21%',306.0000,21.0000,64.2600,'0101002'),
 (430,1,'IVA 21%',202.0000,21.0000,42.4200,'0101001'),
 (430,1,'IVA 21%',306.0000,21.0000,64.2600,'0101002'),
 (430,1,'IVA 21%',99.1736,21.0000,20.8265,'1'),
 (431,1,'IVA 21%',202.0000,21.0000,42.4200,'0101001'),
 (431,1,'IVA 21%',306.0000,21.0000,64.2600,'0101002'),
 (432,1,'IVA 21%',202.0000,21.0000,42.4200,'0101001'),
 (432,1,'IVA 21%',306.0000,21.0000,64.2600,'0101002'),
 (433,1,'IVA 21%',202.0000,21.0000,42.4200,'0101001'),
 (433,1,'IVA 21%',306.0000,21.0000,64.2600,'0101002'),
 (434,1,'IVA 21%',202.0000,21.0000,42.4200,'0101001'),
 (434,1,'IVA 21%',306.0000,21.0000,64.2600,'0101002'),
 (435,1,'IVA 21%',202.0000,21.0000,42.4200,'0101001'),
 (435,1,'IVA 21%',306.0000,21.0000,64.2600,'0101002'),
 (436,1,'IVA 21%',202.0000,21.0000,42.4200,'0101001'),
 (436,1,'IVA 21%',306.0000,21.0000,64.2600,'0101002'),
 (437,1,'IVA 21%',202.0000,21.0000,42.4200,'0101001'),
 (437,1,'IVA 21%',306.0000,21.0000,64.2600,'0101002'),
 (437,1,'IVA 21%',101.6000,21.0000,21.3360,'1'),
 (438,1,'IVA 21%',202.0000,21.0000,42.4200,'0101001'),
 (438,1,'IVA 21%',306.0000,21.0000,64.2600,'0101002'),
 (438,1,'IVA 21%',99.1736,21.0000,20.8265,'1'),
 (439,1,'IVA 21%',202.0000,21.0000,42.4200,'0101001'),
 (439,1,'IVA 21%',306.0000,21.0000,64.2600,'0101002'),
 (439,1,'IVA 21%',120.0000,21.0000,25.2000,'1'),
 (440,1,'IVA 21%',202.0000,21.0000,42.4200,'0101001'),
 (440,1,'IVA 21%',306.0000,21.0000,64.2600,'0101002'),
 (441,1,'IVA 21%',202.0000,21.0000,42.4200,'0101001'),
 (441,1,'IVA 21%',306.0000,21.0000,64.2600,'0101002'),
 (442,1,'IVA 21%',202.0000,21.0000,42.4200,'0101001'),
 (442,1,'IVA 21%',306.0000,21.0000,64.2600,'0101002'),
 (442,1,'IVA 21%',120.0000,21.0000,25.2000,'1'),
 (443,1,'IVA 21%',202.0000,21.0000,42.4200,'0101001'),
 (443,1,'IVA 21%',306.0000,21.0000,64.2600,'0101002'),
 (443,1,'IVA 21%',120.0000,21.0000,25.2000,'1'),
 (444,1,'IVA 21%',202.0000,21.0000,42.4200,'0101001'),
 (444,1,'IVA 21%',306.0000,21.0000,64.2600,'0101002'),
 (444,1,'IVA 21%',99.1736,21.0000,20.8265,'1'),
 (445,1,'IVA 21%',202.0000,21.0000,42.4200,'0101001'),
 (445,1,'IVA 21%',306.0000,21.0000,64.2600,'0101002'),
 (445,1,'IVA 21%',99.1736,21.0000,20.8265,'1'),
 (446,1,'IVA 21%',202.0000,21.0000,42.4200,'0101001'),
 (446,1,'IVA 21%',306.0000,21.0000,64.2600,'0101002'),
 (446,1,'IVA 21%',101.5868,21.0000,21.3332,'1'),
 (447,1,'IVA 21%',202.0000,21.0000,42.4200,'0101001'),
 (447,1,'IVA 21%',306.0000,21.0000,64.2600,'0101002'),
 (448,1,'IVA 21%',202.0000,21.0000,42.4200,'0101001'),
 (448,1,'IVA 21%',306.0000,21.0000,64.2600,'0101002'),
 (448,1,'IVA 21%',101.5868,21.0000,21.3332,'1'),
 (449,1,'IVA 21%',100.0000,21.0000,21.0000,'0000002'),
 (450,1,'IVA 21%',306.0000,21.0000,64.2600,'0101002'),
 (451,1,'IVA 21%',202.0000,21.0000,42.4200,'0101001'),
 (451,1,'IVA 21%',-40.0000,21.0000,-8.4000,'0000003'),
 (452,1,'IVA 21%',202.0000,21.0000,42.4200,'0101001'),
 (453,1,'IVA 21%',202.0000,21.0000,42.4200,'0101001'),
 (454,1,'IVA 21%',202.0000,21.0000,42.4200,'0101001'),
 (454,1,'IVA 21%',306.0000,21.0000,64.2600,'0101002'),
 (454,1,'IVA 21%',-8.0000,21.0000,-1.6800,'0000003'),
 (455,1,'IVA 21%',202.0000,21.0000,42.4200,'0101001'),
 (455,1,'IVA 21%',306.0000,21.0000,64.2600,'0101002'),
 (455,1,'IVA 21%',-8.0000,21.0000,-1.6800,'0000003'),
 (456,1,'IVA 21%',202.0000,21.0000,42.4200,'0101001'),
 (456,1,'IVA 21%',306.0000,21.0000,64.2600,'0101002'),
 (456,1,'IVA 21%',-10.0000,21.0000,-2.1000,'0000003'),
 (457,1,'IVA 21%',202.0000,21.0000,42.4200,'0101001'),
 (458,1,'IVA 21%',202.0000,21.0000,42.4200,'0101001'),
 (459,1,'IVA 21%',242.4000,21.0000,50.9040,'0101001'),
 (459,1,'IVA 21%',397.8000,21.0000,83.5380,'0101002'),
 (459,1,'IVA 21%',115.7025,21.0000,24.2975,'1'),
 (460,1,'IVA 21%',121.2000,21.0000,25.4520,'0101001'),
 (461,1,'IVA 21%',121.2000,21.0000,25.4520,'0101001'),
 (462,1,'IVA 21%',242.4000,21.0000,50.9040,'0101001'),
 (463,1,'IVA 21%',242.4000,21.0000,50.9040,'0101001'),
 (464,1,'IVA 21%',242.4000,21.0000,50.9040,'0101001'),
 (465,1,'IVA 21%',242.4000,21.0000,50.9040,'0101001'),
 (466,1,'IVA 21%',242.4000,21.0000,50.9040,'0101001'),
 (467,1,'IVA 21%',242.4000,21.0000,50.9040,'0101001'),
 (468,1,'IVA 21%',242.4000,21.0000,50.9040,'0101001'),
 (469,1,'IVA 21%',121.2000,21.0000,25.4520,'0101001'),
 (470,1,'IVA 21%',1212.0000,21.0000,254.5200,'0101001'),
 (471,1,'IVA 21%',242.4000,21.0000,50.9040,'0101001'),
 (472,1,'IVA 21%',10.0000,21.0000,2.1000,'0101004'),
 (474,1,'IVA 21%',121.2000,21.0000,25.4520,'0101001'),
 (475,1,'IVA 21%',606.0000,21.0000,127.2600,'0101001'),
 (478,1,'IVA 21%',121.2000,21.0000,25.4520,'0101001'),
 (481,1,'IVA 21%',121.2000,21.0000,25.4520,'0101001'),
 (482,1,'IVA 21%',121.2000,21.0000,50.9040,'0101001'),
 (482,1,'IVA 21%',242.4000,21.0000,50.9040,'0101001'),
 (483,1,'IVA 21%',131.3000,21.0000,55.1460,'0101001'),
 (483,1,'IVA 21%',262.6000,21.0000,55.1460,'0101001'),
 (484,1,'IVA 21%',121.2000,21.0000,50.9040,'0101001'),
 (484,1,'IVA 21%',242.4000,21.0000,50.9040,'0101001'),
 (485,1,'IVA 21%',121.2000,21.0000,25.4520,'0101001'),
 (485,1,'IVA 21%',132.6000,21.0000,27.8460,'0101002'),
 (486,1,'IVA 21%',121.2000,21.0000,50.9040,'0101001'),
 (486,1,'IVA 21%',265.2000,21.0000,55.6920,'0101002'),
 (486,1,'IVA 21%',242.4000,21.0000,50.9040,'0101001'),
 (487,1,'IVA 21%',121.2000,21.0000,50.9040,'0101001'),
 (487,1,'IVA 21%',242.4000,21.0000,50.9040,'0101001'),
 (488,1,'IVA 21%',121.2000,21.0000,25.4520,'0101001'),
 (488,1,'IVA 21%',242.4000,21.0000,50.9040,'0101001'),
 (489,1,'IVA 21%',121.2000,21.0000,25.4520,'0101001'),
 (489,1,'IVA 21%',265.2000,21.0000,55.6920,'0101002'),
 (489,1,'IVA 21%',242.4000,21.0000,50.9040,'0101001'),
 (490,1,'IVA 21%',121.2000,21.0000,25.4520,'0101001'),
 (490,1,'IVA 21%',242.4000,21.0000,50.9040,'0101001'),
 (491,1,'IVA 21%',121.2000,21.0000,25.4520,'0101001'),
 (491,1,'IVA 21%',242.4000,21.0000,50.9040,'0101001'),
 (491,1,'IVA 21%',132.6000,21.0000,27.8460,'0101002'),
 (492,1,'IVA 21%',121.2000,21.0000,25.4520,'0101001'),
 (492,1,'IVA 21%',242.4000,21.0000,50.9040,'0101001'),
 (493,1,'IVA 21%',121.2000,21.0000,25.4520,'0101001'),
 (493,1,'IVA 21%',242.4000,21.0000,50.9040,'0101001'),
 (493,1,'IVA 21%',397.8000,21.0000,83.5380,'0101002'),
 (494,1,'IVA 21%',121.2000,21.0000,25.4520,'0101001'),
 (494,1,'IVA 21%',265.2000,21.0000,55.6920,'0101002'),
 (494,1,'IVA 21%',242.4000,21.0000,50.9040,'0101001'),
 (495,1,'IVA 21%',121.2000,21.0000,25.4520,'0101001'),
 (496,1,'IVA 21%',121.2000,21.0000,25.4520,'0101001'),
 (497,1,'IVA 21%',1212.0000,21.0000,254.5200,'0101001'),
 (498,1,'IVA 21%',100.0000,21.0000,21.0000,'0000002'),
 (499,1,'IVA 21%',606.0000,21.0000,127.2600,'0101001'),
 (500,1,'IVA 21%',121.2000,21.0000,25.4520,'0101001'),
 (501,1,'IVA 21%',-130.0000,21.0000,-27.3000,'0000003'),
 (502,1,'IVA 21%',121.2000,21.0000,25.4520,'0000003'),
 (503,1,'IVA 21%',-13.0000,21.0000,-2.7300,'0000003'),
 (504,1,'IVA 21%',2652.0000,21.0000,556.9200,'0101002'),
 (505,1,'IVA 21%',242.4000,21.0000,50.9040,'0101001'),
 (506,1,'IVA 21%',242.4000,21.0000,50.9040,'0101001'),
 (509,1,'IVA 21%',1212.0000,21.0000,254.5200,'0101001'),
 (509,1,'IVA 21%',115.6942,21.0000,24.2958,'1'),
 (510,1,'IVA 21%',1212.0000,21.0000,254.5200,'0101001'),
 (510,1,'IVA 21%',115.7025,21.0000,24.2975,'1'),
 (511,1,'IVA 21%',1212.0000,21.0000,254.5200,'0101001'),
 (511,1,'IVA 21%',115.6942,21.0000,24.2958,'1'),
 (517,1,'IVA 21%',121.2000,21.0000,25.4520,'0101001'),
 (518,1,'IVA 21%',1212.0000,21.0000,254.5200,'0101001'),
 (519,1,'IVA 21%',606.0000,21.0000,127.2600,'0101001'),
 (520,1,'IVA 21%',100.0000,21.0000,21.0000,'0000001'),
 (521,1,'IVA 21%',1212.0000,21.0000,254.5200,'0101001'),
 (522,1,'IVA 21%',-1.3000,21.0000,-0.2730,'0000003'),
 (522,1,'IVA 21%',121.2000,21.0000,25.4520,'0101001'),
 (523,1,'IVA 21%',606.0000,21.0000,127.2600,'0101001'),
 (524,1,'IVA 21%',606.0000,21.0000,127.2600,'0101001'),
 (525,1,'IVA 21%',606.0000,21.0000,127.2600,'0101001'),
 (526,1,'IVA 21%',606.0000,21.0000,127.2600,'0101001'),
 (527,1,'IVA 21%',606.0000,21.0000,127.2600,'0101001'),
 (528,1,'IVA 21%',606.0000,21.0000,127.2600,'0101001'),
 (528,1,'IVA 21%',57.8347,21.0000,12.1453,'1'),
 (530,1,'IVA 21%',606.0000,21.0000,127.2600,'0101001'),
 (530,1,'IVA 21%',57.8347,21.0000,12.1453,'1'),
 (531,1,'IVA 21%',1212.0000,21.0000,254.5200,'0101001'),
 (532,1,'IVA 21%',606.0000,21.0000,127.2600,'0101001'),
 (532,1,'IVA 21%',115.7025,21.0000,24.2975,'1'),
 (533,1,'IVA 21%',606.0000,21.0000,127.2600,'0101001'),
 (534,1,'IVA 21%',606.0000,21.0000,127.2600,'0101001'),
 (535,1,'IVA 21%',606.0000,21.0000,127.2600,'0101001'),
 (535,1,'IVA 21%',57.8347,21.0000,12.1453,'1'),
 (536,1,'IVA 21%',606.0000,21.0000,127.2600,'0101001'),
 (536,1,'IVA 21%',57.8347,21.0000,12.1453,'1'),
 (537,1,'IVA 21%',606.0000,21.0000,127.2600,'0101001'),
 (538,1,'IVA 21%',121.2000,21.0000,25.4520,'0101001'),
 (539,1,'IVA 21%',606.0000,21.0000,127.2600,'0101001'),
 (540,1,'IVA 21%',606.0000,21.0000,127.2600,'0101001'),
 (540,1,'IVA 21%',57.8347,21.0000,12.1453,'1'),
 (541,1,'IVA 21%',606.0000,21.0000,127.2600,'0101001'),
 (542,1,'IVA 21%',484.8000,21.0000,101.8080,'0101001'),
 (543,1,'IVA 21%',606.0000,21.0000,127.2600,'0101001'),
 (543,1,'IVA 21%',115.7025,21.0000,24.2975,'1'),
 (544,1,'IVA 21%',663.0000,21.0000,139.2300,'0101002'),
 (544,1,'IVA 21%',61.9835,21.0000,13.0165,'1'),
 (545,1,'IVA 21%',6.0000,21.0000,1.2600,'0000003'),
 (546,1,'IVA 21%',606.0000,21.0000,127.2600,'0101001'),
 (547,1,'IVA 21%',606.0000,21.0000,127.2600,'0101001'),
 (547,1,'IVA 21%',57.8347,21.0000,12.1453,'1'),
 (548,1,'IVA 21%',1212.0000,21.0000,254.5200,'0101001'),
 (549,1,'IVA 21%',606.0000,21.0000,127.2600,'0101001'),
 (549,1,'IVA 21%',57.8347,21.0000,12.1453,'1'),
 (550,1,'IVA 21%',606.0000,21.0000,127.2600,'0101001'),
 (550,1,'IVA 21%',115.7025,21.0000,24.2975,'1'),
 (551,1,'IVA 21%',1212.0000,21.0000,254.5200,'0101001'),
 (551,1,'IVA 21%',231.4050,21.0000,48.5950,'1'),
 (552,1,'IVA 21%',1212.0000,21.0000,254.5200,'0101001'),
 (552,1,'IVA 21%',239.0942,21.0000,50.2098,'1'),
 (553,1,'IVA 21%',606.0000,21.0000,127.2600,'0101001'),
 (554,1,'IVA 21%',1212.0000,21.0000,254.5200,'0101001'),
 (554,1,'IVA 21%',231.4909,21.0000,48.6131,'1'),
 (555,1,'IVA 21%',663.0000,21.0000,139.2300,'0101002'),
 (555,1,'IVA 21%',132.2314,21.0000,27.7686,'1'),
 (556,1,'IVA 21%',606.0000,21.0000,127.2600,'0101001'),
 (556,1,'IVA 21%',115.7025,21.0000,24.2975,'1'),
 (557,1,'IVA 21%',606.0000,21.0000,127.2600,'0101001'),
 (557,1,'IVA 21%',117.3983,21.0000,24.6536,'1'),
 (558,1,'IVA 21%',606.0000,21.0000,127.2600,'0101001'),
 (558,1,'IVA 21%',115.7455,21.0000,24.3066,'1'),
 (559,1,'IVA 21%',1212.0000,21.0000,254.5200,'0101001'),
 (560,1,'IVA 21%',1212.0000,21.0000,254.5200,'0101001'),
 (560,1,'IVA 21%',225.8711,21.0000,47.4329,'1'),
 (561,1,'IVA 21%',1212.0000,21.0000,254.5200,'0101001'),
 (561,1,'IVA 21%',231.4909,21.0000,48.6131,'1'),
 (562,1,'IVA 21%',606.0000,21.0000,127.2600,'0101001'),
 (562,1,'IVA 21%',115.7025,21.0000,24.2975,'1'),
 (563,1,'IVA 21%',1212.0000,21.0000,254.5200,'0101001'),
 (564,1,'IVA 21%',606.0000,21.0000,127.2600,'0101001'),
 (564,1,'IVA 21%',107.9769,21.0000,22.6751,'1'),
 (565,1,'IVA 21%',606.0000,21.0000,127.2600,'0101001'),
 (565,1,'IVA 21%',107.9769,21.0000,22.6751,'1'),
 (566,1,'IVA 21%',606.0000,21.0000,127.2600,'0101001'),
 (567,1,'IVA 21%',606.0000,21.0000,127.2600,'0101001'),
 (568,1,'IVA 21%',242.4000,21.0000,50.9040,'0101001'),
 (569,1,'IVA 21%',242.4000,21.0000,50.9040,'0101001'),
 (570,1,'IVA 21%',242.4000,21.0000,50.9040,'0101001'),
 (571,1,'IVA 21%',363.6000,21.0000,76.3560,'0101001'),
 (572,1,'IVA 21%',242.4000,21.0000,50.9040,'0101001'),
 (573,1,'IVA 21%',242.4000,21.0000,50.9040,'0101001'),
 (574,1,'IVA 21%',121.2000,21.0000,25.4520,'0101001'),
 (575,1,'IVA 21%',242.4000,21.0000,50.9040,'0101001'),
 (576,1,'IVA 21%',242.4000,21.0000,50.9040,'0101001'),
 (577,1,'IVA 21%',242.4000,21.0000,50.9040,'0101001'),
 (578,1,'IVA 21%',242.4000,21.0000,50.9040,'0101001'),
 (579,1,'IVA 21%',242.4000,21.0000,50.9040,'0101001'),
 (580,1,'IVA 21%',242.4000,21.0000,50.9040,'0101001'),
 (581,1,'IVA 21%',242.4000,21.0000,50.9040,'0101001'),
 (582,1,'IVA 21%',242.4000,21.0000,50.9040,'0101001'),
 (583,1,'IVA 21%',606.0000,21.0000,127.2600,'0101001'),
 (583,1,'IVA 21%',57.8512,21.0000,12.1488,'1'),
 (584,1,'IVA 21%',363.6000,21.0000,76.3560,'0101001'),
 (585,1,'IVA 21%',242.4000,21.0000,50.9040,'0101001'),
 (586,1,'IVA 21%',121.2000,21.0000,25.4520,'0101001'),
 (586,1,'IVA 21%',8.2628,21.0000,1.7352,'1'),
 (587,1,'IVA 21%',242.4000,21.0000,50.9040,'0101001'),
 (587,1,'IVA 21%',16.5256,21.0000,3.4704,'1'),
 (588,1,'IVA 21%',242.4000,21.0000,50.9040,'0101001'),
 (589,1,'IVA 21%',1212.0000,21.0000,254.5200,'0101001'),
 (590,1,'IVA 21%',242.4000,21.0000,50.9040,'0101001'),
 (590,1,'IVA 21%',16.5174,21.0000,3.4687,'1'),
 (593,1,'IVA 21%',121.2000,21.0000,25.4520,'0101001'),
 (594,1,'IVA 21%',606.0000,21.0000,127.2600,'0101001'),
 (595,1,'IVA 21%',242.4000,21.0000,50.9040,'0101001'),
 (596,1,'IVA 21%',242.4000,21.0000,50.9040,'0101001'),
 (597,1,'IVA 21%',242.4000,21.0000,50.9040,'0101001'),
 (598,1,'IVA 21%',242.4000,21.0000,50.9040,'0101001'),
 (599,1,'IVA 21%',1212.0000,21.0000,254.5200,'0101001'),
 (600,1,'IVA 21%',2424.0000,21.0000,509.0400,'0101001'),
 (600,1,'IVA 21%',-0.0165,21.0000,-0.0035,'1'),
 (601,1,'IVA 21%',24240.0000,21.0000,5090.3999,'0101001'),
 (601,1,'IVA 21%',-0.0165,21.0000,-0.0035,'1'),
 (602,1,'IVA 21%',2424.0000,21.0000,509.0400,'0101001'),
 (602,1,'IVA 21%',-0.0165,21.0000,-0.0035,'1'),
 (603,1,'IVA 21%',606.0000,21.0000,127.2600,'0101001'),
 (604,1,'IVA 21%',606.0000,21.0000,127.2600,'0101001'),
 (605,1,'IVA 21%',2424.0000,21.0000,509.0400,'0101001'),
 (606,1,'IVA 21%',606.0000,21.0000,127.2600,'0101001'),
 (607,1,'IVA 21%',6060.0000,21.0000,1272.6000,'0101001'),
 (608,1,'IVA 21%',606.0000,21.0000,127.2600,'0101001'),
 (609,1,'IVA 21%',606.0000,21.0000,127.2600,'0101001'),
 (610,1,'IVA 21%',2424.0000,21.0000,509.0400,'0101001'),
 (611,1,'IVA 21%',606.0000,21.0000,127.2600,'0101001'),
 (612,1,'IVA 21%',606.0000,21.0000,127.2600,'0101001'),
 (613,1,'IVA 21%',663.0000,21.0000,139.2300,'0101002'),
 (615,1,'IVA 21%',606.0000,21.0000,127.2600,'0101001'),
 (616,1,'IVA 21%',606.0000,21.0000,127.2600,'0101001'),
 (617,1,'IVA 21%',606.0000,21.0000,127.2600,'0101001'),
 (617,1,'IVA 21%',-0.0083,21.0000,-0.0017,'1'),
 (618,1,'IVA 21%',242.4000,21.0000,50.9040,'0101001'),
 (619,1,'IVA 21%',606.0000,21.0000,127.2600,'0101001'),
 (620,1,'IVA 21%',606.0000,21.0000,127.2600,'0101001'),
 (621,1,'IVA 21%',606.0000,21.0000,127.2600,'0101001'),
 (622,1,'IVA 21%',606.0000,21.0000,127.2600,'0101001'),
 (623,1,'IVA 21%',606.0000,21.0000,127.2600,'0101001'),
 (624,1,'IVA 21%',606.0000,21.0000,127.2600,'0101001'),
 (624,1,'IVA 21%',-0.0083,21.0000,-0.0017,'1'),
 (625,1,'IVA 21%',1212.0000,21.0000,254.5200,'0101001'),
 (626,1,'IVA 21%',484.8000,21.0000,101.8080,'0101001'),
 (627,1,'IVA 21%',1212.0000,21.0000,254.5200,'0101001'),
 (628,1,'IVA 21%',606.0000,21.0000,127.2600,'0101001'),
 (629,1,'IVA 21%',606.0000,21.0000,127.2600,'0101001'),
 (630,1,'IVA 21%',606.0000,21.0000,127.2600,'0101001'),
 (631,1,'IVA 21%',606.0000,21.0000,127.2600,'0101001'),
 (632,1,'IVA 21%',606.0000,21.0000,127.2600,'0101001'),
 (633,1,'IVA 21%',606.0000,21.0000,127.2600,'0101001'),
 (634,1,'IVA 21%',606.0000,21.0000,127.2600,'0101001'),
 (635,1,'IVA 21%',606.0000,21.0000,127.2600,'0101001'),
 (636,1,'IVA 21%',606.0000,21.0000,127.2600,'0101001'),
 (637,1,'IVA 21%',606.0000,21.0000,127.2600,'0101001'),
 (638,1,'IVA 21%',606.0000,21.0000,127.2600,'0101001'),
 (639,1,'IVA 21%',606.0000,21.0000,127.2600,'0101001'),
 (640,1,'IVA 21%',727.2000,21.0000,152.7120,'0101001'),
 (641,1,'IVA 21%',727.2000,21.0000,152.7120,'0101001'),
 (642,1,'IVA 21%',1212.0000,21.0000,254.5200,'0101001'),
 (643,1,'IVA 21%',1212.0000,21.0000,254.5200,'0101001'),
 (644,1,'IVA 21%',242.4000,21.0000,50.9040,'0101001'),
 (645,1,'IVA 21%',606.0000,21.0000,127.2600,'0101001'),
 (646,1,'IVA 21%',2424.0000,21.0000,509.0400,'0101001'),
 (647,1,'IVA 21%',2545.2000,21.0000,534.4920,'0101001'),
 (648,1,'IVA 21%',606.0000,21.0000,127.2600,'0101001'),
 (649,1,'IVA 21%',242.4000,21.0000,50.9040,'0101001'),
 (650,1,'IVA 21%',606.0000,21.0000,127.2600,'0101001'),
 (651,1,'IVA 21%',1212.0000,21.0000,254.5200,'0101001'),
 (652,1,'IVA 21%',121.2000,21.0000,25.4520,'0101001'),
 (653,1,'IVA 21%',363.6000,21.0000,76.3560,'0101001'),
 (654,1,'IVA 21%',484.8000,21.0000,101.8080,'0101001'),
 (655,1,'IVA 21%',606.0000,21.0000,127.2600,'0101001'),
 (656,1,'IVA 21%',121.2000,21.0000,25.4520,'0101001'),
 (657,1,'IVA 21%',242.4000,21.0000,50.9040,'0101001'),
 (658,1,'IVA 21%',242.4000,21.0000,50.9040,'0101001'),
 (659,1,'IVA 21%',242.4000,21.0000,50.9040,'0101001'),
 (660,1,'IVA 21%',606.0000,21.0000,127.2600,'0101001'),
 (661,1,'IVA 21%',606.0000,21.0000,127.2600,'0101001'),
 (662,1,'IVA 21%',606.0000,21.0000,127.2600,'0101001'),
 (663,1,'IVA 21%',242.4000,21.0000,50.9040,'0101001'),
 (663,1,'IVA 21%',795.6000,21.0000,167.0760,'0101002'),
 (664,1,'IVA 21%',397.8000,21.0000,83.5380,'0101002'),
 (664,1,'IVA 21%',848.4000,21.0000,178.1640,'0101001'),
 (665,1,'IVA 21%',121.2000,21.0000,25.4520,'0101001'),
 (665,1,'IVA 21%',663.0000,21.0000,139.2300,'0101002'),
 (666,1,'IVA 21%',363.6000,21.0000,76.3560,'0101001'),
 (666,1,'IVA 21%',1060.8000,21.0000,222.7680,'0101002'),
 (667,1,'IVA 21%',606.0000,21.0000,127.2600,'0101001'),
 (667,1,'IVA 21%',397.8000,21.0000,83.5380,'0101002'),
 (668,1,'IVA 21%',242.4000,21.0000,50.9040,'0101001'),
 (669,1,'IVA 21%',242.4000,21.0000,50.9040,'0101001'),
 (669,1,'IVA 21%',663.0000,21.0000,139.2300,'0101002'),
 (670,1,'IVA 21%',606.0000,21.0000,127.2600,'0101001'),
 (671,1,'IVA 21%',242.4000,21.0000,50.9040,'0101001'),
 (672,1,'IVA 21%',606.0000,21.0000,127.2600,'0101001'),
 (673,1,'IVA 21%',121.2000,21.0000,25.4520,'0101001'),
 (674,1,'IVA 21%',606.0000,21.0000,127.2600,'0101001'),
 (675,1,'IVA 21%',363.6000,21.0000,76.3560,'0101001'),
 (676,1,'IVA 21%',848.4000,21.0000,178.1640,'0101001'),
 (677,1,'IVA 21%',397.8000,21.0000,83.5380,'0101002'),
 (677,1,'IVA 21%',969.6000,21.0000,203.6160,'0101001'),
 (678,1,'IVA 21%',265.2000,21.0000,55.6920,'0101002'),
 (679,1,'IVA 21%',242.4000,21.0000,50.9040,'0101001'),
 (679,1,'IVA 21%',928.2000,21.0000,194.9220,'0101002'),
 (680,1,'IVA 21%',242.4000,21.0000,50.9040,'0101001'),
 (681,1,'IVA 21%',363.6000,21.0000,76.3560,'0101001'),
 (681,1,'IVA 21%',1193.4000,21.0000,250.6140,'0101002'),
 (681,1,'IVA 21%',148.7603,21.0000,31.2397,'1'),
 (682,1,'IVA 21%',242.4000,21.0000,50.9040,'0101001'),
 (683,1,'IVA 21%',363.6000,21.0000,76.3560,'0101001'),
 (683,1,'IVA 21%',33.0529,21.0000,6.9411,'1'),
 (684,1,'IVA 21%',795.6000,21.0000,167.0760,'0101002'),
 (684,1,'IVA 21%',74.3752,21.0000,15.6188,'1'),
 (685,1,'IVA 21%',606.0000,21.0000,127.2600,'0101001'),
 (686,1,'IVA 21%',242.4000,21.0000,50.9040,'0101001'),
 (687,1,'IVA 21%',606.0000,21.0000,127.2600,'0101001'),
 (688,1,'IVA 21%',848.4000,21.0000,178.1640,'0101001'),
 (689,1,'IVA 21%',606.0000,21.0000,127.2600,'0101001'),
 (689,1,'IVA 21%',57.8347,21.0000,12.1453,'1'),
 (690,1,'IVA 21%',606.0000,21.0000,127.2600,'0101001'),
 (691,1,'IVA 21%',121.2000,21.0000,25.4520,'0101001'),
 (692,1,'IVA 21%',606.0000,21.0000,127.2600,'0101001'),
 (692,1,'IVA 21%',265.2000,21.0000,55.6920,'0101002'),
 (693,1,'IVA 21%',606.0000,21.0000,127.2600,'0101001'),
 (694,1,'IVA 21%',242.4000,21.0000,50.9040,'0101001'),
 (695,1,'IVA 21%',606.0000,21.0000,127.2600,'0101001'),
 (696,1,'IVA 21%',606.0000,21.0000,127.2600,'0101001'),
 (697,1,'IVA 21%',606.0000,21.0000,127.2600,'0101001'),
 (698,1,'IVA 21%',242.4000,21.0000,50.9040,'0101001'),
 (700,1,'IVA 21%',606.0000,21.0000,127.2600,'0101001'),
 (701,1,'IVA 21%',242.4000,21.0000,50.9040,'0101001'),
 (701,1,'IVA 21%',242.4000,21.0000,50.9040,'0101001'),
 (701,1,'IVA 21%',1010.0000,21.0000,212.1000,'0101001'),
 (702,1,'IVA 21%',606.0000,21.0000,127.2600,'0101001'),
 (703,1,'IVA 21%',242.4000,21.0000,50.9040,'0101001'),
 (703,1,'IVA 21%',663.0000,21.0000,139.2300,'0101002'),
 (707,1,'IVA 21%',606.0000,21.0000,127.2600,'0101001'),
 (708,1,'IVA 21%',265.2000,21.0000,55.6920,'0101002'),
 (709,1,'IVA 21%',606.0000,21.0000,127.2600,'0101001'),
 (710,1,'IVA 21%',606.0000,21.0000,127.2600,'0101001'),
 (711,1,'IVA 21%',606.0000,21.0000,127.2600,'0101001'),
 (711,1,'IVA 21%',1326.0000,21.0000,278.4600,'0101002'),
 (711,1,'IVA 21%',165.2893,21.0000,34.7108,'1'),
 (712,1,'IVA 21%',606.0000,21.0000,127.2600,'0101001'),
 (712,1,'IVA 21%',57.8347,21.0000,12.1453,'1'),
 (713,1,'IVA 21%',663.0000,21.0000,139.2300,'0101002'),
 (713,1,'IVA 21%',66.1157,21.0000,13.8843,'1'),
 (714,1,'IVA 21%',663.0000,21.0000,139.2300,'0101002'),
 (714,1,'IVA 21%',132.2314,21.0000,27.7686,'1'),
 (715,1,'IVA 21%',606.0000,21.0000,127.2600,'0101001'),
 (715,1,'IVA 21%',57.8512,21.0000,12.1488,'1'),
 (716,1,'IVA 21%',606.0000,21.0000,127.2600,'0101001'),
 (716,1,'IVA 21%',57.8512,21.0000,12.1488,'1'),
 (718,1,'IVA 21%',1212.0000,21.0000,254.5200,'0101001'),
 (719,1,'IVA 21%',606.0000,21.0000,127.2600,'0101001'),
 (720,1,'IVA 21%',121.2000,21.0000,25.4520,'0101001'),
 (721,1,'IVA 21%',606.0000,21.0000,127.2600,'0101001'),
 (722,1,'IVA 21%',606.0000,21.0000,127.2600,'0101001'),
 (723,1,'IVA 21%',606.0000,21.0000,127.2600,'0101001'),
 (724,1,'IVA 21%',1326.0000,21.0000,278.4600,'0101002'),
 (725,1,'IVA 21%',1.3000,21.0000,0.2730,'0000913019'),
 (726,1,'IVA 21%',13.0000,21.0000,2.7300,'0000913019');
/*!40000 ALTER TABLE `facturasimp` ENABLE KEYS */;


--
-- Definition of table `facturasrec`
--

DROP TABLE IF EXISTS `facturasrec`;
CREATE TABLE `facturasrec` (
  `idfacrec` int(10) unsigned NOT NULL,
  `recneto` float(13,4) NOT NULL,
  `impuesto` float(13,4) NOT NULL,
  `total` float(13,4) NOT NULL,
  `razon` float(13,4) NOT NULL,
  `idfactura` int(10) unsigned NOT NULL,
  `idrecibo` int(10) unsigned NOT NULL,
  PRIMARY KEY (`idfacrec`)
) ENGINE=InnoDB DEFAULT CHARSET=latin1;

--
-- Dumping data for table `facturasrec`
--

/*!40000 ALTER TABLE `facturasrec` DISABLE KEYS */;
/*!40000 ALTER TABLE `facturasrec` ENABLE KEYS */;


--
-- Definition of table `formicompro`
--

DROP TABLE IF EXISTS `formicompro`;
CREATE TABLE `formicompro` (
  `idform` int(10) unsigned NOT NULL,
  `detalle` char(254) NOT NULL,
  `idcomproba` int(10) unsigned NOT NULL
) ENGINE=InnoDB DEFAULT CHARSET=utf8;

--
-- Dumping data for table `formicompro`
--

/*!40000 ALTER TABLE `formicompro` DISABLE KEYS */;
/*!40000 ALTER TABLE `formicompro` ENABLE KEYS */;


--
-- Definition of table `grupoobjeto`
--

DROP TABLE IF EXISTS `grupoobjeto`;
CREATE TABLE `grupoobjeto` (
  `idgrupobj` int(10) unsigned NOT NULL,
  `idgrupo` int(10) unsigned NOT NULL,
  `idmiembro` char(20) NOT NULL,
  `fecha` char(8) NOT NULL,
  PRIMARY KEY (`idgrupobj`) USING BTREE
) ENGINE=InnoDB DEFAULT CHARSET=latin1;

--
-- Dumping data for table `grupoobjeto`
--

/*!40000 ALTER TABLE `grupoobjeto` DISABLE KEYS */;
INSERT INTO `grupoobjeto` (`idgrupobj`,`idgrupo`,`idmiembro`,`fecha`) VALUES 
 (34,5,'4','20180823'),
 (35,5,'3','20180823'),
 (36,5,'1','20180823'),
 (37,5,'2','20180823'),
 (63,2,'3','20180823'),
 (64,2,'1','20180823'),
 (65,6,'637','20180823'),
 (66,6,'821','20180823'),
 (67,1,'0913015','20180817'),
 (68,1,'0902007','20180817'),
 (69,1,'0913005','20180817'),
 (70,1,'0913014','20180817'),
 (71,1,'0913004','20180817'),
 (72,1,'0913013','20180817'),
 (73,1,'0913003','20180817'),
 (74,1,'0913012','20180817'),
 (75,1,'0101002','20180817'),
 (76,1,'0101001','20180817'),
 (77,1,'0104013','20180817'),
 (78,1,'0104014','20180817'),
 (79,1,'0104010','20180817'),
 (80,1,'0104011','20180817'),
 (81,1,'0210014','20180817'),
 (82,1,'0215021','20180817'),
 (83,1,'0215022','20180817'),
 (84,1,'0210016','20180817'),
 (85,1,'0215023','20180817'),
 (86,7,'3','20180824'),
 (88,9,'1','20180824'),
 (89,9,'2','20180824'),
 (90,9,'3','20180824'),
 (91,11,'0101002','20181126'),
 (92,11,'0101001','20181126'),
 (93,11,'0101003','20181126'),
 (94,11,'0101004','20181126'),
 (95,11,'0101005','20181126'),
 (96,11,'0101006','20181126'),
 (97,11,'0101007','20181126'),
 (98,11,'0101008','20181126');
/*!40000 ALTER TABLE `grupoobjeto` ENABLE KEYS */;


--
-- Definition of table `grupos`
--

DROP TABLE IF EXISTS `grupos`;
CREATE TABLE `grupos` (
  `idgrupo` int(10) unsigned NOT NULL,
  `idtipogrupo` int(10) unsigned NOT NULL,
  `nombre` char(100) NOT NULL,
  `fecha` char(8) NOT NULL,
  `describir` longtext NOT NULL,
  PRIMARY KEY (`idgrupo`)
) ENGINE=InnoDB DEFAULT CHARSET=latin1;

--
-- Dumping data for table `grupos`
--

/*!40000 ALTER TABLE `grupos` DISABLE KEYS */;
INSERT INTO `grupos` (`idgrupo`,`idtipogrupo`,`nombre`,`fecha`,`describir`) VALUES 
 (1,1,'Primer Grupo','20180817','cualquiera'),
 (2,2,'Clientes','20180823','Carga de Grupos de Clientes'),
 (4,2,'Clientes 2','20180823','Otro grupo Cliente para Probar'),
 (5,2,'Grupo Clientes Numero 2','20180823','probamos si funciona la carga de grupos nueva'),
 (6,5,'Tapacantos','20180823','Grupo de Materiales de Ordenes de Trabajo Tapacantos'),
 (7,9,'Bancos 0','20180824',''),
 (8,9,'Bancos 1','20180824','Bancos Nuevo'),
 (9,9,'Grupo1','20180824',''),
 (11,1,'Alambres','20181126','Grupo de alambres');
/*!40000 ALTER TABLE `grupos` ENABLE KEYS */;


--
-- Definition of table `grupose`
--

DROP TABLE IF EXISTS `grupose`;
CREATE TABLE `grupose` (
  `idgrupoe` int(10) unsigned NOT NULL DEFAULT '0',
  `descripcion` char(100) NOT NULL,
  `observa` char(254) NOT NULL,
  `fecha` char(8) NOT NULL,
  PRIMARY KEY (`idgrupoe`) USING BTREE
) ENGINE=InnoDB DEFAULT CHARSET=latin1;

--
-- Dumping data for table `grupose`
--

/*!40000 ALTER TABLE `grupose` DISABLE KEYS */;
/*!40000 ALTER TABLE `grupose` ENABLE KEYS */;


--
-- Definition of table `gruposepelio`
--

DROP TABLE IF EXISTS `gruposepelio`;
CREATE TABLE `gruposepelio` (
  `dni` int(10) unsigned NOT NULL,
  `tipodoc` char(3) NOT NULL,
  `apellido` char(100) NOT NULL,
  `nombre` char(100) NOT NULL,
  `fechanac` char(8) NOT NULL,
  `parentesco` char(100) NOT NULL,
  `fechaalta` char(8) NOT NULL,
  `fechabaja` char(8) NOT NULL,
  `diasvigen` int(10) unsigned NOT NULL DEFAULT '0',
  `sexo` char(1) NOT NULL,
  `identidadh` int(10) unsigned NOT NULL,
  `idgruposep` int(10) unsigned NOT NULL DEFAULT '0',
  PRIMARY KEY (`idgruposep`)
) ENGINE=InnoDB DEFAULT CHARSET=latin1;

--
-- Dumping data for table `gruposepelio`
--

/*!40000 ALTER TABLE `gruposepelio` DISABLE KEYS */;
INSERT INTO `gruposepelio` (`dni`,`tipodoc`,`apellido`,`nombre`,`fechanac`,`parentesco`,`fechaalta`,`fechabaja`,`diasvigen`,`sexo`,`identidadh`,`idgruposep`) VALUES 
 (38374141,'1','CARRION','FEDERICO','19940713','AMIGO','20170125','20170125',0,'M',3,1);
/*!40000 ALTER TABLE `gruposepelio` ENABLE KEYS */;


--
-- Definition of table `impuestos`
--

DROP TABLE IF EXISTS `impuestos`;
CREATE TABLE `impuestos` (
  `impuesto` int(10) unsigned NOT NULL,
  `detalle` char(254) NOT NULL,
  `razon` float(13,4) NOT NULL,
  `formula` char(150) DEFAULT NULL,
  `abrevia` char(150) NOT NULL,
  `baseimpon` float(13,4) NOT NULL,
  `cantidad` float(13,4) NOT NULL,
  `idafipimp` int(10) unsigned NOT NULL,
  `idtipoimpu` int(10) unsigned NOT NULL,
  PRIMARY KEY (`impuesto`) USING BTREE
) ENGINE=InnoDB DEFAULT CHARSET=latin1;

--
-- Dumping data for table `impuestos`
--

/*!40000 ALTER TABLE `impuestos` DISABLE KEYS */;
INSERT INTO `impuestos` (`impuesto`,`detalle`,`razon`,`formula`,`abrevia`,`baseimpon`,`cantidad`,`idafipimp`,`idtipoimpu`) VALUES 
 (1,'IVA 21%',21.0000,'','IVA',500.0000,1.0000,5,1),
 (2,'RETENCIÓN IIBB',10.5000,'','IVA',500.0000,1.0000,2,1),
 (3,'DESCUENTO POR PAGO EN TERMINO',10.0000,'TOTAL * 10%','DESCUENTO',0.0000,1.0000,0,0),
 (4,'RETENCIONES IIBB',0.0000,'','',2000.0000,1.0000,0,2);
/*!40000 ALTER TABLE `impuestos` ENABLE KEYS */;


--
-- Definition of table `impuestospro`
--

DROP TABLE IF EXISTS `impuestospro`;
CREATE TABLE `impuestospro` (
  `impuesto` int(10) unsigned NOT NULL,
  `detalle` char(254) NOT NULL,
  `razon` float(13,4) NOT NULL,
  `formula` char(254) NOT NULL,
  `abrevia` char(254) NOT NULL,
  `baseimpon` float(13,4) NOT NULL,
  `cantidad` float(13,4) NOT NULL,
  `idafipimp` int(10) unsigned NOT NULL,
  `idtipoimpu` int(10) unsigned NOT NULL,
  PRIMARY KEY (`impuesto`)
) ENGINE=InnoDB DEFAULT CHARSET=latin1;

--
-- Dumping data for table `impuestospro`
--

/*!40000 ALTER TABLE `impuestospro` DISABLE KEYS */;
INSERT INTO `impuestospro` (`impuesto`,`detalle`,`razon`,`formula`,`abrevia`,`baseimpon`,`cantidad`,`idafipimp`,`idtipoimpu`) VALUES 
 (1,'IVA 21%',21.0000,'','IVA',500.0000,0.0000,0,0),
 (2,'IVA 10.5%',10.5000,'','IVA',1000.0000,0.0000,0,0),
 (3,'DESCUENTO POR PAGO EN TERMINO',10.0000,'TOTAL * 10%','DESCUENTO',0.0000,1.0000,0,0),
 (4,'RETENCIONES IIBB',0.0000,'','',2000.0000,1.0000,0,2);
/*!40000 ALTER TABLE `impuestospro` ENABLE KEYS */;


--
-- Definition of table `largadistancia`
--

DROP TABLE IF EXISTS `largadistancia`;
CREATE TABLE `largadistancia` (
  `idlargad` int(10) unsigned NOT NULL,
  `mes` int(10) unsigned NOT NULL,
  `anio` int(10) unsigned NOT NULL,
  `secuencia` int(10) unsigned NOT NULL,
  `bocanumero` char(50) NOT NULL,
  `fechllama` char(8) NOT NULL,
  `destino` char(50) NOT NULL,
  `tiempo` int(10) unsigned NOT NULL,
  `importe` float(13,4) NOT NULL,
  `facturado` char(1) NOT NULL,
  `facturar` char(1) NOT NULL,
  `codigocta` char(20) NOT NULL,
  `observa` char(254) NOT NULL,
  `idfactura` int(10) unsigned NOT NULL,
  `identidadh` int(10) unsigned NOT NULL,
  PRIMARY KEY (`idlargad`)
) ENGINE=InnoDB DEFAULT CHARSET=latin1;

--
-- Dumping data for table `largadistancia`
--

/*!40000 ALTER TABLE `largadistancia` DISABLE KEYS */;
/*!40000 ALTER TABLE `largadistancia` ENABLE KEYS */;


--
-- Definition of table `librosocios`
--

DROP TABLE IF EXISTS `librosocios`;
CREATE TABLE `librosocios` (
  `entidad` int(10) unsigned NOT NULL,
  `servicio` int(10) unsigned NOT NULL,
  `nombre` char(254) NOT NULL,
  `apellido` char(254) NOT NULL,
  `direccion` char(254) NOT NULL,
  `localidad` int(10) unsigned NOT NULL,
  `dni` int(10) unsigned NOT NULL,
  `actanro` char(20) NOT NULL,
  `nrosolicitud` char(20) NOT NULL,
  `capsusc` float(13,4) NOT NULL,
  `capemiti` float(13,4) NOT NULL,
  `capinteg` float(13,4) NOT NULL,
  `fechabaja` char(8) NOT NULL,
  `causabaja` char(8) NOT NULL,
  `observa` char(254) NOT NULL,
  `idlibrosoc` int(10) unsigned NOT NULL,
  `identidadh` int(10) unsigned NOT NULL,
  `cuit` char(13) NOT NULL,
  `tipodoc` int(10) unsigned NOT NULL,
  PRIMARY KEY (`idlibrosoc`) USING BTREE
) ENGINE=InnoDB DEFAULT CHARSET=latin1;

--
-- Dumping data for table `librosocios`
--

/*!40000 ALTER TABLE `librosocios` DISABLE KEYS */;
/*!40000 ALTER TABLE `librosocios` ENABLE KEYS */;


--
-- Definition of table `librosociosdet`
--

DROP TABLE IF EXISTS `librosociosdet`;
CREATE TABLE `librosociosdet` (
  `idlibrosoc` int(10) unsigned NOT NULL AUTO_INCREMENT,
  `fecha` char(8) NOT NULL,
  `capemiti` float(13,4) NOT NULL,
  `capineg` float(13,4) NOT NULL,
  `compro` char(30) NOT NULL,
  PRIMARY KEY (`idlibrosoc`)
) ENGINE=InnoDB DEFAULT CHARSET=latin1;

--
-- Dumping data for table `librosociosdet`
--

/*!40000 ALTER TABLE `librosociosdet` DISABLE KEYS */;
/*!40000 ALTER TABLE `librosociosdet` ENABLE KEYS */;


--
-- Definition of table `librosociosdeta`
--

DROP TABLE IF EXISTS `librosociosdeta`;
CREATE TABLE `librosociosdeta` (
  `idlibrosoc` int(10) unsigned NOT NULL,
  `fecha` char(8) NOT NULL,
  `capemiti` float(13,4) NOT NULL,
  `capinteg` float(13,4) NOT NULL,
  `idcomproba` int(10) unsigned NOT NULL,
  `idregicomp` int(10) unsigned NOT NULL,
  `detalle` char(254) NOT NULL
) ENGINE=InnoDB DEFAULT CHARSET=latin1;

--
-- Dumping data for table `librosociosdeta`
--

/*!40000 ALTER TABLE `librosociosdeta` DISABLE KEYS */;
/*!40000 ALTER TABLE `librosociosdeta` ENABLE KEYS */;


--
-- Definition of table `lineas`
--

DROP TABLE IF EXISTS `lineas`;
CREATE TABLE `lineas` (
  `linea` char(20) NOT NULL,
  `detalle` char(254) NOT NULL,
  `codigoctac` char(20) NOT NULL,
  `codigoctav` char(20) NOT NULL,
  PRIMARY KEY (`linea`)
) ENGINE=InnoDB DEFAULT CHARSET=latin1;

--
-- Dumping data for table `lineas`
--

/*!40000 ALTER TABLE `lineas` DISABLE KEYS */;
INSERT INTO `lineas` (`linea`,`detalle`,`codigoctac`,`codigoctav`) VALUES 
 ('0101','ALAMBRE Y CABLES','',''),
 ('0102','BULONES','',''),
 ('0103','CAJA Y CAÑOS','',''),
 ('0104','FICHAS','',''),
 ('0105','MORSETERIA','',''),
 ('0106','POSTES Y ANCLAJES','',''),
 ('0109','REPUESTOS','',''),
 ('0110','MATERIALES PARA VENTAS','',''),
 ('0201','ABRAZADERAS','',''),
 ('0202','ADAPTADORES','',''),
 ('0203','BRIDAS','',''),
 ('0204','BUJES','',''),
 ('0205','CAÑOS','',''),
 ('0206','CUPLAS','',''),
 ('0207','CURVAS','',''),
 ('0208','LLAVES','',''),
 ('0209','MANGOS','',''),
 ('0210','MEDIDORES, ACCESORIOS Y CAJAS','',''),
 ('0211','REDUCCIONES','',''),
 ('0212','TAPONES Y TEE','',''),
 ('0213','UNIONES DE REPARACION','',''),
 ('0214','VARIOS','',''),
 ('0215','MATERIALES PARA CLOACAS','',''),
 ('0901','ABRAZADERAS','',''),
 ('0902','ADAPTADORES','',''),
 ('0903','AMPLIFICADORES','',''),
 ('0904','BULONES - MORSETOS -','',''),
 ('0905','CABLES','',''),
 ('0906','CONECTORES','',''),
 ('0907','DIVISORES','',''),
 ('0908','EMPALMES','',''),
 ('0909','GRAMPAS','',''),
 ('0910','JABALINAS','',''),
 ('0911','MODEMS','',''),
 ('0912','RIENDAS, TORNIQUETES Y ANCLAS','',''),
 ('0913','TAPS','','');
/*!40000 ALTER TABLE `lineas` ENABLE KEYS */;


--
-- Definition of table `linkcompro`
--

DROP TABLE IF EXISTS `linkcompro`;
CREATE TABLE `linkcompro` (
  `idlinkcomp` int(10) unsigned NOT NULL,
  `idcomprobaA` int(10) unsigned NOT NULL,
  `idregistroA` int(10) unsigned NOT NULL,
  `idcomprobaB` int(10) unsigned NOT NULL,
  `idregistroB` int(10) unsigned NOT NULL,
  PRIMARY KEY (`idlinkcomp`)
) ENGINE=InnoDB DEFAULT CHARSET=latin1;

--
-- Dumping data for table `linkcompro`
--

/*!40000 ALTER TABLE `linkcompro` DISABLE KEYS */;
INSERT INTO `linkcompro` (`idlinkcomp`,`idcomprobaA`,`idregistroA`,`idcomprobaB`,`idregistroB`) VALUES 
 (1,1,286,1,251),
 (2,1,287,1,251),
 (3,1,288,1,280),
 (4,1,289,1,252),
 (5,1,296,1,249),
 (6,1,296,1,248),
 (7,1,296,1,251),
 (8,1,301,1,251),
 (9,1,343,1,285),
 (10,1,591,1,560),
 (11,1,591,1,563),
 (12,1,592,1,559),
 (13,1,592,1,563),
 (15,15,37,1,698),
 (16,15,38,1,698),
 (17,15,39,1,698),
 (18,1,699,1,698),
 (19,1,700,1,697),
 (20,1,701,15,38),
 (21,1,701,15,39),
 (22,1,701,1,206),
 (23,1,701,1,212),
 (24,1,701,15,13),
 (25,15,41,15,39),
 (26,15,42,1,699),
 (27,1,702,15,43),
 (28,15,45,1,703),
 (29,15,46,1,703),
 (30,16,21,16,20),
 (31,16,22,1,721),
 (32,17,34,0,0),
 (33,17,35,0,0),
 (34,16,30,1,713);
/*!40000 ALTER TABLE `linkcompro` ENABLE KEYS */;


--
-- Definition of table `listaprecioh`
--

DROP TABLE IF EXISTS `listaprecioh`;
CREATE TABLE `listaprecioh` (
  `idlista` int(10) unsigned NOT NULL,
  `articulo` char(50) NOT NULL,
  `costo` float(13,4) NOT NULL,
  `margen` float(13,4) NOT NULL,
  `importe` float(13,3) NOT NULL,
  `fechaalta` char(8) NOT NULL,
  PRIMARY KEY (`idlista`)
) ENGINE=InnoDB DEFAULT CHARSET=latin1;

--
-- Dumping data for table `listaprecioh`
--

/*!40000 ALTER TABLE `listaprecioh` DISABLE KEYS */;
INSERT INTO `listaprecioh` (`idlista`,`articulo`,`costo`,`margen`,`importe`,`fechaalta`) VALUES 
 (1,'0101001',101.0000,1.2000,121.200,'20181027');
/*!40000 ALTER TABLE `listaprecioh` ENABLE KEYS */;


--
-- Definition of table `listapreciop`
--

DROP TABLE IF EXISTS `listapreciop`;
CREATE TABLE `listapreciop` (
  `idlista` int(10) unsigned NOT NULL,
  `detalle` char(254) NOT NULL,
  `fechaalta` char(8) NOT NULL,
  `vigedesde` char(8) NOT NULL,
  `vigehasta` char(8) NOT NULL,
  `margen` float(13,4) NOT NULL,
  `condvta` int(10) unsigned NOT NULL,
  `idlistap` int(10) unsigned NOT NULL,
  PRIMARY KEY (`idlista`)
) ENGINE=InnoDB DEFAULT CHARSET=latin1;

--
-- Dumping data for table `listapreciop`
--

/*!40000 ALTER TABLE `listapreciop` DISABLE KEYS */;
INSERT INTO `listapreciop` (`idlista`,`detalle`,`fechaalta`,`vigedesde`,`vigehasta`,`margen`,`condvta`,`idlistap`) VALUES 
 (1,'LISTA 0','20180220','20180220','21000101',1.3000,0,1),
 (2,'LISTA 1','20181031','20181031','20201031',1.5000,0,1);
/*!40000 ALTER TABLE `listapreciop` ENABLE KEYS */;


--
-- Definition of table `localidades`
--

DROP TABLE IF EXISTS `localidades`;
CREATE TABLE `localidades` (
  `localidad` char(10) NOT NULL DEFAULT '0',
  `nombre` char(200) NOT NULL,
  `cp` char(50) NOT NULL,
  `provincia` char(10) NOT NULL,
  PRIMARY KEY (`localidad`) USING BTREE
) ENGINE=InnoDB DEFAULT CHARSET=latin1;

--
-- Dumping data for table `localidades`
--

/*!40000 ALTER TABLE `localidades` DISABLE KEYS */;
INSERT INTO `localidades` (`localidad`,`nombre`,`cp`,`provincia`) VALUES 
 ('1','Margarita','3056','1'),
 ('3','Santa Fe','3000','1'),
 ('4','RECREO','6556','1'),
 ('5','GALLARETA','DDFD','1'),
 ('6','ROSARIO NORTE','2000','1'),
 ('7','RECONQUISTA','3560','1'),
 ('8','CORRIENTES','3400','10');
/*!40000 ALTER TABLE `localidades` ENABLE KEYS */;


--
-- Definition of table `logsystem`
--

DROP TABLE IF EXISTS `logsystem`;
CREATE TABLE `logsystem` (
  `idlog` int(10) unsigned NOT NULL,
  `fechahora` char(20) NOT NULL,
  `usuario` char(20) NOT NULL,
  `tabla` char(50) NOT NULL,
  `campo` char(50) NOT NULL,
  `tipo` char(1) NOT NULL,
  `idtabla` char(50) NOT NULL,
  `operacion` char(20) NOT NULL,
  `ipaddress` char(15) NOT NULL,
  `host` char(30) NOT NULL,
  `detalle` text NOT NULL,
  PRIMARY KEY (`idlog`)
) ENGINE=InnoDB DEFAULT CHARSET=latin1;

--
-- Dumping data for table `logsystem`
--

/*!40000 ALTER TABLE `logsystem` DISABLE KEYS */;
INSERT INTO `logsystem` (`idlog`,`fechahora`,`usuario`,`tabla`,`campo`,`tipo`,`idtabla`,`operacion`,`ipaddress`,`host`,`detalle`) VALUES 
 (6,'18/08/2018 12:44:25','TULIO','otordentra','idot','I','20','I','','',''),
 (7,'28/07/2018 12:47:21','TULIO','otordentra','idot','I','21','I','','',''),
 (8,'28/07/2018 12:54:09','TULIO','otordentra','idot','I','23','I','','',''),
 (9,'28/07/2018 12:58:52','TULIO','otordentra','idot','I','24','I','','','pruebaaosmdosmdo'),
 (10,'28/07/2018 01:00:37','TULIO','otordentra','idot','I','25','I','','',''),
 (18,'28/07/2018 01:20:51','TULIO','otordentra','idot','I','30','I','','','INSERT INTO otordentra (idpedido,idot,fechaot,fechaini,testimado,costoest,descriptot,idestado,detaestado,responsa,observa,idetapa,etapa) values (1,30,20180728,20180728,10d-00:00:00,1000.00,OT PRUEBA 8888,1,INICIADO,TULIO,,1,PREPARACION DE MATERIALES (STOCK))'),
 (19,'28/07/2018 01:21:02','TULIO','otestadosot','','','8','I','','','INSERT INTO otestadosot (idotestadosot,idot,idestado,fecha) values (8,30,1,20180728)'),
 (20,'28/07/2018 01:24:15','TULIO','otordentra','idot','I','31','I','','','INSERT INTO otordentra (idpedido,idot,fechaot,fechaini,testimado,costoest,descriptot,idestado,detaestado,responsa,observa,idetapa,etapa) values (2,31,20180728,20180728,10d-00:00:00,100.00,OT PRUEBA 9999,1,INICIADO,TULIO,,1,PREPARACION DE MATERIALES (STOCK))'),
 (21,'20180728132757','TULIO','otordentra','idot','I','32','I','','','INSERT INTO otordentra (idpedido,idot,fechaot,fechaini,testimado,costoest,descriptot,idestado,detaestado,responsa,observa,idetapa,etapa) values (1,32,20180728,20180728,10d-00:00:00,100.00,OT PRUEBA qowjo,1,INICIADO,TULIO,,1,PREPARACION DE MATERIALES (STOCK))');
/*!40000 ALTER TABLE `logsystem` ENABLE KEYS */;


--
-- Definition of table `medagua`
--

DROP TABLE IF EXISTS `medagua`;
CREATE TABLE `medagua` (
  `bocanumero` char(50) NOT NULL,
  `mes` int(10) unsigned NOT NULL,
  `anio` int(10) unsigned NOT NULL,
  `secuencia` int(10) unsigned NOT NULL,
  `fecha` char(8) NOT NULL,
  `vue_ante` int(10) unsigned NOT NULL,
  `med_ante` int(10) unsigned NOT NULL,
  `vue_actu` int(10) unsigned NOT NULL,
  `med_actu` int(10) unsigned NOT NULL,
  `consumo` int(10) unsigned NOT NULL,
  `ruta1` int(10) unsigned NOT NULL,
  `folio1` int(10) unsigned NOT NULL,
  `ruta2` int(10) unsigned NOT NULL,
  `folio2` int(10) unsigned NOT NULL,
  `facturado` char(1) NOT NULL,
  `facturar` char(1) NOT NULL,
  `idfactura` int(10) unsigned NOT NULL,
  `idmedagua` int(10) unsigned NOT NULL,
  `identidadh` int(10) unsigned NOT NULL,
  PRIMARY KEY (`idmedagua`) USING BTREE
) ENGINE=InnoDB DEFAULT CHARSET=latin1;

--
-- Dumping data for table `medagua`
--

/*!40000 ALTER TABLE `medagua` DISABLE KEYS */;
/*!40000 ALTER TABLE `medagua` ENABLE KEYS */;


--
-- Definition of table `medluz`
--

DROP TABLE IF EXISTS `medluz`;
CREATE TABLE `medluz` (
  `idmedluz` int(10) unsigned NOT NULL,
  `medant` float(13,4) NOT NULL,
  `medact` float(13,4) NOT NULL,
  `medcal` float(13,4) NOT NULL,
  `consumo` float(13,4) NOT NULL,
  `mes` int(10) unsigned NOT NULL,
  `anio` int(10) unsigned NOT NULL,
  `zona` int(10) unsigned NOT NULL,
  `nroreg` int(10) unsigned NOT NULL,
  `medidor` int(10) unsigned NOT NULL,
  `categoria` int(10) unsigned NOT NULL,
  `fant` char(8) NOT NULL,
  `fact` char(8) NOT NULL,
  `identidadh` int(10) unsigned NOT NULL,
  `bocanumero` char(50) NOT NULL,
  `secuencia` int(10) unsigned NOT NULL,
  PRIMARY KEY (`idmedluz`) USING BTREE
) ENGINE=InnoDB DEFAULT CHARSET=latin1;

--
-- Dumping data for table `medluz`
--

/*!40000 ALTER TABLE `medluz` DISABLE KEYS */;
/*!40000 ALTER TABLE `medluz` ENABLE KEYS */;


--
-- Definition of table `medtelefono`
--

DROP TABLE IF EXISTS `medtelefono`;
CREATE TABLE `medtelefono` (
  `bocanumero` char(50) NOT NULL DEFAULT '',
  `mes` int(10) unsigned NOT NULL,
  `anio` int(10) unsigned NOT NULL,
  `secuencia` int(10) unsigned NOT NULL,
  `fecha` char(8) NOT NULL,
  `consumo` float(13,4) NOT NULL,
  `pulddn1` int(10) unsigned NOT NULL,
  `pulddn2` int(10) unsigned NOT NULL,
  `pesos_n` float(13,4) NOT NULL,
  `pesos_r` float(13,4) NOT NULL,
  `pesos` float(13,4) NOT NULL,
  `canddn1` int(10) unsigned NOT NULL,
  `durddn1` int(10) unsigned NOT NULL,
  `pesosddn1` float(13,4) NOT NULL,
  `canddn2` int(10) unsigned NOT NULL,
  `durddn2` int(10) unsigned NOT NULL,
  `pesosddn2` float(13,4) NOT NULL,
  `canddi1` int(10) unsigned NOT NULL,
  `durddi1` int(10) unsigned NOT NULL,
  `pesosddi1` float(13,4) NOT NULL,
  `canddi2` int(10) unsigned NOT NULL,
  `durddi2` int(10) unsigned NOT NULL,
  `pesosddi2` float(13,4) NOT NULL,
  `canloc1` int(10) unsigned NOT NULL,
  `durloc1` int(10) unsigned NOT NULL,
  `pesosloc1` float(13,4) NOT NULL,
  `canloc2` int(10) unsigned NOT NULL,
  `durloc2` int(10) unsigned NOT NULL,
  `pesosloc2` float(13,4) NOT NULL,
  `facturado` char(1) NOT NULL,
  `idfactura` int(10) unsigned NOT NULL,
  `idmedtele` int(10) unsigned NOT NULL,
  `identidadh` int(10) unsigned NOT NULL,
  PRIMARY KEY (`idmedtele`) USING BTREE
) ENGINE=InnoDB DEFAULT CHARSET=latin1;

--
-- Dumping data for table `medtelefono`
--

/*!40000 ALTER TABLE `medtelefono` DISABLE KEYS */;
/*!40000 ALTER TABLE `medtelefono` ENABLE KEYS */;


--
-- Definition of table `menusql`
--

DROP TABLE IF EXISTS `menusql`;
CREATE TABLE `menusql` (
  `idmenu` int(11) NOT NULL DEFAULT '0',
  `idmenup` int(11) NOT NULL DEFAULT '0',
  `nivel` char(2) NOT NULL DEFAULT '',
  `codigo` char(14) NOT NULL DEFAULT '',
  `descrip` char(50) NOT NULL DEFAULT '',
  `arranque` char(254) NOT NULL DEFAULT '',
  `comando` char(254) NOT NULL DEFAULT '',
  `opcion` char(2) NOT NULL DEFAULT '',
  `prun` char(1) NOT NULL DEFAULT 'S',
  `pusu` char(1) NOT NULL DEFAULT 'S',
  `habilitado` char(1) NOT NULL DEFAULT 'S',
  `orden` char(2) NOT NULL DEFAULT '00',
  `usuario` char(20) NOT NULL DEFAULT '',
  `fechahora` char(18) NOT NULL DEFAULT '',
  `idmodulo` int(10) unsigned NOT NULL,
  `imagen` char(50) NOT NULL DEFAULT '""',
  PRIMARY KEY (`idmenu`),
  KEY `idmenu` (`idmenu`),
  KEY `nivel` (`nivel`),
  KEY `codigo` (`codigo`),
  KEY `habilitado` (`habilitado`)
) ENGINE=InnoDB DEFAULT CHARSET=latin1;

--
-- Dumping data for table `menusql`
--

/*!40000 ALTER TABLE `menusql` DISABLE KEYS */;
INSERT INTO `menusql` (`idmenu`,`idmenup`,`nivel`,`codigo`,`descrip`,`arranque`,`comando`,`opcion`,`prun`,`pusu`,`habilitado`,`orden`,`usuario`,`fechahora`,`idmodulo`,`imagen`) VALUES 
 (1,0,'P','01000000000000','Archivos','','','','N','N','S','01','admin','2012092919:33:00',1,''),
 (2,1,'H','01010000000000','Cambiar Empresa','','DO FORM login','0','S','S','S','01','admin','2016062509:55:42',1,'GANANCIAS SOCIEDADES.ICO'),
 (4,0,'P','02000000000000','Ordenes de Trabajo','','','','N','N','S','07','admin','2018041411:51:05',1,''),
 (6,1,'H','01090000000000','Localidades','','DO FORM localidadesabm','2','S','S','S','01','admin','2016062510:46:30',1,''),
 (7,1,'H','01120000000000','Monedas','','DO FORM monedasabm','3','S','S','S','01','admin','2016062510:02:38',1,'ORDERS.ICO'),
 (8,1,'H','01080000000000','Zonas','','DO FORM zonasabm','4','S','S','S','01','admin','2016012718:14:42',1,''),
 (9,1,'H','01070000000000','Vendedores','','DO FORM vendedoresabm','5','S','S','S','01','admin','2016062510:00:14',1,'EMPLY.ICO'),
 (10,0,'P','04000000000000','Facturación','','','','N','N','S','06','admin','2018041411:46:36',1,''),
 (12,1,'H','01410000000000','\\-','','','','N','N','S','05','admin','2016030610:51:06',1,''),
 (13,1,'H','01420000000000','Salir                               Alt+F4','','SALIRMENU()','','S','S','S','01','admin','2016062420:45:28',1,'CERRAR.PNG'),
 (14,0,'P','08000000000000','Ayuda','','','','N','N','S','05','admin','2016030612:09:53',1,''),
 (15,14,'H','08010000000000','Info.Sistema...','','DO FORM infosistema','','S','S','S','05','TULIO','2018060712:33:37',1,'INFO1.PNG'),
 (16,1,'H','01110000000000','Empleados','','DO FORM empleados','6','S','S','S','01','admin','2018041008:20:04',1,''),
 (17,1,'H','01390000000000','Iconos','','DO FORM iconosabm','7','S','S','S','01','admin','2016062510:05:54',1,'FACE03.ICO'),
 (18,1,'H','01370000000000','Biblioteca de Función','','DO FORM bibliotecafabm','8','S','S','S','01','admin','2016052021:15:00',1,''),
 (19,1,'H','01040000000000','Sucursales','','DO FORM sucursalesabm','9','S','S','S','01','admin','2016052115:24:00',1,''),
 (20,1,'H','01380000000000','Modulos del Sistema','','DO FORM modulossysabm','10','S','S','S','01','admin','2016052116:38:00',1,''),
 (21,1,'H','01030000000000','Empresas','','DO FORM empresasabm','11','S','S','S','01','admin','2016052721:55:00',1,''),
 (22,1,'H','01170000000000','Condiciones Fiscales','','DO FORM condfiscalabm','12','S','S','S','01','admin','2016052809:43:00',1,''),
 (23,1,'H','01150000000000','Impuestos','','DO FORM impuestosabm','13','S','S','S','01','admin','2016052811:52:00',1,''),
 (24,1,'H','01130000000000','Servicios','','DO FORM serviciosabm2','14','S','S','S','01','admin','2016052817:17:00',1,''),
 (25,1,'H','01260000000000','Lineas','','DO FORM lineasabm','15','S','S','S','01','admin','2016061117:14:00',1,''),
 (26,1,'H','01100000000000','Provincias','','DO FORM provinciasabm','','S','S','S','01','admin','2016062510:51:36',1,''),
 (27,1,'H','01050000000000','\\-','','','','S','S','S','01','admin','2016062510:58:52',1,''),
 (28,1,'H','01360000000000','\\-','','','','S','S','S','01','admin','2016062511:00:16',1,''),
 (29,1,'H','01400000000000','Seteo ToolBar Sys','','DO FORM toolbarsysabm','','S','S','S','01','admin','2016062601:40:20',1,''),
 (30,1,'H','01060000000000','Clientes-Proveedores','','DO FORM entidades','','S','S','S','01','admin','2016062900:05:11',1,'EMPLY.ICO'),
 (31,1,'H','01240000000000','Artículos','','DO FORM articulos','','S','S','S','01','admin','2016070212:00:11',1,'WZPRINT.BMP'),
 (32,1,'H','01200000000000','\\-','','','','S','S','S','01','admin','2016070212:01:40',1,''),
 (33,10,'H','04010000000000','Factura','','DO FORM facturas with 0','','S','S','S','06','admin','2018120619:40:32',1,''),
 (34,1,'H','01220000000000','Depositos','','DO FORM depositos','','S','S','S','01','admin','2016071614:21:33',1,''),
 (35,1,'H','01210000000000','Conceptos','','DO FORM conceptoser','','S','S','S','01','admin','2016071816:17:25',1,''),
 (36,1,'H','01310000000000','Tipos de Movimientos de Stock','','DO FORM tipomstock','','S','S','S','01','admin','2016072021:19:29',1,''),
 (37,1,'H','01230000000000','Puntos de Venta','','DO FORM puntosventa','','S','S','S','01','admin','2016110509:59:05',1,''),
 (38,1,'H','01350000000000','Tipos de Comprobantes','','DO FORM tipocompro','','S','S','S','01','admin','2016122113:56:00',1,''),
 (39,1,'H','01250000000000','Comprobantes','','DO FORM comprobantes','','S','S','S','01','admin','2017010910:29:43',1,''),
 (40,1,'H','01320000000000','Ajuste de Stock','','DO FORM ajustestockp WITH 0','','S','S','S','01','admin','2018111219:29:56',1,''),
 (41,1,'H','01340000000000','Consulta Movimientos de Stock','','DO FORM consultamovistock with \"0\",\"0\",\"0\"','','S','S','S','01','admin','2018112218:21:26',1,''),
 (46,4,'H','02010000000000','Pedidos','','DO FORM otpedidos','','S','S','S','07','admin','2018041412:07:11',1,''),
 (47,4,'H','02020000000000','Ejecución de Materiales','','DO FORM otejecum','','S','S','S','07','admin','2018041412:07:26',1,''),
 (48,4,'H','02030000000000','Ejecución de Horas H.','','DO FORM otejecuh','','S','S','S','07','admin','2018041412:07:36',1,''),
 (49,4,'H','02040000000000','Ajustes de Stock Materiales','','DO FORM otmovistock WITH 0','','S','S','S','07','admin','2018050318:23:29',1,''),
 (50,4,'H','02050000000000','Materiales','','DO FORM otmateriales','','S','S','S','07','admin','2018041412:07:55',1,''),
 (51,4,'H','02060000000000','Empleados','','DO FORM empleados','','S','S','S','07','admin','2018041412:08:07',1,''),
 (52,10,'H','04030000000000','Consulta comprobantes','','DO FORM consultacomprobantes WITH 0,0,0','','S','S','S','06','admin','2018041411:50:36',1,''),
 (53,4,'H','02070000000000','Tipo de Movimientos','','DO FORM ottiposmovi','','S','S','S','07','admin','2018041412:08:16',1,''),
 (54,4,'H','02080000000000','Lineas de Materiales','','DO FORM otlineasmat','','S','S','S','07','admin','2018041412:08:25',1,''),
 (56,4,'H','02100000000000','Etapas','','DO FORM otetapas','','S','S','S','07','admin','2018041412:08:46',1,''),
 (57,1,'H','01180000000000','Bancos','','DO FORM bancos','','S','S','S','01','admin','2018041412:10:13',1,''),
 (58,1,'H','01190000000000','Tarjetas','','DO FORM tarjetas','','S','S','S','01','admin','2018041412:11:17',1,''),
 (59,10,'H','04020000000000','Recibo','','DO FORM recibos WITH 0,0,0,0','','S','S','S','06','admin','2018041412:13:08',1,''),
 (60,4,'H','02110000000000','Estados de OT','','DO FORM otestados','','S','S','S','07','admin','2018042018:24:22',1,''),
 (61,4,'H','02120000000000','Consulta Movimientos de Stock','','DO FORM otconsultamovistock with \"0\",\"0\",\"0\"','','S','S','S','07','admin','2018060817:42:14',1,''),
 (62,4,'H','02130000000000','Listado de Stock','','DO FORM OTLISTADOSTOCK','','S','S','S','07','admin','2018051118:43:40',1,''),
 (63,4,'H','02140000000000','Informes','','DO FORM otinformesot','','S','S','S','07','admin','2018052319:46:02',1,''),
 (64,14,'H','08020000000000','Configurar Barra Menú','','DO FORM settoolmenu','','S','S','S','05','TULIO','2018060616:39:11',1,'CONFIG1.PNG'),
 (65,14,'H','08030000000000','Salir                               Alt+F4','','SALIRMENU()','','S','S','S','05','TULIO','2018060712:41:13',1,'CERRAR1.PNG'),
 (66,4,'H','02150000000000','Equivalencias de código de materiales','','do form otmaterialesequi with \"\"','','S','S','S','07','admin','2018061217:21:01',1,''),
 (67,4,'H','02160000000000','Tipos de Observaciones','','DO FORM ottiposobsabm','','S','S','S','07','admin','2018070219:31:54',1,''),
 (68,1,'H','01330000000000','Listado de Stock','','DO FORM listadostock','','S','S','S','01','admin','2018110820:08:56',1,''),
 (69,0,'P','07000000000000','Grupo','','','','N','N','S','08','admin','2018111710:31:57',1,''),
 (70,69,'H','07010000000000','Tipo de grupos','','DO FORM tipogrupos','','S','S','S','08','admin','2018111710:32:29',1,''),
 (71,69,'H','07020000000000','Administrar grupos','','DO FORM grupos','','S','S','S','08','admin','2018111710:32:59',1,''),
 (72,69,'H','07030000000000','Barra de grupos','','showhidetoolbargrupo()','','S','S','S','08','admin','2018112411:19:24',1,''),
 (73,4,'H','02170000000000','Depósitos de materiales','','DO FORM otdepositos','','S','S','S','07','admin','2018112410:22:14',1,''),
 (74,14,'H','08040000000000','Actualizar Tablas de Indices','','DO FORM tablasidx','','S','S','S','05','admin','2018112411:18:38',1,''),
 (75,10,'H','04040000000000','Consulta Cta Cte','','DO FORM consultactacte with 0','','S','S','S','06','admin','2019010318:05:21',1,''),
 (76,10,'H','04050000000000','Consulta Cuotas','','DO FORM CONSULTAFACTURASCTA WITH 0','','S','S','S','06','admin','2019021817:22:19',1,''),
 (77,10,'H','04060000000000','Vinculación de comprobantes','','DO FORM vinculacomp WITH 0,0,0','','S','S','S','06','admin','2019031521:22:43',1,''),
 (78,0,'P','05000000000000','Contabilidad','','','','N','N','S','09','admin','2019060110:58:42',1,''),
 (79,78,'H','05010000000000','Plan de cuentas','','DO FORM adminplanctas','','S','S','S','09','admin','2019060110:59:26',1,''),
 (80,78,'H','05020000000000','Ejercicios contables','','DO FORM ejecontablesabm','','S','S','S','09','admin','2019060110:59:50',1,''),
 (81,78,'H','05030000000000','Consulta-Modifica asientos','','DO FORM consultaasientos','','S','S','S','09','admin','2019060111:00:23',1,''),
 (82,78,'H','05040000000000','Minutas contables','','DO FORM abmasientosconta WITH 0,\"\"','','S','S','S','09','admin','2019060111:01:07',1,''),
 (83,78,'H','05050000000000','Libro Mayor por cuentas','','DO FORM mayorcontable','','S','S','S','09','admin','2019060111:01:32',1,''),
 (84,78,'H','05060000000000','Balance de suma y saldo','','DO FORM balanceconta','','S','S','S','09','admin','2019060111:01:55',1,''),
 (85,10,'H','04070000000000','Remitos','','DO FORM remitos with 0','','S','S','S','06','admin','2019060418:41:35',1,''),
 (86,0,'P','03000000000000','Producción','','','','N','N','S','10','admin','2019062119:25:10',1,''),
 (87,86,'H','03010000000000','Nota de Pedido','','DO FORM np with 0','','S','S','S','10','admin','2019062119:26:03',1,''),
 (88,1,'H','01160000000000','Impuestos Proveedores','','DO FORM impuestosproabm','','S','S','S','01','admin','2019071518:40:14',1,''),
 (89,10,'H','04080000000000','Factura de Proveedores','','DO FORM facturasprov with 0','','S','S','S','06','admin','2019071519:38:59',1,''),
 (90,1,'H','01140000000000','Tipo de Impuestos','','DO FORM tipoimpuestoabm','','S','S','S','01','admin','2019072218:08:26',1,''),
 (91,10,'H','04090000000000','Consulta Comprobantes Proveedores','','DO FORM consultacomprov with 0,0,0','','S','S','S','06','admin','2019072710:57:07',1,''),
 (92,10,'H','04100000000000','Pagos a Proveedores','','DO FORM pagosprov  with 0,0,0,0,0','','S','S','S','06','admin','2019080820:21:36',1,''),
 (93,0,'P','06000000000000','Reclamos','','','','N','N','S','11','admin','2019081320:32:07',1,''),
 (94,93,'H','06010000000000','Reclamos','','DO FORM listareclamos','','S','S','S','11','admin','2019081320:32:39',1,''),
 (95,93,'H','06020000000000','Sectores','','DO FORM abmsectorusu','','S','S','S','11','admin','2019092110:02:33',1,''),
 (96,93,'H','06030000000000','Listado de Problemas','','DO FORM recproblemasabm','','S','S','S','11','admin','2019100119:56:15',1,'');
/*!40000 ALTER TABLE `menusql` ENABLE KEYS */;


--
-- Definition of table `monedas`
--

DROP TABLE IF EXISTS `monedas`;
CREATE TABLE `monedas` (
  `moneda` int(10) unsigned NOT NULL,
  `nombre` char(200) NOT NULL,
  `cotizacion` float(13,4) NOT NULL,
  `simbolo` char(10) NOT NULL,
  `fechacot` char(8) NOT NULL,
  PRIMARY KEY (`moneda`)
) ENGINE=InnoDB DEFAULT CHARSET=latin1;

--
-- Dumping data for table `monedas`
--

/*!40000 ALTER TABLE `monedas` DISABLE KEYS */;
INSERT INTO `monedas` (`moneda`,`nombre`,`cotizacion`,`simbolo`,`fechacot`) VALUES 
 (1,'PESO',1.0000,'$','20160101'),
 (2,'DOLAR',13.5000,'$$','20160101'),
 (3,'EURO',25.0000,'$e$','20160101');
/*!40000 ALTER TABLE `monedas` ENABLE KEYS */;


--
-- Definition of table `monedash`
--

DROP TABLE IF EXISTS `monedash`;
CREATE TABLE `monedash` (
  `moneda` int(10) unsigned NOT NULL,
  `nombre` char(50) NOT NULL,
  `cotizacion` float(13,2) NOT NULL,
  `fechacot` char(8) NOT NULL,
  PRIMARY KEY (`moneda`)
) ENGINE=InnoDB DEFAULT CHARSET=latin1;

--
-- Dumping data for table `monedash`
--

/*!40000 ALTER TABLE `monedash` DISABLE KEYS */;
/*!40000 ALTER TABLE `monedash` ENABLE KEYS */;


--
-- Definition of table `movidepo`
--

DROP TABLE IF EXISTS `movidepo`;
CREATE TABLE `movidepo` (
  `deposito` int(10) unsigned NOT NULL,
  `operacion` int(10) unsigned NOT NULL,
  `idtipomov` int(10) unsigned NOT NULL
) ENGINE=InnoDB DEFAULT CHARSET=latin1;

--
-- Dumping data for table `movidepo`
--

/*!40000 ALTER TABLE `movidepo` DISABLE KEYS */;
/*!40000 ALTER TABLE `movidepo` ENABLE KEYS */;


--
-- Definition of table `np`
--

DROP TABLE IF EXISTS `np`;
CREATE TABLE `np` (
  `idnp` int(10) unsigned NOT NULL,
  `puntov` char(4) NOT NULL,
  `numero` int(10) unsigned NOT NULL,
  `fecha` char(8) NOT NULL,
  `hora` char(10) NOT NULL,
  `usuario` char(15) NOT NULL,
  `vendedor` int(10) unsigned NOT NULL,
  `transporte` int(10) unsigned NOT NULL,
  `nombretran` char(254) NOT NULL,
  `entidad` int(10) unsigned NOT NULL,
  `nombre` char(254) NOT NULL,
  `observa` char(254) NOT NULL,
  `idtiponp` int(10) unsigned NOT NULL,
  `idcomproba` int(10) unsigned NOT NULL,
  `pventa` int(10) unsigned NOT NULL,
  PRIMARY KEY (`idnp`)
) ENGINE=InnoDB DEFAULT CHARSET=latin1;

--
-- Dumping data for table `np`
--

/*!40000 ALTER TABLE `np` DISABLE KEYS */;
INSERT INTO `np` (`idnp`,`puntov`,`numero`,`fecha`,`hora`,`usuario`,`vendedor`,`transporte`,`nombretran`,`entidad`,`nombre`,`observa`,`idtiponp`,`idcomproba`,`pventa`) VALUES 
 (5,'0001',5,'20190629','12:20:13','TULIO',2,1,'Bonet Pablo',1,'ROSSI TULIO','',1,16,1),
 (6,'0001',6,'20190629','12:22:51','TULIO',2,1,'Bonet Pablo',1,'ROSSI TULIO','',1,16,1),
 (7,'0001',7,'20190629','12:26:16','TULIO',2,1,'Bonet Pablo',1,'ROSSI TULIO','',1,16,1),
 (8,'0001',8,'20190629','12:27:59','TULIO',2,1,'Bonet Pablo',1,'ROSSI TULIO','',1,16,1),
 (9,'0001',9,'20190629','12:30:00','TULIO',2,1,'Bonet Pablo',1,'ROSSI TULIO','',1,16,1),
 (10,'0001',10,'20190629','12:35:55','TULIO',2,1,'Bonet Pablo',1,'ROSSI TULIO','',1,16,1),
 (11,'0001',11,'20190703','19:46:53','TULIO',2,1,'Bonet Pablo',1,'ROSSI TULIO','',1,16,1),
 (12,'0001',12,'20190703','20:14:33','TULIO',2,1,'Bonet Pablo',1,'ROSSI TULIO','',1,16,1),
 (13,'0001',13,'20190704','19:45:06','TULIO',2,1,'Bonet Pablo',1,'ROSSI TULIO','obs',1,16,1),
 (14,'0001',14,'20190704','19:59:55','TULIO',2,1,'Bonet Pablo',1,'ROSSI TULIO','',1,16,1),
 (15,'0001',15,'20190705','18:38:43','TULIO',2,1,'Bonet Pablo',1,'ROSSI TULIO','',1,16,1),
 (18,'0001',18,'20190705','18:49:43','TULIO',2,1,'Bonet Pablo',1,'ROSSI TULIO','',1,16,1),
 (19,'0001',19,'20190706','10:28:25','TULIO',2,1,'Bonet Pablo',1,'ROSSI TULIO','',1,16,1),
 (20,'0001',20,'20190706','10:30:33','TULIO',2,1,'Bonet Pablo',1,'ROSSI TULIO','',1,16,1),
 (21,'0001',21,'20190708','18:37:12','TULIO',2,1,'Bonet Pablo',1,'ROSSI TULIO','',1,16,1),
 (22,'0001',22,'20190708','18:38:01','TULIO',2,1,'Bonet Pablo',1,'ROSSI TULIO','',1,16,1),
 (23,'0001',23,'20190708','18:50:08','TULIO',2,1,'Bonet Pablo',1,'ROSSI TULIO','',1,16,1),
 (24,'0001',24,'20190708','19:10:20','TULIO',2,1,'Bonet Pablo',1,'ROSSI TULIO','',1,16,1),
 (25,'0001',25,'20190708','19:10:49','TULIO',2,1,'Bonet Pablo',1,'ROSSI TULIO','',1,16,1),
 (26,'0001',26,'20190708','19:11:12','TULIO',2,1,'Bonet Pablo',1,'ROSSI TULIO','',1,16,1),
 (27,'0001',27,'20190708','19:11:45','TULIO',2,1,'Bonet Pablo',1,'ROSSI TULIO','',1,16,1),
 (28,'0001',28,'20190711','20:43:05','TULIO',2,1,'Bonet Pablo',4,'Bonet Pablo','observa',1,16,1),
 (29,'0001',29,'20190921','15:15:41','TULIO',8,1,'Bonet Pablo',1,'ROSSI TULIO','obsasdjsak',1,16,1),
 (30,'0001',30,'20190921','15:16:27','TULIO',0,1,'Bonet Pablo',1,'ROSSI TULIO','',1,16,1);
/*!40000 ALTER TABLE `np` ENABLE KEYS */;


--
-- Definition of table `ot`
--

DROP TABLE IF EXISTS `ot`;
CREATE TABLE `ot` (
  `idnp` int(10) unsigned NOT NULL,
  `idot` int(10) unsigned NOT NULL,
  `idtipoot` int(10) unsigned NOT NULL,
  `articulo` char(50) NOT NULL,
  `detalle` char(254) NOT NULL,
  `cantidad` float(13,4) NOT NULL,
  `unidad` char(50) NOT NULL,
  `unitario` float(13,4) NOT NULL,
  `observa` char(254) NOT NULL,
  `fechaentre` char(8) NOT NULL,
  `cantidadfc` float(13,4) NOT NULL,
  `unidadfc` char(50) NOT NULL,
  `impuestos` float(13,4) NOT NULL,
  `total` float(13,4) NOT NULL,
  `impuesto` int(10) unsigned NOT NULL,
  `razonimp` float(13,4) NOT NULL,
  `neto` float(13,4) NOT NULL,
  PRIMARY KEY (`idot`)
) ENGINE=InnoDB DEFAULT CHARSET=latin1;

--
-- Dumping data for table `ot`
--

/*!40000 ALTER TABLE `ot` DISABLE KEYS */;
INSERT INTO `ot` (`idnp`,`idot`,`idtipoot`,`articulo`,`detalle`,`cantidad`,`unidad`,`unitario`,`observa`,`fechaentre`,`cantidadfc`,`unidadfc`,`impuestos`,`total`,`impuesto`,`razonimp`,`neto`) VALUES 
 (8,4,1,'0101001','Alambre de bajada c/autop.2 x 0.61',5.0000,'UNIDADES',121.2000,'','20190629',0.0000,'',0.0000,0.0000,0,0.0000,0.0000),
 (9,5,1,'0101001','Alambre de bajada c/autop.2 x 0.61',5.0000,'UNIDADES',121.2000,'','20190629',0.0000,'',0.0000,0.0000,0,0.0000,0.0000),
 (10,6,1,'0101001','Alambre de bajada c/autop.2 x 0.61',10.0000,'UNIDADES',121.2000,'','20190629',0.0000,'',0.0000,0.0000,0,0.0000,0.0000),
 (10,7,1,'0101002','Alambre de bajada PVC 2 x 0.81',5.0000,'UNIDADES',132.6000,'','20190629',0.0000,'',0.0000,0.0000,0,0.0000,0.0000),
 (11,8,1,'0101001','Alambre de bajada c/autop.2 x 0.61',8.0000,'UNIDADES',121.2000,'','20190703',0.0000,'',204.0000,1173.0000,0,0.0000,970.0000),
 (12,9,1,'0101001','Alambre de bajada c/autop.2 x 0.61',8.0000,'UNIDADES',121.2000,'','20190703',0.0000,'',204.0000,1173.0000,0,0.0000,970.0000),
 (13,10,1,'0101001','Alambre de bajada c/autop.2 x 0.61',5.0000,'UNIDADES',121.2000,'','20190704',0.0000,'',127.0000,733.0000,0,0.0000,606.0000),
 (14,11,1,'0101001','Alambre de bajada c/autop.2 x 0.61',2.0000,'UNIDADES',121.2000,'','20190704',0.0000,'',51.0000,293.0000,0,0.0000,242.0000),
 (14,12,1,'0101002','Alambre de bajada PVC 2 x 0.81',2.0000,'UNIDADES',132.6000,'','20190704',0.0000,'',56.0000,321.0000,0,0.0000,265.0000),
 (15,13,1,'0101001','Alambre de bajada c/autop.2 x 0.61',5.0000,'UNIDADES',121.2000,'','20190705',0.0000,'',127.0000,733.0000,0,0.0000,606.0000),
 (18,14,1,'0101001','Alambre de bajada c/autop.2 x 0.61',2.0000,'UNIDADES',121.2000,'','20190705',0.0000,'',51.0000,293.0000,0,0.0000,242.0000),
 (19,15,1,'0101001','Alambre de bajada c/autop.2 x 0.61',2.0000,'UNIDADES',121.2000,'','20190706',0.0000,'',51.0000,293.0000,0,0.0000,242.0000),
 (20,16,1,'0101001','Alambre de bajada c/autop.2 x 0.61',9.0000,'UNIDADES',121.2000,'','20190706',0.0000,'',229.0000,1320.0000,1,21.0000,1091.0000),
 (20,17,1,'0101002','Alambre de bajada PVC 2 x 0.81',2.0000,'UNIDADES',132.6000,'','20190706',0.0000,'',56.0000,321.0000,1,21.0000,265.0000),
 (21,18,1,'0101001','Alambre de bajada c/autop.2 x 0.61',9.0000,'UNIDADES',121.2000,'','20190708',0.0000,'',229.0000,1320.0000,0,0.0000,1091.0000),
 (21,19,1,'0101002','Alambre de bajada PVC 2 x 0.81',2.0000,'UNIDADES',132.6000,'','20190708',0.0000,'',56.0000,321.0000,0,0.0000,265.0000),
 (22,20,1,'0101002','Alambre de bajada PVC 2 x 0.81',2.0000,'UNIDADES',132.6000,'','20190708',0.0000,'',55.6920,320.8920,1,21.0000,265.2000),
 (22,21,1,'0101001','Alambre de bajada c/autop.2 x 0.61',1.0000,'UNIDADES',121.2000,'','20190708',0.0000,'',25.4520,146.6520,1,21.0000,121.2000),
 (23,22,1,'0101001','Alambre de bajada c/autop.2 x 0.61',1.0000,'UNIDADES',121.2000,'','20190708',0.0000,'',25.4520,146.6520,1,21.0000,121.2000),
 (24,23,1,'0101001','Alambre de bajada c/autop.2 x 0.61',1.0000,'UNIDADES',121.2000,'','20190708',0.0000,'',25.4520,146.6520,1,21.0000,121.2000),
 (24,24,1,'0101002','Alambre de bajada PVC 2 x 0.81',5.0000,'UNIDADES',132.6000,'','20190708',0.0000,'',139.2300,802.2300,1,21.0000,663.0000),
 (25,25,1,'0101001','Alambre de bajada c/autop.2 x 0.61',3.0000,'UNIDADES',121.2000,'','20190708',0.0000,'',76.3560,439.9560,1,21.0000,363.6000),
 (25,26,1,'0101002','Alambre de bajada PVC 2 x 0.81',2.0000,'UNIDADES',132.6000,'','20190708',0.0000,'',55.6920,320.8920,1,21.0000,265.2000),
 (26,27,1,'0101001','Alambre de bajada c/autop.2 x 0.61',1.0000,'UNIDADES',121.2000,'','20190708',0.0000,'',25.4520,146.6520,1,21.0000,121.2000),
 (27,28,1,'0101001','Alambre de bajada c/autop.2 x 0.61',2.0000,'UNIDADES',121.2000,'','20190708',0.0000,'',50.9040,293.3040,1,21.0000,242.4000),
 (28,29,1,'0101001','Alambre de bajada c/autop.2 x 0.61',5.0000,'UNIDADES',121.2000,'','20190711',0.0000,'',127.2600,733.2600,1,21.0000,606.0000),
 (28,30,1,'0101002','Alambre de bajada PVC 2 x 0.81',10.0000,'UNIDADES',132.6000,'','20190711',0.0000,'',278.4600,1604.4600,1,21.0000,1326.0000),
 (29,31,1,'0000913019','Armario Sala de informatica-2,00x7,52x0,75 Mts',1.0000,'UNI',1.3000,'','20190921',0.0000,'',0.2730,1.5730,1,21.0000,1.3000),
 (30,32,1,'0101002','Alambre de bajada PVC 2 x 0.81',5.0000,'UNIDADES',132.6000,'','20190921',0.0000,'',139.2300,882.2300,0,0.0000,729.1157),
 (30,33,1,'0000001','Interés por financiación',1.0000,'pesos',66.1157,'','20190921',1.0000,'',13.8843,882.2300,0,0.0000,729.1157);
/*!40000 ALTER TABLE `ot` ENABLE KEYS */;


--
-- Definition of table `otajuste`
--

DROP TABLE IF EXISTS `otajuste`;
CREATE TABLE `otajuste` (
  `idot` int(10) unsigned NOT NULL,
  `idmovih` int(10) unsigned NOT NULL
) ENGINE=InnoDB DEFAULT CHARSET=latin1;

--
-- Dumping data for table `otajuste`
--

/*!40000 ALTER TABLE `otajuste` DISABLE KEYS */;
/*!40000 ALTER TABLE `otajuste` ENABLE KEYS */;


--
-- Definition of table `otcumpleh`
--

DROP TABLE IF EXISTS `otcumpleh`;
CREATE TABLE `otcumpleh` (
  `idotcumple` int(10) unsigned NOT NULL,
  `idotcumpleh` int(10) unsigned NOT NULL,
  `idot` int(10) unsigned NOT NULL,
  `cantidad` float(13,4) NOT NULL,
  `cantidaduf` float(13,4) NOT NULL,
  `lote` int(10) unsigned NOT NULL,
  PRIMARY KEY (`idotcumple`)
) ENGINE=InnoDB DEFAULT CHARSET=latin1;

--
-- Dumping data for table `otcumpleh`
--

/*!40000 ALTER TABLE `otcumpleh` DISABLE KEYS */;
/*!40000 ALTER TABLE `otcumpleh` ENABLE KEYS */;


--
-- Definition of table `otcumplep`
--

DROP TABLE IF EXISTS `otcumplep`;
CREATE TABLE `otcumplep` (
  `idotcumple` int(10) unsigned NOT NULL,
  `fecha` char(8) NOT NULL,
  `hora` char(8) NOT NULL,
  `lote` int(10) unsigned NOT NULL,
  `cantidad` float(13,4) NOT NULL,
  `cantidaduf` float(13,4) NOT NULL,
  PRIMARY KEY (`idotcumple`)
) ENGINE=InnoDB DEFAULT CHARSET=latin1;

--
-- Dumping data for table `otcumplep`
--

/*!40000 ALTER TABLE `otcumplep` DISABLE KEYS */;
/*!40000 ALTER TABLE `otcumplep` ENABLE KEYS */;


--
-- Definition of table `otdepositos`
--

DROP TABLE IF EXISTS `otdepositos`;
CREATE TABLE `otdepositos` (
  `iddepo` int(10) unsigned NOT NULL,
  `detalle` char(50) NOT NULL,
  `direccion` char(100) NOT NULL,
  PRIMARY KEY (`iddepo`)
) ENGINE=InnoDB DEFAULT CHARSET=latin1;

--
-- Dumping data for table `otdepositos`
--

/*!40000 ALTER TABLE `otdepositos` DISABLE KEYS */;
INSERT INTO `otdepositos` (`iddepo`,`detalle`,`direccion`) VALUES 
 (1,'DEPOSITO GENERAL ENTREPISO',''),
 (2,'DEPOSITO 2','');
/*!40000 ALTER TABLE `otdepositos` ENABLE KEYS */;


--
-- Definition of table `otdetaot`
--

DROP TABLE IF EXISTS `otdetaot`;
CREATE TABLE `otdetaot` (
  `idot` int(10) unsigned NOT NULL,
  `idotdet` int(10) unsigned NOT NULL,
  `fecha` char(8) NOT NULL,
  `codigomat` char(20) NOT NULL,
  `descrip` char(200) NOT NULL,
  `cantidad` float(13,2) NOT NULL,
  `impuni` float(13,2) NOT NULL,
  `imptotal` float(13,2) NOT NULL,
  `idmate` int(10) unsigned NOT NULL,
  `fechai` char(8) NOT NULL,
  `horai` char(8) NOT NULL,
  `fechaf` char(8) NOT NULL,
  `horaf` char(8) NOT NULL,
  `tiemest` char(20) NOT NULL DEFAULT '',
  `unidad` char(10) NOT NULL,
  `cantm2` float(13,2) NOT NULL,
  `observa` char(200) NOT NULL,
  `idmoneda` int(10) unsigned NOT NULL,
  `moneda` char(50) NOT NULL,
  `cotizacion` float(13,2) NOT NULL,
  `fechacot` char(8) NOT NULL,
  PRIMARY KEY (`idotdet`)
) ENGINE=InnoDB DEFAULT CHARSET=latin1;

--
-- Dumping data for table `otdetaot`
--

/*!40000 ALTER TABLE `otdetaot` DISABLE KEYS */;
INSERT INTO `otdetaot` (`idot`,`idotdet`,`fecha`,`codigomat`,`descrip`,`cantidad`,`impuni`,`imptotal`,`idmate`,`fechai`,`horai`,`fechaf`,`horaf`,`tiemest`,`unidad`,`cantm2`,`observa`,`idmoneda`,`moneda`,`cotizacion`,`fechacot`) VALUES 
 (2,1,'20180613','5040','ADHESIVO CORIAN 50 ML',100.00,280.00,28000.00,549,'20180613','00:00:00','20180613','00:00:00','01:00:00','UND.',0.00,'',1,'PESO',1.00,'20160101'),
 (1,2,'20180618','5040','ADHESIVO CORIAN 50 ML',10.00,280.00,2800.00,549,'20180618','00:00:00','20180618','00:00:00','01:00:00','UND.',0.00,'sdasd',1,'PESO',1.00,'20160101'),
 (10,3,'20180625','5071','PORTA COPAS REDONDO',10.00,0.00,0.00,580,'20180625','00:00:00','20180625','00:00:00','01:00:00','UND.',1.00,'',1,'PESO',1.00,'20160101'),
 (10,4,'20180619','3253','AMORTIGUARDOR BLUMOTION (BLUM) CODO 0',10.00,42.00,420.00,451,'20180619','00:00:00','20180619','00:00:00','01:00:00','UND.',10.00,'',1,'PESO',1.00,'20160101'),
 (10,5,'20180619','3253','AMORTIGUARDOR BLUMOTION (BLUM) CODO 0',100.00,42.00,4200.00,451,'20180619','00:00:00','20180619','00:00:00','01:00:00','UND.',10.00,'',1,'PESO',1.00,'20160101'),
 (10,6,'20180619','7011','MONTANTE 35 MM',100.00,0.00,0.00,853,'20180619','00:00:00','20180619','00:00:00','01:00:00','UNID.',10.00,'',1,'PESO',1.00,'20160101'),
 (10,7,'20180625','3000','ANGULO DE TERM. ALUMINIO 12X12',50.00,2.00,100.00,202,'20180625','00:00:00','20180625','00:00:00','01:00:00','UND.',0.00,'',1,'PESO',1.00,'20160101'),
 (3,8,'20180703','5040','ADHESIVO CORIAN 50 ML',100.00,280.00,2800.00,549,'20180703','00:00:00','20180703','00:00:00','01:00:00','UND.',10.00,'',1,'PESO',1.00,'20160101'),
 (4,9,'20180703','3000','ANGULO DE TERM. ALUMINIO 12X12',10.00,2.00,20.00,202,'20180703','00:00:00','20180703','00:00:00','01:00:00','UND.',0.00,'',1,'PESO',1.00,'20160101'),
 (5,10,'20180703','100','MELAMINA SOBRE MDF 18MM CONCRETO METROPOLITAN MASISA',10.00,1785.00,17850.00,13,'20180703','00:00:00','20180703','00:00:00','01:00:00','PLACA',0.00,'',1,'PESO',1.00,'20160101'),
 (7,11,'20180703','100','MELAMINA SOBRE MDF 18MM CONCRETO METROPOLITAN MASISA',1.00,1785.00,1785.00,13,'20180703','00:00:00','20180703','00:00:00','01:00:00','PLACA',0.00,'',1,'PESO',1.00,'20160101'),
 (1,12,'20180724','3253','AMORTIGUARDOR BLUMOTION (BLUM) CODO 0',5.00,42.00,420.00,451,'20180724','00:00:00','20180724','00:00:00','01:00:00','UND.',10.00,'',1,'PESO',1.00,'20160101');
/*!40000 ALTER TABLE `otdetaot` ENABLE KEYS */;


--
-- Definition of table `otdocumento`
--

DROP TABLE IF EXISTS `otdocumento`;
CREATE TABLE `otdocumento` (
  `idregistro` int(10) unsigned NOT NULL,
  `tipodoc` char(2) NOT NULL,
  `iddocu` int(10) unsigned NOT NULL,
  `camino` char(200) NOT NULL
) ENGINE=InnoDB DEFAULT CHARSET=latin1;

--
-- Dumping data for table `otdocumento`
--

/*!40000 ALTER TABLE `otdocumento` DISABLE KEYS */;
/*!40000 ALTER TABLE `otdocumento` ENABLE KEYS */;


--
-- Definition of table `otdocumentos`
--

DROP TABLE IF EXISTS `otdocumentos`;
CREATE TABLE `otdocumentos` (
  `idot` int(10) unsigned NOT NULL,
  `iddocu` int(10) unsigned NOT NULL,
  `camino` char(200) NOT NULL,
  `archivo` char(100) NOT NULL,
  `original` char(100) NOT NULL,
  `tipodoc` char(10) NOT NULL,
  `fecha` char(8) NOT NULL
) ENGINE=InnoDB DEFAULT CHARSET=latin1;

--
-- Dumping data for table `otdocumentos`
--

/*!40000 ALTER TABLE `otdocumentos` DISABLE KEYS */;
INSERT INTO `otdocumentos` (`idot`,`iddocu`,`camino`,`archivo`,`original`,`tipodoc`,`fecha`) VALUES 
 (1,1,'/Documentos/ot/P1_O1_D1.pdf','P1_O1_D1.pdf','asientos2013.pdf','OT','20140826'),
 (1,2,'/Documentos/ot/P1_O1_D2.jpg','P1_O1_D2.jpg','pool 4.jpg','OT','20160830'),
 (3,3,'C:/PROYECTOS/TRITCO/Documentos/OT/0000003-ROSSI_TULIO','3_stock-de-insumos.xlsx','STOCK DE INSUMOS.XLSX','OT','20180312'),
 (3,4,'C:/PROYECTOS/TRITCO/Documentos/OT/0000003-ROSSI_TULIO','3_mi-tesis.pptx','MI TESIS.PPTX','OT','20180312'),
 (3,5,'C:/PROYECTOS/TRITCO/Documentos/OT/0000003-ROSSI_TULIO','3_tp-adminfinancier.jpeg','TP-ADMINFINANCIER.JPEG','OT','20180312'),
 (4,6,'C:/PROYECTOS/TRITCO/Documentos/OT/0000004-ALSAFEX_S.A._-_Racca_Gaston_Ramon_Alberto','4_stock-de-insumos.xlsx','STOCK DE INSUMOS.XLSX','OT','20180313'),
 (8,15,'C:GitHubProyectoProcessarArchivosDocumentosOT8','15_ARCHIVO PRUEBA.TXT','C:USERSPABLODESKTOPARCHIVO PRUEBA.TXT','OT','20180519'),
 (8,18,'C:GitHubProyectoProcessarArchivosDocumentosOT8','18_ARCHIVO PRUEBA  2.TXT','C:USERSPABLODESKTOPARCHIVO PRUEBA  2.TXT','OT','20180519'),
 (2,19,'documentos\\ot\\2\\','19_VISTA.TXT','C:\\USERS\\PABLO\\DESKTOP\\VISTA.TXT','OT','20180706'),
 (2,20,'documentos\\ot\\2\\','20_PRUEBA.TXT','C:\\USERS\\PABLO\\DOCUMENTS\\PRUEBAS\\PRUEBA.TXT','OT','20180706'),
 (2,21,'documentos\\ot\\2\\','21_PRUEBA3.TXT','C:\\USERS\\PABLO\\DOCUMENTS\\PRUEBAS\\PRUEBA3.TXT','OT','20180706'),
 (2,22,'documentos\\ot\\2\\','22_PRUEBA3.TXT','C:\\USERS\\PABLO\\DOCUMENTS\\PRUEBAS\\PRUEBA3.TXT','OT','20180706'),
 (9,23,'documentos\\ot\\9\\','23_PRUEBA.TXT','C:\\USERS\\PABLO\\DOCUMENTS\\PRUEBAS\\PRUEBA.TXT','OT','20180706'),
 (9,25,'documentos\\ot\\9\\','25_PRUEBA 2.TXT','C:\\USERS\\PABLO\\DOCUMENTS\\PRUEBAS\\PRUEBA 2.TXT','OT','20180706');
/*!40000 ALTER TABLE `otdocumentos` ENABLE KEYS */;


--
-- Definition of table `otejecu`
--

DROP TABLE IF EXISTS `otejecu`;
CREATE TABLE `otejecu` (
  `idpedido` int(10) unsigned NOT NULL DEFAULT '0',
  `idot` int(10) unsigned NOT NULL,
  `idoteje` int(10) unsigned NOT NULL,
  `fecha` char(8) NOT NULL,
  `codigomat` char(20) NOT NULL,
  `descrip` char(200) NOT NULL,
  `cantidad` float(13,3) NOT NULL,
  `impuni` float(13,3) NOT NULL,
  `imptotal` float(13,3) NOT NULL,
  `idmate` int(10) unsigned NOT NULL,
  `fechai` char(8) NOT NULL,
  `horai` char(8) NOT NULL,
  `fechaf` char(8) NOT NULL,
  `horaf` char(8) NOT NULL,
  `tiempo` char(8) NOT NULL,
  `unidad` char(20) NOT NULL,
  `cantm2` float(13,3) NOT NULL,
  `descustock` char(1) NOT NULL,
  `iddepo` int(10) unsigned NOT NULL DEFAULT '0',
  `idmoneda` int(10) unsigned NOT NULL DEFAULT '0',
  `moneda` char(50) NOT NULL DEFAULT '',
  `cotizacion` float(13,2) NOT NULL DEFAULT '0.00',
  `fechacot` char(8) NOT NULL DEFAULT ''
) ENGINE=InnoDB DEFAULT CHARSET=latin1;

--
-- Dumping data for table `otejecu`
--

/*!40000 ALTER TABLE `otejecu` DISABLE KEYS */;
INSERT INTO `otejecu` (`idpedido`,`idot`,`idoteje`,`fecha`,`codigomat`,`descrip`,`cantidad`,`impuni`,`imptotal`,`idmate`,`fechai`,`horai`,`fechaf`,`horaf`,`tiempo`,`unidad`,`cantm2`,`descustock`,`iddepo`,`idmoneda`,`moneda`,`cotizacion`,`fechacot`) VALUES 
 (1,1,3,'20140827','D1001','MELAMINA SOBRE MDF 18 MM BLANCO FAPLAC',1.000,453.690,453.690,2,'','','','','','PLACA',0.000,'N',1,1,'PESO',1.00,'20140101');
/*!40000 ALTER TABLE `otejecu` ENABLE KEYS */;


--
-- Definition of table `otejecuh`
--

DROP TABLE IF EXISTS `otejecuh`;
CREATE TABLE `otejecuh` (
  `idot` int(10) unsigned NOT NULL,
  `idotejeh` int(10) unsigned NOT NULL,
  `fecha` char(8) NOT NULL,
  `fechai` char(8) NOT NULL,
  `horai` char(8) NOT NULL,
  `fechaf` char(8) NOT NULL,
  `horaf` char(8) NOT NULL,
  `tiempoest` char(20) NOT NULL,
  `idtipomov` int(10) unsigned NOT NULL,
  `descmov` char(200) NOT NULL,
  `idempleado` int(10) unsigned NOT NULL,
  `nombre` char(200) NOT NULL,
  `idetapa` int(10) unsigned NOT NULL,
  `observa` char(200) NOT NULL,
  PRIMARY KEY (`idotejeh`)
) ENGINE=InnoDB DEFAULT CHARSET=latin1;

--
-- Dumping data for table `otejecuh`
--

/*!40000 ALTER TABLE `otejecuh` DISABLE KEYS */;
INSERT INTO `otejecuh` (`idot`,`idotejeh`,`fecha`,`fechai`,`horai`,`fechaf`,`horaf`,`tiempoest`,`idtipomov`,`descmov`,`idempleado`,`nombre`,`idetapa`,`observa`) VALUES 
 (2,1,'20180219','20180212','00:00:00','20180213','00:00:00','01d-00:00:00',1,'INGRESO POR FACT PROV',1,'Federico Carrión',0,''),
 (1,2,'20180216','20180216','08:00:00','20180217','08:00:00','01d-00:00:00',1,'INGRESO POR FACT PROV',1,'Federico Carrión',0,''),
 (3,3,'20180223','20180219','09:00:00','20180222','09:00:00','03d-00:00:00',1,'INGRESO POR FACT PROV',1,'Federico Carrión',0,''),
 (1,4,'20180309','20180309','10:00:00','20180309','12:00:00','',0,'',1,'Federico Carrión',1,''),
 (1,5,'20180309','20180309','08:00:00','20180309','13:00:00','',0,'',1,'Federico Carrión',2,''),
 (1,6,'20180309','20180309','08:00:00','20180309','12:00:00','',0,'',1,'Federico Carrión',1,''),
 (1,7,'20180309','20180309','16:00:00','20180309','18:00:00','',0,'',1,'Federico Carrión',3,''),
 (5,8,'20180309','20180309','08:00:00','20180309','10:00:00','',0,'',1,'Federico Carrión',1,''),
 (5,9,'20180309','20180309','10:00:00','20180309','11:00:00','',0,'',1,'Federico Carrión',2,''),
 (4,10,'20180313','20180313','08:00:00','20180313','10:00:00','',0,'',1,'Federico Carrión',2,''),
 (5,11,'20180313','20180313','10:00:00','20180313','11:30:00','',0,'',1,'Federico Carrión',5,''),
 (2,12,'20180421','20180421','2 : 0:0','20180421','3 :0 :','',0,'',1,'Federico Carrión',1,'hbug'),
 (8,13,'20180422','20180422','08:00:00','20180422','10:00:00','',0,'',1,'Federico Carrión',1,''),
 (2,14,'20180515','20180515','17:00:00','20180515','18:00:00','',0,'',1,'Federico Carrión',1,'sdad'),
 (1,15,'20180515','20180515','10:00:00','20180515','15:00:00','',0,'',1,'Federico Carrión',2,'sdad'),
 (7,16,'20180517','20180517','12:00:00','20180517','15:00:00','',0,'',1,'Federico Carrión',2,'weqeq'),
 (6,17,'20180517','20180517','10:00:00','20180517','11:00:00','',0,'',1,'Federico Carrión',1,'weqeq'),
 (7,18,'20180517','20180517','13:00:00','20180517','16:00:00','',0,'',1,'Federico Carrión',2,'weqeq'),
 (13,19,'20180606','20180606','08:00:00','20180606','10:00:00','',0,'',1,'Federico Carrión',1,''),
 (13,20,'20180606','20180606','10:00:00','20180606','12:00:00','',0,'',1,'Federico Carrión',1,''),
 (13,21,'20180606','20180606','11:00:00','20180606','13:00:00','',0,'',1,'Federico Carrión',1,''),
 (14,22,'20180606','20180606','10:00:00','20180606','12:00:00','',0,'',1,'Federico Carrión',1,''),
 (14,23,'20180606','20180606','18:00:00','20180606','20:00:00','',0,'',1,'Federico Carrión',1,''),
 (14,24,'20180606','20180606','22:00:00','20180606','23:00:00','',0,'',1,'Federico Carrión',1,''),
 (14,25,'20180608','20180608','10:00:00','20180608','12:00:00','',0,'',1,'Federico Carrión',2,''),
 (14,26,'20180608','20180608','14:00:00','20180608','18:00:00','',0,'',1,'Federico Carrión',2,''),
 (10,27,'20180627','20180627','10:00:00','20180627','11:00:00','',0,'',1,'Federico Carrión',1,''),
 (10,28,'20180627','20180627','12:00:00','20180627','14:00:00','',0,'',1,'Federico Carrión',1,'obs'),
 (10,29,'20180629','20180629','10:00:00','20180629','11:00:00','',0,'',1,'Federico Carrión',2,''),
 (10,30,'20180629','20180629','12:00:00','20180629','13:00:00','',0,'',1,'Federico Carrión',2,''),
 (10,31,'20180629','20180629','13:00:00','20180629','14:00:00','',0,'',1,'Federico Carrión',1,''),
 (10,32,'20180629','20180629','11:00:00','20180629','12:00:00','',0,'',1,'Federico Carrión',2,''),
 (10,33,'20180629','20180629','10:00:00','20180629','10:00:00','',0,'',1,'Federico Carrión',2,''),
 (10,34,'20180629','20180629','11:00:00','20180629','12:00:00','',0,'',1,'Federico Carrión',6,''),
 (10,35,'20180629','20180629','15:00:00','20180629','16:00:00','',0,'',1,'Federico Carrión',4,''),
 (10,36,'20180629','20180629','10:00:00','20180629','11:00:00','',0,'',1,'Federico Carrión',6,''),
 (10,37,'20180629','20180629','12:00:00','20180629','13:00:00','',0,'',1,'Federico Carrión',3,''),
 (10,39,'20180629','20180629','15:00:00','20180629','15:30:00','',0,'',1,'Federico Carrión',1,''),
 (10,40,'20180702','20180702','10:00:00','20180702','11:00:00','',0,'',1,'Federico Carrión',7,'VARIOS4'),
 (10,41,'20180702','20180702','12:00:00','20180702','13:00:00','',0,'',1,'Federico Carrión',7,'MATERIAL NO PRESUPUESTADO'),
 (10,42,'20180702','20180702','14:00:00','20180702','15:00:00','',0,'',1,'Federico Carrión',7,'obs'),
 (10,43,'20180706','20180706','00:00:00','20180706','00:00:00','',0,'',1,'Federico Carrión',8,'');
/*!40000 ALTER TABLE `otejecuh` ENABLE KEYS */;


--
-- Definition of table `otejecum`
--

DROP TABLE IF EXISTS `otejecum`;
CREATE TABLE `otejecum` (
  `idot` int(10) unsigned NOT NULL,
  `idotejem` int(10) unsigned NOT NULL,
  `fecha` char(8) NOT NULL,
  `codigomat` char(20) NOT NULL,
  `descrip` char(200) NOT NULL,
  `cantidad` float(13,2) NOT NULL,
  `impuni` float(13,2) NOT NULL,
  `imptotal` float(13,2) NOT NULL,
  `idmate` int(10) unsigned NOT NULL,
  `unidad` char(50) DEFAULT NULL,
  `cantm2` float(13,2) NOT NULL,
  `iddepo` int(10) unsigned NOT NULL,
  `idmoneda` int(10) unsigned NOT NULL,
  `moneda` char(200) NOT NULL,
  `cotizacion` float(13,2) NOT NULL,
  `fechacot` char(8) NOT NULL,
  `idtipomov` int(10) unsigned NOT NULL,
  `descmov` char(200) NOT NULL,
  `idetapa` int(10) unsigned NOT NULL,
  `observa` char(200) NOT NULL,
  PRIMARY KEY (`idotejem`)
) ENGINE=InnoDB DEFAULT CHARSET=latin1;

--
-- Dumping data for table `otejecum`
--

/*!40000 ALTER TABLE `otejecum` DISABLE KEYS */;
INSERT INTO `otejecum` (`idot`,`idotejem`,`fecha`,`codigomat`,`descrip`,`cantidad`,`impuni`,`imptotal`,`idmate`,`unidad`,`cantm2`,`iddepo`,`idmoneda`,`moneda`,`cotizacion`,`fechacot`,`idtipomov`,`descmov`,`idetapa`,`observa`) VALUES 
 (2,1,'20180310','3066','KIT CORREDIZO SISTEMA CLASSIC ANCHO GU™A 1.50 MTS',1.00,1247.00,1247.00,268,'UND.',0.00,1,1,'PESO',1.00,'20140101',2,'EGRESO POR PRODUCCION',4,''),
 (8,2,'20180409','3008','BISAGRA COMUN 35 MM CODO 9',7.00,7.00,49.00,210,'UND.',0.00,1,1,'PESO',1.00,'20140101',2,'EGRESO POR PRODUCCION',5,''),
 (1,3,'20180408','3008','BISAGRA COMUN 35 MM CODO 9',20.00,7.00,140.00,210,'UND.',0.00,1,1,'PESO',1.00,'20160101',2,'EGRESO POR PRODUCCION',6,''),
 (1,4,'20180408','3008','BISAGRA COMUN 35 MM CODO 9',2.00,7.00,14.00,210,'UND.',0.00,1,1,'PESO',1.00,'20160101',2,'EGRESO POR PRODUCCION',6,''),
 (1,5,'20180408','3043','CORREDERA TELESCOPICA 500 MM',3.00,72.00,216.00,245,'UND.',0.00,1,1,'PESO',1.00,'20160101',2,'EGRESO POR PRODUCCION',6,''),
 (1,6,'20180408','3182','TARUGO DE MADERA 8 X 30 MM',35.00,0.00,0.00,383,'UND.',0.00,1,1,'PESO',1.00,'20160101',2,'EGRESO POR PRODUCCION',6,''),
 (1,7,'20180408','3182','TARUGO DE MADERA 8 X 30 MM',5.00,0.00,0.00,383,'UND.',0.00,1,1,'PESO',1.00,'20160101',2,'EGRESO POR PRODUCCION',6,''),
 (1,8,'20180408','3182','TARUGO DE MADERA 8 X 30 MM',5.00,0.00,0.00,383,'UND.',0.00,1,1,'PESO',1.00,'20160101',2,'EGRESO POR PRODUCCION',6,''),
 (1,9,'20180408','3182','TARUGO DE MADERA 8 X 30 MM',5.00,0.00,0.00,383,'UND.',0.00,1,1,'PESO',1.00,'20160101',2,'EGRESO POR PRODUCCION',6,''),
 (1,10,'20180408','3182','TARUGO DE MADERA 8 X 30 MM',5.00,0.00,0.00,383,'UND.',0.00,1,1,'PESO',1.00,'20160101',2,'EGRESO POR PRODUCCION',6,''),
 (1,11,'20180408','3182','TARUGO DE MADERA 8 X 30 MM',5.00,0.00,0.00,383,'UND.',0.00,1,1,'PESO',1.00,'20160101',2,'EGRESO POR PRODUCCION',6,''),
 (1,12,'20180408','3182','TARUGO DE MADERA 8 X 30 MM',2.00,0.00,0.00,383,'UND.',0.00,1,1,'PESO',1.00,'20160101',2,'EGRESO POR PRODUCCION',6,''),
 (1,13,'20180408','3182','TARUGO DE MADERA 8 X 30 MM',20.00,0.00,0.00,383,'UND.',0.00,1,1,'PESO',1.00,'20160101',2,'EGRESO POR PRODUCCION',7,''),
 (1,14,'20180408','2013','TAPACANTO PVC P/MAQUINA 22 X 0.45 MM VENEZIA',50.00,5.00,250.00,649,'MTS',0.00,1,1,'PESO',1.00,'20160101',2,'EGRESO POR PRODUCCION',7,''),
 (1,15,'20180408','2025','TAPACANTO PVC P/MAQUINA 22 X 0.45 MM BLANCO',20.00,1.00,20.00,661,'MTS',0.00,1,1,'PESO',1.00,'20160101',2,'EGRESO POR PRODUCCION',7,''),
 (2,16,'20180310','100','MELAMINA SOBRE MDF 18MM CONCRETO METROPOLITAN MASISA',2.00,1785.00,3570.00,13,'PLACA',0.00,1,1,'PESO',1.00,'20160101',2,'EGRESO POR PRODUCCION',4,''),
 (2,17,'20180310','3066','KIT CORREDIZO SISTEMA CLASSIC ANCHO GU™A 1.50 MTS',1.00,1247.00,1247.00,268,'UND.',0.00,1,1,'PESO',1.00,'20160101',2,'EGRESO POR PRODUCCION',5,''),
 (3,18,'20180409','3008','BISAGRA COMUN 35 MM CODO 9',10.00,7.00,70.00,210,'UND.',0.00,1,1,'PESO',1.00,'20160101',2,'EGRESO POR PRODUCCION',4,''),
 (3,19,'20180409','3043','CORREDERA TELESCOPICA 500 MM',4.00,72.00,288.00,245,'UND.',0.00,1,1,'PESO',1.00,'20160101',2,'EGRESO POR PRODUCCION',4,''),
 (3,20,'20180409','3008','BISAGRA COMUN 35 MM CODO 9',4.00,7.00,28.00,210,'UND.',5.00,1,1,'PESO',1.00,'20160101',2,'EGRESO POR PRODUCCION',5,''),
 (3,21,'20180409','3086','MANIJA BARRAL RECTO 128 MM',5.00,43.00,215.00,288,'UND.',0.00,1,1,'PESO',1.00,'20160101',2,'EGRESO POR PRODUCCION',6,''),
 (3,22,'20180409','3182','TARUGO DE MADERA 8 X 30 MM',100.00,0.00,0.00,383,'UND.',0.00,1,1,'PESO',1.00,'20160101',2,'EGRESO POR PRODUCCION',6,''),
 (3,23,'20180409','3086','MANIJA BARRAL RECTO 128 MM',10.00,43.00,430.00,288,'UND.',0.00,1,1,'PESO',1.00,'20160101',2,'EGRESO POR PRODUCCION',7,''),
 (3,24,'20180409','3182','TARUGO DE MADERA 8 X 30 MM',5.00,0.00,0.00,383,'UND.',0.00,1,1,'PESO',1.00,'20160101',2,'EGRESO POR PRODUCCION',7,''),
 (3,25,'20180409','2025','TAPACANTO PVC P/MAQUINA 22 X 0.45 MM BLANCO',1.00,1.00,1.00,661,'MTS',0.00,1,1,'PESO',1.00,'20160101',2,'EGRESO POR PRODUCCION',7,''),
 (8,26,'20180409','101','MELAMINA SOBRE MDF 18MM NEBRASKA MASISA',4.00,1747.00,6988.00,14,'PLACA',4.00,1,1,'PESO',1.00,'20160101',2,'EGRESO POR PRODUCCION',5,'ADASD'),
 (8,27,'20180409','3008','BISAGRA COMUN 35 MM CODO 9',7.00,7.00,49.00,210,'UND.',7.00,1,1,'PESO',1.00,'20160101',2,'EGRESO POR PRODUCCION',5,'ASDASD'),
 (8,28,'20180409','3043','CORREDERA TELESCOPICA 500 MM',4.00,72.00,288.00,245,'UND.',4.00,1,1,'PESO',1.00,'20160101',2,'EGRESO POR PRODUCCION',6,'jjoij'),
 (8,29,'20180409','3086','MANIJA BARRAL RECTO 128 MM',10.00,45.00,450.00,288,'UND.',0.00,1,1,'PESO',1.00,'20160101',2,'EGRESO POR PRODUCCION',6,'kjoj'),
 (8,30,'20180409','3086','MANIJA BARRAL RECTO 128 MM',5.00,45.00,225.00,288,'UND.',5.00,1,1,'PESO',1.00,'20160101',2,'EGRESO POR PRODUCCION',7,'jjoij'),
 (8,31,'20180409','3182','TARUGO DE MADERA 8 X 30 MM',8.00,0.00,0.00,383,'UND.',8.00,1,1,'PESO',1.00,'20160101',2,'EGRESO POR PRODUCCION',7,'lkjojo'),
 (9,32,'20180515','3008','BISAGRA COMUN 35 MM CODO 9',4.00,7.00,28.00,210,'UND.',4.00,1,1,'PESO',1.00,'20160101',2,'EGRESO POR PRODUCCION',4,'asasd'),
 (9,33,'20180515','3043','CORREDERA TELESCOPICA 500 MM',4.00,72.00,288.00,245,'UND.',4.00,1,1,'PESO',1.00,'20160101',2,'EGRESO POR PRODUCCION',4,'asdsa'),
 (9,34,'20180515','3086','MANIJA BARRAL RECTO 128 MM',10.00,45.00,450.00,288,'UND.',10.00,1,1,'PESO',1.00,'20160101',2,'EGRESO POR PRODUCCION',4,'asdasd'),
 (12,35,'20180521','5040','ADHESIVO CORIAN 50 ML',5.00,280.00,1400.00,549,'UND.',5.00,1,1,'PESO',1.00,'20160101',2,'EGRESO POR PRODUCCION',1,'asdsad'),
 (12,36,'20180521','100','MELAMINA SOBRE MDF 18MM CONCRETO METROPOLITAN MASISA',2.00,1785.00,3570.00,13,'PLACA',2.00,1,1,'PESO',1.00,'20160101',2,'EGRESO POR PRODUCCION',1,'ads'),
 (12,37,'20180521','100','MELAMINA SOBRE MDF 18MM CONCRETO METROPOLITAN MASISA',3.00,1785.00,5355.00,13,'PLACA',3.00,1,1,'PESO',1.00,'20160101',2,'EGRESO POR PRODUCCION',1,'adsd'),
 (12,38,'20180521','100','MELAMINA SOBRE MDF 18MM CONCRETO METROPOLITAN MASISA',1.00,1785.00,1785.00,13,'PLACA',1.00,1,1,'PESO',1.00,'20160101',2,'EGRESO POR PRODUCCION',1,''),
 (12,39,'20180521','100','MELAMINA SOBRE MDF 18MM CONCRETO METROPOLITAN MASISA',1.00,1785.00,1785.00,13,'PLACA',1.00,1,1,'PESO',1.00,'20160101',2,'EGRESO POR PRODUCCION',1,'asda'),
 (12,40,'20180521','100','MELAMINA SOBRE MDF 18MM CONCRETO METROPOLITAN MASISA',1.00,1785.00,1785.00,13,'PLACA',1.00,1,1,'PESO',1.00,'20160101',2,'EGRESO POR PRODUCCION',1,'adsad'),
 (12,41,'20180521','100','MELAMINA SOBRE MDF 18MM CONCRETO METROPOLITAN MASISA',1.00,1785.00,1785.00,13,'PLACA',1.00,1,1,'PESO',1.00,'20160101',2,'EGRESO POR PRODUCCION',2,'5465'),
 (13,42,'20180606','5040','ADHESIVO CORIAN 50 ML',5.00,280.00,1400.00,549,'UND.',5.00,1,1,'PESO',1.00,'20160101',2,'EGRESO POR PRODUCCION',1,'uso 5 de corian'),
 (13,43,'20180606','3001','BASE PLASTICA',2.00,0.00,0.00,203,'UND.',2.00,1,1,'PESO',1.00,'20160101',2,'EGRESO POR PRODUCCION',1,'uso 2 de base'),
 (13,44,'20180606','3001','BASE PLASTICA',5.00,0.00,0.00,203,'UND.',5.00,1,1,'PESO',1.00,'20160101',2,'EGRESO POR PRODUCCION',2,''),
 (14,45,'20180606','100','MELAMINA SOBRE MDF 18MM CONCRETO METROPOLITAN MASISA',2.00,1785.00,3570.00,13,'PLACA',2.00,1,1,'PESO',1.00,'20160101',2,'EGRESO POR PRODUCCION',1,''),
 (14,46,'20180606','10001','FILM STRECH BANDITA 10 CM',5.00,31.00,155.00,635,'UND.',5.00,1,1,'PESO',1.00,'20160101',2,'EGRESO POR PRODUCCION',1,''),
 (2,47,'20180618','5040','ADHESIVO CORIAN 50 ML',100.00,280.00,28000.00,549,'UND.',10.00,1,1,'PESO',1.00,'20160101',2,'EGRESO POR PRODUCCION',1,'kijoi'),
 (2,48,'20180618','3311','AVENTO BLUM HF',10.00,0.00,0.00,0,'UND.',0.00,1,1,'PESO',1.00,'20160101',2,'EGRESO POR PRODUCCION',2,''),
 (2,49,'20180618','3311','AVENTO BLUM HF',10.00,0.00,0.00,0,'UND.',10.00,1,1,'PESO',1.00,'20160101',2,'EGRESO POR PRODUCCION',8,'obs'),
 (2,50,'20180618','5029','ARANDELA PLANA 22 X 8.5 X 2 MM',2.00,0.00,0.00,0,'UND.',2.00,1,1,'PESO',1.00,'20160101',2,'EGRESO POR PRODUCCION',8,'sad'),
 (1,51,'20180618','5040','ADHESIVO CORIAN 50 ML',12.00,280.00,3360.00,549,'UND.',12.00,1,1,'PESO',1.00,'20160101',2,'EGRESO POR PRODUCCION',1,'dasd'),
 (1,52,'20180619','5040','ADHESIVO CORIAN 50 ML',2.00,280.00,560.00,549,'UND.',2.00,1,1,'PESO',1.00,'20160101',2,'EGRESO POR PRODUCCION',2,''),
 (2,53,'20180619','5040','ADHESIVO CORIAN 50 ML',10.00,280.00,2800.00,549,'UND.',10.00,1,1,'PESO',1.00,'20160101',2,'EGRESO POR PRODUCCION',8,'asdad'),
 (10,55,'20180619','3253','AMORTIGUARDOR BLUMOTION (BLUM) CODO 0',1.00,42.00,42.00,451,'UND.',1.00,1,1,'PESO',1.00,'20160101',2,'EGRESO POR PRODUCCION',1,''),
 (10,56,'20180622','3227','BISAGRA COM‚N 35 MM CODO 18',10.00,0.00,0.00,0,'UND.',1.00,1,1,'PESO',1.00,'20160101',2,'EGRESO POR PRODUCCION',4,'kokp'),
 (10,58,'20180622','3253','AMORTIGUARDOR BLUMOTION (BLUM) CODO 0',2.00,42.00,84.00,451,'UND.',1.00,1,1,'PESO',1.00,'20160101',2,'EGRESO POR PRODUCCION',6,'13213'),
 (10,66,'20180625','3253','AMORTIGUARDOR BLUMOTION (BLUM) CODO 0',2.00,42.00,84.00,451,'UND.',1.00,1,1,'PESO',1.00,'20160101',2,'EGRESO POR PRODUCCION',8,''),
 (10,68,'20180625','5029','ARANDELA PLANA 22 X 8.5 X 2 MM',5.00,0.00,0.00,0,'UND.',0.00,1,1,'PESO',1.00,'20160101',2,'EGRESO POR PRODUCCION',8,'asdasd'),
 (10,69,'20180625','3308','CANASTO 2 NIV. EXTRAIBLE 450MM CROMADO',1.00,0.00,0.00,0,'UND.',1.00,1,1,'PESO',1.00,'20160101',2,'EGRESO POR PRODUCCION',8,'dsfs'),
 (10,70,'20180625','3000','ANGULO DE TERM. ALUMINIO 12X12',10.00,2.00,20.00,202,'UND.',1.00,1,1,'PESO',1.00,'20160101',2,'EGRESO POR PRODUCCION',8,''),
 (10,72,'20180625','5071','PORTA COPAS REDONDO',1.00,0.00,0.00,580,'UND.',10.00,1,1,'PESO',1.00,'20160101',2,'EGRESO POR PRODUCCION',8,''),
 (10,74,'20180628','3000','ANGULO DE TERM. ALUMINIO 12X12',5.00,2.00,10.00,202,'UND.',0.00,1,1,'PESO',1.00,'20160101',2,'EGRESO POR PRODUCCION',8,''),
 (10,75,'20180628','3000','ANGULO DE TERM. ALUMINIO 12X12',1.00,2.00,2.00,202,'UND.',1.00,1,1,'PESO',1.00,'20160101',2,'EGRESO POR PRODUCCION',8,''),
 (10,76,'20180628','3000','ANGULO DE TERM. ALUMINIO 12X12',2.00,2.00,4.00,202,'UND.',0.00,1,1,'PESO',1.00,'20160101',2,'EGRESO POR PRODUCCION',8,''),
 (10,77,'20180628','3000','ANGULO DE TERM. ALUMINIO 12X12',1.00,2.00,2.00,202,'UND.',0.00,1,1,'PESO',1.00,'20160101',2,'EGRESO POR PRODUCCION',8,''),
 (10,78,'20180628','3000','ANGULO DE TERM. ALUMINIO 12X12',1.00,2.00,2.00,202,'UND.',0.00,1,1,'PESO',1.00,'20160101',2,'EGRESO POR PRODUCCION',8,''),
 (10,79,'20180628','3000','ANGULO DE TERM. ALUMINIO 12X12',5.00,2.00,10.00,202,'UND.',1.00,1,1,'PESO',1.00,'20160101',2,'EGRESO POR PRODUCCION',8,''),
 (10,80,'20180628','3000','ANGULO DE TERM. ALUMINIO 12X12',5.00,2.00,10.00,202,'UND.',1.00,1,1,'PESO',1.00,'20160101',2,'EGRESO POR PRODUCCION',8,''),
 (10,81,'20180628','3000','ANGULO DE TERM. ALUMINIO 12X12',1.00,2.00,2.00,202,'UND.',1.00,1,1,'PESO',1.00,'20160101',2,'EGRESO POR PRODUCCION',8,''),
 (10,82,'20180628','3000','ANGULO DE TERM. ALUMINIO 12X12',1.00,2.00,2.00,202,'UND.',1.00,1,1,'PESO',1.00,'20160101',2,'EGRESO POR PRODUCCION',8,''),
 (10,83,'20180628','3000','ANGULO DE TERM. ALUMINIO 12X12',2.00,2.00,4.00,202,'UND.',1.00,1,1,'PESO',1.00,'20160101',2,'EGRESO POR PRODUCCION',8,''),
 (10,84,'20180628','3000','ANGULO DE TERM. ALUMINIO 12X12',1.00,2.00,2.00,202,'UND.',0.00,1,1,'PESO',1.00,'20160101',2,'EGRESO POR PRODUCCION',8,''),
 (10,85,'20180628','3000','ANGULO DE TERM. ALUMINIO 12X12',1.00,2.00,2.00,202,'UND.',1.00,1,1,'PESO',1.00,'20160101',2,'EGRESO POR PRODUCCION',8,''),
 (10,86,'20180629','3000','ANGULO DE TERM. ALUMINIO 12X12',2.00,2.00,4.00,202,'UND.',0.00,1,1,'PESO',1.00,'20160101',2,'EGRESO POR PRODUCCION',8,''),
 (10,87,'20180629','7011','MONTANTE 35 MM',1.00,0.00,2.00,853,'UNID.',1.00,1,1,'PESO',1.00,'20160101',2,'EGRESO POR PRODUCCION',8,''),
 (10,88,'20180629','3000','ANGULO DE TERM. ALUMINIO 12X12',2.00,2.00,4.00,202,'UND.',0.00,1,1,'PESO',1.00,'20160101',2,'EGRESO POR PRODUCCION',8,''),
 (10,89,'20180629','3000','ANGULO DE TERM. ALUMINIO 12X12',1.00,2.00,2.00,202,'UND.',1.00,1,1,'PESO',1.00,'20160101',2,'EGRESO POR PRODUCCION',5,''),
 (10,90,'20180629','3000','ANGULO DE TERM. ALUMINIO 12X12',2.00,2.00,4.00,202,'UND.',0.00,1,1,'PESO',1.00,'20160101',2,'EGRESO POR PRODUCCION',7,''),
 (10,91,'20180629','3000','ANGULO DE TERM. ALUMINIO 12X12',1.00,2.00,2.00,202,'UND.',1.00,1,1,'PESO',1.00,'20160101',2,'EGRESO POR PRODUCCION',6,''),
 (10,92,'20180629','3000','ANGULO DE TERM. ALUMINIO 12X12',1.00,2.00,2.00,202,'UND.',1.00,1,1,'PESO',1.00,'20160101',2,'EGRESO POR PRODUCCION',5,''),
 (10,93,'20180629','3000','ANGULO DE TERM. ALUMINIO 12X12',1.00,2.00,2.00,202,'UND.',1.00,1,1,'PESO',1.00,'20160101',2,'EGRESO POR PRODUCCION',6,''),
 (10,94,'20180629','3253','AMORTIGUARDOR BLUMOTION (BLUM) CODO 0',1.00,42.00,42.00,451,'UND.',1.00,1,1,'PESO',1.00,'20160101',2,'EGRESO POR PRODUCCION',5,''),
 (10,95,'20180629','3000','ANGULO DE TERM. ALUMINIO 12X12',1.00,2.00,2.00,202,'UND.',1.00,1,1,'PESO',1.00,'20160101',2,'EGRESO POR PRODUCCION',4,''),
 (10,98,'20180629','3000','ANGULO DE TERM. ALUMINIO 12X12',1.00,2.00,2.00,202,'UND.',0.00,1,1,'PESO',1.00,'20160101',2,'EGRESO POR PRODUCCION',5,''),
 (10,99,'20180629','3000','ANGULO DE TERM. ALUMINIO 12X12',1.00,2.00,2.00,202,'UND.',0.00,1,1,'PESO',1.00,'20160101',2,'EGRESO POR PRODUCCION',7,''),
 (10,100,'20180629','3237','CORREDERA TELESC…PICA 350 MM PUSCH',10.00,0.00,0.00,0,'UND.',1.00,1,1,'PESO',1.00,'20160101',2,'EGRESO POR PRODUCCION',3,'asdasd'),
 (10,101,'20180702','3000','ANGULO DE TERM. ALUMINIO 12X12',1.00,2.00,2.00,202,'UND.',0.00,1,1,'PESO',1.00,'20160101',2,'EGRESO POR PRODUCCION',8,'VARIOS4'),
 (10,102,'20180702','3253','AMORTIGUARDOR BLUMOTION (BLUM) CODO 0',1.00,42.00,42.00,451,'UND.',1.00,1,1,'PESO',1.00,'20160101',2,'EGRESO POR PRODUCCION',8,'VARIOS'),
 (10,103,'20180702','5071','PORTA COPAS REDONDO',1.00,0.00,0.00,580,'UND.',1.00,1,1,'PESO',1.00,'20160101',2,'EGRESO POR PRODUCCION',8,'MATERIAL NO PRESUPUESTADO'),
 (10,104,'20180702','7011','MONTANTE 35 MM',1.00,0.00,0.00,853,'UNID.',1.00,1,1,'PESO',1.00,'20160101',2,'EGRESO POR PRODUCCION',8,'MATERIAL NO PRESUPUESTADO'),
 (3,105,'20180703','5040','ADHESIVO CORIAN 50 ML',10.00,280.00,2800.00,549,'UND.',1.00,1,1,'PESO',1.00,'20160101',2,'EGRESO POR PRODUCCION',1,'MATERIAL NO PRESUPUESTADO'),
 (3,106,'20180703','5040','ADHESIVO CORIAN 50 ML',10.00,280.00,2800.00,549,'UND.',1.00,1,1,'PESO',1.00,'20160101',2,'EGRESO POR PRODUCCION',1,'VARIOS4'),
 (4,107,'20180703','3000','ANGULO DE TERM. ALUMINIO 12X12',2.00,2.00,4.00,202,'UND.',1.00,1,1,'PESO',1.00,'20160101',2,'EGRESO POR PRODUCCION',1,'VARIOS4'),
 (5,108,'20180703','100','MELAMINA SOBRE MDF 18MM CONCRETO METROPOLITAN MASISA',1.00,1785.00,1785.00,13,'PLACA',1.00,1,1,'PESO',1.00,'20160101',2,'EGRESO POR PRODUCCION',1,''),
 (7,109,'20180703','100','MELAMINA SOBRE MDF 18MM CONCRETO METROPOLITAN MASISA',1.00,1785.00,1785.00,13,'PLACA',0.00,1,1,'PESO',1.00,'20160101',2,'EGRESO POR PRODUCCION',1,'');
/*!40000 ALTER TABLE `otejecum` ENABLE KEYS */;


--
-- Definition of table `otejecumovi`
--

DROP TABLE IF EXISTS `otejecumovi`;
CREATE TABLE `otejecumovi` (
  `idotejem` int(10) unsigned NOT NULL,
  `idmovih` int(10) unsigned NOT NULL
) ENGINE=InnoDB DEFAULT CHARSET=latin1;

--
-- Dumping data for table `otejecumovi`
--

/*!40000 ALTER TABLE `otejecumovi` DISABLE KEYS */;
INSERT INTO `otejecumovi` (`idotejem`,`idmovih`) VALUES 
 (2,12),
 (3,13),
 (4,39),
 (5,40),
 (6,41),
 (7,42),
 (8,43),
 (9,44),
 (10,45),
 (11,46),
 (12,47),
 (12,48),
 (12,49),
 (12,50),
 (12,51),
 (13,52),
 (14,53),
 (15,54),
 (16,55),
 (17,56),
 (1,57),
 (2,58),
 (3,59),
 (3,60),
 (4,61),
 (5,62),
 (6,63),
 (7,64),
 (8,65),
 (9,66),
 (10,67),
 (11,68),
 (12,69),
 (13,70),
 (14,71),
 (15,72),
 (16,77),
 (17,78),
 (18,79),
 (19,80),
 (20,81),
 (21,82),
 (22,83),
 (23,84),
 (24,85),
 (25,86),
 (26,107),
 (27,108),
 (28,109),
 (29,110),
 (30,111),
 (31,112),
 (32,113),
 (33,114),
 (34,115),
 (35,116),
 (36,117),
 (37,118),
 (38,119),
 (39,120),
 (40,121),
 (41,122),
 (42,126),
 (43,127),
 (44,128),
 (45,129),
 (46,130),
 (47,132),
 (48,133),
 (49,134),
 (50,135),
 (51,136),
 (52,137),
 (53,138),
 (54,139),
 (55,140),
 (56,141),
 (57,142),
 (58,143),
 (60,145),
 (63,148),
 (64,149),
 (66,151),
 (68,153),
 (69,154),
 (70,155),
 (72,157),
 (74,159),
 (75,160),
 (76,161),
 (77,162),
 (78,163),
 (79,164),
 (80,165),
 (81,166),
 (82,167),
 (83,168),
 (84,169),
 (85,170),
 (86,171),
 (87,172),
 (88,173),
 (89,174),
 (90,175),
 (91,176),
 (92,177),
 (93,178),
 (94,179),
 (95,180),
 (98,183),
 (99,184),
 (100,185),
 (101,186),
 (102,187),
 (103,188),
 (104,189),
 (105,190),
 (106,191),
 (107,192),
 (108,193),
 (109,194);
/*!40000 ALTER TABLE `otejecumovi` ENABLE KEYS */;


--
-- Definition of table `otestados`
--

DROP TABLE IF EXISTS `otestados`;
CREATE TABLE `otestados` (
  `idestado` int(10) unsigned NOT NULL,
  `detalle` char(50) NOT NULL,
  `stock` char(1) NOT NULL,
  PRIMARY KEY (`idestado`)
) ENGINE=InnoDB DEFAULT CHARSET=latin1;

--
-- Dumping data for table `otestados`
--

/*!40000 ALTER TABLE `otestados` DISABLE KEYS */;
INSERT INTO `otestados` (`idestado`,`detalle`,`stock`) VALUES 
 (1,'INICIADO',''),
 (2,'EN PRODUCCION',''),
 (3,'FINALIZADO','');
/*!40000 ALTER TABLE `otestados` ENABLE KEYS */;


--
-- Definition of table `otestadosot`
--

DROP TABLE IF EXISTS `otestadosot`;
CREATE TABLE `otestadosot` (
  `idotestadosot` int(10) unsigned NOT NULL,
  `idot` int(10) unsigned NOT NULL,
  `idestado` int(10) unsigned NOT NULL,
  `fecha` char(8) NOT NULL,
  PRIMARY KEY (`idotestadosot`)
) ENGINE=InnoDB DEFAULT CHARSET=latin1;

--
-- Dumping data for table `otestadosot`
--

/*!40000 ALTER TABLE `otestadosot` DISABLE KEYS */;
INSERT INTO `otestadosot` (`idotestadosot`,`idot`,`idestado`,`fecha`) VALUES 
 (1,3,2,'20180703'),
 (2,4,2,'20180703'),
 (3,5,2,'20180703'),
 (5,27,1,'20180728'),
 (6,28,1,'20180728'),
 (7,29,1,'20180728'),
 (8,30,1,'20180728'),
 (9,31,1,'20180728'),
 (10,32,1,'20180728');
/*!40000 ALTER TABLE `otestadosot` ENABLE KEYS */;


--
-- Definition of table `otetapas`
--

DROP TABLE IF EXISTS `otetapas`;
CREATE TABLE `otetapas` (
  `idetapa` int(11) NOT NULL,
  `etapa` char(200) NOT NULL,
  `coloretapa` int(10) unsigned NOT NULL,
  `idetapasig` int(10) unsigned NOT NULL,
  `idtipomov` int(10) unsigned NOT NULL,
  PRIMARY KEY (`idetapa`)
) ENGINE=InnoDB DEFAULT CHARSET=latin1;

--
-- Dumping data for table `otetapas`
--

/*!40000 ALTER TABLE `otetapas` DISABLE KEYS */;
INSERT INTO `otetapas` (`idetapa`,`etapa`,`coloretapa`,`idetapasig`,`idtipomov`) VALUES 
 (1,'PREPARACION DE MATERIALES (STOCK)',12632256,2,2),
 (2,'CORTE Y MECANIZADO',65408,3,2),
 (3,'PEGADO DE CANTOS',8421440,4,2),
 (4,'ARMADO Y CONTROL DE CALIDAD',255,5,2),
 (5,'EMBALAJE',8454143,6,2),
 (6,'CARGA',8404992,7,2),
 (7,'TRANSPORTE Y COLOCACIÓN',16744703,8,2),
 (8,'SERVICIO DE POSVENTA',16776960,8,2);
/*!40000 ALTER TABLE `otetapas` ENABLE KEYS */;


--
-- Definition of table `otinterna`
--

DROP TABLE IF EXISTS `otinterna`;
CREATE TABLE `otinterna` (
  `idotint` int(10) unsigned NOT NULL,
  `idot` int(10) unsigned NOT NULL,
  `destinooti` int(10) unsigned NOT NULL,
  `fecha` char(8) NOT NULL,
  `cantidad` float(13,4) NOT NULL,
  `cantidaduf` float(13,4) NOT NULL,
  `idmovotint` int(10) unsigned NOT NULL,
  `idotintori` int(10) unsigned NOT NULL,
  `idotcumpleh` int(10) unsigned NOT NULL,
  PRIMARY KEY (`idotint`)
) ENGINE=InnoDB DEFAULT CHARSET=latin1;

--
-- Dumping data for table `otinterna`
--

/*!40000 ALTER TABLE `otinterna` DISABLE KEYS */;
/*!40000 ALTER TABLE `otinterna` ENABLE KEYS */;


--
-- Definition of table `otlineasmat`
--

DROP TABLE IF EXISTS `otlineasmat`;
CREATE TABLE `otlineasmat` (
  `linea` char(10) NOT NULL DEFAULT '',
  `detalle` char(50) NOT NULL,
  `codmin` char(20) NOT NULL,
  `codmax` char(20) NOT NULL,
  PRIMARY KEY (`linea`) USING BTREE
) ENGINE=InnoDB DEFAULT CHARSET=latin1;

--
-- Dumping data for table `otlineasmat`
--

/*!40000 ALTER TABLE `otlineasmat` DISABLE KEYS */;
INSERT INTO `otlineasmat` (`linea`,`detalle`,`codmin`,`codmax`) VALUES 
 ('1','PRUEBA','',''),
 ('2','HERRAJES Y ACCESORIOS','',''),
 ('3','BULONERIA','',''),
 ('4','SEGURIDAD','',''),
 ('5','HERRAMIENTAS','',''),
 ('6','BURLETES Y FELPAS','',''),
 ('7','PILETAS','',''),
 ('8','MESADAS','',''),
 ('9','VIDRIOS','',''),
 ('A','PERFILERIA ALUMINIO','',''),
 ('B','COMBUSTIBLES Y LUBRICANTES','',''),
 ('C','SELLADORES , PEGAMENTOS Y ADHESIVOS','',''),
 ('D','MELAMINA','',''),
 ('E','CONSUMIBLES','',''),
 ('F','PACKAGING','',''),
 ('G','PRUEBA2','4000','5000'),
 ('H','PRUEBA3','10000','11000');
/*!40000 ALTER TABLE `otlineasmat` ENABLE KEYS */;


--
-- Definition of table `otlineasot`
--

DROP TABLE IF EXISTS `otlineasot`;
CREATE TABLE `otlineasot` (
  `idotlinea` int(10) unsigned NOT NULL DEFAULT '0',
  `detalle` char(200) NOT NULL DEFAULT '',
  `observa` char(254) NOT NULL DEFAULT '',
  PRIMARY KEY (`idotlinea`)
) ENGINE=InnoDB DEFAULT CHARSET=latin1;

--
-- Dumping data for table `otlineasot`
--

/*!40000 ALTER TABLE `otlineasot` DISABLE KEYS */;
INSERT INTO `otlineasot` (`idotlinea`,`detalle`,`observa`) VALUES 
 (0,'SIN LINEA','Sin Linea Específica'),
 (1,'COCINA','Cocina y Placard');
/*!40000 ALTER TABLE `otlineasot` ENABLE KEYS */;


--
-- Definition of table `otmateriales`
--

DROP TABLE IF EXISTS `otmateriales`;
CREATE TABLE `otmateriales` (
  `codigomat` char(20) NOT NULL,
  `detalle` char(200) NOT NULL,
  `unidad` char(10) NOT NULL,
  `impuni` float(13,3) NOT NULL,
  `ctrlstock` char(1) NOT NULL,
  `idmate` int(10) unsigned NOT NULL,
  `ctacontable` char(20) NOT NULL,
  `linea` char(10) NOT NULL,
  `fbaja` char(8) NOT NULL,
  `observa` char(254) NOT NULL,
  `ocultar` char(1) NOT NULL,
  `idmoneda` int(10) unsigned NOT NULL,
  `moneda` char(50) NOT NULL,
  `stockmin` float(13,3) NOT NULL,
  `idtipomate` int(10) unsigned NOT NULL,
  PRIMARY KEY (`idmate`)
) ENGINE=InnoDB DEFAULT CHARSET=latin1;

--
-- Dumping data for table `otmateriales`
--

/*!40000 ALTER TABLE `otmateriales` DISABLE KEYS */;
INSERT INTO `otmateriales` (`codigomat`,`detalle`,`unidad`,`impuni`,`ctrlstock`,`idmate`,`ctacontable`,`linea`,`fbaja`,`observa`,`ocultar`,`idmoneda`,`moneda`,`stockmin`,`idtipomate`) VALUES 
 ('0070','MELAMINA SOBRE MDF 15MM BLANCO FAPLAC','PLACA',938.000,'S',1,'','1','','','N',1,'PESO',6.000,1),
 ('0089','MELAMINA SOBRE MDF 18MM HAYA MASISA','PLACA',1648.000,'S',2,'','1','','','N',1,'PESO',10.000,1),
 ('0090','MELAMINA SOBRE MDF 18MM CEREJEIRA MASISA','PLACA',1648.000,'S',3,'','1','','','N',1,'PESO',10.000,1),
 ('0091','MELAMINA SOBRE MDF 18MM ROBLE MORO MASISA','PLACA',1444.000,'S',4,'','1','','','N',1,'PESO',10.000,1),
 ('0092','MELAMINA SOBRE MDF 18MM TECA ITALIA TOUCH MASISA','PLACA',1789.000,'S',5,'','1','','','N',1,'PESO',1.000,1),
 ('0093','MELAMINA SOBRE MDF 18MM FRESNO NEGRO MASISA','PLACA',1675.000,'S',6,'','1','','','N',1,'PESO',1.000,1),
 ('0094','MELAMINA SOBRE MDF 18MM WENGUE MASISA','PLACA',1648.000,'S',7,'','1','','','N',1,'PESO',1.000,1),
 ('0095','MELAMINA SOBRE MDF 18MM GUINDO MASISA','PLACA',1648.000,'S',8,'','1','','','N',1,'PESO',1.000,1),
 ('0096','MELAMINA SOBRE MDF 18MM FRESNO ABEDUL MASISA','PLACA',1911.000,'S',9,'','1','','','N',1,'PESO',1.000,1),
 ('0097','MELAMINA SOBRE MDF 18MM TECA MASISA','PLACA',1633.000,'S',10,'','1','','','N',1,'PESO',1.000,1),
 ('0098','MELAMINA SOBRE MDF 18MM VISON MASISA','PLACA',1808.000,'S',11,'','1','','','N',1,'PESO',1.000,1),
 ('0099','MELAMINA SOBRE MDF 18MM NOGAL HABANO MASISA','PLACA',1675.000,'S',12,'','1','','','N',1,'PESO',2.000,1),
 ('0100','MELAMINA SOBRE MDF 18MM CONCRETO METROPOLITAN MASISA','PLACA',1785.000,'S',13,'','1','','','N',1,'PESO',2.000,1),
 ('0101','MELAMINA SOBRE MDF 18MM NEBRASKA MASISA','PLACA',1747.000,'S',14,'','1','','','N',1,'PESO',3.000,1),
 ('0102','MELAMINA SOBRE MDF 18MM TWEED MASISA','PLACA',1808.000,'S',15,'','1','','','N',1,'PESO',10.000,1),
 ('0103','MELAMINA SOBRE MDF 18MM LINO MASISA','PLACA',1808.000,'S',16,'','1','','','N',1,'PESO',10.000,1),
 ('0104','MELAMINA SOBRE MDF 18MM ENIGMA MASISA','PLACA',1893.000,'S',17,'','1','','','N',1,'PESO',4.000,1),
 ('0105','MELAMINA SOBRE MDF 18MM TECA LIMO MASISA','PLACA',1911.000,'S',18,'','1','','','N',1,'PESO',10.000,1),
 ('0106','MELAMINA SOBRE MDF 18MM ROBLE NATURAL MASISA','PLACA',1911.000,'S',19,'','1','','','N',1,'PESO',10.000,1),
 ('0107','MELAMINA SOBRE MDF 18MM ROBLE AMERICANO MASISA','PLACA',1911.000,'S',20,'','1','','','N',1,'PESO',10.000,1),
 ('0108','MELAMINA SOBRE MDF 18MM ROBLE BLANCO MASISA','PLACA',1911.000,'S',21,'','1','','','N',1,'PESO',10.000,1),
 ('0109','MELAMINA SOBRE MDF 18MM MANGO MASISA','PLACA',1808.000,'S',22,'','1','','','N',1,'PESO',10.000,1),
 ('0110','MELAMINA SOBRE MDF 18MM COÑAC MASISA','PLACA',1808.000,'S',23,'','1','','','N',1,'PESO',10.000,1),
 ('0111','MELAMINA SOBRE MDF 18MM ESMERALDA MASISA','PLACA',1808.000,'S',24,'','1','','','N',1,'PESO',10.000,1),
 ('0112','MELAMINA SOBRE MDF 18MM VERDE OLIVA MASISA','PLACA',1808.000,'S',25,'','1','','','N',1,'PESO',10.000,1),
 ('0113','MELAMINA SOBRE MDF 18MM BLANCO MASISA','PLACA',669.000,'S',26,'','1','','','N',1,'PESO',45.000,1),
 ('0114','MELAMINA SOBRE MDF 18MM AZUL ACERO MASISA','PLACA',1808.000,'S',27,'','1','','','N',1,'PESO',10.000,1),
 ('0115','MELAMINA SOBRE MDF 18MM OLMO ALPINO MASISA','PLACA',1575.000,'S',28,'','1','','','N',1,'PESO',10.000,1),
 ('0116','MELAMINA SOBRE MDF 18MM KENIA MASISA','PLACA',1808.000,'S',29,'','1','','','N',1,'PESO',1.000,1),
 ('0117','MELAMINA SOBRE MDF 18MM SIBERIA MASISA','PLACA',1808.000,'S',30,'','1','','','N',1,'PESO',10.000,1),
 ('0118','MELAMINA SOBRE MDF 18MM MALAGA MASISA','PLACA',1808.000,'S',31,'','1','','','N',1,'PESO',10.000,1),
 ('0119','MELAMINA SOBRE MDF 18MM TOLEDO MASISA','PLACA',1808.000,'S',32,'','1','','','N',1,'PESO',10.000,1),
 ('0120','MELAMINA SOBRE MDF 18MM LARICINA MASISA','PLACA',1575.000,'S',33,'','1','','','N',1,'PESO',10.000,1),
 ('0121','MELAMINA SOBRE MDF 18MM CEDRO MASISA','PLACA',1648.000,'S',34,'','1','','','N',1,'PESO',1.000,1),
 ('0122','MELAMINA SOBRE MDF 18MM NOGAL BRIANZA MASISA','PLACA',1648.000,'S',35,'','1','','','N',1,'PESO',10.000,1),
 ('0123','MELAMINA SOBRE MDF 18MM ROBLE INGLES MASISA','PLACA',1313.000,'S',36,'','1','','','N',1,'PESO',10.000,1),
 ('0124','MELAMINA SOBRE MDF 18MM ALMENDRA MASISA','PLACA',1575.000,'S',37,'','1','','','N',1,'PESO',10.000,1),
 ('0125','MELAMINA SOBRE MDF 18MM ARCILLA MASISA','PLACA',1575.000,'S',38,'','1','','','N',1,'PESO',10.000,1),
 ('0126','MELAMINA SOBRE MDF 18MM CENIZA MASISA','PLACA',1575.000,'S',39,'','1','','','N',1,'PESO',10.000,1),
 ('0127','MELAMINA SOBRE MDF 18MM GRIS HUMO MASISA','PLACA',1575.000,'S',40,'','1','','','N',1,'PESO',10.000,1),
 ('0128','MELAMINA SOBRE MDF 18MM ALUMINIO MASISA','PLACA',1575.000,'S',41,'','1','','','N',1,'PESO',10.000,1),
 ('0129','MELAMINA SOBRE MDF 18MM NEGRO FAPLAC','PLACA',1451.000,'S',42,'','1','','','N',1,'PESO',5.000,1),
 ('0130','MELAMINA SOBRE MDF 18MM ROJO MASISA','PLACA',1575.000,'S',43,'','1','','','N',1,'PESO',10.000,1),
 ('0131','MELAMINA SOBRE MDF 18MM GRIS GRAFITO MASISA','PLACA',1575.000,'S',44,'','1','','','N',1,'PESO',1.000,1),
 ('0133','MELAMINA SOBRE MDF 18MM BLANCO NATURE FAPLAC','PLACA',1291.000,'S',45,'','1','','','N',1,'PESO',2.000,1),
 ('0134','MELAMINA SOBRE MDF 18MM GRIS HUMO FAPLAC','PLACA',1451.000,'S',46,'','1','','','N',1,'PESO',3.000,1),
 ('0135','MELAMINA SOBRE MDF 18MM ALMENDRA FAPLAC','PLACA',1159.000,'S',47,'','1','','','N',1,'PESO',2.000,1),
 ('0136','MELAMINA SOBRE MDF 18MM BLANCO LACA MASISA','PLACA',1808.000,'S',48,'','1','','','N',1,'PESO',10.000,1),
 ('0137','MELAMINA SOBRE MDF 18MM CARVALHO MEZZO FAPLAC','PLACA',1419.000,'S',49,'','1','','','N',1,'PESO',1.000,1),
 ('0138','MELAMINA SOBRE MDF 18MM LINOSA CINZA TOUCH FAPLAC','PLACA',1243.000,'S',50,'','1','','','N',1,'PESO',1.000,1),
 ('0139','MELAMINA SOBRE MDF 18MM TANGANICA TABACO FAPLAC','PLACA',1302.000,'S',51,'','1','','','N',1,'PESO',3.000,1),
 ('0140','MELAMINA SOBRE MDF 18MM ROBLE ESPA¾OL FAPLAC','PLACA',1336.000,'S',52,'','1','','','N',1,'PESO',5.000,1),
 ('0141','MELAMINA SOBRE MDF 18MM ROBLE DAKAR FAPLAC','PLACA',1485.000,'S',53,'','1','','','N',1,'PESO',4.000,1),
 ('0142','MELAMINA SOBRE MDF 18MM ROBLE DAKAR NATURE FAPLAC','PLACA',1654.000,'S',54,'','1','','','N',1,'PESO',10.000,1),
 ('0143','MELAMINA SOBRE MDF 18MM CEREZO MASISA','PLACA',1648.000,'S',55,'','1','','','N',1,'PESO',2.000,1),
 ('0144','MELAMINA SOBRE MDF 18MM MAPLE FAPLAC','PLACA',1430.000,'S',56,'','1','','','N',1,'PESO',10.000,1),
 ('0145','MELAMINA SOBRE MDF 18MM TEKA ARTICO FAPLAC','PLACA',1243.000,'S',57,'','1','','','N',1,'PESO',1.000,1),
 ('0146','MELAMINA SOBRE MDF 18MM VENEZIA VEFAPLAC','PLACA',1654.000,'S',58,'','1','','','N',1,'PESO',1.000,1),
 ('0147','MELAMINA SOBRE MDF 18MM NOCCE MILANO FAPLAC','PLACA',1654.000,'S',59,'','1','','','N',1,'PESO',2.000,1),
 ('0148','MELAMINA SOBRE MDF 18MM CARVALHO ASERRADO FAPLAC','PLACA',1496.000,'S',60,'','1','','','N',1,'PESO',1.000,1),
 ('0149','MELAMINA SOBRE MDF 18MM TERRARUM FAPLAC','PLACA',1496.000,'S',61,'','1','','','N',1,'PESO',2.000,1),
 ('0150','MELAMINA SOBRE MDF 18MM ROBLE AMERICANO FAPLAC','PLACA',1961.000,'S',62,'','1','','','N',1,'PESO',1.000,1),
 ('0151','MELAMINA SOBRE MDF 18MM CEDRO NATURE FAPLAC','PLACA',1602.000,'S',63,'','1','','','N',1,'PESO',2.000,1),
 ('0152','MELAMINA SOBRE MDF 18MM NOGAL TERRACOTA FAPLAC','PLACA',1496.000,'S',64,'','1','','','N',1,'PESO',10.000,1),
 ('0153','MELAMINA SOBRE MDF 18MM ABEDUL FAPLAC','PLACA',1430.000,'S',65,'','1','','','N',1,'PESO',10.000,1),
 ('0154','MELAMINA SOBRE MDF 18MM HAYA FAPLAC','PLACA',1107.000,'S',66,'','1','','','N',1,'PESO',10.000,1),
 ('0155','MELAMINA SOBRE MDF 18MM PERAL FAPLAC','PLACA',1430.000,'S',67,'','1','','','N',1,'PESO',10.000,1),
 ('0156','MELAMINA SOBRE MDF 18MM CEDRO FAPLAC','PLACA',1430.000,'S',68,'','1','','','N',1,'PESO',4.000,1),
 ('0157','MELAMINA SOBRE MDF 18MM EBANO NEGRO FAPLAC','PLACA',1267.000,'S',69,'','1','','','N',1,'PESO',1.000,1),
 ('0158','MELAMINA SOBRE MDF 18MM BLANCO FAPLAC','PLACA',1066.000,'S',70,'','1','','','N',1,'PESO',89.000,1),
 ('0159','MELAMINA SOBRE MDF 18MM CENIZA FAPLAC','PLACA',1327.000,'S',71,'','1','','','N',1,'PESO',8.000,1),
 ('0160','MELAMINA SOBRE MDF 18MM GRAFITO FAPLAC','PLACA',1267.000,'S',72,'','1','','','N',1,'PESO',6.000,1),
 ('0162','MELAMINA SOBRE MDF 18MM AZUL LAGO FAPLAC','PLACA',1430.000,'S',73,'','1','','','N',1,'PESO',10.000,1),
 ('0163','MELAMINA SOBRE MDF 18MM LILA FAPLAC','PLACA',1430.000,'S',74,'','1','','','N',1,'PESO',10.000,1),
 ('0164','MELAMINA SOBRE MDF 18MM VERDE FAPLAC','PLACA',1430.000,'S',75,'','1','','','N',1,'PESO',10.000,1),
 ('0165','MELAMINA SOBRE MDF 18MM MARILLO FAPLAC','PLACA',1430.000,'S',76,'','1','','','N',1,'PESO',10.000,1),
 ('0166','MELAMINA SOBRE MDF 18MM ROJO FAPLAC','PLACA',1411.000,'S',77,'','1','','','N',1,'PESO',3.000,1),
 ('0167','MELAMINA SOBRE MDF 18MM ALUMINIO FAPLAC','PLACA',1430.000,'S',78,'','1','','','N',1,'PESO',1.000,1),
 ('0168','MELAMINA SOBRE MDF 18MM SEDA GIORNO FAPLAC','PLACA',1654.000,'S',79,'','1','','','N',1,'PESO',4.000,1),
 ('0169','MELAMINA SOBRE MDF 18MM SEDA NOTTE FAPLAC','PLACA',1654.000,'S',80,'','1','','','N',1,'PESO',6.000,1),
 ('0170','MELAMINA SOBRE MDF 18MM LINO CHIARO FAPLAC','PLACA',1419.000,'S',81,'','1','','','N',1,'PESO',8.000,1),
 ('0171','MELAMINA SOBRE MDF 18MM LINO TERRA FAPLAC','PLACA',1400.000,'S',82,'','1','','','N',1,'PESO',4.000,1),
 ('0172','MELAMINA SOBRE MDF 18MM LINO BLANCO FAPLAC','PLACA',1571.000,'S',83,'','1','','','N',1,'PESO',2.000,1),
 ('0173','MELAMINA SOBRE MDF 18MM LINO NEGRO FAPLAC','PLACA',1240.000,'S',84,'','1','','','N',1,'PESO',2.000,1),
 ('0174','MELAMINA SOBRE MDF 18MM LITIO FAPLAC','PLACA',1411.000,'S',85,'','1','','','N',1,'PESO',1.000,1),
 ('0175','MELAMINA SOBRE MDF 18MM COBRE FAPLAC','PLACA',1602.000,'S',86,'','1','','','N',1,'PESO',10.000,1),
 ('0176','MELAMINA SOBRE MDF 18MM TITANIO FAPLAC','PLACA',1602.000,'S',87,'','1','','','N',1,'PESO',1.000,1),
 ('0177','MELAMINA SOBRE MDF 18MM ROBLE ESCANDINAVO FAPLAC','PLACA',1419.000,'S',88,'','1','','','N',1,'PESO',3.000,1),
 ('0178','MELAMINA SOBRE MDF 18MM HELSINKI FAPLAC','PLACA',1654.000,'S',89,'','1','','','N',1,'PESO',5.000,1),
 ('0179','MELAMINA SOBRE MDF 18MM BALTICO FAPLAC','PLACA',1496.000,'S',90,'','1','','','N',1,'PESO',5.000,1),
 ('0180','MELAMINA SOBRE MDF 18MM OLMO FINLANDES FAPLAC','PLACA',1608.000,'S',91,'','1','','','N',1,'PESO',3.000,1),
 ('0181','MELAMINA SOBRE MDF 18MM TEKA OSLO FAPLAC','PLACA',1344.000,'S',92,'','1','','','N',1,'PESO',2.000,1),
 ('0182','MELAMINA SOBRE MDF 18MM RAUVISIO BLANCO','PLACA',5792.000,'S',93,'','1','','','N',1,'PESO',2.000,1),
 ('0183','MELAMINA SOBRE MDF 18MM RAUVISIO NEGRO','PLACA',5122.000,'S',94,'','1','','','N',1,'PESO',10.000,1),
 ('0184','MELAMINA SOBRE MDF 18MM RAUVISIO BORD…','PLACA',5900.000,'S',95,'','1','','','N',1,'PESO',10.000,1),
 ('0185','MELAMINA SOBRE MDF 18MM RAUVISIO CHAMPAGNE','PLACA',5780.000,'S',96,'','1','','','N',1,'PESO',10.000,1),
 ('0186','MDF 18 MM MASISA','PLACA',399.000,'S',97,'','1','','','N',1,'PESO',1.000,1),
 ('0187','PANEL RANURADO BLANCO 2.60 X 1.83','PANEL',1700.000,'S',98,'','1','','','N',1,'PESO',1.000,1),
 ('0188','MELAMINA SOBRE AGLOMERADO 18MM TANGANICA','PLACA',0.000,'S',99,'','1','','','N',1,'PESO',2.000,1),
 ('0189','MELAMINA SOBRE MDF 18MM ROBLE MIEL MASISA','PLACA',1961.000,'S',100,'','1','','','N',1,'PESO',1.000,1),
 ('0190','MELAMINA SOBRE MDF 18MM URBAN STREET FAPLAC','PLACA',1290.000,'S',101,'','1','','','N',1,'PESO',1.000,1),
 ('0191','PRACTIWALL ROBLE MORO - PANEL RANURADO','PLACA',1737.000,'S',102,'','1','','','N',1,'PESO',10.000,1),
 ('0193','MELAMINA SOBRE MDF 9MM ESPECIAL EUCA','PLACA',381.000,'S',103,'','1','','','N',1,'PESO',10.000,1),
 ('0194','MELAMINA SOBRE MDF 9MM TRUPAN STD','PLACA',374.000,'S',104,'','1','','','N',1,'PESO',10.000,1),
 ('0195','MELAMINA SOBRE MDF 18MM ENCHAPADO MELAMINICO WENGUE','PLACA',1785.000,'S',105,'','1','','','N',1,'PESO',10.000,1),
 ('1170','FIBROPLUS 3MM BLANCO','PLACA',293.000,'S',106,'','2','','','N',1,'PESO',66.000,1),
 ('1171','FIBROPLUS 3MM HAYA MASISA','PLACA',460.000,'S',107,'','2','','','N',1,'PESO',10.000,1),
 ('1172','FIBROPLUS 3MM CEREJEIRA MASISA','PLACA',460.000,'S',108,'','2','','','N',1,'PESO',10.000,1),
 ('1173','FIBROPLUS 3MM ROBLE MORO MASISA','PLACA',460.000,'S',109,'','2','','','N',1,'PESO',10.000,1),
 ('1174','FIBROPLUS 3MM TECA ITALIA TOUCH MASISA','PLACA',460.000,'S',110,'','2','','','N',1,'PESO',10.000,1),
 ('1175','FIBROPLUS 3MM FRESNO NEGRO MASISA','PLACA',460.000,'S',111,'','2','','','N',1,'PESO',10.000,1),
 ('1176','FIBROPLUS 3MM WENGUE MASISA','PLACA',460.000,'S',112,'','2','','','N',1,'PESO',10.000,1),
 ('1177','FIBROPLUS 3MM GUINDO MASISA','PLACA',460.000,'S',113,'','2','','','N',1,'PESO',10.000,1),
 ('1178','FIBROPLUS 3MM FRESNO ABEDUL MASISA','PLACA',460.000,'S',114,'','2','','','N',1,'PESO',10.000,1),
 ('1179','FIBROPLUS 3MM TECA MASISA','PLACA',460.000,'S',115,'','2','','','N',1,'PESO',10.000,1),
 ('1180','FIBROPLUS 3MM VISON MASISA','PLACA',460.000,'S',116,'','2','','','N',1,'PESO',10.000,1),
 ('1181','FIBROPLUS 3MM NOGAL HABANO MASISA','PLACA',460.000,'S',117,'','2','','','N',1,'PESO',10.000,1),
 ('1182','FIBROPLUS 3MM CONCRETO METROPOLITAN MASISA','PLACA',460.000,'S',118,'','2','','','N',1,'PESO',10.000,1),
 ('1183','FIBROPLUS 3MM NEBRASKA MASISA','PLACA',460.000,'S',119,'','2','','','N',1,'PESO',10.000,1),
 ('1184','FIBROPLUS 3MM TWEED MASISA','PLACA',460.000,'S',120,'','2','','','N',1,'PESO',10.000,1),
 ('1185','FIBROPLUS 3MM LINO MASISA','PLACA',460.000,'S',121,'','2','','','N',1,'PESO',10.000,1),
 ('1186','FIBROPLUS 3MM ENIGMA MASISA','PLACA',460.000,'S',122,'','2','','','N',1,'PESO',1.000,1),
 ('1187','FIBROPLUS 3MM TECA LIMO MASISA','PLACA',460.000,'S',123,'','2','','','N',1,'PESO',10.000,1),
 ('1188','FIBROPLUS 3MM ROBLE NATURAL MASISA','PLACA',460.000,'S',124,'','2','','','N',1,'PESO',10.000,1),
 ('1189','FIBROPLUS 3MM ROBLE AMERICANO MASISA','PLACA',460.000,'S',125,'','2','','','N',1,'PESO',10.000,1),
 ('1190','FIBROPLUS 3MM ROBLE BLANCO MASISA','PLACA',460.000,'S',126,'','2','','','N',1,'PESO',10.000,1),
 ('1191','FIBROPLUS 3MM MANGO MASISA','PLACA',460.000,'S',127,'','2','','','N',1,'PESO',10.000,1),
 ('1192','FIBROPLUS 3MM CO¾AC MASISA','PLACA',460.000,'S',128,'','2','','','N',1,'PESO',10.000,1),
 ('1193','FIBROPLUS 3MM ESMERALDA MASISA','PLACA',460.000,'S',129,'','2','','','N',1,'PESO',10.000,1),
 ('1194','FIBROPLUS 3MM VERDE OLIVA MASISA','PLACA',460.000,'S',130,'','2','','','N',1,'PESO',10.000,1),
 ('1195','FIBROPLUS 3MM BLANCO MASISA','PLACA',460.000,'S',131,'','2','','','N',1,'PESO',10.000,1),
 ('1196','FIBROPLUS 3MM AZUL ACERO MASISA','PLACA',460.000,'S',132,'','2','','','N',1,'PESO',10.000,1),
 ('1197','FIBROPLUS 3MM OLMO ALPINO MASISA','PLACA',460.000,'S',133,'','2','','','N',1,'PESO',10.000,1),
 ('1198','FIBROPLUS 3MM KENIA MASISA','PLACA',460.000,'S',134,'','2','','','N',1,'PESO',10.000,1),
 ('1199','FIBROPLUS 3MM SIBERIA MASISA','PLACA',460.000,'S',135,'','2','','','N',1,'PESO',10.000,1),
 ('1200','FIBROPLUS 3MM MæLAGA MASISA','PLACA',460.000,'S',136,'','2','','','N',1,'PESO',10.000,1),
 ('1201','FIBROPLUS 3MM TOLEDO MASISA','PLACA',460.000,'S',137,'','2','','','N',1,'PESO',10.000,1),
 ('1202','FIBROPLUS 3MM LARICINA MASISA','PLACA',460.000,'S',138,'','2','','','N',1,'PESO',10.000,1),
 ('1203','FIBROPLUS 3MM CEDRO MASISA','PLACA',460.000,'S',139,'','2','','','N',1,'PESO',10.000,1),
 ('1204','FIBROPLUS 3MM NOGAL BRIANZA MASISA','PLACA',460.000,'S',140,'','2','','','N',1,'PESO',10.000,1),
 ('1205','FIBROPLUS 3MM ROBLE INGLES MASISA','PLACA',460.000,'S',141,'','2','','','N',1,'PESO',10.000,1),
 ('1206','FIBROPLUS 3MM ALMENDRA MASISA','PLACA',460.000,'S',142,'','2','','','N',1,'PESO',10.000,1),
 ('1207','FIBROPLUS 3MM ARCILLA MASISA','PLACA',460.000,'S',143,'','2','','','N',1,'PESO',10.000,1),
 ('1208','FIBROPLUS 3MM CENIZA MASISA','PLACA',460.000,'S',144,'','2','','','N',1,'PESO',10.000,1),
 ('1209','FIBROPLUS 3MM GRIS HUMO MASISA','PLACA',460.000,'S',145,'','2','','','N',1,'PESO',10.000,1),
 ('1210','FIBROPLUS 3MM ALUMINIO MASISA','PLACA',460.000,'S',146,'','2','','','N',1,'PESO',10.000,1),
 ('1211','FIBROPLUS 3MM NEGRO','PLACA',356.000,'S',147,'','2','','','N',1,'PESO',10.000,1),
 ('1212','FIBROPLUS 3MM ROJO MASISA','PLACA',460.000,'S',148,'','2','','','N',1,'PESO',10.000,1),
 ('1213','FIBROPLUS 3MM GRIS GRAFITO MASISA','PLACA',460.000,'S',149,'','2','','','N',1,'PESO',10.000,1),
 ('1214','FIBROPLUS 3MM BLANCO NATURE FAPLAC','PLACA',460.000,'S',150,'','2','','','N',1,'PESO',10.000,1),
 ('1215','FIBROPLUS 3MM GRIS HUMO FAPLAC','PLACA',460.000,'S',151,'','2','','','N',1,'PESO',10.000,1),
 ('1216','FIBROPLUS 3MM ALMENDRA FAPLAC','PLACA',460.000,'S',152,'','2','','','N',1,'PESO',10.000,1),
 ('1217','FIBROPLUS 3MM BLANCO LACAS MASISA','PLACA',460.000,'S',153,'','2','','','N',1,'PESO',10.000,1),
 ('1218','FIBROPLUS 3MM CARVALHO MEZZO FAPLAC','PLACA',460.000,'S',154,'','2','','','N',1,'PESO',10.000,1),
 ('1219','FIBROPLUS 3MM LINOSA CINZA TOUCH FAPLAC','PLACA',460.000,'S',155,'','2','','','N',1,'PESO',10.000,1),
 ('1220','FIBROPLUS 3MM TANGANICA TABACO FAPLAC','PLACA',460.000,'S',156,'','2','','','N',1,'PESO',10.000,1),
 ('1221','FIBROPLUS 3MM ROBLE ESPAÑOL FAPLAC','PLACA',460.000,'S',157,'','2','','','N',1,'PESO',10.000,1),
 ('1222','FIBROPLUS 3MM ROBLE DAKAR FAPLAC','PLACA',460.000,'S',158,'','2','','','N',1,'PESO',10.000,1),
 ('1223','FIBROPLUS 3MM ROBLE DAKAR NATURE FAPLAC','PLACA',460.000,'S',159,'','2','','','N',1,'PESO',10.000,1),
 ('1224','FIBROPLUS 3MM CEREZO FAPLAC','PLACA',460.000,'S',160,'','2','','','N',1,'PESO',10.000,1),
 ('1225','FIBROPLUS 3MM MAPLE FAPLAC','PLACA',460.000,'S',161,'','2','','','N',1,'PESO',10.000,1),
 ('1226','FIBROPLUS 3MM TEKA ARTICO FAPLAC','PLACA',460.000,'S',162,'','2','','','N',1,'PESO',10.000,1),
 ('1227','FIBROPLUS 3MM VENEZIA VEFAPLAC','PLACA',460.000,'S',163,'','2','','','N',1,'PESO',10.000,1),
 ('1228','FIBROPLUS 3MM NOSSE MILANO FAPLAC','PLACA',460.000,'S',164,'','2','','','N',1,'PESO',10.000,1),
 ('1229','FIBROPLUS 3MM CARVALHO ASERRADO FAPLAC','PLACA',460.000,'S',165,'','2','','','N',1,'PESO',10.000,1),
 ('1230','FIBROPLUS 3MM TERRARUM FAPLAC','PLACA',460.000,'S',166,'','2','','','N',1,'PESO',10.000,1),
 ('1231','FIBROPLUS 3MM ROBLE AMERICANO FAPLAC','PLACA',460.000,'S',167,'','2','','','N',1,'PESO',10.000,1),
 ('1232','FIBROPLUS 3MM CEDRO NATURE FAPLAC','PLACA',460.000,'S',168,'','2','','','N',1,'PESO',10.000,1),
 ('1233','FIBROPLUS 3MM NOGAL TERRACOTA FAPLAC','PLACA',460.000,'S',169,'','2','','','N',1,'PESO',10.000,1),
 ('1234','FIBROPLUS 3MM ABEDUL FAPLAC','PLACA',460.000,'S',170,'','2','','','N',1,'PESO',10.000,1),
 ('1235','FIBROPLUS 3MM HAYA FAPLAC','PLACA',460.000,'S',171,'','2','','','N',1,'PESO',10.000,1),
 ('1236','FIBROPLUS 3MM PERAL FAPLAC','PLACA',460.000,'S',172,'','2','','','N',1,'PESO',10.000,1),
 ('1237','FIBROPLUS 3MM CEDRO FAPLAC','PLACA',400.000,'S',173,'','2','','','N',1,'PESO',1.000,1),
 ('1238','FIBROPLUS 3MM EBANO NEGRO FAPLAC','PLACA',460.000,'S',174,'','2','','','N',1,'PESO',2.000,1),
 ('1239','FIBROPLUS 3MM BLANCO FAPLAC','PLACA',312.000,'S',175,'','2','','','N',1,'PESO',10.000,1),
 ('1240','FIBROPLUS 3MM CENIZA 3MM','PLACA',337.000,'S',176,'','2','','','N',1,'PESO',10.000,1),
 ('1241','FIBROPLUS 3MM GRAFITO FAPLAC','PLACA',460.000,'S',177,'','2','','','N',1,'PESO',10.000,1),
 ('1242','FIBROPLUS 3MM AZUL LAGO FAPLAC','PLACA',460.000,'S',178,'','2','','','N',1,'PESO',10.000,1),
 ('1243','FIBROPLUS 3MM LILA FAPLAC','PLACA',460.000,'S',179,'','2','','','N',1,'PESO',10.000,1),
 ('1244','FIBROPLUS 3MM VERDE FAPLAC','PLACA',460.000,'S',180,'','2','','','N',1,'PESO',10.000,1),
 ('1245','FIBROPLUS 3MM MARILLO FAPLAC','PLACA',460.000,'S',181,'','2','','','N',1,'PESO',10.000,1),
 ('1246','FIBROPLUS 5.5MM ROJO FAPLAC','PLACA',543.000,'S',182,'','2','','','N',1,'PESO',1.000,1),
 ('1247','FIBROPLUS 3MM ALUMINIO FAPLAC','PLACA',460.000,'S',183,'','2','','','N',1,'PESO',10.000,1),
 ('1248','FIBROPLUS 3MM SEDA GIORNO FAPLAC','PLACA',460.000,'S',184,'','2','','','N',1,'PESO',10.000,1),
 ('1249','FIBROPLUS 3MM SEDA NOTTE FAPLAC','PLACA',460.000,'S',185,'','2','','','N',1,'PESO',10.000,1),
 ('1250','FIBROPLUS 3MM LINO CHIARO FAPLAC','PLACA',460.000,'S',186,'','2','','','N',1,'PESO',10.000,1),
 ('1251','FIBROPLUS 3MM LINO TERRA FAPLAC','PLACA',460.000,'S',187,'','2','','','N',1,'PESO',10.000,1),
 ('1252','FIBROPLUS 3MM LINO BLANCO FAPLAC','PLACA',460.000,'S',188,'','2','','','N',1,'PESO',10.000,1),
 ('1253','FIBROPLUS 3MM LINO NEGRO FAPLAC','PLACA',460.000,'S',189,'','2','','','N',1,'PESO',10.000,1),
 ('1254','FIBROPLUS 3MM LITIO FAPLAC','PLACA',460.000,'S',190,'','2','','','N',1,'PESO',10.000,1),
 ('1255','FIBROPLUS 3MM COBRE FAPLAC','PLACA',460.000,'S',191,'','2','','','N',1,'PESO',10.000,1),
 ('1256','FIBROPLUS 3MM TITANIO FAPLAC','PLACA',460.000,'S',192,'','2','','','N',1,'PESO',10.000,1),
 ('1257','FIBROPLUS 3MM ROBLE ESCANDINAVO FAPLAC','PLACA',460.000,'S',193,'','2','','','N',1,'PESO',10.000,1),
 ('1258','FIBROPLUS 3MM HELSINKI FAPLAC','PLACA',460.000,'S',194,'','2','','','N',1,'PESO',10.000,1),
 ('1259','FIBROPLUS 3MM BALTICO FAPLAC','PLACA',460.000,'S',195,'','2','','','N',1,'PESO',10.000,1),
 ('1260','FIBROPLUS 3MM OLMO FINLANDES FAPLAC','PLACA',460.000,'S',196,'','2','','','N',1,'PESO',10.000,1),
 ('1261','FIBROPLUS 3MM TEKA OSLO FAPLAC','PLACA',460.000,'S',197,'','2','','','N',1,'PESO',10.000,1),
 ('1262','FIBROPLUS 3MM RAUVISIO BLANCO','PLACA',460.000,'S',198,'','2','','','N',1,'PESO',10.000,1),
 ('1263','FIBROPLUS 3MM RAUVISIO NEGRO','PLACA',460.000,'S',199,'','2','','','N',1,'PESO',10.000,1),
 ('1264','FIBROPLUS 3MM RAUVISIO BORD…','PLACA',460.000,'S',200,'','2','','','N',1,'PESO',10.000,1),
 ('1265','FIBROPLUS 3MM RAUVISIO CHAMPAGNE','PLACA',460.000,'S',201,'','2','','','N',1,'PESO',10.000,1),
 ('3000','ANGULO DE TERM. ALUMINIO 12X12','UND.',2.000,'S',202,'','4','','','N',1,'PESO',10.000,1),
 ('3001','BASE PLASTICA','UND.',0.000,'S',203,'','4','','','N',1,'PESO',485.000,1),
 ('3002','BISAGRA 165 GRADOS','UND.',24.000,'S',204,'','4','','','N',1,'PESO',53.000,1),
 ('3003','BISAGRA CIERRE SUAVE 35 MM CODO 0','UND.',27.000,'S',205,'','4','','','N',1,'PESO',23.000,1),
 ('3004','BISAGRA CIERRE SUAVE 35 MM CODO 9','UND.',24.000,'S',206,'','4','','','N',1,'PESO',26.000,1),
 ('3005','BISAGRA COMUN 25 MM CODO 0','UND.',3.000,'S',207,'','4','','','N',1,'PESO',10.000,1),
 ('3006','BISAGRA COMUN 25 MM CODO 9','UND.',3.000,'S',208,'','4','','','N',1,'PESO',10.000,1),
 ('3007','BISAGRA COMUN 35 MM CODO 0','UND.',7.000,'S',209,'','4','','','N',1,'PESO',124.000,1),
 ('3008','BISAGRA COMUN 35 MM CODO 9','UND.',7.000,'S',210,'','4','','','N',1,'PESO',290.000,1),
 ('3009','BISAGRA DOBLE ACCION VAIVEN 3','',0.000,'S',211,'','4','','','N',1,'PESO',10.000,1),
 ('3010','BISAGRA INTERMEDIA  135 GRADOS','UND.',17.000,'S',212,'','4','','','N',1,'PESO',1.000,1),
 ('3011','BISAGRA PARA PERFIL ALUMINIO 20 X 20','UND.',17.000,'S',213,'','4','','','N',1,'PESO',10.000,1),
 ('3012','BISAGRA PARA PUERTA DE VIDRIO','UND.',8.000,'S',214,'','4','','','N',1,'PESO',10.000,1),
 ('3013','BOTINERO CROMADO 12 PARES','UND.',575.000,'S',215,'','4','','','N',1,'PESO',10.000,1),
 ('3014','BOTINERO CROMADO 8 PARES','UND.',449.000,'S',216,'','4','','','N',1,'PESO',1.000,1),
 ('3015','BURLETE DE GOMA','MTS,',22.000,'S',217,'','4','','','N',1,'PESO',10.000,1),
 ('3016','BURLETE PARA VIDRIO','MTS',5.000,'S',218,'','4','','','N',1,'PESO',10.000,1),
 ('3017','CAJA FUERTE CIERRE ELECTRONICO 200 X 200 X 310 MM','UND.',0.000,'S',219,'','4','','','N',1,'PESO',10.000,1),
 ('3018','CANASTO DE METAL VERDULERO CROMADO 430 X 460 MM','UND.',0.000,'S',220,'','4','','','N',1,'PESO',10.000,1),
 ('3019','CA¾O ALUMINIO OVAL','MTS,',0.000,'S',221,'','4','','','N',1,'PESO',10.000,1),
 ('3020','CA¾O ALUMINIO OVAL LINEA S','MTS,',99.000,'S',222,'','4','','','N',1,'PESO',10.000,1),
 ('3021','CERRADURA DE BOTON CROMADA','UND.',0.000,'S',223,'','4','','','N',1,'PESO',3.000,1),
 ('3022','CERRADURA DE CAJON CUADRADA CROMADA','UND.',25.000,'S',224,'','4','','','N',1,'PESO',13.000,1),
 ('3023','CERRADURA INDICADOR LIBRE/OCUPADO PARA BA¾O','UND.',26.000,'S',225,'','4','','','N',1,'PESO',10.000,1),
 ('3024','CERRADURA PARA PUERTA DE ROPERO ECONOMICA','UND.',0.000,'S',226,'','4','','','N',1,'PESO',10.000,1),
 ('3025','CERRADURA PUERTA DE VIDRIO CORREDIZA CROMADA','UND.',35.000,'S',227,'','4','','','N',1,'PESO',10.000,1),
 ('3026','CHAPITA PARA FONDO','UND.',0.000,'S',228,'','4','','','N',1,'PESO',10.000,1),
 ('3027','COLGADOR DE ALACENA BLANCO','UND.',8.000,'S',229,'','4','','','N',1,'PESO',97.000,1),
 ('3028','CORREDERA AL PISO PARA MUEBLE DUCASSE','UND.',0.000,'S',230,'','4','','','N',1,'PESO',10.000,1),
 ('3029','CORREDERA COMUN 250 MM','UND.',20.000,'S',231,'','4','','','N',1,'PESO',10.000,1),
 ('3030','CORREDERA COMUN 300 MM','UND.',24.000,'S',232,'','4','','','N',1,'PESO',1.000,1),
 ('3031','CORREDERA COMUN 350 MM','UND.',28.000,'S',233,'','4','','','N',1,'PESO',2.000,1),
 ('3032','CORREDERA COMUN 400 MM','UND.',78.000,'S',234,'','4','','','N',1,'PESO',3.000,1),
 ('3033','CORREDERA COMUN 450 MM','UND.',88.000,'S',235,'','4','','','N',1,'PESO',1.000,1),
 ('3034','CORREDERA COMUN 500 MM','UND.',62.000,'S',236,'','4','','','N',1,'PESO',4.000,1),
 ('3035','CORREDERA LATERAL METALICO 400 MM','UND.',0.000,'S',237,'','4','','','N',1,'PESO',10.000,1),
 ('3036','CORREDERA OCULTA CON LATERAL 500 MM','UND.',0.000,'S',238,'','4','','','N',1,'PESO',10.000,1),
 ('3037','CORREDERA TELESCOPICA 250 MM','UND.',40.000,'S',239,'','4','','','N',1,'PESO',5.000,1),
 ('3038','CORREDERA TELESCOPICA 300 MM','UND.',43.000,'S',240,'','4','','','N',1,'PESO',14.000,1),
 ('3039','CORREDERA TELESCOPICA 350 MM','UND.',67.000,'S',241,'','4','','','N',1,'PESO',18.000,1),
 ('3040','CORREDERA TELESCOPICA 350 MM PORTATECLADO','UND.',0.000,'S',242,'','4','','','N',1,'PESO',10.000,1),
 ('3041','CORREDERA TELESCOPICA 400 MM','UND.',62.000,'S',243,'','4','','','N',1,'PESO',34.000,1),
 ('3042','CORREDERA TELESCOPICA 450 MM','UND.',69.000,'S',244,'','4','','','N',1,'PESO',93.000,1),
 ('3043','CORREDERA TELESCOPICA 500 MM','UND.',72.000,'S',245,'','4','','','N',1,'PESO',74.000,1),
 ('3044','CORREDERA TELESCOPICA 500 MM CIERRE SUAVE','UND.',130.000,'S',246,'','4','','','N',1,'PESO',13.000,1),
 ('3045','CUBIERTERO 300 X 470 MM','UND.',153.000,'S',247,'','4','','','N',1,'PESO',10.000,1),
 ('3046','CUBIERTERO 350 X 470 MM','UND.',187.000,'S',248,'','4','','','N',1,'PESO',4.000,1),
 ('3047','CUBIERTERO 400 X 500 MM','UND.',196.000,'S',249,'','4','','','N',1,'PESO',6.000,1),
 ('3048','CUBIERTERO 600 X 500 MM','UND.',277.000,'S',250,'','4','','','N',1,'PESO',5.000,1),
 ('3049','ESCADRA PERFIL PIANNO','UND.',9.000,'S',251,'','4','','','N',1,'PESO',10.000,1),
 ('3050','ESCUADRA','L',1.000,'S',252,'','4','','','N',1,'PESO',10.000,1),
 ('3051','ESCUADRA ESQUINERO 25 X 25 MM','UND.',3.000,'S',253,'','4','','','N',1,'PESO',6.000,1),
 ('3052','ESCUADRA ESQUINERO 50 X 50 MM','UND.',4.000,'S',254,'','4','','','N',1,'PESO',10.000,1),
 ('3053','ESCUADRA ESQUINERO 75 X 75 MM','UND.',4.000,'S',255,'','4','','','N',1,'PESO',10.000,1),
 ('3054','CANASTO VOLCABLE PARA ROPA 350 MM','UND.',342.000,'S',256,'','4','','','N',1,'PESO',1.000,1),
 ('3055','ESCUADRA PERFIL SCALE','UND.',14.000,'S',257,'','4','','','N',1,'PESO',80.000,1),
 ('3056','ESCUADRA PLASTICA PARA PERFIL 20 X 20 MM ALUMINIO','UND.',9.000,'S',258,'','4','','','N',1,'PESO',10.000,1),
 ('3057','ESQUINERO 0.1 CM','UND.',0.000,'S',259,'','4','','','N',1,'PESO',10.000,1),
 ('3058','ESTABILIZADOR DERECHO','UND.',19.000,'S',260,'','4','','','N',1,'PESO',10.000,1),
 ('3059','ESTABILIZADOR IZQUIERDO','UND.',19.000,'S',261,'','4','','','N',1,'PESO',10.000,1),
 ('3060','FELPA 5X5','UND.',2.000,'S',262,'','4','','','N',1,'PESO',10.000,1),
 ('3061','GU™A INFERIOR ALUMINIO','UND.',0.000,'S',263,'','4','','','N',1,'PESO',10.000,1),
 ('3062','GU™A SUPERIOR ALUMINIO','UND.',0.000,'S',264,'','4','','','N',1,'PESO',10.000,1),
 ('3063','H MINI ALUMINIO','UND.',0.000,'S',265,'','4','','','N',1,'PESO',10.000,1),
 ('3064','KIT CORREDIZO SIN PERIL MANIJA SISTEMA GE52-300','UND.',0.000,'S',266,'','4','','','N',1,'PESO',10.000,1),
 ('3065','KIT CORREDIZO SIN PERIL MANIJA SISTEMA OFFICE','UND.',41.000,'S',267,'','4','','','N',1,'PESO',2.000,1),
 ('3066','KIT CORREDIZO SISTEMA CLASSIC ANCHO GU™A 1.50 MTS','UND.',1247.000,'S',268,'','4','','','N',1,'PESO',2.000,1),
 ('3067','KIT CORREDIZO SISTEMA CLASSIC ANCHO GU™A 2.00 MTS','UND.',1319.000,'S',269,'','4','','','N',1,'PESO',6.000,1),
 ('3068','KIT CORREDIZO SISTEMA CLASSIC ANCHO GU™A 3.00 MTS','UND.',1455.000,'S',270,'','4','','','N',1,'PESO',9.000,1),
 ('3069','KIT CORREDIZO SISTEMA CLASSIC ANCHO GU™A 4.00 MTS','UND.',1611.000,'S',271,'','4','','','N',1,'PESO',3.000,1),
 ('3070','KIT CORREDIZO SISTEMA COMPACTO ANCHO GU™A 1.50 MTS','UND.',808.000,'S',272,'','4','','','N',1,'PESO',10.000,1),
 ('3071','KIT CORREDIZO SISTEMA COMPACTO ANCHO GU™A 2.00 MTS','UND.',855.000,'S',273,'','4','','','N',1,'PESO',10.000,1),
 ('3072','KIT CORREDIZO SISTEMA COMPACTO ANCHO GU™A 3.00 MTS -KC300-','UND.',940.000,'S',274,'','4','','','N',1,'PESO',10.000,1),
 ('3073','KIT CORREDIZO SISTEMA COMPACTO ANCHO GU™A 4.00 MTS','UND.',1044.000,'S',275,'','4','','','N',1,'PESO',10.000,1),
 ('3074','VARILLA LED 80 CM 220V BLANCO','UND.',467.000,'S',276,'','4','','','N',1,'PESO',10.000,1),
 ('3075','KIT FRENO PLACARD','UND.',448.000,'S',277,'','4','','','N',1,'PESO',1.000,1),
 ('3076','MANIJA ABRUZZO 160 MM','UND.',64.000,'S',278,'','4','','','N',1,'PESO',10.000,1),
 ('3077','MANIJA ABRUZZO PINTADA 160 MM','UND.',64.000,'S',279,'','4','','','N',1,'PESO',10.000,1),
 ('3078','MANIJA AMANDA 192 MM','UND.',94.000,'S',280,'','4','','','N',1,'PESO',3.000,1),
 ('3079','MANIJA AMON 128 MM','UND.',27.000,'S',281,'','4','','','N',1,'PESO',10.000,1),
 ('3080','MANIJA AMON 160 MM','UND.',34.000,'S',282,'','4','','','N',1,'PESO',10.000,1),
 ('3081','MANIJA AMON 96 MM','UND.',24.000,'S',283,'','4','','','N',1,'PESO',10.000,1),
 ('3082','VARILLA LED 40 CM 220V BLANCO','UND.',208.000,'S',284,'','4','','','N',1,'PESO',10.000,1),
 ('3083','PATA REDONDA GRIS C/REG.','UND.',21.000,'S',285,'','4','','','N',1,'PESO',10.000,1),
 ('3084','PATA CUADRADA GRIS C/REG.','UND.',21.000,'S',286,'','4','','','N',1,'PESO',10.000,1),
 ('3085','MANIJA BARRAL 96 MM PLASTICAS','UND.',4.000,'S',287,'','4','','','N',1,'PESO',2.000,1),
 ('3086','MANIJA BARRAL RECTO 128 MM','UND.',45.000,'S',288,'','4','','','N',1,'PESO',19.000,1),
 ('3087','MANIJA BARRAL RECTO 160 MM','UND.',24.000,'S',289,'','4','','','N',1,'PESO',10.000,1),
 ('3088','MANIJA BARRAL RECTO 192 MM','UND.',26.000,'S',290,'','4','','','N',1,'PESO',4.000,1),
 ('3089','MANIJA BARRAL RECTO 256 MM','UND.',38.000,'S',291,'','4','','','N',1,'PESO',10.000,1),
 ('3090','MANIJA BARRAL RECTO 96 MM','UND.',29.000,'S',292,'','4','','','N',1,'PESO',31.000,1),
 ('3091','MANIJA CINTA 160 MM','UND.',47.000,'S',293,'','4','','','N',1,'PESO',10.000,1),
 ('3092','MANIJA CUBETA 128 MM','UND.',65.000,'S',294,'','4','','','N',1,'PESO',1.000,1),
 ('3093','MANIJA CUBETA METAL CHICA','UND.',0.000,'S',295,'','4','','','N',1,'PESO',10.000,1),
 ('3094','MANIJA CUBETA PLASTICO REDONDO','UND.',0.000,'S',296,'','4','','','N',1,'PESO',10.000,1),
 ('3095','MANIJA MEDIALUNA 128 MM','UND.',12.000,'S',297,'','4','','','N',1,'PESO',2.000,1),
 ('3096','MANIJA MEDIALUNA 96 MM','UND.',10.000,'S',298,'','4','','','N',1,'PESO',9.000,1),
 ('3097','MANIJA PLASTICA 96 MM','UND.',0.000,'S',299,'','4','','','N',1,'PESO',10.000,1),
 ('3098','MANIJA OCULTA EURO','UND.',17.000,'S',300,'','4','','','N',1,'PESO',7.000,1),
 ('3099','MANIJA PLASTICA BLANCA','UND.',0.000,'S',301,'','4','','','N',1,'PESO',10.000,1),
 ('3100','MANIJA PLASTICA CINTA 128 MM','UND.',5.000,'S',302,'','4','','','N',1,'PESO',1.000,1),
 ('3101','MANIJA TITANIUM 128 MM','UND.',0.000,'S',303,'','4','','','N',1,'PESO',10.000,1),
 ('3102','MANIJA TITANIUM 160 MM','UND.',0.000,'S',304,'','4','','','N',1,'PESO',10.000,1),
 ('3103','HOJA ADICIONAL KIT CLASSIC','UND.',554.000,'S',305,'','4','','','N',1,'PESO',7.000,1),
 ('3104','HOJA ADICIONAL KIT COMPACTO','UND.',277.000,'S',306,'','4','','','N',1,'PESO',10.000,1),
 ('3105','HOJA ADICIONAL KIT PLUS','UND.',908.000,'S',307,'','4','','','N',1,'PESO',10.000,1),
 ('3106','MENSULA RE 17 CM','UND.',0.000,'S',308,'','4','','','N',1,'PESO',1.000,1),
 ('3107','MENSULA RE 27 CM','UND.',0.000,'S',309,'','4','','','N',1,'PESO',10.000,1),
 ('3108','MENSULA RE 37 CM','UND.',0.000,'S',310,'','4','','','N',1,'PESO',10.000,1),
 ('3109','MENSULA RE 44 CM','UND.',0.000,'S',311,'','4','','','N',1,'PESO',10.000,1),
 ('3110','MENSULA RE 54 CM','UND.',0.000,'S',312,'','4','','','N',1,'PESO',10.000,1),
 ('3111','PANTALONERO CROMADO 10 PERCHAS','UND.',1004.000,'S',313,'','4','','','N',1,'PESO',15.000,1),
 ('3112','REGATON REGULABLE CHICO + BASE','UND.',5.000,'S',314,'','4','','','N',1,'PESO',3.000,1),
 ('3113','PANTALONERO DE ALAMBRE','UND.',0.000,'S',315,'','4','','','N',1,'PESO',10.000,1),
 ('3114','PASA CABLE 60 MM NEGRO','UND.',4.000,'S',316,'','4','','','N',1,'PESO',3.000,1),
 ('3115','PATA DE ALUMINIO','UND.',54.000,'S',317,'','4','','','N',1,'PESO',2.000,1),
 ('3116','PATA DESAYUNADOR 71CM CROMADA','UND.',250.000,'S',318,'','4','','','N',1,'PESO',10.000,1),
 ('3117','PATA DESAYUNADOR 75CM','UND.',0.000,'S',319,'','4','','','N',1,'PESO',10.000,1),
 ('3118','PATA DESAYUNADOR 98CM','UND.',232.000,'S',320,'','4','','','N',1,'PESO',10.000,1),
 ('3119','PATA PLASTICA PARA BAJO MESADA 10CM','UND.',9.000,'S',321,'','4','','','N',1,'PESO',121.000,1),
 ('3120','PATIN ESTABILIZADOR','UND.',0.000,'S',322,'','4','','','N',1,'PESO',10.000,1),
 ('3121','PATIN ESTABILIZADOR CON RUEDAS','UND.',19.000,'S',323,'','4','','','N',1,'PESO',10.000,1),
 ('3123','PERFIL PIANNO 20X20','UND.',171.000,'S',324,'','4','','','N',1,'PESO',10.000,1),
 ('3124','PERFIL SCALE 45X20','MTS',334.000,'S',325,'','4','','','N',1,'PESO',10.000,1),
 ('3125','PERFIL LINEA / CITY 45X20','UND.',0.000,'S',326,'','4','','','N',1,'PESO',10.000,1),
 ('3126','PISTON A GAS  100 N','UND.',25.000,'S',327,'','4','','','N',1,'PESO',14.000,1),
 ('3127','PISTON A GAS  120 N','UND.',41.000,'S',328,'','4','','','N',1,'PESO',11.000,1),
 ('3128','PISTON A GAS  80 N','UND.',19.000,'S',329,'','4','','','N',1,'PESO',5.000,1),
 ('3129','PORTA CD PLASTICO','UND.',0.000,'S',330,'','4','','','N',1,'PESO',10.000,1),
 ('3130','PUNTERA BRILLOSA 18 MM','UND.',3.000,'S',331,'','4','','','N',1,'PESO',10.000,1),
 ('3131','PUNTERA BRILLOSA 36 MM PLASTICA','UND.',7.000,'S',332,'','4','','','N',1,'PESO',10.000,1),
 ('3132','PUNTERA MATE 18 MM','UND.',3.000,'S',333,'','4','','','N',1,'PESO',26.000,1),
 ('3133','PUNTERA MATE 36 MM','UND.',8.000,'S',334,'','4','','','N',1,'PESO',10.000,1),
 ('3134','PUNTERA U BRILLOSA 18 MM','UND.',2.000,'S',335,'','4','','','N',1,'PESO',10.000,1),
 ('3135','PUNTERA U MATE 18 MM','UND.',3.000,'S',336,'','4','','','N',1,'PESO',10.000,1),
 ('3136','REJILLA RESPIRATORIA PLASTICA 35 MM','UND.',0.000,'S',337,'','4','','','N',1,'PESO',10.000,1),
 ('3137','REJILLA RESPIRATORIA PLASTICA 55 MM','UND.',0.000,'S',338,'','4','','','N',1,'PESO',10.000,1),
 ('3138','RIEL RE 1.00 MTS','UND.',0.000,'S',339,'','4','','','N',1,'PESO',10.000,1),
 ('3139','RIEL RE 1.50 MTS','UND.',0.000,'S',340,'','4','','','N',1,'PESO',10.000,1),
 ('3140','RIEL RE 2.00 MTS','UND.',0.000,'S',341,'','4','','','N',1,'PESO',10.000,1),
 ('3141','RIEL RE 2.50 MTS','UND.',121.000,'S',342,'','4','','','N',1,'PESO',10.000,1),
 ('3142','RIEL RE 3.00 MTS','UND.',0.000,'S',343,'','4','','','N',1,'PESO',10.000,1),
 ('3143','RUEDA CHINA DE GOMA GIRATORIA 51MM','UND.',17.000,'S',344,'','4','','','N',1,'PESO',6.000,1),
 ('3144','RUEDA CON FELPA AUTOLIMPIANTE','UND.',49.000,'S',345,'','4','','','N',1,'PESO',10.000,1),
 ('3145','RUEDA DE NYLON PARA MESA DE COMPUTACION','UND.',0.000,'S',346,'','4','','','N',1,'PESO',10.000,1),
 ('3146','RUEDA DE NYLON PARA MESA TV','UND.',15.000,'S',347,'','4','','','N',1,'PESO',3.000,1),
 ('3147','RUEDA NACIONAL GIRATORIA 50MM CON FRENO','UND.',65.000,'S',348,'','4','','','N',1,'PESO',2.000,1),
 ('3148','RUEDA NACIONAL GIRATORIA 50MM S/FRENO','UND.',58.000,'S',349,'','4','','','N',1,'PESO',1.000,1),
 ('3149','RUEDA PARA CAMA MARINERA','UND.',0.000,'S',350,'','4','','','N',1,'PESO',10.000,1),
 ('3150','TIRADOR ALUMINIO CINTAADHESIVA CHICA -ADHR-','UND.',235.000,'S',351,'','4','','','N',1,'PESO',10.000,1),
 ('3151','TIRADOR ALUMINIO CINTAADHESIVA GRANDE -ADH-','UND.',353.000,'S',352,'','4','','','N',1,'PESO',10.000,1),
 ('3152','RUEDA PARA PUERTA CORREDIZA PLASTICA','UND.',0.000,'S',353,'','4','','','N',1,'PESO',10.000,1),
 ('3153','SEPARADOR ALUMINIO (H)','UND.',0.000,'S',354,'','4','','','N',1,'PESO',10.000,1),
 ('3154','PATA PLASTICA PARA BAJO MESADA 15CM','UND.',9.000,'S',355,'','4','','','N',1,'PESO',4.000,1),
 ('3155','PASA CABLE 60 MM GRIS','',4.000,'S',356,'','4','','','N',1,'PESO',5.000,1),
 ('3156','SOPORTE DE ESTANTE 5 MM ZINCADO','UND.',0.000,'S',357,'','4','','','N',1,'PESO',10.000,1),
 ('3157','SOPORTE DE PERCHERO CENTRAL CROMADO','UND.',6.000,'S',358,'','4','','','N',1,'PESO',6.000,1),
 ('3158','SOPORTE DE PERCHERO CROMADO','UND.',4.000,'S',359,'','4','','','N',1,'PESO',80.000,1),
 ('3159','SOPORTE DE PERCHERO PLASTICO PARA CA¾O REDONDO','UND.',0.000,'S',360,'','4','','','N',1,'PESO',10.000,1),
 ('3160','CALESITA GIRATORIA 70CM BLANCA','UND.',554.000,'S',361,'','4','','','N',1,'PESO',10.000,1),
 ('3161','SPOT EMBUTIR CHATO CON MOVIMEINTO DORADO','UND.',0.000,'S',362,'','4','','','N',1,'PESO',10.000,1),
 ('3162','CUBIERTERO DE AC. INOX 363X473 EURO HARD','UND.',1251.000,'S',363,'','4','','','N',1,'PESO',10.000,1),
 ('3163','TAPA TORNILLAS HAYA','UND.',0.000,'S',364,'','4','','','N',1,'PESO',10.000,1),
 ('3164','TAPA TORNILLOS AUTOADHESIVA CEDRO','UND.',0.000,'S',365,'','4','','','N',1,'PESO',10.000,1),
 ('3165','TAPA TORNILLOS AUTOADHESIVA CEREJEIRA','UND.',0.000,'S',366,'','4','','','N',1,'PESO',10.000,1),
 ('3166','TAPA TORNILLOS AUTOADHESIVA GUINDO','UND.',0.000,'S',367,'','4','','','N',1,'PESO',10.000,1),
 ('3167','TAPA TORNILLOS AUTOADHESIVA HAYA','UND.',0.000,'S',368,'','4','','','N',1,'PESO',10.000,1),
 ('3168','TAPA TORNILLOS AUTOADHESIVA NEGRO','UND.',0.000,'S',369,'','4','','','N',1,'PESO',10.000,1),
 ('3169','TAPA TORNILLOS AUTOADHESIVA ROBLE MORO','UND.',0.000,'S',370,'','4','','','N',1,'PESO',10.000,1),
 ('3170','TAPA TORNILLOS AUTOADHESIVA WENGUE','UND.',0.000,'S',371,'','4','','','N',1,'PESO',10.000,1),
 ('3171','TAPA TORNILLOS AUTOADHESIVA BLANCA','CAJA',0.000,'S',372,'','4','','10 PLANCHAS X CAJA, 48 TAPAS X PLANCHA','N',1,'PESO',10.000,1),
 ('3172','TAPA TORNILLOS CREMA','UND.',0.000,'S',373,'','4','','','N',1,'PESO',10.000,1),
 ('3173','TAPA TORNILLOS MARRON OSCURO','UND.',0.000,'S',374,'','4','','','N',1,'PESO',10.000,1),
 ('3174','TAPA TORNILLOS NEGRO','UND.',0.000,'S',375,'','4','','','N',1,'PESO',10.000,1),
 ('3175','TAPA TORNILLOS TABACO','UND.',0.000,'S',376,'','4','','','N',1,'PESO',10.000,1),
 ('3176','TAPA TORNILLOS TOSTADO','UND.',0.000,'S',377,'','4','','','N',1,'PESO',10.000,1),
 ('3177','TAPA TRONILLOS GRIS','UND.',0.000,'S',378,'','4','','','N',1,'PESO',10.000,1),
 ('3178','TAPACANTO CON ESPIGA PUNTERA','UND.',0.000,'S',379,'','4','','','N',1,'PESO',10.000,1),
 ('3179','TAPACANTOS','U',1.000,'S',380,'','4','','','N',1,'PESO',10.000,1),
 ('3180','TAPACANTOS','U',1.000,'S',381,'','4','','','N',1,'PESO',10.000,1),
 ('3181','TARUGO DE MADERA 10 X 30 MM','UND.',0.000,'S',382,'','4','','','N',1,'PESO',10.000,1),
 ('3182','TARUGO DE MADERA 8 X 30 MM','UND.',0.000,'S',383,'','4','','','N',1,'PESO',7504.000,1),
 ('3183','TIJERA COMPASS 150 MM DERECHA','UND.',0.000,'S',384,'','4','','','N',1,'PESO',10.000,1),
 ('3184','TIJERA COMPASS 150 MM IZQUIERDA','UND.',0.000,'S',385,'','4','','','N',1,'PESO',10.000,1),
 ('3185','TIRADOR','F',1.000,'S',386,'','4','','','N',1,'PESO',10.000,1),
 ('3186','TIRADOR ALUMINIO DOMO','UND.',8.000,'S',387,'','4','','','N',1,'PESO',10.000,1),
 ('3187','TIRADOR ALUMINIO INDIKO','UND.',11.000,'S',388,'','4','','','N',1,'PESO',6.000,1),
 ('3188','TIRADOR ALUMINIO IOSSA','UND.',8.000,'S',389,'','4','','','N',1,'PESO',83.000,1),
 ('3189','TIRADOR ALUMINIO LILIUZ','UND.',7.000,'S',390,'','4','','','N',1,'PESO',10.000,1),
 ('3190','TIRADOR ALUMINIO LUSS','UND.',6.000,'S',391,'','4','','','N',1,'PESO',10.000,1),
 ('3191','TIRADOR ALUMINIO ROCA','UND.',12.000,'S',392,'','4','','','N',1,'PESO',10.000,1),
 ('3192','Tirador Bock 116/96','UND.',43.000,'S',393,'','4','','','N',1,'PESO',10.000,1),
 ('3193','Tirador Bock 148/128','UND.',52.000,'S',394,'','4','','','N',1,'PESO',10.000,1),
 ('3194','Tirador Bock 180/160','UND.',62.000,'S',395,'','4','','','N',1,'PESO',10.000,1),
 ('3195','Tirador Bock 212/192','UND.',69.000,'S',396,'','4','','','N',1,'PESO',10.000,1),
 ('3196','Tirador Bock 52/32','UND.',22.000,'S',397,'','4','','','N',1,'PESO',10.000,1),
 ('3197','Tirador Bock 84/64','UND.',33.000,'S',398,'','4','','','N',1,'PESO',10.000,1),
 ('3198','TAPACANTO EBEN','UND.',47.000,'S',399,'','4','','','N',1,'PESO',10.000,1),
 ('3199','Tirador Infinit 116/96','UND.',36.000,'S',400,'','4','','','N',1,'PESO',10.000,1),
 ('3200','Tirador Infinit 148/128','UND.',40.000,'S',401,'','4','','','N',1,'PESO',2.000,1),
 ('3201','Tirador Infinit 180/160','UND.',63.000,'S',402,'','4','','','N',1,'PESO',10.000,1),
 ('3202','Tirador Infinit 212/192','UND.',59.000,'S',403,'','4','','','N',1,'PESO',10.000,1),
 ('3203','Tirador Infinit 52/32','UND.',19.000,'S',404,'','4','','','N',1,'PESO',10.000,1),
 ('3204','Tirador Infinit 84/64','UND.',28.000,'S',405,'','4','','','N',1,'PESO',10.000,1),
 ('3205','TIRADOR J CUADRADA','MTS',249.000,'S',406,'','4','','','N',1,'PESO',10.000,1),
 ('3206','TIRADOR LATERAL ALUMINIO','UND.',0.000,'S',407,'','4','','','N',1,'PESO',10.000,1),
 ('3207','TIRADOR PLASTICO AUTITO','UND.',10.000,'S',408,'','4','','','N',1,'PESO',10.000,1),
 ('3208','TIRADOR PLASTICO OSITO','UND.',10.000,'S',409,'','4','','','N',1,'PESO',10.000,1),
 ('3209','TIRADOR PLASTICO RANA','UND.',10.000,'S',410,'','4','','','N',1,'PESO',10.000,1),
 ('3213','Tirador Scala 212/192','UND.',51.000,'S',411,'','4','','','N',1,'PESO',10.000,1),
 ('3214','Tirador Scala 52/32','UND.',25.000,'S',412,'','4','','','N',1,'PESO',10.000,1),
 ('3215','Tirador Scala 84/64','UND.',30.000,'S',413,'','4','','','N',1,'PESO',10.000,1),
 ('3216','MOLDURA PUERTA EURO MP','UND.',60.000,'S',414,'','4','','','N',1,'PESO',10.000,1),
 ('3217','ZOCALO ALUMINIO 100 EURO Z100','UND.',414.000,'S',415,'','4','','','N',1,'PESO',10.000,1),
 ('3218','ZOCALO ALUMINIO 120 EURO Z120','UND.',491.000,'S',416,'','4','','','N',1,'PESO',10.000,1),
 ('3219','ZOCALO ALUMINIO 150 EURO Z150','UND.',735.000,'S',417,'','4','','','N',1,'PESO',10.000,1),
 ('3220','ZOCALO ALUMINIO 2 X 0.10 M','UND.',0.000,'S',418,'','4','','','N',1,'PESO',10.000,1),
 ('3221','ZOCALO ALUMINIO 3 X 0.10 M','UND.',288.000,'S',419,'','4','','','N',1,'PESO',10.000,1),
 ('3222','ZOCALO CLIP ALUMINIO 0.10X4 M','UND.',415.000,'S',420,'','4','','','N',1,'PESO',10.000,1),
 ('3223','TACHO DE RESIDUOS ACERO INOX. SIMPLE','UND.',502.000,'S',421,'','4','','','N',1,'PESO',14.000,1),
 ('3224','TACHO DE RESIDUOS ACERO INOX. DOBLE','UND.',1464.000,'S',422,'','4','','','N',1,'PESO',2.000,1),
 ('3225','TACHO DE RESIDUOS PLASTICO SIMPLE','UND.',365.000,'S',423,'','4','','','N',1,'PESO',10.000,1),
 ('3226','TACHO DE RESIDUOS PLASTICO DOBLE','UND.',896.000,'S',424,'','4','','','N',1,'PESO',10.000,1),
 ('3227','BISAGRA COMUN 35 MM CODO 18','UND.',5.000,'S',425,'','4','','','N',1,'PESO',28.000,1),
 ('3228','BISAGRA BLUM 35 MM CODO 9','UND.',36.000,'S',426,'','4','','','N',1,'PESO',6.000,1),
 ('3229','BISAGRA BLUM 35 MM CODO 165','UND.',11.000,'S',427,'','4','','','N',1,'PESO',1.000,1),
 ('3230','BISAGRA BLUM 35 MM CODO 0','UND.',29.000,'S',428,'','4','','','N',1,'PESO',16.000,1),
 ('3231','BISAGRA PUSCH 35 MM CODO 0','UND.',14.000,'S',429,'','4','','','N',1,'PESO',5.000,1),
 ('3232','BISAGRA PUSCH 35 MM CODO 9','UND.',14.000,'S',430,'','4','','','N',1,'PESO',3.000,1),
 ('3233','CORREDERA TELESC…PICA 450 MM CIERRE SUAVE','UND.',165.000,'S',431,'','4','','','N',1,'PESO',10.000,1),
 ('3234','CORREDERA TELESC…PICA 350 MM CIERRE SUAVE','UND.',158.000,'S',432,'','4','','','N',1,'PESO',10.000,1),
 ('3235','CORREDERA TELESC…PICA 500 MM PUSCH','UND.',171.000,'S',433,'','4','','','N',1,'PESO',1.000,1),
 ('3236','CORREDERA BLUM TANDEMBOX ANTARO BAJA 500 MM','UND.',1368.000,'S',434,'','4','','','N',1,'PESO',3.000,1),
 ('3237','CORREDERA TELESC…PICA 350 MM PUSCH','UND.',93.000,'S',435,'','4','','','N',1,'PESO',3.000,1),
 ('3238','CORREDERA TELESC…PICA 300 MM PUSCH','UND.',146.000,'S',436,'','4','','','N',1,'PESO',10.000,1),
 ('3239','CORREDERA TELESC…PICA 400 MM CIERRE SUAVE','UND.',117.000,'S',437,'','4','','','N',1,'PESO',10.000,1),
 ('3240','GUIAS CON SISTEMA PUSCH BLUM','UND.',0.000,'S',438,'','4','','','N',1,'PESO',10.000,1),
 ('3241','CORREDERA TELESC…PICA 250 MM PUSCH','UND.',146.000,'S',439,'','4','','','N',1,'PESO',10.000,1),
 ('3242','COLGADOR DE ALACENA NEGRO','UND.',7.000,'S',440,'','4','','','N',1,'PESO',40.000,1),
 ('3243','COLGADOR DE ALACENA MARRON','UND.',6.000,'S',441,'','4','','','N',1,'PESO',3.000,1),
 ('3244','MANIJA EURO SCALA 128MM','UND.',47.000,'S',442,'','4','','','N',1,'PESO',40.000,1),
 ('3245','MANIJA EURO SCALA 96MM','UND.',45.000,'S',443,'','4','','','N',1,'PESO',26.000,1),
 ('3246','MANIJA EURO SCALA 160MM','UND.',57.000,'S',444,'','4','','','N',1,'PESO',10.000,1),
 ('3247','MANIJA BARRAL 320','UND.',54.000,'S',445,'','4','','','N',1,'PESO',1.000,1),
 ('3248','RETEN MINI LATCH PARA PUSCH','UND.',54.000,'S',446,'','4','','','N',1,'PESO',4.000,1),
 ('3249','MANIJA MEDIALUNA PLASTICA','UND.',10.000,'S',447,'','4','','','N',1,'PESO',10.000,1),
 ('3250','PISTON A GAS  60','UND.',19.000,'S',448,'','4','','','N',1,'PESO',1.000,1),
 ('3251','PISTON A GAS  150','UND.',17.000,'S',449,'','4','','','N',1,'PESO',1.000,1),
 ('3252','BRAZO A FRICCI…N','UND.',78.000,'S',450,'','4','','','N',1,'PESO',23.000,1),
 ('3253','AMORTIGUARDOR BLUMOTION (BLUM) CODO 0','UND.',42.000,'S',451,'','4','','','N',1,'PESO',8.000,1),
 ('3254','AMORTIGUARDOR BLUMOTION (BLUM) CODO 9','UND.',65.000,'S',452,'','4','','','N',1,'PESO',3.000,1),
 ('3255','CORREDERA BLUM TANDEMBOX ANTARO ALTA 500 MM','UND.',1680.000,'S',453,'','4','','','N',1,'PESO',6.000,1),
 ('3256','KIT CORREDIZO SISTEMA PLUS ANCHO GU™A 1.50 MTS','UND.',2188.000,'S',454,'','4','','','N',1,'PESO',10.000,1),
 ('3257','KIT CORREDIZO SISTEMA PLUS ANCHO GU™A 2.00 MTS','UND.',2312.000,'S',455,'','4','','','N',1,'PESO',10.000,1),
 ('3258','KIT CORREDIZO SISTEMA PLUS ANCHO GU™A 3.00 MTS','UND.',2559.000,'S',456,'','4','','','N',1,'PESO',10.000,1),
 ('3259','KIT CORREDIZO SISTEMA PLUS ANCHO GU™A 4.00 MTS','UND.',2807.000,'S',457,'','4','','','N',1,'PESO',10.000,1),
 ('3260','KIT CORREDIZO SISTEMA DF ANCHO GU™A 2.00 MTS','UND.',832.000,'S',458,'','4','','','N',1,'PESO',10.000,1),
 ('3261','KIT CORREDIZO SISTEMA DF ANCHO GU™A 3.00MTS','UND.',0.000,'S',459,'','4','','','N',1,'PESO',10.000,1),
 ('3262','SOPORTE ENTRE PA¾O OCULTO (MENSULA)','UND.',115.000,'S',460,'','4','','','N',1,'PESO',13.000,1),
 ('3263','CORREDERA BLUM TANDEMBOX ANTARO BAJO BACHA ALTA 500 MM','UND.',2045.000,'S',461,'','4','','','N',1,'PESO',10.000,1),
 ('3264','CANASTO 3 NIV. EXTRAIBLE 230MM CROMADO','UND.',803.000,'S',462,'','4','','','N',1,'PESO',3.000,1),
 ('3265','ELEVADOR DE ROPA','UND.',922.000,'S',463,'','4','','','N',1,'PESO',3.000,1),
 ('3266','PERCHA 1 GANCHO ZAMAC','UND.',8.000,'S',464,'','4','','','N',1,'PESO',10.000,1),
 ('3302','ESCUADRA SOPORTE PARA PERFILES GOLA','UND.',21.000,'S',465,'','4','','','N',1,'PESO',43.000,1),
 ('3303','MANIJA TITANIUM 96 MM','UND.',0.000,'S',466,'','4','','','N',1,'PESO',10.000,1),
 ('3304','MENSULA PARA PANEL RANURADO PARA ESTANTE 300MM','UND.',46.000,'S',467,'','4','','','N',1,'PESO',10.000,1),
 ('3305','MENSULA RE 10 CM','UND.',0.000,'S',468,'','4','','','N',1,'PESO',10.000,1),
 ('3306','PASA CABLE 60 MM BLANCO','UND.',4.000,'S',469,'','4','','','N',1,'PESO',10.000,1),
 ('3307','CANASTO 2 NIV. EXTRAIBLE 230MM CROMADO','UND.',745.000,'S',470,'','4','','','N',1,'PESO',1.000,1),
 ('3308','CANASTO 2 NIV. EXTRAIBLE 450MM CROMADO','UND.',1174.000,'S',471,'','4','','','N',1,'PESO',2.000,1),
 ('3309','CANASTO VOLCABLE PARA ROPA 250 MM','UND.',333.000,'S',472,'','4','','','N',1,'PESO',1.000,1),
 ('3310','CORREDERA BLUM TANDEMBOX ANTARO CAJON INTERNO ALTO 500 MM','UND.',1632.000,'S',473,'','4','','','N',1,'PESO',10.000,1),
 ('3311','AVENTO BLUM HF','UND.',2855.000,'S',474,'','4','20180611','','N',1,'PESO',10.000,1),
 ('3312','CONJUNTO LATERAL DOBLE PARED EURO HARD BAJA 500MM','UND.',0.000,'S',475,'','4','','','N',1,'PESO',10.000,1),
 ('3313','VARILLA LED 150 CM 220V BLANCO','UND.',828.000,'S',476,'','4','','','N',1,'PESO',1.000,1),
 ('3314','TIRADOR MANIJA DE CUERO 128 MM','UND.',83.000,'S',477,'','4','','','N',1,'PESO',7.000,1),
 ('3315','TIRADOR DE CUERO 128MM','UND.',70.000,'S',478,'','4','','','N',1,'PESO',10.000,1),
 ('3316','CUBIERTERO DE AC. INOX P/MOD 900','UND.',1714.000,'S',479,'','4','','','N',1,'PESO',10.000,1),
 ('3317','CORREDERA TELESC…PICA 450 MM PUSCH','UND.',106.000,'S',480,'','4','','','N',1,'PESO',2.000,1),
 ('3318','CORREDERA TELESC…PICA 400 MM PUSCH','UND.',109.000,'S',481,'','4','','','N',1,'PESO',2.000,1),
 ('3319','PISO DE ALUMINIO 1.20','UND.',567.000,'S',482,'','4','','','N',1,'PESO',10.000,1),
 ('3320','CANASTO 3 NIV. EXTRAIBLE 450MM CROMADO','UND.',1428.000,'S',483,'','4','','','N',1,'PESO',10.000,1),
 ('3321','SOPORTE ESTANTE EURO SE 18','UND.',423.000,'S',484,'','4','','','N',1,'PESO',10.000,1),
 ('3322','TACHO DE RESIDUOS CUADRADO EXTRAIBLE AC. INOX. 2002','UND.',969.000,'S',485,'','4','','','N',1,'PESO',10.000,1),
 ('3323','COLUMNA EXTRAIBLE','UND.',2276.000,'S',486,'','4','','','N',1,'PESO',10.000,1),
 ('3324','CANASTO P/COLUMNA 350 MM','UND.',355.000,'S',487,'','4','','','N',1,'PESO',10.000,1),
 ('3325','MANIJA MJ 15 EURO','UND.',173.000,'S',488,'','4','','','N',1,'PESO',10.000,1),
 ('3326','MANIJA MJ 18 EURO','UND.',179.000,'S',489,'','4','','','N',1,'PESO',10.000,1),
 ('3327','MANIJA CLASS EURO','UND.',217.000,'S',490,'','4','','','N',1,'PESO',10.000,1),
 ('3328','MANIJA J C/ESPIGA MJE EURO','UND.',272.000,'S',491,'','4','','','N',1,'PESO',10.000,1),
 ('3330','PERFIL MH 18 EURO','UND.',256.000,'S',493,'','4','','','N',1,'PESO',10.000,1),
 ('3331','PERFIL MH 15 EURO','UND.',235.000,'S',494,'','4','','','N',1,'PESO',10.000,1),
 ('3332','SISTEMA GOLA MEDIA','UND.',266.000,'S',495,'','4','','','N',1,'PESO',10.000,1),
 ('3333','SISTEMA GOLA SUPERIOR','UND.',225.000,'S',496,'','4','','','N',1,'PESO',10.000,1),
 ('3334','PERFIL TUBO','UND.',0.000,'S',497,'','4','','','N',1,'PESO',10.000,1),
 ('3337','PERFIL TOP','UND.',0.000,'S',500,'','4','','','N',1,'PESO',10.000,1),
 ('3338','PERFIL ESPEJO/CUADRO','UND.',84.000,'S',501,'','4','','','N',1,'PESO',10.000,1),
 ('3339','PERFIL ESQUINERO','UND.',129.000,'S',502,'','4','','','N',1,'PESO',10.000,1),
 ('3340','PERFIL OVAL','UND.',100.000,'S',503,'','4','','','N',1,'PESO',10.000,1),
 ('3341','PERFIL HV','UND.',0.000,'S',504,'','4','','','N',1,'PESO',10.000,1),
 ('3342','TIRADOR ADHJ','UND.',0.000,'S',505,'','4','','','N',1,'PESO',10.000,1),
 ('3343','TIRADOR ADHR','UND.',0.000,'S',506,'','4','','','N',1,'PESO',10.000,1),
 ('3344','PERFIL FORMA 50','UND.',968.000,'S',507,'','4','','','N',1,'PESO',10.000,1),
 ('3345','TABLA DE PLANCHAR EXRAIBLE HAFELE','UND.',0.000,'S',508,'','4','','','N',1,'PESO',10.000,1),
 ('5000','TORNILLO AUTOPERFORANTE 3.0 X10 MM','UND.',0.000,'S',509,'','5','','','N',1,'PESO',10.000,1),
 ('5001','TORNILLO AUTOPERFORANTE 3.8 X16 MM','UND.',0.000,'S',510,'','5','','CAJA X 20000','N',1,'PESO',10.000,1),
 ('5002','TORNILLO AUTOPERFORANTE 3.8 X19 MM','CAJA',0.000,'S',511,'','5','','CAJA X 15000','N',1,'PESO',10.000,1),
 ('5003','TORNILLO AUTOPERFORANTE 3.8 X25 MM','UND.',0.000,'S',512,'','5','','','N',1,'PESO',10.000,1),
 ('5004','TORNILLO AUTOPERFORANTE 3.8 X32 MM','CAJA',0.000,'S',513,'','5','','CAJA X 8000','N',1,'PESO',10.000,1),
 ('5005','TORNILLO AUTOPERFORANTE 3.8 X41 MM','UND.',0.000,'S',514,'','5','','CAJA POR 5000','N',1,'PESO',10.000,1),
 ('5006','TORNILLO AUTOPERFORANTE 3.8 X50 MM','CAJA',0.000,'S',515,'','5','','CAJA X 3500','N',1,'PESO',10.000,1),
 ('5007','TORNILLO AUTOPERFORANTE 3.8 X57 MM','UND.',0.000,'S',516,'','5','','','N',1,'PESO',10.000,1),
 ('5008','TORNILLO AUTOPERFORANTE 3.8 X70 MM','UND.',1.000,'S',517,'','5','','CAJA X 1500','N',1,'PESO',10.000,1),
 ('5009','TORNILLO AUTOPERFORANTE 4.2 X63 MM','UND.',1.000,'S',518,'','5','','','N',1,'PESO',10.000,1),
 ('5010','TORNILLO AUTOPERFORANTE 4.5 X63 MM','UND.',0.000,'S',519,'','5','','','N',1,'PESO',10.000,1),
 ('5011','TORNILLO AUTOPERFORANTE 8.0 X 50 MM','UND.',0.000,'S',520,'','5','','','N',1,'PESO',10.000,1),
 ('5012','TORNILLO AUTOPERFORANTE PARA CHAPA','UND.',0.000,'S',521,'','5','','','N',1,'PESO',10.000,1),
 ('5013','TIRAFONDO CABEZA HEXAGONAL ZINC 5/16 X 2 3/4','UND.',2.000,'S',522,'','5','','','N',1,'PESO',10.000,1),
 ('5014','TIRAFONDO CABEZA HEXAGONAL ZINC 5/16 X 3 1/4','UND.',2.000,'S',523,'','5','','','N',1,'PESO',10.000,1),
 ('5015','TIRAFONDO CABEZA HEXAGONAL ZINC 5/16 X 4','UND.',2.000,'S',524,'','5','','','N',1,'PESO',10.000,1),
 ('5016','TIRAFONDO CABEZA HEXAGONAL ZINC 5/16 X 3','UND.',2.000,'S',525,'','5','','','N',1,'PESO',10.000,1),
 ('5017','TIRAFONDO CABEZA HEXAGONAL ZINC 5/16 X 2','UND.',2.000,'S',526,'','5','','','N',1,'PESO',10.000,1),
 ('5018','TIRAFONDO CABEZA HEXAGONAL ZINC 5/16 X 5','UND.',2.000,'S',527,'','5','','','N',1,'PESO',10.000,1),
 ('5019','TIRAFONDO CABEZA HEXAGONAL ZINC 5/16 X 3 1/2','UND.',2.000,'S',528,'','5','','','N',1,'PESO',10.000,1),
 ('5020','TIRAFONDO CABEZA HEXAGONAL ZINC 1/4 X 2','UND.',2.000,'S',529,'','5','','','N',1,'PESO',10.000,1),
 ('5021','BULON PARA CAMA 1/4 X 100 LLAVE ALLEN C/TUERCA','UND.',0.000,'S',530,'','5','','','N',1,'PESO',10.000,1),
 ('5022','TACO FISHER 12MM','UND.',1.000,'S',531,'','5','','','N',1,'PESO',65.000,1),
 ('5023','TACO FISHER 10MM','UND.',0.000,'S',532,'','5','','','N',1,'PESO',10.000,1),
 ('5024','TACO FISHER 8MM','UND.',0.000,'S',533,'','5','','','N',1,'PESO',41.000,1),
 ('5025','TACO FISHER 12MM LADRILLO HUECO','UND.',1.000,'S',534,'','5','','','N',1,'PESO',10.000,1),
 ('5026','TACO FISHER 10MM LADRILLO HUECO','UND.',0.000,'S',535,'','5','','','N',1,'PESO',77.000,1),
 ('5027','TACO FISHER 8MM LADRILLO HUECO','UND.',0.000,'S',536,'','5','','','N',1,'PESO',54.000,1),
 ('5028','SILICONA NEUTRA TRANSPARENTE 300 ML','UND.',96.000,'S',537,'','5','','','N',1,'PESO',5.000,1),
 ('5029','ARANDELA PLANA 22 X 8.5 X 2 MM (5/16x0.90-2.00)','UND.',0.000,'S',538,'','5','','','N',1,'PESO',29.000,1),
 ('5030','GRAMPA 90/20','UND.',300.000,'S',539,'','5','','','N',1,'PESO',10.000,1),
 ('5031','GRAMPA 90/30','UND.',300.000,'S',540,'','5','','','N',1,'PESO',10.000,1),
 ('5032','GRAMPA 90/40','UND.',300.000,'S',541,'','5','','','N',1,'PESO',10.000,1),
 ('5033','GRAMPA 71/14 PARA FONDO','UND.',0.000,'S',542,'','5','','','N',1,'PESO',10.000,1),
 ('5034','GRAMPA 84/14 PARA FONDO X 10000','CAJA',0.000,'S',543,'','5','','','N',1,'PESO',1.000,1),
 ('5035','GRAMPA S115 ESPINA','UND.',0.000,'S',544,'','5','','','N',1,'PESO',10.000,1),
 ('5036','GRAMPA S120 ESPINA','UND.',0.000,'S',545,'','5','','','N',1,'PESO',10.000,1),
 ('5037','GRAMPA W09 PARA MESA','UND.',0.000,'S',546,'','5','','','N',1,'PESO',10.000,1),
 ('5038','TOPE AUTOADHESIVO BOMBE (POR PLANCHA)','UND.',0.600,'S',547,'','5','','','N',1,'PESO',1.000,1),
 ('5039','TINNER','UND.',0.000,'S',548,'','5','','','N',1,'PESO',10.000,1),
 ('5040','ADHESIVO CORIAN 50 ML','UND.',280.000,'S',549,'','5','','','N',1,'PESO',10.000,1),
 ('5041','SILICONA ACRILICA','UND.',66.000,'S',550,'','5','','','N',1,'PESO',4.000,1),
 ('5042','SILICONA TRANSPARENTE','UND.',66.000,'S',551,'','5','','','N',1,'PESO',18.000,1),
 ('5043','SILICONA BLANCA','UND.',66.000,'S',552,'','5','','','N',1,'PESO',4.000,1),
 ('5044','SILICONA NEGRA','UND.',66.000,'S',553,'','5','','','N',1,'PESO',10.000,1),
 ('5045','MINI FIX PLACA DE 18 MM','UND.',3.000,'S',554,'','5','','','N',1,'PESO',2539.000,1),
 ('5046','DISCOS DE CORTE','UND.',0.000,'S',555,'','5','','','N',1,'PESO',10.000,1),
 ('5047','LIJAS','UND.',0.000,'S',556,'','5','','','N',1,'PESO',10.000,1),
 ('5048','SIERRAS','UND.',0.000,'S',557,'','5','','','N',1,'PESO',10.000,1),
 ('5049','CART…N','UND.',0.000,'S',558,'','5','','','N',1,'PESO',10.000,1),
 ('5050','CINTA EMBALAJE','UND.',0.000,'S',559,'','5','','','N',1,'PESO',10.000,1),
 ('5051','FILM','UND.',0.000,'S',560,'','5','','','N',1,'PESO',10.000,1),
 ('5052','PUNTA PHILIPS PH1','UND.',10.000,'S',561,'','5','','','N',1,'PESO',10.000,1),
 ('5053','PUNTA PHILIPS PH2','UND.',0.000,'S',562,'','5','','','N',1,'PESO',10.000,1),
 ('5054','LIJA ROLO CHICA','UND.',0.000,'S',563,'','5','','','N',1,'PESO',10.000,1),
 ('5055','LIJA ROLO GRANDE','UND.',0.000,'S',564,'','5','','','N',1,'PESO',10.000,1),
 ('5056','LIJA DISCO AMOLADORA GRANDE','UND.',0.000,'S',565,'','5','','','N',1,'PESO',10.000,1),
 ('5057','LIJA GRANO 120','UND.',15.000,'S',566,'','5','','','N',1,'PESO',10.000,1),
 ('5058','LIJA GRANO 100','UND.',15.000,'S',567,'','5','','','N',1,'PESO',10.000,1),
 ('5059','LIJA GRANO 80','UND.',15.000,'S',568,'','5','','','N',1,'PESO',10.000,1),
 ('5060','LIJA GRANO 60','UND.',15.000,'S',569,'','5','','','N',1,'PESO',10.000,1),
 ('5061','DISCO AMOLADORA CORTE COMUN 7 PULGADAS','UND.',50.000,'S',570,'','5','','','N',1,'PESO',10.000,1),
 ('5062','DISCO AMOLADORA CORTE COMUN 4 1/2 PULGADAS','UND.',50.000,'S',571,'','5','','','N',1,'PESO',10.000,1),
 ('5063','DISCO AMOLADORA DEVASTE 4 1/2 P.','UND.',40.000,'S',572,'','5','','','N',1,'PESO',10.000,1),
 ('5064','DISCO AMOLADORA PARA PULIR VIDRIOS','UND.',150.000,'S',573,'','5','','','N',1,'PESO',10.000,1),
 ('5065','DISCO AMOLADORA DE VIDIA 4 1/2 P.','UND.',150.000,'S',574,'','5','','','N',1,'PESO',10.000,1),
 ('5066','MECHA COMUN 3 MM','UND.',20.000,'S',575,'','5','','','N',1,'PESO',10.000,1),
 ('5067','MECHA COMUN 4.75 MM','UND.',20.000,'S',576,'','5','','','N',1,'PESO',10.000,1),
 ('5068','MECHA VIDIA 6 MM','UND.',80.000,'S',577,'','5','','','N',1,'PESO',10.000,1),
 ('5069','MECHA VIDIA 8 MM','UND.',80.000,'S',578,'','5','','','N',1,'PESO',10.000,1),
 ('5070','MECHA VIDIA 12 MM','UND.',80.000,'S',579,'','5','','','N',1,'PESO',10.000,1),
 ('5071','PORTA COPAS REDONDO','UND.',0.000,'S',580,'','5','','','N',1,'PESO',10.000,1),
 ('5072','PORTA COPAS MEDIALUNA','UND.',250.000,'S',581,'','5','','','N',1,'PESO',10.000,1),
 ('5073','PORTA COPAS RECTO LARGO','UND.',0.000,'S',582,'','5','','','N',1,'PESO',10.000,1),
 ('5074','PORTA COPAS RECTO CORTO','UND.',0.000,'S',583,'','5','','','N',1,'PESO',10.000,1),
 ('5075','STRECH CHICO','UND.',0.000,'S',584,'','5','','','N',1,'PESO',10.000,1),
 ('5076','STRECH GRANDE','UND.',0.000,'S',585,'','5','','','N',1,'PESO',10.000,1),
 ('5077','CINTA STICO ANCHA','UND.',35.000,'S',586,'','5','','','N',1,'PESO',1.000,1),
 ('5078','CINTA DE PAPEL 18 X 50','UND.',30.000,'S',587,'','5','','','N',1,'PESO',10.000,1),
 ('5079','ESPATULAS','UND.',0.000,'S',588,'','5','','','N',1,'PESO',10.000,1),
 ('6000','VIDRIO FLOAT INCOLORO 3MM','M2',661.000,'S',589,'','6','','','N',1,'PESO',10.000,1),
 ('6001','VIDRIO FLOAT INCOLORO 4MM','M2',840.000,'S',590,'','6','','','N',1,'PESO',10.000,1),
 ('6002','VIDRIO FLOAT INCOLORO 5MM','M2',1093.000,'S',591,'','6','','','N',1,'PESO',10.000,1),
 ('6003','VIDRIO FLOAT 10MM','M2',4655.000,'S',592,'','6','','','N',1,'PESO',10.000,1),
 ('6004','VIDRIO PACIFICO 4MM','M2',761.000,'S',593,'','6','','','N',1,'PESO',10.000,1),
 ('6005','VIDRIO GRAPHITE GRIS 4MM','M2',1238.000,'S',594,'','6','','','N',1,'PESO',10.000,1),
 ('6006','ESPEJO INCOLORO 3 MM','M2',1275.000,'S',595,'','6','','','N',1,'PESO',10.000,1),
 ('6007','COVERGLASS NEGRO 5MM','M2',5403.000,'S',596,'','6','','','N',1,'PESO',10.000,1),
 ('6500','PLACA CORIAN 1/2 GLACIER WHITE','PLACA',8572.000,'S',597,'','7','','','N',1,'PESO',1.000,1),
 ('6501','PLACA CORIAN 1/2\' VANILLA','PLACA',8895.000,'S',598,'','7','','','N',1,'PESO',1.000,1),
 ('6502','PLACA CORIAN 1/2\' SILVER GRAY','PLACA',10572.000,'S',599,'','7','','','N',1,'PESO',10.000,1),
 ('6503','PLACA CORIAN 1/2\' CONCRETE','PLACA',12016.000,'S',600,'','7','','','N',1,'PESO',10.000,1),
 ('6504','PLACA CORIAN 1/2\' RICE PAPER','PLACA',12016.000,'S',601,'','7','','','N',1,'PESO',10.000,1),
 ('6505','PLACA CORIAN 1/2\' RAFFIA','PLACA',12016.000,'S',602,'','7','','','N',1,'PESO',10.000,1),
 ('6506','PLACA CORIAN 1/2\' WHISPER','PLACA',12016.000,'S',603,'','7','','','N',1,'PESO',10.000,1),
 ('6507','PLACA CORIAN 1/2\' AURORA','PLACA',10572.000,'S',604,'','7','','','N',1,'PESO',10.000,1),
 ('6508','PLACA CORIAN 1/2\' DOVE','PLACA',12016.000,'S',605,'','7','','','N',1,'PESO',10.000,1),
 ('6509','PLACA CORIAN 1/2\' HOT','PLACA',0.000,'S',606,'','7','','','N',1,'PESO',10.000,1),
 ('6510','PLACA CORIAN 1/2\' MANDARIN','PLACA',0.000,'S',607,'','7','','','N',1,'PESO',10.000,1),
 ('6511','PLACA CORIAN 1/2\' DEEP NOCTORNE','PLACA',12016.000,'S',608,'','7','','','N',1,'PESO',10.000,1),
 ('6512','PLACA CORIAN 1/2\' DEEP MINK','PLACA',12016.000,'S',609,'','7','','','N',1,'PESO',10.000,1),
 ('6513','PLACA CORIAN 1/2\' SUEDE','PLACA',12016.000,'S',610,'','7','','','N',1,'PESO',10.000,1),
 ('6514','PLACA CORIAN 1/2\' DEPP NIGHT SKY','PLACA',12016.000,'S',611,'','7','','','N',1,'PESO',10.000,1),
 ('6515','PLACA CORIAN 1/2\' CLACIER ICE','PLACA',12016.000,'S',612,'','7','','','N',1,'PESO',10.000,1),
 ('6516','PLACA CORIAN 1/2\' RAIN CLOUD','PLACA',12822.000,'S',613,'','7','','','N',1,'PESO',10.000,1),
 ('6517','PLACA CORIAN 1/2\' CLAM SHELL','PLACA',12822.000,'S',614,'','7','','','N',1,'PESO',10.000,1),
 ('6518','PLACA CORIAN 1/4\' GLACIER WHITE','PLACA',0.000,'S',615,'','7','','','N',1,'PESO',10.000,1),
 ('6519','PLACA CORIAN 1/4 VANILLA','PLACA',0.000,'S',616,'','7','','','N',1,'PESO',10.000,1),
 ('6520','PLACA CORIAN 1/4\' CLACIER ICE','PLACA',0.000,'S',617,'','7','','','N',1,'PESO',10.000,1),
 ('6521','PILETA C37-18','UND.',1150.000,'S',618,'','7','','','N',1,'PESO',10.000,1),
 ('6522','PILETA JOHNSON OV440L','UND.',518.000,'S',619,'','7','','','N',1,'PESO',1.000,1),
 ('6523','PILETA LUXOR S185 A','UND.',954.000,'S',620,'','7','','','N',1,'PESO',10.000,1),
 ('6524','PILETA Q 085 A','UND.',2800.000,'S',621,'','7','','','N',1,'PESO',10.000,1),
 ('6525','PILETA AXA D78 A','UND.',2767.000,'S',622,'','7','','','N',1,'PESO',10.000,1),
 ('6526','PILETA JOHNSON LUXOR SI71 A','UND.',1742.000,'S',623,'','7','','','N',1,'PESO',10.000,1),
 ('6527','PILETA JOHNSON C28','UND.',1042.000,'S',624,'','7','','','N',1,'PESO',1.000,1),
 ('6528','PILETA DN1','UND.',2379.000,'S',625,'','7','','','N',1,'PESO',10.000,1),
 ('6529','PILETA JOHNSON Q76','UND.',2190.000,'S',626,'','7','','','N',1,'PESO',10.000,1),
 ('6530','PILETA 0340 LISA','UND.',550.000,'S',627,'','7','','','N',1,'PESO',10.000,1),
 ('6531','PILETA 304 Z 52','UND.',592.000,'S',628,'','7','','','N',1,'PESO',10.000,1),
 ('6532','PILETA 304 O37A','UND.',1073.000,'S',629,'','7','','','N',1,'PESO',10.000,1),
 ('6533','PILETA JOHNSON LN50','UND.',1102.000,'S',630,'','7','','','N',1,'PESO',10.000,1),
 ('6534','PILETA C28/18','UND.',1011.000,'S',631,'','7','','','N',1,'PESO',10.000,1),
 ('6535','PILETA O 250l','UND.',450.000,'S',632,'','7','','','N',1,'PESO',10.000,1),
 ('6536','PILETA C37','UND.',1100.000,'S',633,'','7','','','N',1,'PESO',10.000,1),
 ('1000','FILM STRECH MANIJA 50 CM','UND.',111.000,'S',634,'','2','','','N',1,'PESO',10.000,1),
 ('1001','FILM STRECH BANDITA 10 CM','UND.',31.000,'S',635,'','2','','','N',1,'PESO',10.000,1),
 ('2000','TAPACANTO PVC P/MAQUINA 22 X 0.45 MM BLANCO NATURE','MTS',5.000,'S',636,'','3','','','N',1,'PESO',10.000,1),
 ('2001','TAPACANTO PVC P/MAQUINA 22 X 0.45 MM GRIS HUMO','MTS',3.000,'S',637,'','3','','','N',1,'PESO',32.000,1),
 ('2002','TAPACANTO PVC P/MAQUINA 22 X 0.45 MM ALMENDRA','MTS',3.000,'S',638,'','3','','','N',1,'PESO',10.000,1);
INSERT INTO `otmateriales` (`codigomat`,`detalle`,`unidad`,`impuni`,`ctrlstock`,`idmate`,`ctacontable`,`linea`,`fbaja`,`observa`,`ocultar`,`idmoneda`,`moneda`,`stockmin`,`idtipomate`) VALUES 
 ('2003','TAPACANTO PVC P/MAQUINA 22 X 0.45 MM HELSINKI','MTS',5.000,'S',639,'','3','','','N',1,'PESO',72.000,1),
 ('2004','TAPACANTO PVC P/MAQUINA 22 X 0.45 MM CARVALHO MEZZO','MTS',5.000,'S',640,'','3','','','N',1,'PESO',10.000,1),
 ('2005','TAPACANTO PVC P/MAQUINA 22 X 0.45 MM LINOSA CINZA TOUCH','MTS',9.000,'S',641,'','3','','','N',1,'PESO',28.000,1),
 ('2006','TAPACANTO PVC P/MAQUINA 22 X 0.45 MM TANGANICA TABACO','MTS',5.000,'S',642,'','3','','','N',1,'PESO',49.000,1),
 ('2007','TAPACANTO PVC P/MAQUINA 22 X 0.45 MM ROBLE ESPA¾OL','MTS',5.000,'S',643,'','3','','','N',1,'PESO',63.000,1),
 ('2008','TAPACANTO PVC P/MAQUINA 22 X 0.45 MM ROBLE MORO','MTS',5.000,'S',644,'','3','','','N',1,'PESO',10.000,1),
 ('2009','TAPACANTO PVC P/MAQUINA 22 X 0.45 MM ROBLE DAKAR/R.D. NATURE','MTS',5.000,'S',645,'','3','','','N',1,'PESO',111.000,1),
 ('2010','TAPACANTO PVC P/MAQUINA 22 X 0.45 MM CEREZO','MTS',0.000,'S',646,'','3','','','N',1,'PESO',10.000,1),
 ('2011','TAPACANTO PVC P/MAQUINA 22 X 0.45 MM MAPLE','MTS',5.000,'S',647,'','3','','','N',1,'PESO',10.000,1),
 ('2012','TAPACANTO PVC P/MAQUINA 22 X 0.45 MM TEKA ARTICO','MTS',5.000,'S',648,'','3','','','N',1,'PESO',10.000,1),
 ('2013','TAPACANTO PVC P/MAQUINA 22 X 0.45 MM VENEZIA','MTS',5.000,'S',649,'','3','','','N',1,'PESO',9.000,1),
 ('2014','TAPACANTO PVC P/MAQUINA 22 X 0.45 MM NOCCE MILANO','MTS',5.000,'S',650,'','3','','','N',1,'PESO',21.000,1),
 ('2015','TAPACANTO PVC P/MAQUINA 22 X 0.45 MM CARVALHO ASERRADO','MTS',5.000,'S',651,'','3','','','N',1,'PESO',28.000,1),
 ('2016','TAPACANTO PVC P/MAQUINA 22 X 0.45 MM TERRARUM','MTS',5.000,'S',652,'','3','','','N',1,'PESO',17.000,1),
 ('2017','TAPACANTO PVC P/MAQUINA 22 X 0.45 MM ROBLE AMERICANO','MTS',5.000,'S',653,'','3','','','N',1,'PESO',9.000,1),
 ('2018','TAPACANTO PVC P/MAQUINA 22 X 0.45 MM CEDRO/ CEDRO NATURE','MTS',5.000,'S',654,'','3','','','N',1,'PESO',45.000,1),
 ('2019','TAPACANTO PVC P/MAQUINA 22 X 0.45 MM NOGAL TERRACOTA','MTS',5.000,'S',655,'','3','','','N',1,'PESO',3.000,1),
 ('2020','TAPACANTO PVC P/MAQUINA 22 X 0.45 MM FRESNO ABEDUL','MTS',5.000,'S',656,'','3','','','N',1,'PESO',19.000,1),
 ('2021','TAPACANTO PVC P/MAQUINA 22 X 0.45 MM HAYA','MTS',5.000,'S',657,'','3','','','N',1,'PESO',4.000,1),
 ('2022','TAPACANTO PVC P/MAQUINA 22 X 0.45 MM PERAL','MTS',0.000,'S',658,'','3','','','N',1,'PESO',10.000,1),
 ('2023','TAPACANTO PVC P/MAQUINA 22 X 0.45 MM CEDRO MASISA','MTS',0.000,'S',659,'','3','','','N',1,'PESO',10.000,1),
 ('2024','TAPACANTO PVC P/MAQUINA 22 X 0.45 MM WENGUE','MTS',5.000,'S',660,'','3','','','N',1,'PESO',7.000,1),
 ('2025','TAPACANTO PVC P/MAQUINA 22 X 0.45 MM BLANCO','MTS',1.000,'S',661,'','3','','','N',1,'PESO',1005.000,1),
 ('2026','TAPACANTO PVC P/MAQUINA 22 X 0.45 MM CENIZA','MTS',3.000,'S',662,'','3','','','N',1,'PESO',120.000,1),
 ('2027','TAPACANTO PVC P/MAQUINA 22 X 0.45 MM GRAFITO','MTS',3.000,'S',663,'','3','','','N',1,'PESO',52.000,1),
 ('2028','TAPACANTO PVC P/MAQUINA 22 X 0.45 MM NEGRO','MTS',3.000,'S',664,'','3','','','N',1,'PESO',93.000,1),
 ('2029','TAPACANTO PVC P/MAQUINA 22 X 0.45 MM AZUL LAGO','MTS',3.000,'S',665,'','3','','','N',1,'PESO',10.000,1),
 ('2030','TAPACANTO PVC P/MAQUINA 22 X 0.45 MM LILA','MTS',3.000,'S',666,'','3','','','N',1,'PESO',10.000,1),
 ('2031','TAPACANTO PVC P/MAQUINA 22 X 0.45 MM VERDE','MTS',3.000,'S',667,'','3','','','N',1,'PESO',1.000,1),
 ('2032','TAPACANTO PVC P/MAQUINA 22 X 0.45 MM AMARILLO','MTS',3.000,'S',668,'','3','','','N',1,'PESO',10.000,1),
 ('2033','TAPACANTO PVC P/MAQUINA 22 X 0.45 MM ROJO','MTS',3.000,'S',669,'','3','','','N',1,'PESO',18.000,1),
 ('2034','TAPACANTO PVC P/MAQUINA 22 X 0.45 MM ALUMINIO','MTS',5.000,'S',670,'','3','','','N',1,'PESO',3.000,1),
 ('2035','TAPACANTO PVC P/MAQUINA 22 X 0.45 MM SEDA GIORNO','MTS',5.000,'S',671,'','3','','','N',1,'PESO',72.000,1),
 ('2036','TAPACANTO PVC P/MAQUINA 22 X 0.45 MM SEDA NOTTE','MTS',5.000,'S',672,'','3','','','N',1,'PESO',70.000,1),
 ('2037','TAPACANTO PVC P/MAQUINA 22 X 0.45 MM LINO CHIARO','MTS',5.000,'S',673,'','3','','','N',1,'PESO',58.000,1),
 ('2038','TAPACANTO PVC P/MAQUINA 22 X 0.45 MM LINO TERRA','MTS',5.000,'S',674,'','3','','','N',1,'PESO',61.000,1),
 ('2039','TAPACANTO PVC P/MAQUINA 22 X 0.45 MM LINO BLANCO','MTS',3.000,'S',675,'','3','','','N',1,'PESO',23.000,1),
 ('2040','TAPACANTO PVC P/MAQUINA 22 X 0.45 MM LINO NEGRO','MTS',3.000,'S',676,'','3','','','N',1,'PESO',5.000,1),
 ('2041','TAPACANTO PVC P/MAQUINA 22 X 0.45 MM LITIO','MTS',5.000,'S',677,'','3','','','N',1,'PESO',12.000,1),
 ('2042','TAPACANTO PVC P/MAQUINA 22 X 0.45 MM COBRE','MTS',0.000,'S',678,'','3','','','N',1,'PESO',10.000,1),
 ('2043','TAPACANTO PVC P/MAQUINA 22 X 0.45 MM TITANIO','MTS',0.000,'S',679,'','3','','','N',1,'PESO',10.000,1),
 ('2044','TAPACANTO PVC P/MAQUINA 22 X 0.45 MM TECA','MTS',5.000,'S',680,'','3','','','N',1,'PESO',18.000,1),
 ('2045','TAPACANTO PVC P/MAQUINA 22 X 0.45 MM SIBERIA','MTS',5.000,'S',681,'','3','','','N',1,'PESO',10.000,1),
 ('2046','TAPACANTO PVC P/MAQUINA 22 X 0.45 MM CONCRETO','MTS',5.000,'S',682,'','3','','','N',1,'PESO',45.000,1),
 ('2047','TAPACANTO PVC P/MAQUINA 22 X 0.45 MM NOGAL HABANO','MTS',5.000,'S',683,'','3','','','N',1,'PESO',8.000,1),
 ('2048','TAPACANTO PVC P/MAQUINA 22 X 0.45 MM ROBLE ESCANDINAVO','MTS',5.000,'S',684,'','3','','','N',1,'PESO',63.000,1),
 ('2049','TAPACANTO PVC P/MAQUINA 22 X 0.45 MM URBAN STREET','MTS',5.000,'S',685,'','3','','','N',1,'PESO',7.000,1),
 ('2050','TAPACANTO PVC P/MAQUINA 22 X 0.45 MM GUINDO','MTS',5.000,'S',686,'','3','','','N',1,'PESO',1.000,1),
 ('2051','TAPACANTO PVC P/MAQUINA 22 X 0.45 MM NOGAL BRIANZA','MTS',5.000,'S',687,'','3','','','N',1,'PESO',10.000,1),
 ('2052','TAPACANTO PVC P/MAQUINA 22 X 0.45 MM ENIGMA','MTS',6.000,'S',688,'','3','','','N',1,'PESO',60.000,1),
 ('2053','TAPACANTO PVC P/MAQUINA 22 X 0.45 MM OLMO FINLANDES','MTS',5.000,'S',689,'','3','','','N',1,'PESO',49.000,1),
 ('2054','TAPACANTO PVC P/MAQUINA 22 X 0.45 MM BALTICO','MTS',5.000,'S',690,'','3','','','N',1,'PESO',117.000,1),
 ('2055','TAPACANTO PVC P/MAQUINA 22 X 0.45 MM VISON','MTS',5.000,'S',691,'','3','','','N',1,'PESO',10.000,1),
 ('2056','TAPACANTO PVC P/MAQUINA 22 X 0.45 MM LINO','MTS',5.000,'S',692,'','3','','','N',1,'PESO',10.000,1),
 ('2057','TAPACANTO PVC P/MAQUINA 22 X 0.45 MM TECA LIMO','MTS',5.000,'S',693,'','3','','','N',1,'PESO',10.000,1),
 ('2058','TAPACANTO PVC P/MAQUINA 22 X 0.45 MM ROBLE NATURAL','MTS',5.000,'S',694,'','3','','','N',1,'PESO',12.000,1),
 ('2059','TAPACANTO PVC P/MAQUINA 22 X 0.45 MM NEBRASKA','MTS',5.000,'S',695,'','3','','','N',1,'PESO',29.000,1),
 ('2060','TAPACANTO PVC P/MAQUINA 22 X 0.45 MM TECA OSLO','MTS',5.000,'S',696,'','3','','','N',1,'PESO',42.000,1),
 ('2061','TAPACANTO PVC P/MAQUINA 22 X 0.45 MM TECA ITALIA','MTS',5.000,'S',697,'','3','','','N',1,'PESO',10.000,1),
 ('2062','TAPACANTO PVC P/MAQUINA 22 X 0.45 MM ROBLE INGLES','MTS',5.000,'S',698,'','3','','','N',1,'PESO',10.000,1),
 ('2063','TAPACANTO PVC P/MAQUINA 22 X 0.45 MM ESMERALDA','MTS',5.000,'S',699,'','3','','','N',1,'PESO',10.000,1),
 ('2064','TAPACANTO PVC P/MAQUINA 22 X 0.45 MM CO¾AC','MTS',5.000,'S',700,'','3','','','N',1,'PESO',10.000,1),
 ('2065','TAPACANTO PVC P/MAQUINA 22 X 0.45 MM AZUL ACERO','MTS',5.000,'S',701,'','3','','','N',1,'PESO',10.000,1),
 ('2066','TAPACANTO PVC P/MAQUINA 22 X 0.45 MM ROBLE MIEL','MTS',5.000,'S',702,'','3','','','N',1,'PESO',18.000,1),
 ('2067','TAPACANTO PVC P/MAQUINA 22 X 0.45 MM HELSINKI','MTS',5.000,'S',703,'','3','','','N',1,'PESO',10.000,1),
 ('2200','TAPACANTO PVC P/MAQUINA 22 X 2 MM BLANCO NATURE','MTS',0.000,'S',704,'','3','','','N',1,'PESO',10.000,1),
 ('2201','TAPACANTO PVC P/MAQUINA 22 X 2 MM GRIS HUMO','MTS',9.000,'S',705,'','3','','','N',1,'PESO',10.000,1),
 ('2202','TAPACANTO PVC P/MAQUINA 22 X 2 MM ALMENDRA','MTS',9.000,'S',706,'','3','','','N',1,'PESO',10.000,1),
 ('2203','TAPACANTO PVC P/MAQUINA 22 X 2 MM HELSINKI','MTS',0.000,'S',707,'','3','','','N',1,'PESO',10.000,1),
 ('2204','TAPACANTO PVC P/MAQUINA 22 X 2 MM CARVALHO MEZZO','MTS',0.000,'S',708,'','3','','','N',1,'PESO',10.000,1),
 ('2205','TAPACANTO PVC P/MAQUINA 22 X 2 MM LINOSA CINZA TOUCH','MTS',0.000,'S',709,'','3','','','N',1,'PESO',8.000,1),
 ('2206','TAPACANTO PVC P/MAQUINA 22 X 2 MM TANGANICA TABACO','MTS',0.000,'S',710,'','3','','','N',1,'PESO',6.000,1),
 ('2207','TAPACANTO PVC P/MAQUINA 22 X 2 MM ROBLE ESPA¾OL','MTS',0.000,'S',711,'','3','','','N',1,'PESO',10.000,1),
 ('2208','TAPACANTO PVC P/MAQUINA 22 X 2 MM ROBLE DAKAR','MTS',0.000,'S',712,'','3','','','N',1,'PESO',10.000,1),
 ('2209','TAPACANTO PVC P/MAQUINA 22 X 2 MM ROBLE DAKAR NATURE','MTS',0.000,'S',713,'','3','','','N',1,'PESO',10.000,1),
 ('2210','TAPACANTO PVC P/MAQUINA 22 X 2 MM CEREZO','MTS',0.000,'S',714,'','3','','','N',1,'PESO',10.000,1),
 ('2211','TAPACANTO PVC P/MAQUINA 22 X 2 MM MAPLE','MTS',0.000,'S',715,'','3','','','N',1,'PESO',10.000,1),
 ('2212','TAPACANTO PVC P/MAQUINA 22 X 2 MM TEKA ARTICO','MTS',0.000,'S',716,'','3','','','N',1,'PESO',10.000,1),
 ('2213','TAPACANTO PVC P/MAQUINA 22 X 2 MM VENEZIA','MTS',0.000,'S',717,'','3','','','N',1,'PESO',10.000,1),
 ('2214','TAPACANTO PVC P/MAQUINA 22 X 2 MM NOSSE MILANO','MTS',0.000,'S',718,'','3','','','N',1,'PESO',10.000,1),
 ('2215','TAPACANTO PVC P/MAQUINA 22 X 2 MM CARVALHO ASERRADO','MTS',0.000,'S',719,'','3','','','N',1,'PESO',10.000,1),
 ('2216','TAPACANTO PVC P/MAQUINA 22 X 2 MM TERRARUM','MTS',0.000,'S',720,'','3','','','N',1,'PESO',10.000,1),
 ('2217','TAPACANTO PVC P/MAQUINA 22 X 2 MM ROBLE AMERICANO','MTS',0.000,'S',721,'','3','','','N',1,'PESO',10.000,1),
 ('2218','TAPACANTO PVC P/MAQUINA 22 X 2 MM CEDRO NATURE','MTS',0.000,'S',722,'','3','','','N',1,'PESO',10.000,1),
 ('2219','TAPACANTO PVC P/MAQUINA 22 X 2 MM NOGAL TERRACOTA','MTS',0.000,'S',723,'','3','','','N',1,'PESO',10.000,1),
 ('2220','TAPACANTO PVC P/MAQUINA 22 X 2 MM ABEDUL','MTS',0.000,'S',724,'','3','','','N',1,'PESO',10.000,1),
 ('2221','TAPACANTO PVC P/MAQUINA 22 X 2 MM HAYA','MTS',0.000,'S',725,'','3','','','N',1,'PESO',10.000,1),
 ('2222','TAPACANTO PVC P/MAQUINA 22 X 2 MM PERAL','MTS',0.000,'S',726,'','3','','','N',1,'PESO',10.000,1),
 ('2223','TAPACANTO PVC P/MAQUINA 22 X 2 MM CEDRO','MTS',0.000,'S',727,'','3','','','N',1,'PESO',10.000,1),
 ('2224','TAPACANTO PVC P/MAQUINA 22 X 2 MM EBANO NEGRO','MTS',0.000,'S',728,'','3','','','N',1,'PESO',10.000,1),
 ('2225','TAPACANTO PVC P/MAQUINA 22 X 2 MM BLANCO','MTS',9.000,'S',729,'','3','','','N',1,'PESO',10.000,1),
 ('2226','TAPACANTO PVC P/MAQUINA 22 X 2 MM CENIZA','MTS',0.000,'S',730,'','3','','','N',1,'PESO',10.000,1),
 ('2227','TAPACANTO PVC P/MAQUINA 22 X 2 MM GRAFITO','MTS',12.000,'S',731,'','3','','','N',1,'PESO',25.000,1),
 ('2228','TAPACANTO PVC P/MAQUINA 22 X 2 MM NEGRO','MTS',9.000,'S',732,'','3','','','N',1,'PESO',4.000,1),
 ('2229','TAPACANTO PVC P/MAQUINA 22 X 2 MM AZUL LAGO','MTS',9.000,'S',733,'','3','','','N',1,'PESO',10.000,1),
 ('2230','TAPACANTO PVC P/MAQUINA 22 X 2 MM LILA','MTS',9.000,'S',734,'','3','','','N',1,'PESO',10.000,1),
 ('2231','TAPACANTO PVC P/MAQUINA 22 X 2 MM VERDE','MTS',9.000,'S',735,'','3','','','N',1,'PESO',10.000,1),
 ('2232','TAPACANTO PVC P/MAQUINA 22 X 2 MM MARILLO','MTS',9.000,'S',736,'','3','','','N',1,'PESO',10.000,1),
 ('2233','TAPACANTO PVC P/MAQUINA 22 X 2 MM ROJO','MTS',9.000,'S',737,'','3','','','N',1,'PESO',10.000,1),
 ('2234','TAPACANTO PVC P/MAQUINA 22 X 2 MM ALUMINIO','MTS',9.000,'S',738,'','3','','','N',1,'PESO',5.000,1),
 ('2235','TAPACANTO PVC P/MAQUINA 22 X 2 MM SEDA GIORNO','MTS',0.000,'S',739,'','3','','','N',1,'PESO',4.000,1),
 ('2236','TAPACANTO PVC P/MAQUINA 22 X 2 MM SEDA NOTTE','MTS',0.000,'S',740,'','3','','','N',1,'PESO',10.000,1),
 ('2237','TAPACANTO PVC P/MAQUINA 22 X 2 MM LINO CHIARO','MTS',0.000,'S',741,'','3','','','N',1,'PESO',10.000,1),
 ('2238','TAPACANTO PVC P/MAQUINA 22 X 2 MM LINO TERRA','MTS',0.000,'S',742,'','3','','','N',1,'PESO',11.000,1),
 ('2239','TAPACANTO PVC P/MAQUINA 22 X 2 MM LINO BLANCO','MTS',0.000,'S',743,'','3','','','N',1,'PESO',10.000,1),
 ('2240','TAPACANTO PVC P/MAQUINA 22 X 2 MM LINO NEGRO','MTS',0.000,'S',744,'','3','','','N',1,'PESO',10.000,1),
 ('2241','TAPACANTO PVC P/MAQUINA 22 X 2 MM LITIO','MTS',9.000,'S',745,'','3','','','N',1,'PESO',10.000,1),
 ('2242','TAPACANTO PVC P/MAQUINA 22 X 2 MM COBRE','MTS',9.000,'S',746,'','3','','','N',1,'PESO',10.000,1),
 ('2243','TAPACANTO PVC P/MAQUINA 22 X 2 MM TITANIO','MTS',9.000,'S',747,'','3','','','N',1,'PESO',10.000,1),
 ('2244','TAPACANTO PVC P/MAQUINA 22 X 2 MM TECA','MTS',0.000,'S',748,'','3','','','N',1,'PESO',10.000,1),
 ('2245','TAPACANTO PVC P/MAQUINA 22 X 2 MM SIBERIA','MTS',0.000,'S',749,'','3','','','N',1,'PESO',10.000,1),
 ('2246','TAPACANTO PVC P/MAQUINA 22 X 2 MM CONCRETO','MTS',19.000,'S',750,'','3','','','N',1,'PESO',1.000,1),
 ('2247','TAPACANTO PVC P/MAQUINA 22 X 2 MM NOGAL HABANO','MTS',0.000,'S',751,'','3','','','N',1,'PESO',10.000,1),
 ('2248','TAPACANTO PVC P/MAQUINA 22 X 2 MM ROBLE ESCANDINAVO','MTS',0.000,'S',752,'','3','','','N',1,'PESO',10.000,1),
 ('2282','TAPACANTO PVC P/MAQUINA 22 X 2 MM RAUVISIO BLANCO','MTS',33.000,'S',753,'','3','','','N',1,'PESO',29.000,1),
 ('2400','TAPACANTO PVC P/MAQUINA 50 X 0.45 MM BLANCO NATURE','MTS',0.000,'S',754,'','3','','','N',1,'PESO',10.000,1),
 ('2401','TAPACANTO PVC P/MAQUINA 50 X 0.45 MM GRIS HUMO','MTS',13.000,'S',755,'','3','','','N',1,'PESO',10.000,1),
 ('2402','TAPACANTO PVC P/MAQUINA 50 X 0.45 MM ALMENDRA','MTS',13.000,'S',756,'','3','','','N',1,'PESO',10.000,1),
 ('2403','TAPACANTO PVC P/MAQUINA 50 X 0.45 MM HELSINKI','MTS',13.000,'S',757,'','3','','','N',1,'PESO',10.000,1),
 ('2404','TAPACANTO PVC P/MAQUINA 50 X 0.45 MM CARVALHO MEZZO','MTS',13.000,'S',758,'','3','','','N',1,'PESO',10.000,1),
 ('2405','TAPACANTO PVC P/MAQUINA 50 X 0.45 MM LINOSA CINZA TOUCH','MTS',0.000,'S',759,'','3','','','N',1,'PESO',10.000,1),
 ('2406','TAPACANTO PVC P/MAQUINA 50 X 0.45 MM TANGANICA TABACO','MTS',13.000,'S',760,'','3','','','N',1,'PESO',10.000,1),
 ('2407','TAPACANTO PVC P/MAQUINA 50 X 0.45 MM ROBLE ESPA¾OL','MTS',0.000,'S',761,'','3','','','N',1,'PESO',10.000,1),
 ('2408','TAPACANTO PVC P/MAQUINA 50 X 0.45 MM ROBLE DAKAR','MTS',13.000,'S',762,'','3','','','N',1,'PESO',10.000,1),
 ('2409','TAPACANTO PVC P/MAQUINA 50 X 0.45 MM ROBLE DAKAR NATURE','MTS',0.000,'S',763,'','3','','','N',1,'PESO',10.000,1),
 ('2410','TAPACANTO PVC P/MAQUINA 50 X 0.45 MM CEREZO','MTS',0.000,'S',764,'','3','','','N',1,'PESO',10.000,1),
 ('2411','TAPACANTO PVC P/MAQUINA 50 X 0.45 MM MAPLE','MTS',0.000,'S',765,'','3','','','N',1,'PESO',10.000,1),
 ('2412','TAPACANTO PVC P/MAQUINA 50 X 0.45 MM TEKA ARTICO','MTS',0.000,'S',766,'','3','','','N',1,'PESO',10.000,1),
 ('2413','TAPACANTO PVC P/MAQUINA 50 X 0.45 MM VENEZIA VE','MTS',13.000,'S',767,'','3','','','N',1,'PESO',10.000,1),
 ('2414','TAPACANTO PVC P/MAQUINA 50 X 0.45 MM NOSSE MILANO','MTS',13.000,'S',768,'','3','','','N',1,'PESO',10.000,1),
 ('2415','TAPACANTO PVC P/MAQUINA 50 X 0.45 MM CARVALHO ASERRADO','MTS',13.000,'S',769,'','3','','','N',1,'PESO',10.000,1),
 ('2416','TAPACANTO PVC P/MAQUINA 50 X 0.45 MM TERRARUM','MTS',0.000,'S',770,'','3','','','N',1,'PESO',10.000,1),
 ('2417','TAPACANTO PVC P/MAQUINA 50 X 0.45 MM ROBLE AMERICANO','MTS',0.000,'S',771,'','3','','','N',1,'PESO',10.000,1),
 ('2418','TAPACANTO PVC P/MAQUINA 50 X 0.45 MM CEDRO NATURE','MTS',0.000,'S',772,'','3','','','N',1,'PESO',10.000,1),
 ('2419','TAPACANTO PVC P/MAQUINA 50 X 0.45 MM NOGAL TERRACOTA','MTS',0.000,'S',773,'','3','','','N',1,'PESO',10.000,1),
 ('2420','TAPACANTO PVC P/MAQUINA 50 X 0.45 MM ABEDUL','MTS',0.000,'S',774,'','3','','','N',1,'PESO',10.000,1),
 ('2421','TAPACANTO PVC P/MAQUINA 50 X 0.45 MM HAYA','MTS',0.000,'S',775,'','3','','','N',1,'PESO',10.000,1),
 ('2422','TAPACANTO PVC P/MAQUINA 50 X 0.45 MM PERAL','MTS',0.000,'S',776,'','3','','','N',1,'PESO',10.000,1),
 ('2423','TAPACANTO PVC P/MAQUINA 50 X 0.45 MM CEDRO','MTS',13.000,'S',777,'','3','','','N',1,'PESO',10.000,1),
 ('2424','TAPACANTO PVC P/MAQUINA 50 X 0.45 MM EBANO NEGRO','MTS',0.000,'S',778,'','3','','','N',1,'PESO',10.000,1),
 ('2425','TAPACANTO PVC P/MAQUINA 50 X 0.45 MM BLANCO','MTS',13.000,'S',779,'','3','','','N',1,'PESO',1.000,1),
 ('2426','TAPACANTO PVC P/MAQUINA 50 X 0.45 MM CENIZA','MTS',7.000,'S',780,'','3','','','N',1,'PESO',10.000,1),
 ('2427','TAPACANTO PVC P/MAQUINA 50 X 0.45 MM GRAFITO','MTS',13.000,'S',781,'','3','','','N',1,'PESO',10.000,1),
 ('2428','TAPACANTO PVC P/MAQUINA 50 X 0.45 MM NEGRO','MTS',13.000,'S',782,'','3','','','N',1,'PESO',1.000,1),
 ('2429','TAPACANTO PVC P/MAQUINA 50 X 0.45 MM AZUL LAGO','MTS',13.000,'S',783,'','3','','','N',1,'PESO',10.000,1),
 ('2430','TAPACANTO PVC P/MAQUINA 50 X 0.45 MM LILA','MTS',0.000,'S',784,'','3','','','N',1,'PESO',10.000,1),
 ('2431','TAPACANTO PVC P/MAQUINA 50 X 0.45 MM VERDE','MTS',0.000,'S',785,'','3','','','N',1,'PESO',10.000,1),
 ('2432','TAPACANTO PVC P/MAQUINA 50 X 0.45 MM MARILLO','MTS',0.000,'S',786,'','3','','','N',1,'PESO',10.000,1),
 ('2433','TAPACANTO PVC P/MAQUINA 50 X 0.45 MM ROJO','MTS',0.000,'S',787,'','3','','','N',1,'PESO',10.000,1),
 ('2434','TAPACANTO PVC P/MAQUINA 50 X 0.45 MM ALUMINIO','MTS',0.000,'S',788,'','3','','','N',1,'PESO',10.000,1),
 ('2435','TAPACANTO PVC P/MAQUINA 50 X 0.45 MM SEDA GIORNO','MTS',13.000,'S',789,'','3','','','N',1,'PESO',10.000,1),
 ('2436','TAPACANTO PVC P/MAQUINA 50 X 0.45 MM SEDA NOTTE','MTS',13.000,'S',790,'','3','','','N',1,'PESO',10.000,1),
 ('2437','TAPACANTO PVC P/MAQUINA 50 X 0.45 MM LINO CHIARO','MTS',0.000,'S',791,'','3','','','N',1,'PESO',10.000,1),
 ('2438','TAPACANTO PVC P/MAQUINA 50 X 0.45 MM LINO TERRA','MTS',0.000,'S',792,'','3','','','N',1,'PESO',10.000,1),
 ('2439','TAPACANTO PVC P/MAQUINA 50 X 0.45 MM LINO BLANCO','MTS',13.000,'S',793,'','3','','','N',1,'PESO',10.000,1),
 ('2440','TAPACANTO PVC P/MAQUINA 50 X 0.45 MM LINO NEGRO','MTS',0.000,'S',794,'','3','','','N',1,'PESO',10.000,1),
 ('2441','TAPACANTO PVC P/MAQUINA 50 X 0.45 MM LITIO','MTS',0.000,'S',795,'','3','','','N',1,'PESO',10.000,1),
 ('2442','TAPACANTO PVC P/MAQUINA 50 X 0.45 MM COBRE','MTS',0.000,'S',796,'','3','','','N',1,'PESO',10.000,1),
 ('2443','TAPACANTO PVC P/MAQUINA 50 X 0.45 MM TITANIO','MTS',0.000,'S',797,'','3','','','N',1,'PESO',10.000,1),
 ('2600','TAPACANTO PVC P/MAQUINA 50 X 2 MM BLANCO NATURE','MTS',0.000,'S',798,'','3','','','N',1,'PESO',10.000,1),
 ('2601','TAPACANTO PVC P/MAQUINA 50 X 2 MM GRIS HUMO','MTS',0.000,'S',799,'','3','','','N',1,'PESO',10.000,1),
 ('2602','TAPACANTO PVC P/MAQUINA 50 X 2 MM ALMENDRA','MTS',0.000,'S',800,'','3','','','N',1,'PESO',10.000,1),
 ('2603','TAPACANTO PVC P/MAQUINA 50 X 2 MM HELSINKI','MTS',0.000,'S',801,'','3','','','N',1,'PESO',10.000,1),
 ('2604','TAPACANTO PVC P/MAQUINA 50 X 2 MM CARVALHO MEZZO','MTS',0.000,'S',802,'','3','','','N',1,'PESO',10.000,1),
 ('2605','TAPACANTO PVC P/MAQUINA 50 X 2 MM LINOSA CINZA TOUCH','MTS',0.000,'S',803,'','3','','','N',1,'PESO',10.000,1),
 ('2606','TAPACANTO PVC P/MAQUINA 50 X 2 MM TANGANICA TABACO','MTS',0.000,'S',804,'','3','','','N',1,'PESO',10.000,1),
 ('2607','TAPACANTO PVC P/MAQUINA 50 X 2 MM ROBLE ESPA¾OL','MTS',0.000,'S',805,'','3','','','N',1,'PESO',10.000,1),
 ('2608','TAPACANTO PVC P/MAQUINA 50 X 2 MM ROBLE DAKAR','MTS',0.000,'S',806,'','3','','','N',1,'PESO',10.000,1),
 ('2609','TAPACANTO PVC P/MAQUINA 50 X 2 MM ROBLE DAKAR NATURE','MTS',0.000,'S',807,'','3','','','N',1,'PESO',10.000,1),
 ('2610','TAPACANTO PVC P/MAQUINA 50 X 2 MM CEREZO','MTS',0.000,'S',808,'','3','','','N',1,'PESO',10.000,1),
 ('2611','TAPACANTO PVC P/MAQUINA 50 X 2 MM MAPLE','MTS',0.000,'S',809,'','3','','','N',1,'PESO',10.000,1),
 ('2612','TAPACANTO PVC P/MAQUINA 50 X 2 MM TEKA ARTICO','MTS',0.000,'S',810,'','3','','','N',1,'PESO',10.000,1),
 ('2613','TAPACANTO PVC P/MAQUINA 50 X 2 MM VENEZIA VE','MTS',0.000,'S',811,'','3','','','N',1,'PESO',10.000,1),
 ('2614','TAPACANTO PVC P/MAQUINA 50 X 2 MM NOSSE MILANO','MTS',0.000,'S',812,'','3','','','N',1,'PESO',10.000,1),
 ('2615','TAPACANTO PVC P/MAQUINA 50 X 2 MM CARVALHO ASERRADO','MTS',0.000,'S',813,'','3','','','N',1,'PESO',10.000,1),
 ('2616','TAPACANTO PVC P/MAQUINA 50 X 2 MM TERRARUM','MTS',0.000,'S',814,'','3','','','N',1,'PESO',10.000,1),
 ('2617','TAPACANTO PVC P/MAQUINA 50 X 2 MM ROBLE AMERICANO','MTS',0.000,'S',815,'','3','','','N',1,'PESO',10.000,1),
 ('2618','TAPACANTO PVC P/MAQUINA 50 X 2 MM CEDRO NATURE','MTS',0.000,'S',816,'','3','','','N',1,'PESO',10.000,1),
 ('2619','TAPACANTO PVC P/MAQUINA 50 X 2 MM NOGAL TERRACOTA','MTS',0.000,'S',817,'','3','','','N',1,'PESO',10.000,1),
 ('2620','TAPACANTO PVC P/MAQUINA 50 X 2 MM ABEDUL','MTS',0.000,'S',818,'','3','','','N',1,'PESO',10.000,1),
 ('2621','TAPACANTO PVC P/MAQUINA 50 X 2 MM HAYA','MTS',0.000,'S',819,'','3','','','N',1,'PESO',10.000,1),
 ('2622','TAPACANTO PVC P/MAQUINA 50 X 2 MM PERAL','MTS',0.000,'S',820,'','3','','','N',1,'PESO',10.000,1),
 ('2623','TAPACANTO PVC P/MAQUINA 50 X 2 MM CEDRO','MTS',0.000,'S',821,'','3','','','N',1,'PESO',10.000,1),
 ('2624','TAPACANTO PVC P/MAQUINA 50 X 2 MM EBANO NEGRO','MTS',0.000,'S',822,'','3','','','N',1,'PESO',10.000,1),
 ('2625','TAPACANTO PVC P/MAQUINA 50 X 2 MM BLANCO','MTS',0.000,'S',823,'','3','','','N',1,'PESO',10.000,1),
 ('2626','TAPACANTO PVC P/MAQUINA 50 X 2 MM CENIZA','MTS',0.000,'S',824,'','3','','','N',1,'PESO',10.000,1),
 ('2627','TAPACANTO PVC P/MAQUINA 50 X 2 MM GRAFITO','MTS',0.000,'S',825,'','3','','','N',1,'PESO',10.000,1),
 ('2628','TAPACANTO PVC P/MAQUINA 50 X 2 MM NEGRO','MTS',0.000,'S',826,'','3','','','N',1,'PESO',10.000,1),
 ('2629','TAPACANTO PVC P/MAQUINA 50 X 2 MM AZUL LAGO','MTS',0.000,'S',827,'','3','','','N',1,'PESO',10.000,1),
 ('2630','TAPACANTO PVC P/MAQUINA 50 X 2 MM LILA','MTS',0.000,'S',828,'','3','','','N',1,'PESO',10.000,1),
 ('2631','TAPACANTO PVC P/MAQUINA 50 X 2 MM VERDE','MTS',0.000,'S',829,'','3','','','N',1,'PESO',10.000,1),
 ('2632','TAPACANTO PVC P/MAQUINA 50 X 2 MM MARILLO','MTS',0.000,'S',830,'','3','','','N',1,'PESO',10.000,1),
 ('2633','TAPACANTO PVC P/MAQUINA 50 X 2 MM ROJO','MTS',0.000,'S',831,'','3','','','N',1,'PESO',10.000,1),
 ('2634','TAPACANTO PVC P/MAQUINA 50 X 2 MM ALUMINIO','MTS',0.000,'S',832,'','3','','','N',1,'PESO',10.000,1),
 ('2635','TAPACANTO PVC P/MAQUINA 50 X 2 MM SEDA GIORNO','MTS',0.000,'S',833,'','3','','','N',1,'PESO',10.000,1),
 ('2636','TAPACANTO PVC P/MAQUINA 50 X 2 MM SEDA NOTTE','MTS',0.000,'S',834,'','3','','','N',1,'PESO',10.000,1),
 ('2637','TAPACANTO PVC P/MAQUINA 50 X 2 MM LINO CHIARO','MTS',0.000,'S',835,'','3','','','N',1,'PESO',10.000,1),
 ('2638','TAPACANTO PVC P/MAQUINA 50 X 2 MM LINO TERRA','MTS',0.000,'S',836,'','3','','','N',1,'PESO',10.000,1),
 ('2639','TAPACANTO PVC P/MAQUINA 50 X 2 MM LINO BLANCO','MTS',0.000,'S',837,'','3','','','N',1,'PESO',10.000,1),
 ('2640','TAPACANTO PVC P/MAQUINA 50 X 2 MM LINO NEGRO','MTS',0.000,'S',838,'','3','','','N',1,'PESO',10.000,1),
 ('2641','TAPACANTO PVC P/MAQUINA 50 X 2 MM LITIO','MTS',0.000,'S',839,'','3','','','N',1,'PESO',10.000,1),
 ('2642','TAPACANTO PVC P/MAQUINA 50 X 2 MM COBRE','MTS',0.000,'S',840,'','3','','','N',1,'PESO',10.000,1),
 ('2643','TAPACANTO PVC P/MAQUINA 50 X 2 MM TITANIO','MTS',0.000,'S',841,'','3','','','N',1,'PESO',10.000,1),
 ('7000','PLACA KNAUF 9.5 MM','PLACA',0.000,'S',842,'','8','','','N',1,'PESO',10.000,1),
 ('7001','MASILLA LISTA PARA USAR 1.5 KG','UNID.',0.000,'S',843,'','8','','','N',1,'PESO',10.000,1),
 ('7002','MASILLA LISTA PARA USAR 6 KG','UNID.',0.000,'S',844,'','8','','','N',1,'PESO',10.000,1),
 ('7003','MASILLA LISTA PARA USAR 16 KG','UNID.',0.000,'S',845,'','8','','','N',1,'PESO',10.000,1),
 ('7004','MASILLA LISTA PARA USAR 32 KG','UNID.',0.000,'S',846,'','8','','','N',1,'PESO',10.000,1),
 ('7005','CINTA DE PAPEL PARA JUNTA X 75 MTS','UNID.',0.000,'S',847,'','8','','','N',1,'PESO',10.000,1),
 ('7006','CINTA TRAMADA X 90 MTS','UNID.',0.000,'S',848,'','8','','','N',1,'PESO',10.000,1),
 ('7007','BANDA ACUSTICA KNAUF X 3.5 X 70 MM','UNID.',0.000,'S',849,'','8','','','N',1,'PESO',10.000,1),
 ('7008','SOLERA 70 MM','UNID.',0.000,'S',850,'','8','','','N',1,'PESO',10.000,1),
 ('7009','SOLERA 35 MM','UNID.',0.000,'S',851,'','8','','','N',1,'PESO',10.000,1),
 ('7010','MONTANTE 70 MM','UNID.',0.000,'S',852,'','8','','','N',1,'PESO',10.000,1),
 ('7011','MONTANTE 35 MM','UNID.',0.000,'S',853,'','8','','','N',1,'PESO',10.000,1),
 ('2283','TAPACANTO PVC P/MAQUINA 22 X 2 MM ROBLE MIEL','MTS',0.000,'S',854,'','3','','','N',1,'PESO',100.000,1),
 ('2444','TAPACANTO PVC P/MAQUINA 50 X 0,45 MM ROBLE MIEL','MTS',0.000,'S',855,'','3','','','N',1,'PESO',100.000,1),
 ('2445','TAPACANTO PVC P/MAQUINA 50 X 0,45 MM OLMO FINLANDES','MTS',0.000,'S',856,'','3','','','N',1,'PESO',100.000,1),
 ('3335','PATA REDONDA CROMADA 38X100 MM','UND.',0.000,'S',858,'','4','','','N',1,'PESO',100.000,1),
 ('3336','KIT 2 PATINES, 2 RUEDAS','UND.',0.000,'S',859,'','4','','','N',1,'PESO',100.000,1),
 ('3346','VARILLA LED 120 CM 220V BLANCO','UND.',660.000,'S',860,'','4','','','N',1,'PESO',100.000,1),
 ('3347','PLATO GIRATORIO PARA MESA TV','UND.',0.000,'S',861,'','4','','','N',1,'PESO',100.000,1),
 ('3348','CORBATERO PERCHAS MOVILES','UND.',0.000,'S',862,'','4','','','N',1,'PESO',100.000,1),
 ('3349','PATA ACERO (PLASTICA) CR. 80MM. FIJA REDONDA','UND.',0.000,'S',863,'','4','','','N',1,'PESO',100.000,1),
 ('5080','FILM STRECH MANIJA 50 CM','UND.',0.000,'S',864,'','5','','','N',1,'PESO',100.000,1),
 ('5081','FILM STRECH BANDITA 10 CM','UND.',0.000,'S',865,'','5','','','N',1,'PESO',100.000,1),
 ('6537','PILETA 304 HYDRA J107A','UND.',0.000,'S',866,'','7','','','N',1,'PESO',100.000,1),
 ('6538','PILETA 304 R63/18F','UND.',0.000,'S',867,'','7','','','N',1,'PESO',100.000,1),
 ('6539','PILETA 304 LUXOR mini S155A','UND.',0.000,'S',868,'','7','','','N',1,'PESO',100.000,1),
 ('7500','HERRAMIENTA 1','UND.',0.000,'N',869,'','9','','','N',1,'PESO',100.000,1),
 ('7501','HERRAMIENTA 2','UND.',0.000,'N',870,'','9','','','N',1,'PESO',100.000,1),
 ('8000','MANO DE OBRA DISEÑO Y PRESUPUESTO','HORAS',0.000,'N',871,'','10','','','N',1,'PESO',100.000,1),
 ('8001','MANO DE OBRA PRODUCCION','HORAS',0.000,'N',872,'','10','','','N',1,'PESO',100.000,2),
 ('8002','MANO DE OBRA COLOCACIÓN','HORAS',0.000,'N',873,'','10','','','N',1,'PESO',100.000,2),
 ('8003','MANO DE OBRA SERVICIO POSVENTA','HORAS',0.000,'N',874,'','10','','','N',1,'PESO',100.000,1),
 ('8100','ENERGIA ELECTRICA','$/HH',0.000,'N',875,'','11','','','N',1,'PESO',100.000,1),
 ('8150','COMISIÓN VENDEDOR','%/COSTOS',0.000,'N',876,'','11','','','N',1,'PESO',100.000,1),
 ('8200','ENERGIA ELECTRICA','$*HM',25.000,'N',877,'','12','','','N',1,'PESO',0.000,1),
 ('8300','IMPUESTOS','%/COSTO',0.000,'N',879,'','12','','','N',1,'PESO',0.000,1),
 ('8350','GASTOS BANCARIOS','%/COSTO',0.000,'N',880,'','12','','','N',1,'PESO',0.000,1),
 ('8500','CALCO - STICKER MARCA','UND.',10.000,'N',881,'','10','','','N',1,'PESO',0.000,1),
 ('5082','MANIJA ARCO 96 mm BLANCA','UNI.',0.000,'S',882,'','5','','','N',1,'PESO',10.000,1),
 ('8400','GASTOS VARIOS','$/HH',0.000,'N',883,'','12','','','N',1,'PESO',0.000,1),
 ('8450','FLETE','$/KM',0.000,'N',884,'','12','','','N',1,'PESO',0.000,1),
 ('3350','GUIA DE ALUMINIO OFFICE','METRO',40.000,'S',885,'','4','','PRECIO POR METRO','N',1,'PESO',0.000,1),
 ('3351','LAMINA AUTOADHESIVA DE ALUMINIO','MTS',70.000,'S',886,'','4','','','N',1,'PESO',0.000,1),
 ('7800','CONSUMIBLES','%/COSTO',0.000,'S',887,'','9','','','N',3,'EURO',0.000,1),
 ('8250','COMISION VENDEDOR','%/COSTO',0.000,'S',888,'','12','','','N',1,'PESO',0.000,1),
 ('8460','VIATICOS VIAJES','$',0.000,'N',889,'','12','','','N',1,'PESO',0.000,1),
 ('0196','MELAMINA SOBRE MDF 18 MM SANTORINI','PLACA',2150.000,'S',890,'','1','','','N',1,'PESO',10.000,1),
 ('2069','TAPACANTO PVC P/MAQUINA 22 X 2 MM','MTS',12.000,'S',891,'','3','','','N',1,'PESO',100.000,1),
 ('0196','MELAMINA SOBRE MDF 18 MM SANTORINI','PLACA',2150.000,'S',892,'','1','','','N',1,'PESO',10.000,1),
 ('3352','ESCUADRA METALICA STRONG 100 X 150 MM','UNIDAD',41.220,'S',893,'','4','','','N',1,'PESO',10.000,1),
 ('3353','ESCUADRA PLASTICA ARMAMUEBLE','UNIDAD',0.000,'S',894,'','4','','','N',1,'PESO',50.000,1),
 ('3354','TERMINAL GOLA SUPERIOR','UNIDAD',0.000,'S',895,'','4','','','N',1,'PESO',0.000,1),
 ('3355','TERMINAL GOLA INFERIOR','UNIDAD',0.000,'S',896,'','4','','','N',1,'PESO',0.000,1),
 ('6540','PILETA JOHNSON E44/18','UNIDAD',0.000,'S',897,'','7','','','N',1,'PESO',0.000,1),
 ('6541','PILETA JOHNSON R63','UNIDAD',0.000,'S',898,'','7','','','N',1,'PESO',0.000,1),
 ('6542','PILETA JOHNSON R63/18 F','UNIDAD',0.000,'S',899,'','7','','','N',1,'PESO',0.000,1),
 ('3356','ESQUINERO GOLA INFERIOR','UNIDAD',0.000,'S',900,'','4','','','N',1,'PESO',0.000,1),
 ('3357','FICHERO SIMPLE ART. 5041 FARK','UNIDAD',0.000,'S',901,'','4','','','N',1,'PESO',0.000,1),
 ('5100','CALCO - STICKER MARCA','UND',10.000,'S',902,'','5','','','N',1,'PESO',100.000,1),
 ('1266','FIBROPLUS 5.5MM TECA ITALIA MASISA','PLACA',0.000,'S',903,'','2','','','N',1,'PESO',10.000,1),
 ('1267','FIBROPLUS 5.5MM TEKA ARTICO FAPLAC','PLACA',0.000,'S',904,'','2','','','N',1,'PESO',10.000,1),
 ('1268','FIBROPLUS 5.5MM KENIA MASISA','PLACA',0.000,'S',905,'','2','','','N',1,'PESO',10.000,1),
 ('1269','FIBROPLUS  5.5MM NEBRASKA MASISA','PLACA',0.000,'S',906,'','2','','','N',1,'PESO',10.000,1),
 ('1270','FIBROLPUS 5.5MM TECA MASISA','PLACA',0.000,'S',907,'','2','','','N',1,'PESO',10.000,1),
 ('1271','CHAPADUR 3MM BLANCO 3 X 1.20 MTS','PLACA',0.000,'S',908,'','2','','','N',1,'PESO',10.000,1),
 ('0197','MELAMINA SOBRE MDF 18MM MADERA LUSTRE MASISA','PLACA',0.000,'S',909,'','1','','','N',1,'PESO',10.000,1),
 ('0198','MELAMINA SOBRE MDF 18MM TECA TOUCH MASISA','',0.000,'S',910,'','1','','','N',1,'PESO',10.000,1),
 ('0199','MELAMINA SOBRE MDF 18MM ROBLE RUSTICO MASISA','',0.000,'S',911,'','1','','','N',1,'PESO',10.000,1),
 ('0200','MELAMINA SOBRE MDF 18MM FRESNO ABEDUL MASISA','PLACA',0.000,'S',912,'','1','','','N',1,'PESO',10.000,1),
 ('201','MELAMINA SOBRE MDF 18MM OXIDO MASISA','PLACA',0.000,'S',913,'','1','','','N',1,'PESO',10.000,1),
 ('202','MELAMINA SOBRE AGLOMERADO 18MM HELSINKI FAPLAC','PLACA',0.000,'S',914,'','1','','','N',1,'PESO',10.000,1),
 ('6543','PILETA JOHNSON Q76A','UNIDAD',0.000,'S',915,'','7','','','N',1,'PESO',10.000,1),
 ('6544','PILETA JOHNSON R37/18','UNIDAD',0.000,'S',916,'','7','','','N',1,'PESO',10.000,1),
 ('6545','PILETA JOHNSON R63/18CR C/ANTIRREBALSE','UNIDAD',0.000,'S',917,'','7','','','N',1,'PESO',10.000,1),
 ('3358','ESCURREPLATOS JOHNSON ESAC E3','UNIDAD',0.000,'S',918,'','4','','','N',1,'PESO',10.000,1),
 ('0203','MELAMINA SOBRE AGLOMERADO 18MM BALTICO FAPLAC','PLACA',0.000,'S',919,'','1','','','N',1,'PESO',10.000,1),
 ('3359','CERRADURA DE CAJON CUADRADA PUERTAS CORREDIZAS','UND.',0.000,'S',920,'','4','','','N',1,'PESO',10.000,1),
 ('3360','CANASTO SECAPLATOS JOHNSON ACERO LUXOR CASELU','UND.',0.000,'S',921,'','4','','','N',1,'PESO',10.000,1),
 ('3361','CANASTO JOHNSON ACERO E37','UND.',0.000,'S',922,'','4','','','N',1,'PESO',10.000,1),
 ('3362','TABLA JOHNSON DE MADERA LUXOR TALU','UND.',0.000,'S',923,'','4','','','N',1,'PESO',10.000,1),
 ('3363','TABLA DE PICAR JOHNSON DE MADERA E37','UND.',0.000,'S',924,'','4','','','N',1,'PESO',10.000,1),
 ('5101','COLA P/MAQUINA RAKOLL X 15 KG','CAJA',3107.000,'S',925,'','5','','','N',1,'PESO',10.000,1),
 ('6546','DOSIFICADOR APIDO','UNIDAD',3.220,'S',926,'','7','','','N',1,'PESO',4.000,1);
/*!40000 ALTER TABLE `otmateriales` ENABLE KEYS */;


--
-- Definition of table `otmaterialeslep`
--

DROP TABLE IF EXISTS `otmaterialeslep`;
CREATE TABLE `otmaterialeslep` (
  `idotmatelep` int(10) unsigned NOT NULL,
  `codigomat` char(50) NOT NULL,
  `codigolep` char(50) NOT NULL,
  PRIMARY KEY (`idotmatelep`)
) ENGINE=InnoDB DEFAULT CHARSET=latin1;

--
-- Dumping data for table `otmaterialeslep`
--

/*!40000 ALTER TABLE `otmaterialeslep` DISABLE KEYS */;
INSERT INTO `otmaterialeslep` (`idotmatelep`,`codigomat`,`codigolep`) VALUES 
 (1,'70','FAP-15BC'),
 (2,'89','MAS-18HN'),
 (3,'90','MAS18CJE'),
 (4,'91','MAS-18RM'),
 (5,'92','MAS-18TI'),
 (6,'93','MAS-18FN'),
 (7,'94','MAS-18WG'),
 (8,'95','MAS-18GD'),
 (9,'96','MAS-18FA'),
 (10,'97','MAS-18TE'),
 (11,'98','MAS-18VI'),
 (12,'99','MAS-18NH'),
 (13,'100','MAS-18CM'),
 (14,'101','MAS-18NK'),
 (15,'102','MAS-18TW'),
 (16,'103','MAS-18LI'),
 (17,'104','MAS-18EG'),
 (18,'105','MAS-18TL'),
 (19,'106','MAS-18RT'),
 (20,'107','MAS-18ROA'),
 (21,'108','MAS-18ROB'),
 (22,'109','MAS-18MGLL'),
 (23,'110','MAS-18CCLL'),
 (24,'111','MAS-18ESMLL'),
 (25,'112','MAS-18VO'),
 (26,'113','MAS-18BC'),
 (27,'114','MAS-18AZACLL'),
 (28,'115','MAS-18OA'),
 (29,'116','MAS-18KA'),
 (30,'117','MAS-18SI'),
 (31,'118','MAS-18MC'),
 (32,'119','MAS-18TO'),
 (33,'120','MAS-18LA'),
 (34,'121','MAS-18CE'),
 (35,'122','MAS-18NB'),
 (36,'123','MAS-18RI'),
 (37,'124','MAS-18AM'),
 (38,'125','MAS-18AR'),
 (39,'126','MAS-18CN'),
 (40,'127','MAS-18GH'),
 (41,'128','MAS-18AL'),
 (42,'129','FAP-18NE'),
 (43,'130','MAS-18RJ'),
 (44,'131','MAS-18GG'),
 (45,'134','FAP-18GH'),
 (46,'135','FAP-18AM'),
 (47,'136','MAS-18BCLL'),
 (48,'137','FAP-18CM'),
 (49,'138','FAP-18LZ'),
 (50,'139','FAP-18TT'),
 (51,'140','FAP-18RE'),
 (52,'141','FAP-18RN'),
 (53,'142','FAP_18RDN'),
 (54,'143','MAS-18CZ'),
 (55,'144','MAS-18MP'),
 (56,'145','FAP-18TA'),
 (57,'146','FAP-18VZ'),
 (58,'147','FAP-18CO'),
 (59,'148','FAP-18CA'),
 (60,'149','FAP-18TE'),
 (61,'150','FAP-18RA'),
 (62,'152','MAS-18NO'),
 (63,'153','FAP-18AB'),
 (64,'154','FAP-18HN'),
 (65,'155','FAP-18PN'),
 (66,'156','FAP-18CN'),
 (67,'157','FAP-18EN'),
 (68,'158','FAP-18BC'),
 (69,'159','FAP-18CE'),
 (70,'160','FAP-18GF'),
 (71,'162','FAP-18AG'),
 (72,'163','FAP-18LIL'),
 (73,'164','FAP-18VER'),
 (74,'165','FAP-18AMA'),
 (75,'166','FAP-18AA'),
 (76,'167','FAP-18AL'),
 (77,'168','FAP-18SEG'),
 (78,'169','FAP-18SED'),
 (79,'170','FAP-18LIC'),
 (80,'171','FAP-18LIT'),
 (81,'172','FAP-18LIB'),
 (82,'173','FAP-18LING'),
 (83,'174','FAP-18LT'),
 (84,'175','FAP-18CB'),
 (85,'176','FAP-18TO'),
 (86,'177','FAP-18RELN'),
 (87,'178','FAP-18HKI'),
 (88,'179','FAP-18BLCO'),
 (89,'180','FAP-18OFIN'),
 (90,'181','FAP-18TOS'),
 (91,'182','RAUBRIBLA'),
 (92,'183','RAUBRINEG'),
 (93,'184','RAUBRIBOR'),
 (94,'185','RAUBRICHAM'),
 (95,'186','MDF-18'),
 (96,'187','PRANBL'),
 (97,'195','MAS-18WGE'),
 (98,'1170','FAP-3BC'),
 (99,'1171','FAP-3HN'),
 (100,'1172','MASFIB3CJE'),
 (101,'1173','MASFIB3RM'),
 (102,'1174','MASFIB3TI'),
 (103,'1175','MASFIB3TI'),
 (104,'1176','MASFIB3WG'),
 (105,'1177','MASFIB3GD'),
 (106,'1178','MASFIB3FA'),
 (107,'1179','MASFIB3T'),
 (108,'1181','MASFIB3NH'),
 (109,'1182','MASFIB3NK'),
 (110,'1183','MASFIB3LI'),
 (111,'1184','MASFIB3TW'),
 (112,'1185','MASFIB3LI'),
 (113,'1186','MASFIB3EG'),
 (114,'1187','MASFIB3TL'),
 (115,'1188','MASFIB3RT'),
 (116,'1189','MASFIB3ROA'),
 (117,'1190','MASFIB3ROB'),
 (118,'1191','MASFIB3MGLL'),
 (119,'1192','MASFIB3CCLL'),
 (120,'1193','MASFIB3ESMLL'),
 (121,'1196','MASFIB3AZACLL'),
 (122,'1197','MASFIB3OA'),
 (123,'1198','MASFIB3KA'),
 (124,'1199','MASFIB3SI'),
 (125,'1200','MAS-3MC'),
 (126,'1201','MASFIB3TO'),
 (127,'1202','MASFIB3LA'),
 (128,'1203','MASFIB3CE'),
 (129,'1204','MASFIB3NB'),
 (130,'1205','MASFIB3RI'),
 (131,'1206','MASFIB3AM'),
 (132,'1207','MASFIB3AR'),
 (133,'1209','MASFIB3GH'),
 (134,'1210','MASFIB3AL'),
 (135,'1211','FAP-3NE'),
 (136,'1212','MASFIB3RJ'),
 (137,'1213','MASFIB3GG'),
 (138,'1215','FAP-3GH'),
 (139,'1216','FAP-3AM2'),
 (140,'1217','MASFIB3BCLL'),
 (141,'1218','FAP-3CM'),
 (142,'1219','FAP-3LZ'),
 (143,'1220','FAP-3TT'),
 (144,'1221','FAP-3RE'),
 (145,'1222','FAP-3RN'),
 (146,'1224','FAP-3CR'),
 (147,'1227','FAP-3VZ'),
 (148,'1228','FAP-3CO'),
 (149,'1229','FAP-3CA'),
 (150,'1230','FAP-3TE'),
 (151,'1231','FAP-3RA'),
 (152,'1232','FAP-3CN'),
 (153,'1233','FAP-5NE'),
 (154,'1234','FAP-3AB'),
 (155,'1235','FAP-3HN'),
 (156,'1236','FAP-3PN'),
 (157,'1240','FAP-3CE'),
 (158,'1241','FAP-3GF'),
 (159,'1242','FAP-3AG'),
 (160,'1243','FAP-3LIL'),
 (161,'1244','FAP-3VER'),
 (162,'1245','FAP-3AMA'),
 (163,'1246','FAP-3AA'),
 (164,'1247','FAP-3AL'),
 (165,'1248','FAP-3SEG'),
 (166,'1249','FAP-3SED'),
 (167,'1250','FAP-3LIC'),
 (168,'1251','FAP-3LIT'),
 (169,'1254','FAP-3LT'),
 (170,'1255','FAP-3CB'),
 (171,'1256','FAP-3TO'),
 (172,'3002','BHAF165'),
 (173,'3007','BHAFC0'),
 (174,'3008','BHAFC9'),
 (175,'3037','TEL-HAF250'),
 (176,'3038','TEL-PB300'),
 (177,'3038','TEL-HAF300'),
 (178,'3039','TEL-PB350'),
 (179,'3039','TEL-HAF350'),
 (180,'3041','TEL-IQPB400'),
 (181,'3041','TEL-HAF400'),
 (182,'3042','TEL-HAF450'),
 (183,'3042','TEL-IQ450M'),
 (184,'3042','TEL-IQPB450'),
 (185,'3042','TELPBGW'),
 (186,'3042','TEL-ST450'),
 (187,'3042','TEL-GREN450M'),
 (188,'3043','TEL-IQ500'),
 (189,'3043','TEL-IQPB500'),
 (190,'3043','TEL-HAF500'),
 (191,'3044','TEL-GRECS50'),
 (192,'3066','CL150'),
 (193,'3067','CL200'),
 (194,'3068','CL300'),
 (195,'3069','CL400'),
 (196,'3086','BRECTO128'),
 (197,'3090','BRECTO096'),
 (198,'3102','TITANIUM160'),
 (199,'3112','REGATON'),
 (200,'3182','TAR8X30'),
 (201,'3244','SC148'),
 (202,'3245','SC116'),
 (203,'3246','SC180'),
 (204,'3264','CANEXT233N'),
 (205,'3307','CANEXT232N'),
 (206,'3319','30115ACC'),
 (207,'6001','FLOAT'),
 (208,'6003','FLOAT10'),
 (209,'6004','PACIFIC'),
 (210,'6005','GRAPHITE'),
 (211,'6006','ESPEJO3'),
 (212,'2001','RECM5779_18'),
 (213,'2002','RECM7292_18'),
 (214,'2003','FFAP-18HKI'),
 (215,'2004','RECM7710_18'),
 (216,'2005','RECM7910_18'),
 (217,'2006','FFAP-18TGT'),
 (218,'2007','RERD350S_18'),
 (219,'2008','RECM6810_18'),
 (220,'2009','RECM2212_18'),
 (221,'2010','RECM4275_18'),
 (222,'2011','RECM4290_18'),
 (223,'2012','FFAP-18TKA'),
 (224,'2013','RECM0903_18'),
 (225,'2014','RECM8010_18'),
 (226,'2015','RECM0972_18'),
 (227,'2016','RECM1161_18'),
 (228,'2017','FFAP-18RA'),
 (229,'2018','RECM4276_18'),
 (230,'2019','TMAS-18NO'),
 (231,'2020','FMAS-18FA'),
 (232,'2021','FFAP-18HN'),
 (233,'2022','RECM4449_18'),
 (234,'2023','RECM2376_18'),
 (235,'2024','RERD9838_18'),
 (236,'2025','RECM0725_18'),
 (237,'2026','RECM5789_18'),
 (238,'2027','RECM5778_18'),
 (239,'2028','RECM7836_18'),
 (240,'2029','FFAP-18AG'),
 (241,'2030','RECM0707_18'),
 (242,'2031','RECM0526_18'),
 (243,'2032','RERU74614_18'),
 (244,'2033','FFAP-18ROJ'),
 (245,'2034','RERD094L_18'),
 (246,'2035','RECM0977_18'),
 (247,'2036','RECM0978_18'),
 (248,'2037','T-FAPLIC18'),
 (249,'2038','T-FAPLIT18'),
 (250,'2041','RECM4021_18'),
 (251,'2042','RECM4022_18'),
 (252,'2043','RECM4023_18'),
 (253,'2044','RECMF7001_18'),
 (254,'2045','TMAS-18SI'),
 (255,'2046','TMAS-18CM'),
 (256,'2047','RECM2389_18'),
 (257,'2048','FFAP-18RELN'),
 (258,'2049','TAP-PVCSTREE'),
 (259,'2050','RERD8502_18'),
 (260,'2051','RECM2367_18'),
 (261,'2052','TMAS-18EG'),
 (262,'2053','FFAP-18OFIN'),
 (263,'2054','FFAP-18BLCO'),
 (264,'2055','TMAS-18VILL'),
 (265,'2056','TMAS-18LI'),
 (266,'2057','TMAS-18TL'),
 (267,'2058','RERD175S_18'),
 (268,'2059','TMAS-18NK'),
 (269,'2060','FFPA-18TOS'),
 (270,'2061','RECM6410T_18'),
 (271,'2062','TMAS-18RI'),
 (272,'2063','TMAS-18ESMLL'),
 (273,'2064','TMAS-18CCLL'),
 (274,'2065','TMAS-18AZACL'),
 (275,'2066','TAP-PVCRM0.4'),
 (276,'2207','RERD350S_182'),
 (277,'2208','PVCRD2MM'),
 (278,'2210','RERD6399_18'),
 (279,'2211','RERD4851_18'),
 (280,'2213','RERD406S_18'),
 (281,'2214','RERD245S_18'),
 (282,'2216','RERD185S_18'),
 (283,'2217','RERD719L_18'),
 (284,'2218','RERD6797_18'),
 (285,'2221','RERD4713_18'),
 (286,'2222','RERD6400_18'),
 (287,'2223','RERD6186_18'),
 (288,'2225','TAPBL2MM'),
 (289,'2226','TMAS-18CN'),
 (290,'2227','TMAS-18GG'),
 (291,'2228','FFAP-NG2'),
 (292,'2234','RERD5516_18'),
 (293,'2235','RERD408S_18'),
 (294,'2236','RERD407S_18'),
 (295,'2238','T-FAPLIT182M'),
 (296,'2241','RERD511S_18'),
 (297,'2243','RERD513S_18'),
 (298,'2246','TMAS-18CM2'),
 (299,'2247','RERD730L_18');
/*!40000 ALTER TABLE `otmaterialeslep` ENABLE KEYS */;


--
-- Definition of table `otmaterialespro`
--

DROP TABLE IF EXISTS `otmaterialespro`;
CREATE TABLE `otmaterialespro` (
  `idotmatepro` int(10) unsigned NOT NULL,
  `codigomat` char(50) NOT NULL,
  `codigopro` char(50) NOT NULL,
  `idmate` int(10) unsigned NOT NULL,
  `entidad` int(10) unsigned NOT NULL,
  PRIMARY KEY (`idotmatepro`)
) ENGINE=InnoDB DEFAULT CHARSET=latin1;

--
-- Dumping data for table `otmaterialespro`
--

/*!40000 ALTER TABLE `otmaterialespro` DISABLE KEYS */;
INSERT INTO `otmaterialespro` (`idotmatepro`,`codigomat`,`codigopro`,`idmate`,`entidad`) VALUES 
 (1,'140','+2235',0,0),
 (2,'187','+2395',0,0),
 (3,'100','+2960',0,0),
 (4,'3111','+3018',0,0),
 (5,'152','+3262',0,0),
 (6,'5016','+3476',0,0),
 (7,'179','+3505',0,0),
 (8,'180','+3515',0,0),
 (9,'1239','+3705',0,0),
 (10,'5042','+20001',0,0),
 (11,'3182','+57025',0,0),
 (12,'92','+73420',0,0),
 (13,'1211','+73730',0,0),
 (14,'5042','+150019',0,0),
 (15,'5044','+150023',0,0),
 (16,'5028','+150028',0,0),
 (17,'5022','+160013',0,0),
 (18,'5025','+160115',0,0),
 (19,'5024','+160117',0,0),
 (20,'5042','+200001',0,0),
 (21,'5043','+200004',0,0),
 (22,'3156','+304009',0,0),
 (23,'3156','+304010',0,0),
 (24,'195','+354469',0,0),
 (25,'2005','+800485',0,0),
 (26,'5016','+900000',0,0),
 (27,'5015','+900000',0,0),
 (28,'3141','+1012015',0,0),
 (29,'3007','+1271300',0,0),
 (30,'3022','+1611002',0,0),
 (31,'3090','+2623001',0,0),
 (32,'3086','+2623002',0,0),
 (33,'3086','+2623005',0,0),
 (34,'3201','+4220005',0,0),
 (35,'3039','+4301003',0,0),
 (36,'3032','+4301004',0,0),
 (37,'3033','+4301005',0,0),
 (38,'3037','+4301009',0,0),
 (39,'3041','+4301012',0,0),
 (40,'3239','+4301021',0,0),
 (41,'3044','+4301023',0,0),
 (42,'3318','+4301031',0,0),
 (43,'3317','+4301032',0,0),
 (44,'3008','+4302002',0,0),
 (45,'3227','+4302003',0,0),
 (46,'3158','+5506008',0,0),
 (47,'3243','+6901018',0,0),
 (48,'3242','+6901018',0,0),
 (49,'3027','+6901018',0,0),
 (50,'3154','+7701002',0,0),
 (51,'5038','+9107023',0,0),
 (52,'3046','+9502002',0,0),
 (53,'3047','+9502003',0,0),
 (54,'3046','+9502003',0,0),
 (55,'3047','+9502004',0,0),
 (56,'3048','+9502006',0,0),
 (57,'3309','+9503001',0,0),
 (58,'3054','+9503002',0,0),
 (59,'3111','+9504004',0,0),
 (60,'3160','+9506004',0,0),
 (61,'3223','+9508001',0,0),
 (62,'3224','+9508003',0,0),
 (63,'3322','+9508004',0,0),
 (64,'3307','+9512002',0,0),
 (65,'3308','+9512003',0,0),
 (66,'3264','+9512004',0,0),
 (67,'3320','+9512004',0,0),
 (68,'3264','+9512005',0,0),
 (69,'3320','+9512005',0,0),
 (70,'3265','+11411003',0,0),
 (71,'3143','+11501004',0,0),
 (72,'3039','+12706003',0,0),
 (73,'3003','+12712010',0,0),
 (74,'3008','+12713002',0,0),
 (75,'3002','+12713004',0,0),
 (76,'3010','+12713005',0,0),
 (77,'3004','+12713011',0,0),
 (78,'3252','+12714002',0,0),
 (79,'3182','+13906005',0,0),
 (80,'3266','+16702003',0,0),
 (81,'3096','+18406001',0,0),
 (82,'3265','+21505003',0,0),
 (83,'5045','+26226034',0,0),
 (84,'3111','+26228679',0,0),
 (85,'3262','+28333904',0,0),
 (86,'3236','+57 euros c/u',0,0),
 (87,'1170','+07/003706',0,0),
 (88,'97','+jul-60',0,0),
 (89,'150','+jul-60',0,0),
 (90,'104','+jul-00',0,0),
 (91,'101','+jul-65',0,0),
 (92,'189','+jul-85',0,0),
 (93,'1170','+jul-06',0,0),
 (94,'1211','+jul-30',0,0),
 (95,'2227','+08/02310',0,0),
 (96,'182','+08/412294',0,0),
 (97,'182','+08/90005',0,0),
 (98,'183','+08/90010',0,0),
 (99,'182','+ago-05',0,0),
 (100,'2282','+08/95005',0,0),
 (101,'3047','+10102001',0,0),
 (102,'3009','+10102001',0,0),
 (103,'3026','+11047',0,0),
 (104,'3265','+11411003',0,0),
 (105,'3002','+12713004',0,0),
 (106,'3182','+13906005',0,0),
 (107,'3182','+13906006',0,0),
 (108,'3112','+5607002',0,0),
 (109,'3112','+17303003',0,0),
 (110,'5043','+20809002',0,0),
 (111,'159','+22/1700',0,0),
 (112,'158','+22/1731',0,0),
 (113,'159','+22/1781',0,0),
 (114,'175','+22/1820',0,0),
 (115,'160','+22/1826',0,0),
 (116,'134','+22/1845',0,0),
 (117,'174','+22/1855',0,0),
 (118,'129','+22/1860',0,0),
 (119,'166','+22/1870',0,0),
 (120,'156','+22/2125',0,0),
 (121,'144','+22/2190',0,0),
 (122,'150','+22/2212',0,0),
 (123,'140','+22/2236',0,0),
 (124,'139','+22/2246',0,0),
 (125,'137','+22/3145',0,0),
 (126,'148','+22/3150',0,0),
 (127,'138','+22/3230',0,0),
 (128,'147','+22/3250',0,0),
 (129,'152','+22/3262',0,0),
 (130,'150','+22/3270',0,0),
 (131,'142','+22/3290',0,0),
 (132,'142','+22/3291',0,0),
 (133,'141','+22/3291',0,0),
 (134,'145','+22/3310',0,0),
 (135,'149','+22/3315',0,0),
 (136,'146','+22/3320',0,0),
 (137,'172','+22/3420',0,0),
 (138,'170','+22/3430',0,0),
 (139,'170','+22/3431',0,0),
 (140,'171','+22/3450',0,0),
 (141,'171','+22/3451',0,0),
 (142,'168','+22/3460',0,0),
 (143,'169','+22/3470',0,0),
 (144,'169','+22/3471',0,0),
 (145,'179','+22/3506',0,0),
 (146,'178','+22/3510',0,0),
 (147,'180','+22/3515',0,0),
 (148,'177','+22/3520',0,0),
 (149,'190','+22/3610',0,0),
 (150,'3090','+2623001',0,0),
 (151,'3086','+2623002',0,0),
 (152,'3111','+3018',0,0),
 (153,'3244','+35212',0,0),
 (154,'3245','+35525',0,0),
 (155,'3038','+4301010',0,0),
 (156,'3043','+4301014',0,0),
 (157,'3158','+5506008',0,0),
 (158,'3242','+6901018',0,0),
 (159,'3027','+6901018',0,0),
 (160,'3255','+70 euros c/u',0,0),
 (161,'3319','+700-120',0,0),
 (162,'3083','+7217001',0,0),
 (163,'3084','+7217002',0,0),
 (164,'3154','+7701002',0,0),
 (165,'3001','+7702002',0,0),
 (166,'5045','+77089',0,0),
 (167,'5045','+77091',0,0),
 (168,'3046','+9502003',0,0),
 (169,'3048','+9502006',0,0),
 (170,'3111','+9504004',0,0),
 (171,'3223','+9508001',0,0),
 (172,'3224','+9508003',0,0),
 (173,'3307','+9512002',0,0),
 (174,'3264','+9512004',0,0),
 (175,'3082','+bar01cwar',0,0),
 (176,'3074','+BAR02CWAR',0,0),
 (177,'3313','+bar03cwar',0,0),
 (178,'3015','+BB',0,0),
 (179,'3192','+BC116',0,0),
 (180,'3193','+BC148',0,0),
 (181,'3162','+C600/700I',0,0),
 (182,'3066','+CL150',0,0),
 (183,'3067','+CL200',0,0),
 (184,'3068','+CL300',0,0),
 (185,'3069','+CL400',0,0),
 (186,'3103','+CLH',0,0),
 (187,'3103','+CLH',0,0),
 (188,'3314','+CM2.128M',0,0),
 (189,'3315','+CR2.30M',0,0),
 (190,'3119','+CTJ1',0,0),
 (191,'6500','+D11803513',0,0),
 (192,'6519','+D11972920',0,0),
 (193,'3316','+EHC900',0,0),
 (194,'3037','+EHCT25B',0,0),
 (195,'3306','+EHEPCC60B',0,0),
 (196,'3114','+EHEPCC60N',0,0),
 (197,'3132','+EM18',0,0),
 (198,'3055','+ES2045',0,0),
 (199,'3344','+F50-T50',0,0),
 (200,'10000','+Formula1',0,0),
 (201,'6532','+Formula1',0,0),
 (202,'6527','+Formula1',0,0),
 (203,'6526','+Formula1',0,0),
 (204,'6523','+Formula1',0,0),
 (205,'6522','+Formula1',0,0),
 (206,'5045','+Formula1',0,0),
 (207,'5044','+Formula1',0,0),
 (208,'5042','+Formula1',0,0),
 (209,'5028','+Formula1',0,0),
 (210,'5016','+Formula1',0,0),
 (211,'3315','+Formula1',0,0),
 (212,'3314','+Formula1',0,0),
 (213,'3313','+Formula1',0,0),
 (214,'3312','+Formula1',0,0),
 (215,'3266','+Formula1',0,0),
 (216,'3265','+Formula1',0,0),
 (217,'3264','+Formula1',0,0),
 (218,'3255','+Formula1',0,0),
 (219,'3252','+Formula1',0,0),
 (220,'3244','+Formula1',0,0),
 (221,'3243','+Formula1',0,0),
 (222,'3242','+Formula1',0,0),
 (223,'3237','+Formula1',0,0),
 (224,'3236','+Formula1',0,0),
 (225,'3227','+Formula1',0,0),
 (226,'3224','+Formula1',0,0),
 (227,'3223','+Formula1',0,0),
 (228,'3205','+Formula1',0,0),
 (229,'3201','+Formula1',0,0),
 (230,'3200','+Formula1',0,0),
 (231,'3182','+Formula1',0,0),
 (232,'3158','+Formula1',0,0),
 (233,'3156','+Formula1',0,0),
 (234,'3141','+Formula1',0,0),
 (235,'3124','+Formula1',0,0),
 (236,'3111','+Formula1',0,0),
 (237,'3103','+Formula1',0,0),
 (238,'3074','+Formula1',0,0),
 (239,'3068','+Formula1',0,0),
 (240,'3067','+Formula1',0,0),
 (241,'3066','+Formula1',0,0),
 (242,'3055','+Formula1',0,0),
 (243,'3048','+Formula1',0,0),
 (244,'3047','+Formula1',0,0),
 (245,'3046','+Formula1',0,0),
 (246,'3043','+Formula1',0,0),
 (247,'3042','+Formula1',0,0),
 (248,'3008','+Formula1',0,0),
 (249,'3003','+Formula1',0,0),
 (250,'3002','+Formula1',0,0),
 (251,'1239','+Formula1',0,0),
 (252,'187','+Formula1',0,0),
 (253,'180','+Formula1',0,0),
 (254,'179','+Formula1',0,0),
 (255,'171','+Formula1',0,0),
 (256,'158','+Formula1',0,0),
 (257,'152','+Formula1',0,0),
 (258,'149','+Formula1',0,0),
 (259,'148','+Formula1',0,0),
 (260,'140','+Formula1',0,0),
 (261,'100','+Formula1',0,0),
 (262,'10001','+Formula1',0,0),
 (263,'6529','+Formula1',0,0),
 (264,'6525','+Formula1',0,0),
 (265,'6524','+Formula1',0,0),
 (266,'5022','+Formula1',0,0),
 (267,'3311','+Formula1',0,0),
 (268,'3310','+Formula1',0,0),
 (269,'3304','+Formula1',0,0),
 (270,'3302','+Formula1',0,0),
 (271,'3263','+Formula1',0,0),
 (272,'3262','+Formula1',0,0),
 (273,'3254','+Formula1',0,0),
 (274,'3253','+Formula1',0,0),
 (275,'3230','+Formula1',0,0),
 (276,'3127','+Formula1',0,0),
 (277,'3119','+Formula1',0,0),
 (278,'3078','+Formula1',0,0),
 (279,'3041','+Formula1',0,0),
 (280,'3039','+Formula1',0,0),
 (281,'3038','+Formula1',0,0),
 (282,'3034','+Formula1',0,0),
 (283,'3027','+Formula1',0,0),
 (284,'3022','+Formula1',0,0),
 (285,'3021','+Formula1',0,0),
 (286,'3007','+Formula1',0,0),
 (287,'3001','+Formula1',0,0),
 (288,'1246','+Formula1',0,0),
 (289,'1240','+Formula1',0,0),
 (290,'1211','+Formula1',0,0),
 (291,'1170','+Formula1',0,0),
 (292,'194','+Formula1',0,0),
 (293,'193','+Formula1',0,0),
 (294,'191','+Formula1',0,0),
 (295,'190','+Formula1',0,0),
 (296,'189','+Formula1',0,0),
 (297,'188','+Formula1',0,0),
 (298,'186','+Formula1',0,0),
 (299,'183','+Formula1',0,0),
 (300,'182','+Formula1',0,0),
 (301,'181','+Formula1',0,0),
 (302,'178','+Formula1',0,0),
 (303,'177','+Formula1',0,0),
 (304,'174','+Formula1',0,0),
 (305,'173','+Formula1',0,0),
 (306,'172','+Formula1',0,0),
 (307,'170','+Formula1',0,0),
 (308,'168','+Formula1',0,0),
 (309,'160','+Formula1',0,0),
 (310,'159','+Formula1',0,0),
 (311,'157','+Formula1',0,0),
 (312,'154','+Formula1',0,0),
 (313,'147','+Formula1',0,0),
 (314,'146','+Formula1',0,0),
 (315,'142','+Formula1',0,0),
 (316,'139','+Formula1',0,0),
 (317,'138','+Formula1',0,0),
 (318,'137','+Formula1',0,0),
 (319,'135','+Formula1',0,0),
 (320,'134','+Formula1',0,0),
 (321,'133','+Formula1',0,0),
 (322,'129','+Formula1',0,0),
 (323,'123','+Formula1',0,0),
 (324,'120','+Formula1',0,0),
 (325,'115','+Formula1',0,0),
 (326,'113','+Formula1',0,0),
 (327,'99','+Formula1',0,0),
 (328,'93','+Formula1',0,0),
 (329,'91','+Formula1',0,0),
 (330,'195','+Formula1',0,0),
 (331,'3075','+Formula1',0,0),
 (332,'3319','+Formula1',0,0),
 (333,'5025','+Formula1',0,0),
 (334,'141','+Formula1',0,0),
 (335,'169','+Formula1',0,0),
 (336,'3317','+Formula1',0,0),
 (337,'3044','+Formula1',0,0),
 (338,'3316','+Formula1',0,0),
 (339,'3069','+Formula1',0,0),
 (340,'3154','+Formula1',0,0),
 (341,'3239','+Formula1',0,0),
 (342,'3318','+Formula1',0,0),
 (343,'3090','+Formula1',0,0),
 (344,'3086','+Formula1',0,0),
 (345,'3160','+Formula1',0,0),
 (346,'3112','+Formula1',0,0),
 (347,'3037','+Formula1',0,0),
 (348,'2227','+Formula1',0,0),
 (349,'3306','+Formula1',0,0),
 (350,'3114','+Formula1',0,0),
 (351,'3162','+Formula1',0,0),
 (352,'2025','+Formula1',0,0),
 (353,'2040','+Formula1',0,0),
 (354,'2037','+Formula1',0,0),
 (355,'2034','+Formula1',0,0),
 (356,'2035','+Formula1',0,0),
 (357,'2036','+Formula1',0,0),
 (358,'3054','+Formula1',0,0),
 (359,'3309','+Formula1',0,0),
 (360,'145','+Formula1',0,0),
 (361,'3308','+Formula1',0,0),
 (362,'3320','+Formula1',0,0),
 (363,'3010','+Formula1',0,0),
 (364,'3307','+Formula1',0,0),
 (365,'3004','+Formula1',0,0),
 (366,'92','+Formula1',0,0),
 (367,'2005','+Formula1',0,0),
 (368,'3188','+Formula1',0,0),
 (369,'3187','+Formula1',0,0),
 (370,'5024','+Formula1',0,0),
 (371,'5038','+Formula1',0,0),
 (372,'3032','+Formula1',0,0),
 (373,'3033','+Formula1',0,0),
 (374,'3082','+Formula1',0,0),
 (375,'3126','+Formula1',0,0),
 (376,'2038','+Formula1',0,0),
 (377,'2041','+Formula1',0,0),
 (378,'2024','+Formula1',0,0),
 (379,'2028','+Formula1',0,0),
 (380,'2050','+Formula1',0,0),
 (381,'2007','+Formula1',0,0),
 (382,'2048','+Formula1',0,0),
 (383,'2426','+Formula1',0,0),
 (384,'2047','+Formula1',0,0),
 (385,'6534','+Formula1',0,0),
 (386,'6521','+Formula1',0,0),
 (387,'166','+Formula1',0,0),
 (388,'3251','+Formula1',0,0),
 (389,'3128','+Formula1',0,0),
 (390,'3250','+Formula1',0,0),
 (391,'5043','+Formula1',0,0),
 (392,'150','+Formula1',0,0),
 (393,'101','+Formula1',0,0),
 (394,'97','+Formula1',0,0),
 (395,'104','+Formula1',0,0),
 (396,'2060','+Formula1',0,0),
 (397,'2054','+Formula1',0,0),
 (398,'2053','+Formula1',0,0),
 (399,'2067','+Formula1',0,0),
 (400,'2052','+Formula1',0,0),
 (401,'2066','+Formula1',0,0),
 (402,'2282','+Formula1',0,0),
 (403,'6500','+Formula1',0,0),
 (404,'6519','+Formula1',0,0),
 (405,'5040','+Formula1',0,0),
 (406,'3083','+Formula1',0,0),
 (407,'3084','+Formula1',0,0),
 (408,'3009','+Formula1',0,0),
 (409,'3192','+Formula1',0,0),
 (410,'3193','+Formula1',0,0),
 (411,'3344','+Formula1',0,0),
 (412,'144','+Formula1',0,0),
 (413,'3322','+Formula1',0,0),
 (414,'3096','+Formula1',0,0),
 (415,'6531','+Formula1',0,0),
 (416,'3135','+Formula1',0,0),
 (417,'3221','+Formula1',0,0),
 (418,'3132','+Formula1',0,0),
 (419,'3333','+Formula1',0,0),
 (420,'2009','+Formula1',0,0),
 (421,'2018','+Formula1',0,0),
 (422,'2013','+Formula1',0,0),
 (423,'2001','+Formula1',0,0),
 (424,'2014','+Formula1',0,0),
 (425,'2437','+Formula1',0,0),
 (426,'3056','+Formula1',0,0),
 (427,'2225','+Formula1',0,0),
 (428,'2246','+Formula1',0,0),
 (429,'3143','+Formula1',0,0),
 (430,'5015','+Formula1',0,0),
 (431,'175','+Formula1',0,0),
 (432,'156','+Formula1',0,0),
 (433,'3015','+Formula1',0,0),
 (434,'3123','+Formula1',0,0),
 (435,'3026','+Formula1',0,0),
 (436,'3245','+Formula1',0,0),
 (437,'3075','+FRENO',0,0),
 (438,'10001','+FSVB1038',0,0),
 (439,'10000','+FSVM50',0,0),
 (440,'3333','+GS',0,0),
 (441,'3007','+GW35C0',0,0),
 (442,'3003','+GW35C03D',0,0),
 (443,'3002','+GW35C175',0,0),
 (444,'3008','+GW35C9',0,0),
 (445,'3041','+GW400N',0,0),
 (446,'3042','+GW450N',0,0),
 (447,'3043','+GW500N',0,0),
 (448,'3044','+GW500NCS',0,0),
 (449,'3126','+GWPG100N',0,0),
 (450,'3127','+GWPG120N',0,0),
 (451,'3127','+GWPG12ON',0,0),
 (452,'3251','+GWPG150N',0,0),
 (453,'3250','+GWPG60NC',0,0),
 (454,'3128','+GWPG80N',0,0),
 (455,'3237','+HCTPO350B',0,0),
 (456,'3312','+HLD083B50',0,0),
 (457,'3200','+IN148',0,0),
 (458,'3201','+IN180',0,0),
 (459,'3187','+INDIKO',0,0),
 (460,'3124','+INTER',0,0),
 (461,'3188','+IOSSA',0,0),
 (462,'3205','+JQ',0,0),
 (463,'3205','+JQ292',0,0),
 (464,'3126','+P100N',0,0),
 (465,'6532','+P3037AS',0,0),
 (466,'6521','+P30C27/18S',0,0),
 (467,'6534','+P30C28/18S',0,0),
 (468,'6527','+P30C28S',0,0),
 (469,'6523','+P30LN50S',0,0),
 (470,'6526','+P30LUXORSI71A',0,0),
 (471,'6529','+P30Q76A',0,0),
 (472,'6529','+P30Q76S',0,0),
 (473,'6532','+P30R37S',0,0),
 (474,'6531','+P30Z52S',0,0),
 (475,'3123','+PPIANNO',0,0),
 (476,'3124','+pu10101',0,0),
 (477,'3135','+PUNT UFM',0,0),
 (478,'6522','+PVAOV44OL',0,0),
 (479,'3244','+SC148',0,0),
 (480,'3042','+T450Z',0,0),
 (481,'3042','+T4645ON',0,0),
 (482,'3182','+T8/30',0,0),
 (483,'3041','+TE400Z',0,0),
 (484,'3043','+TE500N',0,0),
 (485,'3044','+TE500N',0,0),
 (486,'3043','+TE500Z',0,0),
 (487,'3221','+Z100',0,0),
 (491,'3201','+IN180',402,1),
 (493,'0140','+2235',52,72),
 (494,'0187','+2395',98,72),
 (495,'0100','+2960',13,72),
 (497,'0152','+3262',64,72),
 (498,'3111','+3018',313,73),
 (500,'0179','+3505',90,72),
 (501,'0180','+3515',91,72),
 (502,'1239','+3705',175,72),
 (504,'3182','+57025',383,75),
 (505,'0092','+73420',5,72),
 (506,'1211','+73730',147,72),
 (507,'5022','+160013',531,74),
 (508,'5025','+160115',534,74),
 (509,'5024','+160117',533,74),
 (510,'5042','+200001',551,74),
 (511,'5043','+200004',552,74),
 (512,'3156','+304009',357,76),
 (513,'0195','+354469',105,72),
 (514,'2005','+800485',641,72),
 (515,'5016','+900000',525,74),
 (516,'3007','+1271300',209,76),
 (517,'3141','+1012015',342,76),
 (518,'3022','+1611002',224,76),
 (519,'3156','+304010',357,76),
 (520,'3090','+2623001',292,76),
 (521,'3086','+2623002',288,76),
 (522,'3086','+2623005',288,76),
 (523,'3201','+4220005',402,76),
 (524,'3039','+4301003',241,76),
 (525,'3032','+4301004',234,76),
 (526,'3033','+4301005',235,76),
 (527,'3037','+4301009',239,76),
 (528,'3041','+4301012',243,76),
 (529,'3239','+4301021',437,76),
 (530,'3044','+4301023',246,76),
 (531,'3318','+4301031',481,76),
 (532,'3317','+4301032',480,76),
 (533,'3008','+4302002',210,76),
 (534,'3227','+4302003',425,76),
 (535,'3158','+5506008',359,76),
 (536,'3243','+6901018',441,76),
 (537,'3154','+7701002',355,76),
 (538,'5038','+9107023',547,76),
 (539,'0159','+22/1700',71,72),
 (540,'0158','+22/1731',70,72),
 (541,'0159','+22/1781',71,72),
 (542,'0175','+22/1820',86,72),
 (543,'0160','+22/1826',72,72),
 (544,'0134','+22/1845',46,72),
 (545,'3046','+9502002',248,76),
 (546,'3047','+9502003',249,76),
 (547,'3047','+9502004',249,76),
 (548,'3048','+9502006',250,76),
 (549,'3309','+9503001',472,76),
 (550,'3054','+9503002',256,76),
 (551,'3111','+9504004',313,76),
 (552,'3160','+9506004',361,76),
 (553,'3223','+9508001',421,76),
 (554,'3224','+9508003',422,76),
 (555,'3322','+9508004',485,76),
 (556,'3307','+9512002',470,76),
 (557,'3308','+9512003',471,76),
 (558,'3264','+9512004',462,76),
 (559,'3264','+9512005',462,76),
 (560,'3265','+11411003',463,76),
 (561,'3143','+11501004',344,76),
 (562,'3039','+12706003',241,76),
 (563,'3003','+12712010',205,76),
 (564,'3008','+12713002',210,76),
 (565,'3002','+12713004',204,76),
 (566,'3010','+12713005',212,76),
 (567,'3004','+12713011',206,76),
 (568,'3252','+12714002',450,76),
 (569,'3182','+13906005',383,76),
 (570,'3266','+16702003',464,76),
 (571,'3096','+18406001',298,76),
 (572,'3265','+21505003',463,76),
 (573,'5045','+26226034',554,73),
 (574,'3111','+26228679',313,73),
 (575,'3262','+28333904',460,73),
 (577,'0097','+07/2760',10,72),
 (578,'0150','+07/2860',62,72),
 (579,'0104','+07/2900',17,72),
 (580,'0101','+07/2965',14,72),
 (581,'0189','+07/2985',100,72),
 (582,'1170','+07/3706',106,72),
 (583,'1211','+07/3730',147,72),
 (584,'2227','+08/02310',731,72),
 (585,'0182','+08/412294',93,72),
 (586,'0182','+08/90005',93,72),
 (587,'0183','+08/90010',94,72),
 (588,'0182','+08/9005',93,72),
 (589,'2282','+08/95005',753,72),
 (590,'3047','+10102001',249,76),
 (591,'3026','+11047',228,75),
 (592,'3182','+13906006',383,76),
 (593,'3112','+303003/56070',314,76),
 (594,'5043','+20809002',552,76),
 (595,'3319','+700-120',482,73),
 (596,'0174','+22/1855',85,72),
 (597,'0129','+22/1860',42,72),
 (598,'0166','+22/1870',77,72),
 (599,'0151','+22/2125',63,72),
 (600,'0144','+22/2190',56,72),
 (601,'0150','+22/2212',62,72),
 (602,'0140','+22/2236',52,72),
 (603,'0139','+22/2246',51,72),
 (604,'0137','+22/3145',49,72),
 (605,'0148','+22/3150',60,72),
 (606,'0138','+22/3230',50,72),
 (607,'0147','+22/3250',59,72),
 (608,'0152','+22/3262',64,72),
 (609,'0150','+22/3270',62,72),
 (610,'0142','+22/3290',54,72),
 (611,'0142','+22/3291',54,72),
 (612,'0145','+22/3310',57,72),
 (613,'0149','+22/3315',61,72),
 (614,'0146','+22/3320',58,72),
 (615,'0172','+22/3420',83,72),
 (616,'0170','+22/3430',81,72),
 (617,'0170','+22/3431',81,72),
 (618,'0171','+22/3450',82,72),
 (619,'0171','+22/3451',82,72),
 (620,'0168','+22/3460',79,72),
 (621,'0169','+22/3470',80,72),
 (622,'0169','+22/3471',80,72),
 (623,'0179','+22/3506',90,72),
 (624,'0178','+22/3510',89,72),
 (625,'0180','+22/3515',91,72),
 (626,'0177','+22/3520',88,72),
 (627,'0190','+22/3610',101,72),
 (628,'3244','+35212',442,75),
 (629,'3245','+35525',443,75),
 (630,'3038','+4301010',240,76),
 (631,'3043','+4301014',245,76),
 (632,'3043','+GW500N',245,78),
 (633,'3044','+GW500NCS',246,78),
 (634,'3126','+GWPG100N',327,78),
 (635,'3127','+GWPG120N',328,78),
 (636,'3251','+GWPG150N',449,78),
 (637,'3250','+GWPG60NC',448,78),
 (638,'3128','+GWPG80N',329,78),
 (639,'3237','+HCTP0350B',435,73),
 (640,'3312','+HLD083B50',475,73),
 (641,'3200','+IN148',401,79),
 (642,'3083','+7217001',285,76),
 (643,'3084','+7217002',286,76),
 (644,'3001','+7702002',203,76),
 (645,'5045','+77089',554,75),
 (646,'5045','+77091',554,75),
 (647,'3082','+BAR01CWAR',284,73),
 (648,'3074','+BAR02CWAR',276,73),
 (649,'3313','+BAR03CWAR',476,73),
 (650,'3015','+BB',217,80),
 (651,'3192','+BC116',393,79),
 (652,'3193','+BC148',394,79),
 (653,'3162','+C600/700I',363,73),
 (654,'3066','+CL150',268,79),
 (655,'3067','+CL200',269,79),
 (656,'3068','+CL300',270,79),
 (657,'3069','+CL400',271,79),
 (658,'3103','+CLH',305,79),
 (659,'3314','+CM2.128M',477,73),
 (660,'3315','+CR2.30M',478,73),
 (661,'3119','+CTJ1',321,73),
 (662,'6500','+D11803513',597,81),
 (663,'6519','+D11972920',616,81),
 (664,'3316','+EHC900',479,73),
 (665,'3037','+EHCT25B',239,73),
 (666,'3306','+EHEPCC60B',469,80),
 (667,'3114','+EHEPCC60N',316,80),
 (668,'3132','+EM18',333,79),
 (669,'3055','+ES2045',257,79),
 (670,'3075','+FRENO',277,80),
 (671,'5081','+FSVB1038',865,82),
 (672,'5080','+FSVM50',864,82),
 (673,'3333','+GS',496,79),
 (674,'3007','+GW35C0',209,78),
 (675,'3003','+GW35C03D',205,78),
 (676,'3002','+GW35C175',204,78),
 (677,'3008','+GW35C9',210,78),
 (678,'3041','+GW400N',243,78),
 (679,'3042','+GW450N',244,78),
 (680,'3187','+INDIKO',388,80),
 (681,'3124','+INTER',325,79),
 (682,'3188','+IOSSA',389,80),
 (683,'3205','+JQ',406,80),
 (684,'3205','+JQ292',406,80),
 (685,'3126','+F100N',327,73),
 (686,'6521','+P30C27818S',618,83),
 (687,'6534','+P30C28/18S',631,83),
 (688,'6527','+P30C28S',624,83),
 (690,'6526','+P30LUXORSI71A',623,83),
 (692,'6529','+P30Q76S',626,83),
 (693,'6532','+P30R37S',629,83),
 (694,'6531','+P30Z52S',628,83),
 (695,'3124','+PU10101',325,80),
 (696,'3135','+PUNT UFM',336,80),
 (697,'6522','+PVAO44OL',619,83),
 (698,'3040','+T450Z',242,73),
 (699,'3042','+T46450N',244,73),
 (700,'3182','+T8/30',383,73),
 (701,'3041','+TE400Z',243,73),
 (702,'3043','+TE500N',245,73),
 (703,'3043','+TE500Z',245,73),
 (704,'3221','+Z100',419,80),
 (705,'3346','+BAR120CWA',860,73),
 (706,'3313','+BAR150CWA',476,73),
 (707,'3074','+BAR80CWAR',276,73),
 (708,'6533','+P30LN50S',630,83),
 (709,'6543','+P30Q76A',915,83),
 (710,'6541','+P30R63S',898,83),
 (711,'6544','+P30R37/18S',916,83),
 (712,'6545','+P30R63/18CRS',917,83),
 (713,'3358','+APIESACE3',918,83),
 (714,'3245','+4219003',443,76),
 (715,'3038','+4301002',240,76),
 (716,'3007','+12713020',209,76),
 (717,'3008','+12713021',210,76),
 (718,'3157','+5506005',358,76),
 (719,'5101','+001-0570',925,94),
 (720,'0159','+22/1780',71,72),
 (721,'1170','+07/3705',106,72),
 (722,'0139','+22/2245',51,72),
 (723,'0160','+22/1825',72,72),
 (724,'0173','+22/3440',84,72),
 (725,'0136','+07/2371',48,72),
 (726,'0162','+22/1816',73,72);
/*!40000 ALTER TABLE `otmaterialespro` ENABLE KEYS */;


--
-- Definition of table `otmovianul`
--

DROP TABLE IF EXISTS `otmovianul`;
CREATE TABLE `otmovianul` (
  `idmovip` int(10) unsigned NOT NULL,
  `fecha` char(8) NOT NULL
) ENGINE=InnoDB DEFAULT CHARSET=latin1;

--
-- Dumping data for table `otmovianul`
--

/*!40000 ALTER TABLE `otmovianul` DISABLE KEYS */;
INSERT INTO `otmovianul` (`idmovip`,`fecha`) VALUES 
 (1,'20180522'),
 (77,'20180522'),
 (137,'20180625'),
 (137,'20180625'),
 (135,'20180625'),
 (140,'20180625'),
 (142,'20180625'),
 (146,'20180625'),
 (171,'20180629'),
 (170,'20180629');
/*!40000 ALTER TABLE `otmovianul` ENABLE KEYS */;


--
-- Definition of table `otmovistockh`
--

DROP TABLE IF EXISTS `otmovistockh`;
CREATE TABLE `otmovistockh` (
  `idmovip` int(10) unsigned NOT NULL,
  `fecha` char(8) NOT NULL,
  `idmate` int(10) unsigned NOT NULL,
  `codigomat` char(20) NOT NULL,
  `descrip` char(200) NOT NULL,
  `idtipomov` int(10) unsigned NOT NULL,
  `descmov` char(200) NOT NULL,
  `cantidad` float(13,2) NOT NULL,
  `impuni` float(13,2) NOT NULL,
  `imptotal` float(13,2) NOT NULL,
  `cantm2` float(13,2) NOT NULL,
  `idmovih` int(10) unsigned NOT NULL,
  `iddepo` int(10) unsigned NOT NULL,
  `unidad` char(10) NOT NULL,
  PRIMARY KEY (`idmovih`)
) ENGINE=InnoDB DEFAULT CHARSET=latin1;

--
-- Dumping data for table `otmovistockh`
--

/*!40000 ALTER TABLE `otmovistockh` DISABLE KEYS */;
INSERT INTO `otmovistockh` (`idmovip`,`fecha`,`idmate`,`codigomat`,`descrip`,`idtipomov`,`descmov`,`cantidad`,`impuni`,`imptotal`,`cantm2`,`idmovih`,`iddepo`,`unidad`) VALUES 
 (1,'20180307',13,'100','MELAMINA SOBRE MDF 18MM CONCRETO METROPOLITAN MASISA',2,'EGRESO POR PRODUCCION',1.00,1785.00,1.00,0.00,1,1,'PLACA'),
 (2,'20180307',13,'100','MELAMINA SOBRE MDF 18MM CONCRETO METROPOLITAN MASISA',2,'EGRESO POR PRODUCCION',1.00,1785.00,1.00,0.00,2,1,'PLACA'),
 (1,'20180307',13,'100','MELAMINA SOBRE MDF 18MM CONCRETO METROPOLITAN MASISA',2,'EGRESO POR PRODUCCION',1.00,1785.00,1.00,0.00,3,1,'PLACA'),
 (2,'20180307',13,'100','MELAMINA SOBRE MDF 18MM CONCRETO METROPOLITAN MASISA',2,'EGRESO POR PRODUCCION',1.00,1785.00,1.00,0.00,4,1,'PLACA'),
 (3,'20180307',13,'100','MELAMINA SOBRE MDF 18MM CONCRETO METROPOLITAN MASISA',2,'EGRESO POR PRODUCCION',2.00,1785.00,2.00,0.00,5,1,'PLACA'),
 (4,'20180307',32,'119','MELAMINA SOBRE MDF 18MM TOLEDO MASISA',2,'EGRESO POR PRODUCCION',1.00,1808.00,1.00,0.00,6,1,'PLACA'),
 (5,'20180307',39,'126','MELAMINA SOBRE MDF 18MM CENIZA MASISA',2,'EGRESO POR PRODUCCION',1.00,1575.00,1.00,0.00,7,1,'PLACA'),
 (6,'20180307',13,'100','MELAMINA SOBRE MDF 18MM CONCRETO METROPOLITAN MASISA',2,'EGRESO POR PRODUCCION',2.00,1785.00,2.00,0.00,8,1,'PLACA'),
 (7,'20180309',13,'100','MELAMINA SOBRE MDF 18MM CONCRETO METROPOLITAN MASISA',2,'EGRESO POR PRODUCCION',3.00,1785.00,3.00,0.00,9,1,'PLACA'),
 (8,'20180309',13,'100','MELAMINA SOBRE MDF 18MM CONCRETO METROPOLITAN MASISA',2,'EGRESO POR PRODUCCION',2.00,1785.00,2.00,0.00,10,1,'PLACA'),
 (9,'20180309',13,'100','MELAMINA SOBRE MDF 18MM CONCRETO METROPOLITAN MASISA',2,'EGRESO POR PRODUCCION',3.00,1785.00,3.00,0.00,11,1,'PLACA'),
 (10,'20180313',14,'101','MELAMINA SOBRE MDF 18MM NEBRASKA MASISA',2,'EGRESO POR PRODUCCION',1.00,1747.00,1.00,0.00,12,1,'PLACA'),
 (11,'20180313',14,'101','MELAMINA SOBRE MDF 18MM NEBRASKA MASISA',2,'EGRESO POR PRODUCCION',1.00,1747.00,1.00,0.00,13,1,'PLACA'),
 (18,'20180405',98,'187','PANEL RANURADO BLANCO 2.60 X 1.83',3,'INGRESO POR COMPRA',5.00,1609.00,8045.00,5.00,14,1,'PANEL'),
 (19,'20180405',98,'187','PANEL RANURADO BLANCO 2.60 X 1.83',3,'INGRESO POR COMPRA',5.00,1609.00,8045.00,5.00,15,1,'PANEL'),
 (19,'20180405',52,'140','MELAMINA SOBRE MDF 18MM ROBLE ESPA¾OL FAPLAC',3,'INGRESO POR COMPRA',3.00,1336.00,4008.00,3.00,16,1,'PLACA'),
 (20,'20180405',52,'140','MELAMINA SOBRE MDF 18MM ROBLE ESPA¾OL FAPLAC',4,'EGRESO POR VENTA',2.00,1336.00,2672.00,2.00,17,1,'PLACA'),
 (21,'20180409',13,'100','MELAMINA SOBRE MDF 18MM CONCRETO METROPOLITAN MASISA',1,'INGRESO POR DEVOLUCION',18.00,1785.00,32130.00,18.00,18,1,'PLACA'),
 (22,'20180409',13,'100','MELAMINA SOBRE MDF 18MM CONCRETO METROPOLITAN MASISA',2,'EGRESO POR PRODUCCION',3.00,1785.00,5355.00,3.00,19,1,'PLACA'),
 (23,'20180409',13,'100','MELAMINA SOBRE MDF 18MM CONCRETO METROPOLITAN MASISA',1,'INGRESO POR DEVOLUCION',3.00,1785.00,5355.00,3.00,20,1,'PLACA'),
 (24,'20180409',98,'187','PANEL RANURADO BLANCO 2.60 X 1.83',3,'INGRESO POR COMPRA',100.00,1609.00,160900.00,100.00,21,1,'PANEL'),
 (25,'20180409',98,'187','PANEL RANURADO BLANCO 2.60 X 1.83',2,'EGRESO POR PRODUCCION',20.00,1609.00,32180.00,20.00,22,1,'PANEL'),
 (26,'20180409',98,'187','PANEL RANURADO BLANCO 2.60 X 1.83',2,'EGRESO POR PRODUCCION',55.00,1609.00,88495.00,55.00,23,1,'PANEL'),
 (27,'20180409',98,'187','PANEL RANURADO BLANCO 2.60 X 1.83',2,'EGRESO POR PRODUCCION',10.00,1609.00,16090.00,10.00,24,1,'PANEL'),
 (28,'20180409',14,'101','MELAMINA SOBRE MDF 18MM NEBRASKA MASISA',1,'INGRESO POR DEVOLUCION',3.00,1747.00,5241.00,3.00,25,1,'PLACA'),
 (29,'20180409',14,'101','MELAMINA SOBRE MDF 18MM NEBRASKA MASISA',2,'EGRESO POR PRODUCCION',1.00,1747.00,1747.00,1.00,26,1,'PLACA'),
 (30,'20180409',98,'187','PANEL RANURADO BLANCO 2.60 X 1.83',3,'INGRESO POR COMPRA',2.00,1700.00,3400.00,2.00,27,1,'PANEL'),
 (31,'20180409',98,'187','PANEL RANURADO BLANCO 2.60 X 1.83',3,'INGRESO POR COMPRA',2.00,1700.00,3400.00,2.00,28,1,'PANEL'),
 (32,'20180409',98,'187','PANEL RANURADO BLANCO 2.60 X 1.83',3,'INGRESO POR COMPRA',1.00,1700.00,1700.00,1.00,29,1,'PANEL'),
 (33,'20180409',98,'187','PANEL RANURADO BLANCO 2.60 X 1.83',3,'INGRESO POR COMPRA',1.00,1700.00,1700.00,1.00,30,1,'PANEL'),
 (34,'20180409',288,'3086','MANIJA BARRAL RECTO 128 MM',3,'INGRESO POR COMPRA',20.00,45.00,900.00,20.00,31,1,'UND.'),
 (35,'20180409',288,'3086','MANIJA BARRAL RECTO 128 MM',1,'INGRESO POR DEVOLUCION',4.00,45.00,180.00,4.00,32,1,'UND.'),
 (36,'20180409',288,'3086','MANIJA BARRAL RECTO 128 MM',2,'EGRESO POR PRODUCCION',8.00,45.00,360.00,8.00,33,1,'UND.'),
 (37,'20180409',288,'3086','MANIJA BARRAL RECTO 128 MM',2,'EGRESO POR PRODUCCION',10.00,45.00,450.00,10.00,34,1,'UND.'),
 (38,'20180409',288,'3086','MANIJA BARRAL RECTO 128 MM',2,'EGRESO POR PRODUCCION',4.00,45.00,180.00,4.00,35,1,'UND.'),
 (39,'20180409',14,'101','MELAMINA SOBRE MDF 18MM NEBRASKA MASISA',3,'INGRESO POR COMPRA',10.00,1747.00,17470.00,10.00,36,1,'PLACA'),
 (40,'20180409',14,'101','MELAMINA SOBRE MDF 18MM NEBRASKA MASISA',4,'EGRESO POR VENTA',9.00,1747.00,15723.00,9.00,37,1,'PLACA'),
 (41,'20180409',14,'101','MELAMINA SOBRE MDF 18MM NEBRASKA MASISA',3,'INGRESO POR COMPRA',4.00,1747.00,6988.00,4.00,38,1,'PLACA'),
 (42,'20180409',14,'101','MELAMINA SOBRE MDF 18MM NEBRASKA MASISA',2,'EGRESO POR PRODUCCION',4.00,1747.00,6988.00,0.00,39,1,'PLACA'),
 (43,'20180409',210,'3008','BISAGRA COMUN 35 MM CODO 9',2,'EGRESO POR PRODUCCION',10.00,7.00,70.00,0.00,40,1,'UND.'),
 (44,'20180409',210,'3008','BISAGRA COMUN 35 MM CODO 9',2,'EGRESO POR PRODUCCION',4.00,7.00,28.00,0.00,41,1,'UND.'),
 (45,'20180409',245,'3043','CORREDERA TELESCOPICA 500 MM',2,'EGRESO POR PRODUCCION',4.00,72.00,288.00,0.00,42,1,'UND.'),
 (46,'20180409',288,'3086','MANIJA BARRAL RECTO 128 MM',2,'EGRESO POR PRODUCCION',15.00,45.00,675.00,0.00,43,1,'UND.'),
 (47,'20180409',383,'3182','TARUGO DE MADERA 8 X 30 MM',2,'EGRESO POR PRODUCCION',178.00,0.00,0.00,0.00,44,1,'UND.'),
 (48,'20180409',661,'2025','TAPACANTO PVC P/MAQUINA 22 X 0.45 MM BLANCO',2,'EGRESO POR PRODUCCION',21.00,1.00,21.00,0.00,45,1,'MTS'),
 (49,'20180409',689,'2053','TAPACANTO PVC P/MAQUINA 22 X 0.45 MM OLMO FINLANDES',2,'EGRESO POR PRODUCCION',21.00,5.00,105.00,0.00,46,1,'MTS'),
 (50,'20180409',245,'3043','CORREDERA TELESCOPICA 500 MM',2,'EGRESO POR PRODUCCION',3.00,72.00,216.00,0.00,47,1,'UND.'),
 (51,'20180409',245,'3043','CORREDERA TELESCOPICA 500 MM',2,'EGRESO POR PRODUCCION',4.00,72.00,288.00,0.00,48,1,'UND.'),
 (52,'20180409',245,'3043','CORREDERA TELESCOPICA 500 MM',2,'EGRESO POR PRODUCCION',4.00,72.00,288.00,0.00,49,1,'UND.'),
 (53,'20180409',245,'3043','CORREDERA TELESCOPICA 500 MM',2,'EGRESO POR PRODUCCION',4.00,72.00,288.00,0.00,50,1,'UND.'),
 (54,'20180409',245,'3043','CORREDERA TELESCOPICA 500 MM',2,'EGRESO POR PRODUCCION',4.00,72.00,288.00,0.00,51,1,'UND.'),
 (55,'20180409',245,'3043','CORREDERA TELESCOPICA 500 MM',2,'EGRESO POR PRODUCCION',4.00,72.00,288.00,0.00,52,1,'UND.'),
 (56,'20180409',210,'3008','BISAGRA COMUN 35 MM CODO 9',2,'EGRESO POR PRODUCCION',14.00,7.00,98.00,0.00,53,1,'UND.'),
 (57,'20180409',288,'3086','MANIJA BARRAL RECTO 128 MM',2,'EGRESO POR PRODUCCION',15.00,45.00,675.00,0.00,54,1,'UND.'),
 (58,'20180310',13,'100','MELAMINA SOBRE MDF 18MM CONCRETO METROPOLITAN MASISA',2,'EGRESO POR PRODUCCION',2.00,1785.00,3570.00,0.00,55,1,'PLACA'),
 (58,'20180310',268,'3066','KIT CORREDIZO SISTEMA CLASSIC ANCHO GU™A 1.50 MTS',2,'EGRESO POR PRODUCCION',1.00,1247.00,1247.00,0.00,56,1,'UND.'),
 (59,'20180310',268,'3066','KIT CORREDIZO SISTEMA CLASSIC ANCHO GU™A 1.50 MTS',2,'EGRESO POR PRODUCCION',1.00,1247.00,1247.00,0.00,57,1,'UND.'),
 (60,'20180409',210,'3008','BISAGRA COMUN 35 MM CODO 9',2,'EGRESO POR PRODUCCION',7.00,7.00,49.00,0.00,58,1,'UND.'),
 (61,'20180408',210,'3008','BISAGRA COMUN 35 MM CODO 9',2,'EGRESO POR PRODUCCION',2.00,7.00,14.00,0.00,59,1,'UND.'),
 (62,'20180408',210,'3008','BISAGRA COMUN 35 MM CODO 9',2,'EGRESO POR PRODUCCION',20.00,7.00,140.00,0.00,60,1,'UND.'),
 (63,'20180408',210,'3008','BISAGRA COMUN 35 MM CODO 9',2,'EGRESO POR PRODUCCION',2.00,7.00,14.00,0.00,61,1,'UND.'),
 (64,'20180408',245,'3043','CORREDERA TELESCOPICA 500 MM',2,'EGRESO POR PRODUCCION',3.00,72.00,216.00,0.00,62,1,'UND.'),
 (65,'20180408',383,'3182','TARUGO DE MADERA 8 X 30 MM',2,'EGRESO POR PRODUCCION',35.00,0.00,0.00,0.00,63,1,'UND.'),
 (66,'20180408',383,'3182','TARUGO DE MADERA 8 X 30 MM',2,'EGRESO POR PRODUCCION',5.00,0.00,0.00,0.00,64,1,'UND.'),
 (67,'20180408',383,'3182','TARUGO DE MADERA 8 X 30 MM',2,'EGRESO POR PRODUCCION',5.00,0.00,0.00,0.00,65,1,'UND.'),
 (68,'20180408',383,'3182','TARUGO DE MADERA 8 X 30 MM',2,'EGRESO POR PRODUCCION',5.00,0.00,0.00,0.00,66,1,'UND.'),
 (69,'20180408',383,'3182','TARUGO DE MADERA 8 X 30 MM',2,'EGRESO POR PRODUCCION',5.00,0.00,0.00,0.00,67,1,'UND.'),
 (70,'20180408',383,'3182','TARUGO DE MADERA 8 X 30 MM',2,'EGRESO POR PRODUCCION',5.00,0.00,0.00,0.00,68,1,'UND.'),
 (71,'20180408',383,'3182','TARUGO DE MADERA 8 X 30 MM',2,'EGRESO POR PRODUCCION',2.00,0.00,0.00,0.00,69,1,'UND.'),
 (72,'20180408',383,'3182','TARUGO DE MADERA 8 X 30 MM',2,'EGRESO POR PRODUCCION',20.00,0.00,0.00,0.00,70,1,'UND.'),
 (73,'20180408',649,'2013','TAPACANTO PVC P/MAQUINA 22 X 0.45 MM VENEZIA',2,'EGRESO POR PRODUCCION',50.00,5.00,250.00,0.00,71,1,'MTS'),
 (74,'20180408',661,'2025','TAPACANTO PVC P/MAQUINA 22 X 0.45 MM BLANCO',2,'EGRESO POR PRODUCCION',20.00,1.00,20.00,0.00,72,1,'MTS'),
 (77,'20180503',13,'100','MELAMINA SOBRE MDF 18MM CONCRETO METROPOLITAN MASISA',1,'INGRESO POR DEVOLUCION',5.00,1785.00,8925.00,5.00,75,1,'PLACA'),
 (77,'20180503',14,'101','MELAMINA SOBRE MDF 18MM NEBRASKA MASISA',1,'INGRESO POR DEVOLUCION',10.00,1747.00,17470.00,10.00,76,1,'PLACA'),
 (79,'20180310',268,'3066','KIT CORREDIZO SISTEMA CLASSIC ANCHO GU™A 1.50 MTS',2,'EGRESO POR PRODUCCION',1.00,1247.00,1247.00,0.00,78,1,'UND.'),
 (80,'20180409',210,'3008','BISAGRA COMUN 35 MM CODO 9',2,'EGRESO POR PRODUCCION',10.00,7.00,70.00,0.00,79,1,'UND.'),
 (81,'20180409',245,'3043','CORREDERA TELESCOPICA 500 MM',2,'EGRESO POR PRODUCCION',4.00,72.00,288.00,0.00,80,1,'UND.'),
 (82,'20180409',210,'3008','BISAGRA COMUN 35 MM CODO 9',2,'EGRESO POR PRODUCCION',4.00,7.00,28.00,5.00,81,1,'UND.'),
 (83,'20180409',288,'3086','MANIJA BARRAL RECTO 128 MM',2,'EGRESO POR PRODUCCION',5.00,43.00,215.00,0.00,82,1,'UND.'),
 (84,'20180409',383,'3182','TARUGO DE MADERA 8 X 30 MM',2,'EGRESO POR PRODUCCION',100.00,0.00,0.00,0.00,83,1,'UND.'),
 (85,'20180409',288,'3086','MANIJA BARRAL RECTO 128 MM',2,'EGRESO POR PRODUCCION',10.00,43.00,430.00,0.00,84,1,'UND.'),
 (86,'20180409',383,'3182','TARUGO DE MADERA 8 X 30 MM',2,'EGRESO POR PRODUCCION',5.00,0.00,0.00,0.00,85,1,'UND.'),
 (87,'20180409',661,'2025','TAPACANTO PVC P/MAQUINA 22 X 0.45 MM BLANCO',2,'EGRESO POR PRODUCCION',1.00,1.00,1.00,0.00,86,1,'MTS'),
 (88,'20180505',13,'100','MELAMINA SOBRE MDF 18MM CONCRETO METROPOLITAN MASISA',3,'INGRESO POR COMPRA',5.00,1785.00,8925.00,5.00,87,1,'PLACA'),
 (88,'20180505',13,'100','MELAMINA SOBRE MDF 18MM CONCRETO METROPOLITAN MASISA',3,'INGRESO POR COMPRA',1.00,1785.00,1785.00,1.00,88,1,'PLACA'),
 (89,'20180505',14,'101','MELAMINA SOBRE MDF 18MM NEBRASKA MASISA',1,'INGRESO POR DEVOLUCION',5.00,1747.00,8735.00,5.00,89,1,'PLACA'),
 (89,'20180505',351,'3150','TIRADOR ALUMINIO CINTAADHESIVA CHICA -ADHR-',1,'INGRESO POR DEVOLUCION',2.00,235.00,470.00,2.00,90,1,'UND.'),
 (89,'20180505',36,'123','MELAMINA SOBRE MDF 18MM ROBLE INGLES MASISA',1,'INGRESO POR DEVOLUCION',10.00,1313.00,13130.00,10.00,91,1,'PLACA'),
 (90,'20180505',13,'100','MELAMINA SOBRE MDF 18MM CONCRETO METROPOLITAN MASISA',1,'INGRESO POR DEVOLUCION',5.00,1785.00,8925.00,5.00,92,1,'PLACA'),
 (91,'20180505',245,'3043','CORREDERA TELESCOPICA 500 MM',3,'INGRESO POR COMPRA',100.00,72.00,7200.00,100.00,93,1,'UND.'),
 (92,'20180505',245,'3043','CORREDERA TELESCOPICA 500 MM',3,'INGRESO POR COMPRA',10.00,72.00,720.00,10.00,94,1,'UND.'),
 (93,'20180505',32,'119','MELAMINA SOBRE MDF 18MM TOLEDO MASISA',3,'INGRESO POR COMPRA',1.00,1808.00,1808.00,1.00,95,1,'PLACA'),
 (94,'20180507',16,'103','MELAMINA SOBRE MDF 18MM LINO MASISA',1,'INGRESO POR DEVOLUCION',5.00,1808.00,9040.00,5.00,96,1,'PLACA'),
 (95,'20180509',13,'100','MELAMINA SOBRE MDF 18MM CONCRETO METROPOLITAN MASISA',1,'INGRESO POR DEVOLUCION',5.00,1785.00,8925.00,5.00,97,1,'PLACA'),
 (96,'20180511',634,'10000','FILM STRECH MANIJA 50 CM',3,'3-INGRESO POR COMPRA-I',10.00,111.00,1110.00,10.00,98,1,'UND.'),
 (97,'20180511',634,'10000','FILM STRECH MANIJA 50 CM',3,'3-INGRESO POR COMPRA-I',15.00,111.00,1665.00,15.00,99,1,'UND.'),
 (98,'20180512',13,'100','MELAMINA SOBRE MDF 18MM CONCRETO METROPOLITAN MASISA',2,'2-EGRESO POR PRODUCCION-E',100.00,1785.00,178500.00,100.00,100,1,'PLACA'),
 (99,'20180512',13,'100','MELAMINA SOBRE MDF 18MM CONCRETO METROPOLITAN MASISA',1,'1-INGRESO POR DEVOLUCION-I',79.00,1785.00,141015.00,79.00,101,1,'PLACA'),
 (100,'20180513',13,'100','MELAMINA SOBRE MDF 18MM CONCRETO METROPOLITAN MASISA',1,'1-INGRESO POR DEVOLUCION-I',10.00,1785.00,17850.00,10.00,102,2,'PLACA'),
 (101,'20180513',13,'100','MELAMINA SOBRE MDF 18MM CONCRETO METROPOLITAN MASISA',1,'1-INGRESO POR DEVOLUCION-I',2.00,1785.00,3570.00,2.00,103,1,'PLACA'),
 (102,'20180513',13,'100','MELAMINA SOBRE MDF 18MM CONCRETO METROPOLITAN MASISA',2,'2-EGRESO POR PRODUCCION-E',1.00,1785.00,1785.00,1.00,104,1,'PLACA'),
 (103,'20180513',13,'100','MELAMINA SOBRE MDF 18MM CONCRETO METROPOLITAN MASISA',2,'2-EGRESO POR PRODUCCION-E',9.00,1785.00,16065.00,9.00,105,2,'PLACA'),
 (104,'20180513',14,'101','MELAMINA SOBRE MDF 18MM NEBRASKA MASISA',1,'1-INGRESO POR DEVOLUCION-I',10.00,1747.00,17470.00,10.00,106,1,'PLACA'),
 (105,'20180409',14,'101','MELAMINA SOBRE MDF 18MM NEBRASKA MASISA',2,'EGRESO POR PRODUCCION',4.00,1747.00,6988.00,4.00,107,1,'PLACA'),
 (105,'20180409',210,'3008','BISAGRA COMUN 35 MM CODO 9',2,'EGRESO POR PRODUCCION',7.00,7.00,49.00,7.00,108,1,'UND.'),
 (106,'20180409',245,'3043','CORREDERA TELESCOPICA 500 MM',2,'EGRESO POR PRODUCCION',4.00,72.00,288.00,4.00,109,1,'UND.'),
 (106,'20180409',288,'3086','MANIJA BARRAL RECTO 128 MM',2,'EGRESO POR PRODUCCION',10.00,45.00,450.00,0.00,110,1,'UND.'),
 (107,'20180409',288,'3086','MANIJA BARRAL RECTO 128 MM',2,'EGRESO POR PRODUCCION',5.00,45.00,225.00,5.00,111,1,'UND.'),
 (107,'20180409',383,'3182','TARUGO DE MADERA 8 X 30 MM',2,'EGRESO POR PRODUCCION',8.00,0.00,0.00,8.00,112,1,'UND.'),
 (108,'20180515',210,'3008','BISAGRA COMUN 35 MM CODO 9',2,'EGRESO POR PRODUCCION',4.00,7.00,28.00,4.00,113,1,'UND.'),
 (108,'20180515',245,'3043','CORREDERA TELESCOPICA 500 MM',2,'EGRESO POR PRODUCCION',4.00,72.00,288.00,4.00,114,1,'UND.'),
 (108,'20180515',288,'3086','MANIJA BARRAL RECTO 128 MM',2,'EGRESO POR PRODUCCION',10.00,45.00,450.00,10.00,115,1,'UND.'),
 (109,'20180521',549,'5040','ADHESIVO CORIAN 50 ML',2,'EGRESO POR PRODUCCION',5.00,280.00,1400.00,5.00,116,1,'UND.'),
 (109,'20180521',13,'100','MELAMINA SOBRE MDF 18MM CONCRETO METROPOLITAN MASISA',2,'EGRESO POR PRODUCCION',2.00,1785.00,3570.00,2.00,117,1,'PLACA'),
 (110,'20180521',13,'100','MELAMINA SOBRE MDF 18MM CONCRETO METROPOLITAN MASISA',2,'EGRESO POR PRODUCCION',3.00,1785.00,5355.00,3.00,118,1,'PLACA'),
 (111,'20180521',13,'100','MELAMINA SOBRE MDF 18MM CONCRETO METROPOLITAN MASISA',2,'EGRESO POR PRODUCCION',1.00,1785.00,1785.00,1.00,119,1,'PLACA'),
 (112,'20180521',13,'100','MELAMINA SOBRE MDF 18MM CONCRETO METROPOLITAN MASISA',2,'EGRESO POR PRODUCCION',1.00,1785.00,1785.00,1.00,120,1,'PLACA'),
 (113,'20180521',13,'100','MELAMINA SOBRE MDF 18MM CONCRETO METROPOLITAN MASISA',2,'EGRESO POR PRODUCCION',1.00,1785.00,1785.00,1.00,121,1,'PLACA'),
 (114,'20180521',13,'100','MELAMINA SOBRE MDF 18MM CONCRETO METROPOLITAN MASISA',2,'EGRESO POR PRODUCCION',1.00,1785.00,1785.00,1.00,122,1,'PLACA'),
 (115,'20180522',13,'100','MELAMINA SOBRE MDF 18MM CONCRETO METROPOLITAN MASISA',3,'3-INGRESO POR COMPRA-I',5.00,1785.00,8925.00,5.00,123,1,'PLACA'),
 (116,'20180522',13,'100','MELAMINA SOBRE MDF 18MM CONCRETO METROPOLITAN MASISA',4,'4-EGRESO POR VENTA-E',5.00,1785.00,8925.00,5.00,124,1,'PLACA'),
 (116,'20180522',635,'10001','FILM STRECH BANDITA 10 CM',4,'4-EGRESO POR VENTA-E',10.00,31.00,310.00,10.00,125,1,'UND.'),
 (117,'20180606',549,'5040','ADHESIVO CORIAN 50 ML',2,'EGRESO POR PRODUCCION',5.00,280.00,1400.00,5.00,126,1,'UND.'),
 (117,'20180606',203,'3001','BASE PLASTICA',2,'EGRESO POR PRODUCCION',2.00,0.00,0.00,2.00,127,1,'UND.'),
 (118,'20180606',203,'3001','BASE PLASTICA',2,'EGRESO POR PRODUCCION',5.00,0.00,0.00,5.00,128,1,'UND.'),
 (119,'20180606',13,'100','MELAMINA SOBRE MDF 18MM CONCRETO METROPOLITAN MASISA',2,'EGRESO POR PRODUCCION',2.00,1785.00,3570.00,2.00,129,1,'PLACA'),
 (119,'20180606',635,'10001','FILM STRECH BANDITA 10 CM',2,'EGRESO POR PRODUCCION',5.00,31.00,155.00,5.00,130,1,'UND.'),
 (120,'20180609',634,'10000','FILM STRECH MANIJA 50 CM',3,'3-INGRESO POR COMPRA-I',100.00,111.00,11100.00,100.00,131,1,'UND.'),
 (121,'20180618',549,'5040','ADHESIVO CORIAN 50 ML',2,'EGRESO POR PRODUCCION',100.00,280.00,28000.00,10.00,132,1,'UND.'),
 (122,'20180618',0,'3311','AVENTO BLUM HF',2,'EGRESO POR PRODUCCION',10.00,0.00,0.00,0.00,133,1,'UND.'),
 (123,'20180618',0,'3311','AVENTO BLUM HF',2,'EGRESO POR PRODUCCION',10.00,0.00,0.00,10.00,134,1,'UND.'),
 (124,'20180618',0,'5029','ARANDELA PLANA 22 X 8.5 X 2 MM',2,'EGRESO POR PRODUCCION',2.00,0.00,0.00,2.00,135,1,'UND.'),
 (125,'20180618',549,'5040','ADHESIVO CORIAN 50 ML',2,'EGRESO POR PRODUCCION',12.00,280.00,3360.00,12.00,136,1,'UND.'),
 (126,'20180619',549,'5040','ADHESIVO CORIAN 50 ML',2,'EGRESO POR PRODUCCION',2.00,280.00,560.00,2.00,137,1,'UND.'),
 (127,'20180619',549,'5040','ADHESIVO CORIAN 50 ML',2,'EGRESO POR PRODUCCION',10.00,280.00,2800.00,10.00,138,1,'UND.'),
 (129,'20180619',549,'5040','ADHESIVO CORIAN 50 ML',2,'EGRESO POR PRODUCCION',10.00,280.00,2800.00,1.00,139,1,'UND.'),
 (129,'20180619',451,'3253','AMORTIGUARDOR BLUMOTION (BLUM) CODO 0',2,'EGRESO POR PRODUCCION',1.00,42.00,42.00,1.00,140,1,'UND.'),
 (132,'20180622',0,'3227','BISAGRA COM‚N 35 MM CODO 18',2,'EGRESO POR PRODUCCION',10.00,0.00,0.00,1.00,141,1,'UND.'),
 (133,'20180622',0,'3264','CANASTO 3 NIV. EXTRAIBLE 230MM CROMADO',2,'EGRESO POR PRODUCCION',100.00,0.00,0.00,1.00,142,1,'UND.'),
 (134,'20180622',451,'3253','AMORTIGUARDOR BLUMOTION (BLUM) CODO 0',2,'EGRESO POR PRODUCCION',2.00,42.00,84.00,1.00,143,1,'UND.'),
 (135,'20180622',0,'3030','CORREDERA COMUN 300 MM',2,'EGRESO POR PRODUCCION',10.00,0.00,0.00,0.00,144,1,'UND.'),
 (136,'20180622',451,'3253','AMORTIGUARDOR BLUMOTION (BLUM) CODO 0',2,'EGRESO POR PRODUCCION',7.00,42.00,294.00,0.00,145,1,'UND.'),
 (137,'20180625',451,'3253','AMORTIGUARDOR BLUMOTION (BLUM) CODO 0',2,'EGRESO POR PRODUCCION',2.00,42.00,84.00,0.00,146,1,'UND.'),
 (137,'20180625',0,'3227','BISAGRA COM‚N 35 MM CODO 18',2,'EGRESO POR PRODUCCION',10.00,0.00,0.00,1.00,147,1,'UND.'),
 (138,'20180625',451,'3253','AMORTIGUARDOR BLUMOTION (BLUM) CODO 0',2,'EGRESO POR PRODUCCION',2.00,42.00,84.00,1.00,148,1,'UND.'),
 (140,'20180625',0,'5042','SILICONA TRANSPARENTE',2,'EGRESO POR PRODUCCION',5.00,0.00,0.00,1.00,150,1,'UND.'),
 (142,'20180625',451,'3253','AMORTIGUARDOR BLUMOTION (BLUM) CODO 0',2,'EGRESO POR PRODUCCION',2.00,42.00,84.00,1.00,151,1,'UND.'),
 (142,'20180625',0,'2002','TAPACANTO PVC P/MAQUINA 22 X 0.45 MM ALMENDRA',2,'EGRESO POR PRODUCCION',5.00,0.00,0.00,1.00,152,1,'MTS'),
 (143,'20180625',0,'5029','ARANDELA PLANA 22 X 8.5 X 2 MM',2,'EGRESO POR PRODUCCION',5.00,0.00,0.00,0.00,153,1,'UND.'),
 (144,'20180625',0,'3308','CANASTO 2 NIV. EXTRAIBLE 450MM CROMADO',2,'EGRESO POR PRODUCCION',1.00,0.00,0.00,1.00,154,1,'UND.'),
 (145,'20180625',202,'3000','ANGULO DE TERM. ALUMINIO 12X12',2,'EGRESO POR PRODUCCION',10.00,2.00,20.00,1.00,155,1,'UND.'),
 (145,'20180625',580,'5071','PORTA COPAS REDONDO',2,'EGRESO POR PRODUCCION',1.00,0.00,0.00,10.00,157,1,'UND.'),
 (146,'20180625',451,'3253','AMORTIGUARDOR BLUMOTION (BLUM) CODO 0',2,'EGRESO POR PRODUCCION',2.00,42.00,84.00,1.00,158,1,'UND.'),
 (147,'20180628',202,'3000','ANGULO DE TERM. ALUMINIO 12X12',2,'EGRESO POR PRODUCCION',5.00,2.00,10.00,0.00,159,1,'UND.'),
 (148,'20180628',202,'3000','ANGULO DE TERM. ALUMINIO 12X12',2,'EGRESO POR PRODUCCION',1.00,2.00,2.00,1.00,160,1,'UND.'),
 (149,'20180628',202,'3000','ANGULO DE TERM. ALUMINIO 12X12',2,'EGRESO POR PRODUCCION',2.00,2.00,4.00,0.00,161,1,'UND.'),
 (151,'20180628',202,'3000','ANGULO DE TERM. ALUMINIO 12X12',2,'EGRESO POR PRODUCCION',1.00,2.00,2.00,0.00,162,1,'UND.'),
 (152,'20180628',202,'3000','ANGULO DE TERM. ALUMINIO 12X12',2,'EGRESO POR PRODUCCION',1.00,2.00,2.00,0.00,163,1,'UND.'),
 (153,'20180628',202,'3000','ANGULO DE TERM. ALUMINIO 12X12',2,'EGRESO POR PRODUCCION',5.00,2.00,10.00,1.00,164,1,'UND.'),
 (154,'20180628',202,'3000','ANGULO DE TERM. ALUMINIO 12X12',2,'EGRESO POR PRODUCCION',5.00,2.00,10.00,1.00,165,1,'UND.'),
 (156,'20180628',202,'3000','ANGULO DE TERM. ALUMINIO 12X12',2,'EGRESO POR PRODUCCION',1.00,2.00,2.00,1.00,166,1,'UND.'),
 (157,'20180628',202,'3000','ANGULO DE TERM. ALUMINIO 12X12',2,'EGRESO POR PRODUCCION',1.00,2.00,2.00,1.00,167,1,'UND.'),
 (158,'20180628',202,'3000','ANGULO DE TERM. ALUMINIO 12X12',2,'EGRESO POR PRODUCCION',2.00,2.00,4.00,1.00,168,1,'UND.'),
 (159,'20180628',202,'3000','ANGULO DE TERM. ALUMINIO 12X12',2,'EGRESO POR PRODUCCION',1.00,2.00,2.00,0.00,169,1,'UND.'),
 (161,'20180628',202,'3000','ANGULO DE TERM. ALUMINIO 12X12',2,'EGRESO POR PRODUCCION',1.00,2.00,2.00,1.00,170,1,'UND.'),
 (162,'20180629',202,'3000','ANGULO DE TERM. ALUMINIO 12X12',2,'EGRESO POR PRODUCCION',2.00,2.00,4.00,0.00,171,1,'UND.'),
 (162,'20180629',853,'7011','MONTANTE 35 MM',2,'EGRESO POR PRODUCCION',1.00,0.00,2.00,1.00,172,1,'UNID.'),
 (163,'20180629',202,'3000','ANGULO DE TERM. ALUMINIO 12X12',2,'EGRESO POR PRODUCCION',2.00,2.00,4.00,0.00,173,1,'UND.'),
 (164,'20180629',202,'3000','ANGULO DE TERM. ALUMINIO 12X12',2,'EGRESO POR PRODUCCION',1.00,2.00,2.00,1.00,174,1,'UND.'),
 (165,'20180629',202,'3000','ANGULO DE TERM. ALUMINIO 12X12',2,'EGRESO POR PRODUCCION',2.00,2.00,4.00,0.00,175,1,'UND.'),
 (166,'20180629',202,'3000','ANGULO DE TERM. ALUMINIO 12X12',2,'EGRESO POR PRODUCCION',1.00,2.00,2.00,1.00,176,1,'UND.'),
 (167,'20180629',202,'3000','ANGULO DE TERM. ALUMINIO 12X12',2,'EGRESO POR PRODUCCION',1.00,2.00,2.00,1.00,177,1,'UND.'),
 (168,'20180629',202,'3000','ANGULO DE TERM. ALUMINIO 12X12',2,'EGRESO POR PRODUCCION',1.00,2.00,2.00,1.00,178,1,'UND.'),
 (168,'20180629',451,'3253','AMORTIGUARDOR BLUMOTION (BLUM) CODO 0',2,'EGRESO POR PRODUCCION',1.00,42.00,42.00,1.00,179,1,'UND.'),
 (169,'20180629',202,'3000','ANGULO DE TERM. ALUMINIO 12X12',2,'EGRESO POR PRODUCCION',1.00,2.00,2.00,1.00,180,1,'UND.'),
 (170,'20180629',202,'3000','ANGULO DE TERM. ALUMINIO 12X12',2,'EGRESO POR PRODUCCION',1.00,2.00,2.00,1.00,181,1,'UND.'),
 (171,'20180629',202,'3000','ANGULO DE TERM. ALUMINIO 12X12',2,'EGRESO POR PRODUCCION',1.00,2.00,2.00,1.00,182,1,'UND.'),
 (173,'20180629',202,'3000','ANGULO DE TERM. ALUMINIO 12X12',2,'EGRESO POR PRODUCCION',1.00,2.00,2.00,0.00,183,1,'UND.'),
 (174,'20180629',202,'3000','ANGULO DE TERM. ALUMINIO 12X12',2,'EGRESO POR PRODUCCION',1.00,2.00,2.00,0.00,184,1,'UND.'),
 (175,'20180629',0,'3237','CORREDERA TELESC…PICA 350 MM PUSCH',2,'EGRESO POR PRODUCCION',10.00,0.00,0.00,1.00,185,1,'UND.'),
 (176,'20180702',202,'3000','ANGULO DE TERM. ALUMINIO 12X12',2,'EGRESO POR PRODUCCION',1.00,2.00,2.00,0.00,186,1,'UND.'),
 (177,'20180702',451,'3253','AMORTIGUARDOR BLUMOTION (BLUM) CODO 0',2,'EGRESO POR PRODUCCION',1.00,42.00,42.00,1.00,187,1,'UND.'),
 (177,'20180702',580,'5071','PORTA COPAS REDONDO',2,'EGRESO POR PRODUCCION',1.00,0.00,0.00,1.00,188,1,'UND.'),
 (177,'20180702',853,'7011','MONTANTE 35 MM',2,'EGRESO POR PRODUCCION',1.00,0.00,0.00,1.00,189,1,'UNID.'),
 (178,'20180703',549,'5040','ADHESIVO CORIAN 50 ML',2,'EGRESO POR PRODUCCION',10.00,280.00,2800.00,1.00,190,1,'UND.'),
 (179,'20180703',549,'5040','ADHESIVO CORIAN 50 ML',2,'EGRESO POR PRODUCCION',10.00,280.00,2800.00,1.00,191,1,'UND.'),
 (180,'20180703',202,'3000','ANGULO DE TERM. ALUMINIO 12X12',2,'EGRESO POR PRODUCCION',2.00,2.00,4.00,1.00,192,1,'UND.'),
 (181,'20180703',13,'100','MELAMINA SOBRE MDF 18MM CONCRETO METROPOLITAN MASISA',2,'EGRESO POR PRODUCCION',1.00,1785.00,1785.00,1.00,193,1,'PLACA'),
 (182,'20180703',13,'100','MELAMINA SOBRE MDF 18MM CONCRETO METROPOLITAN MASISA',2,'EGRESO POR PRODUCCION',1.00,1785.00,1785.00,0.00,194,1,'PLACA');
/*!40000 ALTER TABLE `otmovistockh` ENABLE KEYS */;


--
-- Definition of table `otmovistockp`
--

DROP TABLE IF EXISTS `otmovistockp`;
CREATE TABLE `otmovistockp` (
  `idmovip` int(10) unsigned NOT NULL,
  `fecha` char(8) NOT NULL,
  `fechacarga` char(8) NOT NULL,
  `entidad` int(10) unsigned NOT NULL DEFAULT '0',
  `nombre` char(200) NOT NULL,
  `responsa` char(50) NOT NULL,
  `observa1` char(200) DEFAULT NULL,
  `observa2` char(200) DEFAULT NULL,
  `observa3` char(200) DEFAULT NULL,
  `observa4` char(200) DEFAULT NULL,
  `procli` int(10) unsigned NOT NULL,
  `idtipomov` int(10) unsigned NOT NULL,
  PRIMARY KEY (`idmovip`)
) ENGINE=InnoDB DEFAULT CHARSET=latin1;

--
-- Dumping data for table `otmovistockp`
--

/*!40000 ALTER TABLE `otmovistockp` DISABLE KEYS */;
INSERT INTO `otmovistockp` (`idmovip`,`fecha`,`fechacarga`,`entidad`,`nombre`,`responsa`,`observa1`,`observa2`,`observa3`,`observa4`,`procli`,`idtipomov`) VALUES 
 (1,'20180307','20180307',1,'ROSSI TULIO','FEDE','','','','',0,0),
 (2,'20180307','20180307',1,'ROSSI TULIO','FEDE','','','','',0,0),
 (3,'20180307','20180307',1,'ROSSI TULIO','FEDE','','','','',0,0),
 (4,'20180307','20180307',1,'ROSSI TULIO','FEDE','','','','',0,0),
 (5,'20180307','20180307',1,'ROSSI TULIO','FEDE','','','','',0,0),
 (6,'20180307','20180307',1,'ROSSI TULIO','FEDE','','','','',0,0),
 (7,'20180309','20180309',1,'ROSSI TULIO','FEDE','','','','',0,0),
 (8,'20180309','20180309',1,'ROSSI TULIO','FEDE','','','','',0,0),
 (9,'20180309','20180309',1,'ROSSI TULIO','FEDE','','','','',0,0),
 (10,'20180313','20180313',2,'ALSAFEX S.A. - Racca Gaston Ramon Alberto','FEDE','','','','',0,0),
 (11,'20180313','20180313',2,'ALSAFEX S.A. - Racca Gaston Ramon Alberto','FEDE','','','','',0,0),
 (12,'20180405','20180405',2,'ALSAFEX S.A. - Racca Gaston Ramon Alberto','FEDE','','','','',0,0),
 (13,'20180405','20180405',2,'ALSAFEX S.A. - Racca Gaston Ramon Alberto','FEDE','','','','',0,0),
 (14,'20180405','20180405',3,'OLIVIERO GERMAN','FEDE','','','','',0,0),
 (15,'20180405','20180405',3,'OLIVIERO GERMAN','FEDE','','','','',0,0),
 (16,'20180405','20180405',3,'OLIVIERO GERMAN','FEDE','','','','',0,0),
 (17,'20180405','20180405',1,'ROSSI TULIO','FEDE','','','','',0,0),
 (18,'20180405','20180405',2,'ALSAFEX S.A. - Racca Gaston Ramon Alberto','FEDE','','','','',0,0),
 (19,'20180405','20180405',3,'OLIVIERO GERMAN','FEDE','','','','',0,0),
 (20,'20180405','20180405',1,'ROSSI TULIO','FEDE','','','','',0,0),
 (21,'20180409','20180409',2,'ALSAFEX S.A. - Racca Gaston Ramon Alberto','FEDE','','','','',0,0),
 (22,'20180409','20180409',3,'OLIVIERO GERMAN','FEDE','','','','',0,0),
 (23,'20180409','20180409',1,'ROSSI TULIO','FEDE','','','','',0,0),
 (24,'20180409','20180409',2,'ALSAFEX S.A. - Racca Gaston Ramon Alberto','FEDE','','','','',0,0),
 (25,'20180409','20180409',0,'','FEDE','','','','',0,0),
 (26,'20180409','20180409',1,'ROSSI TULIO','FEDE','','','','',0,0),
 (27,'20180409','20180409',1,'ROSSI TULIO','FEDE','','','','',0,0),
 (28,'20180409','20180409',1,'ROSSI TULIO','FEDE','','','','',0,0),
 (29,'20180409','20180409',3,'OLIVIERO GERMAN','FEDE','','','','',0,0),
 (30,'20180409','20180409',3,'OLIVIERO GERMAN','FEDE','','','','',0,0),
 (31,'20180409','20180409',3,'OLIVIERO GERMAN','FEDE','','','','',0,0),
 (32,'20180409','20180409',3,'OLIVIERO GERMAN','FEDE','','','','',0,0),
 (33,'20180409','20180409',3,'OLIVIERO GERMAN','FEDE','','','','',0,0),
 (34,'20180409','20180409',2,'ALSAFEX S.A. - Racca Gaston Ramon Alberto','FEDE','','','','',0,0),
 (35,'20180409','20180409',3,'OLIVIERO GERMAN','FEDE','','','','',0,0),
 (36,'20180409','20180409',3,'OLIVIERO GERMAN','FEDE','','','','',0,0),
 (37,'20180409','20180409',3,'OLIVIERO GERMAN','FEDE','','','','',0,0),
 (38,'20180409','20180409',3,'OLIVIERO GERMAN','FEDE','','','','',0,0),
 (39,'20180409','20180409',2,'ALSAFEX S.A. - Racca Gaston Ramon Alberto','FEDE','','','','',0,0),
 (40,'20180409','20180409',0,'','FEDE','','','','',0,0),
 (41,'20180409','20180409',2,'ALSAFEX S.A. - Racca Gaston Ramon Alberto','FEDE','','','','',0,0),
 (42,'20180409','20180409',3,'OLIVIERO GERMAN','FEDE','','','','',0,0),
 (43,'20180409','20180409',3,'OLIVIERO GERMAN','FEDE','','','','',0,0),
 (44,'20180409','20180409',3,'OLIVIERO GERMAN','FEDE','','','','',0,0),
 (45,'20180409','20180409',3,'OLIVIERO GERMAN','FEDE','','','','',0,0),
 (46,'20180409','20180409',3,'OLIVIERO GERMAN','FEDE','','','','',0,0),
 (47,'20180409','20180409',3,'OLIVIERO GERMAN','FEDE','','','','',0,0),
 (48,'20180409','20180409',3,'OLIVIERO GERMAN','FEDE','','','','',0,0),
 (49,'20180409','20180409',3,'OLIVIERO GERMAN','FEDE','','','','',0,0),
 (50,'20180409','20180409',3,'OLIVIERO GERMAN','FEDE','','','','',0,0),
 (51,'20180409','20180409',3,'OLIVIERO GERMAN','FEDE','','','','',0,0),
 (52,'20180409','20180409',3,'OLIVIERO GERMAN','FEDE','','','','',0,0),
 (53,'20180409','20180409',3,'OLIVIERO GERMAN','FEDE','','','','',0,0),
 (54,'20180409','20180409',3,'OLIVIERO GERMAN','FEDE','','','','',0,0),
 (55,'20180409','20180409',3,'OLIVIERO GERMAN','FEDE','','','','',0,0),
 (56,'20180409','20180409',3,'OLIVIERO GERMAN','FEDE','','','','',0,0),
 (57,'20180409','20180409',3,'OLIVIERO GERMAN','FEDE','','','','',0,0),
 (58,'20180310','20180310',1,'ROSSI TULIO','TULIO','','','','',0,2),
 (59,'20180310','20180310',1,'ROSSI TULIO','TULIO','','','','',0,2),
 (60,'20180409','20180409',3,'OLIVIERO GERMAN','TULIO','','','','',0,2),
 (61,'20180408','20180408',1,'ROSSI TULIO','TULIO','','','','',0,2),
 (62,'20180408','20180408',1,'ROSSI TULIO','TULIO','','','','',0,2),
 (63,'20180408','20180408',1,'ROSSI TULIO','TULIO','','','','',0,2),
 (64,'20180408','20180408',1,'ROSSI TULIO','TULIO','','','','',0,2),
 (65,'20180408','20180408',1,'ROSSI TULIO','TULIO','','','','',0,2),
 (66,'20180408','20180408',1,'ROSSI TULIO','TULIO','','','','',0,2),
 (67,'20180408','20180408',1,'ROSSI TULIO','TULIO','','','','',0,2),
 (68,'20180408','20180408',1,'ROSSI TULIO','TULIO','','','','',0,2),
 (69,'20180408','20180408',1,'ROSSI TULIO','TULIO','','','','',0,2),
 (70,'20180408','20180408',1,'ROSSI TULIO','TULIO','','','','',0,2),
 (71,'20180408','20180408',1,'ROSSI TULIO','TULIO','','','','',0,2),
 (72,'20180408','20180408',1,'ROSSI TULIO','TULIO','','','','',0,2),
 (73,'20180408','20180408',1,'ROSSI TULIO','TULIO','','','','',0,2),
 (74,'20180408','20180408',1,'ROSSI TULIO','TULIO','','','','',0,2),
 (75,'20180503','20180503',1,'ROSSI TULIO','TULIO','','','','',0,0),
 (76,'20180503','20180503',1,'ROSSI TULIO','TULIO','','','','',0,0),
 (77,'20180503','20180503',1,'ROSSI TULIO','TULIO','','','','',0,0),
 (79,'20180310','20180310',1,'ROSSI TULIO','TULIO','','','','',0,2),
 (80,'20180409','20180409',1,'ROSSI TULIO','TULIO','','','','',0,2),
 (81,'20180409','20180409',1,'ROSSI TULIO','TULIO','','','','',0,2),
 (82,'20180409','20180409',1,'ROSSI TULIO','TULIO','','','','',0,2),
 (83,'20180409','20180409',1,'ROSSI TULIO','TULIO','','','','',0,2),
 (84,'20180409','20180409',1,'ROSSI TULIO','TULIO','','','','',0,2),
 (85,'20180409','20180409',1,'ROSSI TULIO','TULIO','','','','',0,2),
 (86,'20180409','20180409',1,'ROSSI TULIO','TULIO','','','','',0,2),
 (87,'20180409','20180409',1,'ROSSI TULIO','TULIO','','','','',0,2),
 (88,'20180505','20180505',1,'ROSSI TULIO','TULIO','','','','',0,0),
 (89,'20180505','20180505',1,'ROSSI TULIO','TULIO','','','','',0,0),
 (90,'20180505','20180505',1,'ROSSI TULIO','TULIO','','','','',0,0),
 (91,'20180505','20180505',4,'Bonet Pablo','TULIO','','','','',0,0),
 (92,'20180505','20180505',1,'ROSSI TULIO','TULIO','','','','',0,0),
 (93,'20180505','20180505',1,'ROSSI TULIO','TULIO','','','','',0,0),
 (94,'20180507','20180507',2,'ALSAFEX S.A. - Racca Gaston Ramon Alberto','TULIO','','','','',0,0),
 (95,'20180509','20180509',1,'ROSSI TULIO','TULIO','','','','',0,0),
 (96,'20180511','20180511',1,'ROSSI TULIO','TULIO','','','','',0,0),
 (97,'20180511','20180511',1,'ROSSI TULIO','TULIO','','','','',0,0),
 (98,'20180512','20180512',1,'ROSSI TULIO','TULIO','','','','',0,0),
 (99,'20180512','20180512',1,'ROSSI TULIO','TULIO','','','','',0,0),
 (100,'20180513','20180513',1,'ROSSI TULIO','TULIO','','','','',0,0),
 (101,'20180513','20180513',1,'ROSSI TULIO','TULIO','','','','',0,0),
 (102,'20180513','20180513',1,'ROSSI TULIO','TULIO','','','','',0,0),
 (103,'20180513','20180513',0,'','TULIO','','','','',0,0),
 (104,'20180513','20180513',1,'ROSSI TULIO','TULIO','','','','',0,0),
 (105,'20180409','20180409',3,'OLIVIERO GERMAN','TULIO','','','','',0,2),
 (106,'20180409','20180409',3,'OLIVIERO GERMAN','TULIO','','','','',0,2),
 (107,'20180409','20180409',3,'OLIVIERO GERMAN','TULIO','','','','',0,2),
 (108,'20180515','20180515',3,'OLIVIERO GERMAN','TULIO','','','','',0,2),
 (109,'20180521','20180521',1,'ROSSI TULIO','TULIO','','','','',0,2),
 (110,'20180521','20180521',1,'ROSSI TULIO','TULIO','','','','',0,2),
 (111,'20180521','20180521',1,'ROSSI TULIO','TULIO','','','','',0,2),
 (112,'20180521','20180521',1,'ROSSI TULIO','TULIO','','','','',0,2),
 (113,'20180521','20180521',1,'ROSSI TULIO','TULIO','','','','',0,2),
 (114,'20180521','20180521',1,'ROSSI TULIO','TULIO','','','','',0,2),
 (115,'20180522','20180522',1,'ROSSI TULIO','TULIO','','','','',0,0),
 (116,'20180522','20180522',1,'ROSSI TULIO','TULIO','','','','',0,0),
 (117,'20180606','20180606',4,'Bonet Pablo','TULIO','','','','',0,2),
 (118,'20180606','20180606',4,'Bonet Pablo','TULIO','','','','',0,2),
 (119,'20180606','20180606',4,'Bonet Pablo','TULIO','','','','',0,2),
 (120,'20180609','20180609',1,'ROSSI TULIO','TULIO','','','','',0,0),
 (121,'20180618','20180618',1,'ROSSI TULIO','TULIO','','','','',0,2),
 (122,'20180618','20180618',1,'ROSSI TULIO','TULIO','','','','',0,0),
 (123,'20180618','20180618',1,'ROSSI TULIO','TULIO','','','','',0,0),
 (124,'20180618','20180618',1,'ROSSI TULIO','TULIO','','','','',0,0),
 (125,'20180618','20180618',1,'ROSSI TULIO','TULIO','','','','',0,2),
 (126,'20180619','20180619',1,'ROSSI TULIO','TULIO','','','','',0,2),
 (127,'20180619','20180619',1,'ROSSI TULIO','TULIO','','','','',0,2),
 (128,'20180619','20180619',1,'ROSSI TULIO','TULIO','','','','',0,0),
 (129,'20180619','20180619',1,'ROSSI TULIO','TULIO','','','','',0,2),
 (130,'20180622','20180622',1,'ROSSI TULIO','TULIO','','','','',0,0),
 (131,'20180622','20180622',1,'ROSSI TULIO','TULIO','','','','',0,0),
 (132,'20180622','20180622',1,'ROSSI TULIO','TULIO','','','','',0,0),
 (133,'20180622','20180622',1,'ROSSI TULIO','TULIO','','','','',0,0),
 (134,'20180622','20180622',1,'ROSSI TULIO','TULIO','','','','',0,2),
 (135,'20180622','20180622',1,'ROSSI TULIO','TULIO','','','','',0,0),
 (136,'20180622','20180622',1,'ROSSI TULIO','TULIO','','','','',0,2),
 (137,'20180625','20180625',1,'ROSSI TULIO','TULIO','','','','',0,2),
 (138,'20180625','20180625',1,'ROSSI TULIO','TULIO','','','','',0,2),
 (139,'20180625','20180625',1,'ROSSI TULIO','TULIO','','','','',0,0),
 (140,'20180625','20180625',1,'ROSSI TULIO','TULIO','','','','',0,0),
 (141,'20180625','20180625',0,'','TULIO','','','','',0,0),
 (142,'20180625','20180625',1,'ROSSI TULIO','TULIO','','','','',0,2),
 (143,'20180625','20180625',1,'ROSSI TULIO','TULIO','','','','',0,2),
 (144,'20180625','20180625',1,'ROSSI TULIO','TULIO','','','','',0,0),
 (145,'20180625','20180625',1,'ROSSI TULIO','TULIO','','','','',0,2),
 (146,'20180625','20180625',1,'ROSSI TULIO','TULIO','','','','',0,0),
 (147,'20180628','20180628',1,'ROSSI TULIO','TULIO','','','','',0,2),
 (148,'20180628','20180628',1,'ROSSI TULIO','TULIO','','','','',0,2),
 (149,'20180628','20180628',1,'ROSSI TULIO','TULIO','','','','',0,2),
 (150,'20180628','20180628',1,'ROSSI TULIO','TULIO','','','','',0,2),
 (151,'20180628','20180628',1,'ROSSI TULIO','TULIO','','','','',0,2),
 (152,'20180628','20180628',1,'ROSSI TULIO','TULIO','','','','',0,2),
 (153,'20180628','20180628',1,'ROSSI TULIO','TULIO','','','','',0,2),
 (154,'20180628','20180628',1,'ROSSI TULIO','TULIO','','','','',0,2),
 (155,'20180628','20180628',1,'ROSSI TULIO','TULIO','','','','',0,0),
 (156,'20180628','20180628',1,'ROSSI TULIO','TULIO','','','','',0,2),
 (157,'20180628','20180628',1,'ROSSI TULIO','TULIO','','','','',0,2),
 (158,'20180628','20180628',1,'ROSSI TULIO','TULIO','','','','',0,2),
 (159,'20180628','20180628',1,'ROSSI TULIO','TULIO','','','','',0,2),
 (160,'20180628','20180628',1,'ROSSI TULIO','TULIO','','','','',0,0),
 (161,'20180628','20180628',1,'ROSSI TULIO','TULIO','','','','',0,2),
 (162,'20180629','20180629',1,'ROSSI TULIO','TULIO','','','','',0,2),
 (163,'20180629','20180629',1,'ROSSI TULIO','TULIO','','','','',0,2),
 (164,'20180629','20180629',1,'ROSSI TULIO','TULIO','','','','',0,2),
 (165,'20180629','20180629',1,'ROSSI TULIO','TULIO','','','','',0,2),
 (166,'20180629','20180629',1,'ROSSI TULIO','TULIO','','','','',0,2),
 (167,'20180629','20180629',1,'ROSSI TULIO','TULIO','','','','',0,2),
 (168,'20180629','20180629',1,'ROSSI TULIO','TULIO','','','','',0,2),
 (169,'20180629','20180629',1,'ROSSI TULIO','TULIO','','','','',0,2),
 (170,'20180629','20180629',1,'ROSSI TULIO','TULIO','','','','',0,2),
 (171,'20180629','20180629',1,'ROSSI TULIO','TULIO','','','','',0,2),
 (172,'20180629','20180629',1,'ROSSI TULIO','TULIO','','','','',0,0),
 (173,'20180629','20180629',1,'ROSSI TULIO','TULIO','','','','',0,2),
 (174,'20180629','20180629',1,'ROSSI TULIO','TULIO','','','','',0,2),
 (175,'20180629','20180629',1,'ROSSI TULIO','TULIO','','','','',0,0),
 (176,'20180702','20180702',1,'ROSSI TULIO','TULIO','','','','',0,2),
 (177,'20180702','20180702',1,'ROSSI TULIO','TULIO','','','','',0,2),
 (178,'20180703','20180703',1,'ROSSI TULIO','TULIO','','','','',0,2),
 (179,'20180703','20180703',1,'ROSSI TULIO','TULIO','','','','',0,2),
 (180,'20180703','20180703',1,'ROSSI TULIO','TULIO','','','','',0,2),
 (181,'20180703','20180703',1,'ROSSI TULIO','TULIO','','','','',0,2),
 (182,'20180703','20180703',1,'ROSSI TULIO','TULIO','','','','',0,2);
/*!40000 ALTER TABLE `otmovistockp` ENABLE KEYS */;


--
-- Definition of table `otordentra`
--

DROP TABLE IF EXISTS `otordentra`;
CREATE TABLE `otordentra` (
  `idpedido` int(10) unsigned NOT NULL,
  `idot` int(10) unsigned NOT NULL,
  `fechaot` char(8) NOT NULL,
  `fechaini` char(8) NOT NULL,
  `testimado` char(20) NOT NULL DEFAULT '',
  `fechafin` char(8) NOT NULL,
  `costoest` float(13,2) NOT NULL,
  `descriptot` char(200) NOT NULL,
  `idestado` int(10) unsigned NOT NULL,
  `detaestado` char(200) NOT NULL,
  `responsa` char(200) NOT NULL,
  `observa` char(200) NOT NULL,
  `idetapa` int(10) unsigned NOT NULL,
  `etapa` char(200) NOT NULL,
  `describir` longtext NOT NULL,
  `idotlinea` int(10) unsigned NOT NULL DEFAULT '0',
  PRIMARY KEY (`idot`)
) ENGINE=InnoDB DEFAULT CHARSET=latin1;

--
-- Dumping data for table `otordentra`
--

/*!40000 ALTER TABLE `otordentra` DISABLE KEYS */;
INSERT INTO `otordentra` (`idpedido`,`idot`,`fechaot`,`fechaini`,`testimado`,`fechafin`,`costoest`,`descriptot`,`idestado`,`detaestado`,`responsa`,`observa`,`idetapa`,`etapa`,`describir`,`idotlinea`) VALUES 
 (12,1,'20180724','20180724','00d-00:00:00','20180823',0.00,'MANTENIMIENTO MAQUINAS',1,'INICIADO','BRUNO','',1,'PREPARACION DE MATERIALES','',0),
 (12,2,'20180724','20180724','00d-00:00:00','20180823',0.00,'REPARACIONES / TAREAS INTERNAS',1,'INICIADO','BRUNO','',1,'PREPARACION DE MATERIALES','',0),
 (12,3,'20180724','20180724','00d-00:00:00','20180823',0.00,'LIMPIEZA',1,'INICIADO','BRUNO','',1,'PREPARACION DE MATERIALES','',0),
 (12,4,'20180724','20180724','00d-00:00:00','20180823',0.00,'ORDEN / CONTROL MATERIALES',1,'INICIADO','BRUNO','',1,'PREPARACION DE MATERIALES','',0),
 (12,5,'20180724','20180724','','20180823',0.00,'ORDEN / CONTROL HERRAMIENTAS',1,'INICIADO','BRUNO','',1,'PREPARACION DE MATERIALES','',0),
 (12,6,'20180724','20180724','','20180823',0.00,'OTROS',1,'INICIADO','BRUNO','',1,'PREPARACION DE MATERIALES','',0),
 (1,642,'20180718','20180718','30d-00:00:00','20180818',41990.00,'AMOBLAMIENTO LIVING 4.50 X 1.90',4,'COLOCADO','TULIO','DOMICILIO INSTALACION: ROCA 1531-RECONQUISTA',5,'ARMADO Y CONTROL DE CALIDAD','Prueba de descripcion 1\r\nPrueba de descripcion 2\r\nPrueba de descripcion 3\r\nPrueba de descripcion 4',0),
 (2,643,'20180718','20180718','30d-00:00:00','',15990.00,'ARMARIO EXHIBIDOR',4,'COLOCADO','BRUNO','ENTREGAR JUNTO CON AMOBLAMIENTO DE QUINCHO',1,'PREPARACION DE MATERIALES','',0),
 (3,644,'20180719','20180719','60d-00:00:00','',37620.00,'PLACARD',4,'COLOCADO','BRUNO','ENTREGARSE CON RESPALDO + MESAS DE LUZ',1,'PREPARACION DE MATERIALES','',0),
 (3,645,'20180719','20180719','60d-00:00:00','',11970.00,'RESPALDO + M DE LUZ',4,'COLOCADO','BRUNO','ENTREGARSE JUNTO CON PLACARD',1,'PREPARACION DE MATERIALES','',0),
 (4,646,'20180719','20180719','60d-00:00:00','',61380.00,'COCINA',4,'COLOCADO','BRUNO','',1,'PREPARACION DE MATERIALES','',0),
 (5,647,'20180720','20180717','60d-00:00:00','',66780.00,'COCINA',4,'COLOCADO','BRUNO','',1,'PREPARACION DE MATERIALES','',0),
 (6,648,'20180720','20180717','60d-00:00:00','',41460.00,'COCINA 1',4,'COLOCADO','BRUNO','',1,'PREPARACION DE MATERIALES','',0),
 (6,649,'20180720','20180717','60d-00:00:00','',19270.00,'COCINA 2',4,'COLOCADO','BRUNO','',1,'PREPARACION DE MATERIALES','',0),
 (7,650,'20180720','20180718','30d-00:00:00','',3150.00,'CUBOS',4,'COLOCADO','BRUNO','',2,'PREPARACION DE MATERIALES','',0),
 (8,651,'20180720','20180718','30d-00:00:00','',11850.00,'AMOB COMERCIAL',4,'COLOCADO','BRUNO','',2,'PREPARACION DE MATERIALES','',0),
 (9,652,'20180720','20180720','60d-00:00:00','',136350.00,'COCINA',4,'COLOCADO','BRUNO','',1,'PREPARACION DE MATERIALES','',0),
 (10,653,'20180721','20180721','30d-00:00:00','',8910.00,'RESPALDO + M DE LUZ',4,'COLOCADO','TULIO','',1,'PREPARACION DE MATERIALES','',0),
 (1,654,'20180724','20180724','60d-00:00:00','',58470.00,'COCINA',4,'COLOCADO','BRUNO','',4,'PEGADO DE CANTOS','',0),
 (1,655,'20180724','20180724','60d-00:00:00','',22980.00,'LAVADERO',4,'COLOCADO','BRUNO','',4,'PEGADO DE CANTOS','',0),
 (11,656,'20180724','20180724','30d-00:00:00','20180803',27560.00,'AMOB COMERCIAL',4,'COLOCADO','BRUNO','',1,'PREPARACION DE MATERIALES','',0),
 (1,657,'20180725','20180725','60d-00:00:00','20180824',14530.00,'RACK TV',4,'COLOCADO','BRUNO','',2,'PREPARACION DE MATERIALES','',0),
 (13,658,'20180725','20180725','00d-00:00:00','20180824',0.00,'COMERSIAL',4,'COLOCADO','BRUNO','',1,'PREPARACION DE MATERIALES','',0),
 (14,659,'20180727','20180727','60d-00:00:00','20180826',41450.00,'AMOB DE COCINA',4,'COLOCADO','BRUNO','',1,'PREPARACION DE MATERIALES','',0),
 (14,660,'20180728','20180728','60d-00:00:00','20180827',26450.00,'VANITORY',4,'COLOCADO','BRUNO','',1,'PREPARACION DE MATERIALES','',0),
 (15,661,'20180730','20180730','30d-00:00:00','20180829',14660.00,'BAJO MESADA',4,'COLOCADO','BRUNO','',1,'PREPARACION DE MATERIALES','',0),
 (16,662,'20180730','20180730','00d-00:00:00','',14980.00,'ARMARIOS',4,'COLOCADO','BRUNO','',1,'PREPARACION DE MATERIALES','',0),
 (17,663,'20180731','20180731','60d-00:00:00','20180830',75440.00,'AMOB COCINA',4,'COLOCADO','BRUNO','SE AGREGA BARRA',1,'PREPARACION DE MATERIALES','',0),
 (18,664,'20180731','20180731','30d-00:00:00','20180830',9950.00,'MUEBLE RODANTE',4,'COLOCADO','BRUNO','',1,'PREPARACION DE MATERIALES','',0),
 (19,665,'20180801','20180801','60d-00:00:00','20180831',69150.00,'VESTIDOR',4,'COLOCADO','BRUNO','',1,'PREPARACION DE MATERIALES','',0),
 (20,666,'20180803','20180803','60d-00:00:00','20180902',33950.00,'RACK LIVING',4,'COLOCADO','BRUNO','',1,'PREPARACION DE MATERIALES','',0),
 (20,667,'20180804','20180804','60d-00:00:00','20180903',15790.00,'BARRA',4,'COLOCADO','BRUNO','',1,'PREPARACION DE MATERIALES','',0),
 (20,668,'20180804','20180804','60d-00:00:00','20180903',15790.00,'TECHO',4,'COLOCADO','BRUNO','',1,'PREPARACION DE MATERIALES','',0),
 (21,669,'20180806','20180806','60d-00:00:00','20180905',22900.00,'AMOBLAMIENTO COMERCIAL',4,'COLOCADO','BRUNO','',1,'PREPARACION DE MATERIALES','',0),
 (22,670,'20180806','20180806','60d-00:00:00','20180905',12350.00,'BAJO MESADA',4,'COLOCADO','BRUNO','',1,'PREPARACION DE MATERIALES','',0),
 (23,671,'20180807','20180807','60d-00:00:00','20180906',71440.00,'AMOB DE COCINA',4,'COLOCADO','BRUNO','',1,'PREPARACION DE MATERIALES','',0),
 (24,672,'20180807','20180807','60d-00:00:00','20180906',24990.00,'PLACARD',4,'COLOCADO','BRUNO','',1,'PREPARACION DE MATERIALES','',0),
 (25,673,'20180807','20180807','60d-00:00:00','20180906',6870.00,'BAJO MESADA',3,'FINALIZADO','BRUNO','',1,'PREPARACION DE MATERIALES','',0),
 (26,674,'20180808','20180808','60d-00:00:00','20180907',25050.00,'MUEBLE DE BAÑO',4,'COLOCADO','BRUNO','',1,'PREPARACION DE MATERIALES','',0),
 (9,675,'20180809','20180809','60d-00:00:00','20180908',84550.00,'VESTIDOR',4,'COLOCADO','BRUNO','',1,'PREPARACION DE MATERIALES','',0),
 (27,676,'20180813','20180813','60d-00:00:00','20180912',81660.00,'AMOB DE COCINA',4,'COLOCADO','BRUNO','',1,'PREPARACION DE MATERIALES','',0),
 (2,677,'20180813','20180813','60d-00:00:00','20180912',6480.00,'BAJO MESADA',4,'COLOCADO','BRUNO','',1,'PREPARACION DE MATERIALES','',0),
 (28,678,'20180813','20180813','60d-00:00:00','20180912',23800.00,'RACK LIVING',4,'COLOCADO','BRUNO','',1,'PREPARACION DE MATERIALES','',0),
 (28,679,'20180814','20180814','60d-00:00:00','20180913',43220.00,'PLACARD 2.45',4,'COLOCADO','BRUNO','',1,'PREPARACION DE MATERIALES','',0),
 (28,680,'20180814','20180814','60d-00:00:00','20180913',48410.00,'PLACARD 2.95',4,'COLOCADO','BRUNO','',1,'PREPARACION DE MATERIALES','',0),
 (29,681,'20180815','20180815','60d-00:00:00','20180914',57140.00,'PLACARD + M DE LUZ',4,'COLOCADO','BRUNO','',1,'PREPARACION DE MATERIALES','',0),
 (30,682,'20180817','20180817','60d-00:00:00','20180916',48200.00,'AMOB DE COCINA',4,'COLOCADO','BRUNO','',1,'PREPARACION DE MATERIALES','',0),
 (30,683,'20180821','20180821','60d-00:00:00','20180920',45570.00,'PLACARD',4,'COLOCADO','BRUNO','',1,'PREPARACION DE MATERIALES','',0),
 (32,684,'20180822','20180822','60d-00:00:00','20180921',33850.00,'PLACARD MATRIMONIAL',4,'COLOCADO','BRUNO','',1,'PREPARACION DE MATERIALES','',0),
 (33,685,'20180822','20180822','30d-00:00:00','20180921',7770.00,'MESAS DE TRABAJ',4,'COLOCADO','BRUNO','',1,'PREPARACION DE MATERIALES','',0),
 (34,686,'20180822','20180822','30d-00:00:00','20180921',2540.00,'ALACENA',4,'COLOCADO','BRUNO','',1,'PREPARACION DE MATERIALES','',0),
 (32,687,'20180822','20180822','00d-00:00:00','20180921',23490.00,'PLACARD',4,'COLOCADO','BRUNO','',1,'PREPARACION DE MATERIALES','',0),
 (35,688,'20180827','20180827','60d-00:00:00','20180926',15080.00,'VANITORY',4,'COLOCADO','BRUNO','',1,'PREPARACION DE MATERIALES','',0),
 (36,689,'20180827','20180827','60d-00:00:00','20180926',41390.00,'VANITORY',4,'COLOCADO','BRUNO','',1,'PREPARACION DE MATERIALES','PROBANDO SECCION DE OBSERVACIONES\r\n123\r\nHOLA QUE TAL',0),
 (37,690,'20180827','20180827','60d-00:00:00','20180926',8490.00,'LIVING',4,'COLOCADO','BRUNO','',1,'PREPARACION DE MATERIALES','',0),
 (38,691,'20180827','20180827','30d-00:00:00','20180926',10990.00,'RACK LIVING',4,'COLOCADO','BRUNO','',1,'PREPARACION DE MATERIALES','',0),
 (39,692,'20180827','20180827','60d-00:00:00','20180926',5450.00,'TARIMA/COMERCIAL',4,'COLOCADO','BRUNO','',1,'PREPARACION DE MATERIALES','',0),
 (40,693,'20180828','20180828','60d-00:00:00','20180927',34790.00,'PLACARD 1',4,'COLOCADO','BRUNO','',1,'PREPARACION DE MATERIALES','',0),
 (40,694,'20180828','20180828','60d-00:00:00','20180927',34790.00,'PLACARD 2',4,'COLOCADO','BRUNO','',1,'PREPARACION DE MATERIALES','',0),
 (41,695,'20180829','20180829','60d-00:00:00','20180928',97200.00,'AMOB DE COCINA',4,'COLOCADO','BRUNO','',4,'PEGADO DE CANTOS','',0),
 (41,696,'20180829','20180829','60d-00:00:00','20180928',24820.00,'MUEBLE DE LIVING',4,'COLOCADO','BRUNO','',5,'ARMADO Y CONTROL DE CALIDAD','',0),
 (42,697,'20180903','20180903','60d-00:00:00','20181003',34820.00,'AMOB DE COCINA',4,'COLOCADO','BRUNO','',3,'CORTE Y MECANIZADO','',0),
 (43,698,'20180903','20180903','60d-00:00:00','20181003',49900.00,'PLACARD + MESAS DE LUZ',4,'COLOCADO','BRUNO','',2,'CORTE Y MECANIZADO','',0),
 (44,699,'20180903','20180903','00d-60:00:00','20181003',34180.00,'AMOB DE COCINA',4,'COLOCADO','BRUNO','',3,'CORTE Y MECANIZADO','\r\n',0),
 (45,700,'20180904','20180904','60d-00:00:00','20181004',8340.00,'COMERCIAL',4,'COLOCADO','BRUNO','',4,'PEGADO DE CANTOS','\r\n\r\n',0),
 (46,701,'20180904','20180904','60d-00:00:00','20181004',54980.00,'RESPALDO + PLACARD',4,'COLOCADO','BRUNO','',3,'CORTE Y MECANIZADO','',0),
 (47,702,'20180904','20180904','00d-00:00:00','20181004',30690.00,'PLACARD',4,'COLOCADO','BRUNO','',3,'CORTE Y MECANIZADO','',0),
 (48,703,'20180905','20180905','60d-00:00:00','20181005',74060.00,'VESTIDOR',4,'COLOCADO','BRUNO','',3,'CORTE Y MECANIZADO','',0),
 (47,704,'20180905','20180905','07d-00:00:00','20181005',17300.00,'ESCRITORIO + MESA RATONA',4,'COLOCADO','BRUNO','',3,'CORTE Y MECANIZADO','',0),
 (49,705,'20180905','20180905','60d-00:00:00','20181005',19270.00,'CRISTALERO',4,'COLOCADO','BRUNO','',3,'CORTE Y MECANIZADO','',0),
 (50,706,'20180905','20180905','60d-00:00:00','20181005',35700.00,'AMOB DE COCINA',3,'FINALIZADO','BRUNO','',3,'CORTE Y MECANIZADO','',0),
 (51,707,'20180906','20180906','60d-00:00:00','20181006',44600.00,'PLACARD',3,'FINALIZADO','BRUNO','',4,'PEGADO DE CANTOS','',0),
 (52,708,'20180907','20180907','60d-00:00:00','20181007',48830.00,'VESTIDOR',4,'COLOCADO','BRUNO','',4,'PEGADO DE CANTOS','',0),
 (53,709,'20180907','20180907','60d-00:00:00','20181007',21560.00,'VANITORY',4,'COLOCADO','BRUNO','',3,'CORTE Y MECANIZADO','',0),
 (54,710,'20180910','20180910','60d-00:00:00','20181010',29900.00,'VESTIDOR 1',4,'COLOCADO','BRUNO','',4,'PEGADO DE CANTOS','\r\n\r\n\r\n',0),
 (55,711,'20180910','20180910','60d-00:00:00','20181010',59065.00,'AMOB DE COCINA',4,'COLOCADO','BRUNO','',4,'PEGADO DE CANTOS','',0),
 (56,712,'20180910','20180910','60d-00:00:00','20181010',11760.00,'VITRINA',3,'FINALIZADO','BRUNO','',4,'PEGADO DE CANTOS','\r\n\r\n\r\n',0),
 (56,713,'20180911','20180911','00d-00:00:00','20181011',2690.00,'MESA',3,'FINALIZADO','BRUNO','',4,'PEGADO DE CANTOS','',0),
 (57,714,'20180912','20180912','60d-00:00:00','20181012',51750.00,'OFICINA',4,'COLOCADO','BRUNO','',10,'TERMINACIONES','',0),
 (58,715,'20180912','20180912','30d-00:00:00','20181012',15100.00,'OFICINA',3,'FINALIZADO','BRUNO','',7,'CARGA / DESCARGA','',0),
 (59,716,'20180914','20180914','60d-00:00:00','20181014',29740.00,'PLACARD',4,'COLOCADO','BRUNO','',6,'EMBALAJE','',0),
 (60,717,'20180914','20180914','60d-00:00:00','20181014',29500.00,'PLACARD',4,'COLOCADO','BRUNO','',6,'EMBALAJE','',0),
 (61,718,'20180914','20180914','60d-00:00:00','20181014',53650.00,'BOX CAJAS',4,'COLOCADO','BRUNO','',7,'CARGA / DESCARGA','',0),
 (62,719,'20180914','20180914','60d-00:00:00','20181014',34150.00,'VANITORY',4,'COLOCADO','BRUNO','',4,'PEGADO DE CANTOS','',0),
 (63,720,'20180917','20180917','60d-00:00:00','20181017',72980.00,'PLACARD',4,'COLOCADO','JUANP','',4,'PEGADO DE CANTOS','',0),
 (64,721,'20180917','20180917','60d-00:00:00','20181017',41890.00,'PLACARD',4,'COLOCADO','JUANP','',5,'ARMADO Y CONTROL DE CALIDAD','',0),
 (64,722,'20180918','20180918','60d-00:00:00','20181018',33220.00,'RESPALDO DE SOMMIER',4,'COLOCADO','JUANP','',4,'PEGADO DE CANTOS','',0),
 (65,723,'20180918','20180918','60d-00:00:00','20181018',74285.00,'AMOB DE COCINA',4,'COLOCADO','JUANP','',12,'TAREAS VARIAS','',0),
 (66,724,'20180919','20180919','07d-00:00:00','20181019',3800.00,'PUERTAS DE VIDRIO',3,'FINALIZADO','JUANP','',2,'PREPARACION DE MATERIALES','',0),
 (67,725,'20180920','20180920','03d-00:00:00','20181020',13550.00,'MADERAS',3,'FINALIZADO','JUANP','',4,'PEGADO DE CANTOS','\r\n',0),
 (68,726,'20180921','20180921','60d-00:00:00','20181021',31620.00,'AMOB DE COCINA',4,'COLOCADO','JUANP','',5,'ARMADO Y CONTROL DE CALIDAD','',0),
 (69,727,'20180921','20180921','60d-00:00:00','20181021',13400.00,'RESPALDO+MDL+MESA',4,'COLOCADO','JUANP','',4,'PEGADO DE CANTOS','',0),
 (70,728,'20180921','20180921','60d-00:00:00','20181021',97770.00,'FICHEROS',4,'COLOCADO','JUANP','',4,'PEGADO DE CANTOS','',0),
 (71,729,'20180924','20180924','60d-00:00:00','20181024',30330.00,'AMOB DE COCINA',4,'COLOCADO','JUANP','',5,'ARMADO Y CONTROL DE CALIDAD','',0),
 (72,730,'20180924','20180924','60d-00:00:00','20181024',24980.00,'DESPENSEROS',4,'COLOCADO','JUANP','',4,'PEGADO DE CANTOS','',0),
 (73,731,'20180925','20180925','60d-00:00:00','20181025',20850.00,'KRUMBEIN VIRGINIA',3,'FINALIZADO','JUANP','',5,'ARMADO Y CONTROL DE CALIDAD','\r\n',0),
 (74,732,'20180926','20180926','60d-00:00:00','20181026',9970.00,'LIVING',3,'FINALIZADO','JUANP','',4,'PEGADO DE CANTOS','',0),
 (75,733,'20180926','20180926','60d-00:00:00','20181026',8390.00,'DORMITORIO',3,'FINALIZADO','JUANP','',4,'PEGADO DE CANTOS','',0),
 (76,734,'20180926','20180926','60d-00:00:00','20181026',5890.00,'ESCRITORIO',2,'EN PRODUCCION','JUANP','',2,'PREPARACION DE MATERIALES','\r\n',0),
 (70,735,'20180926','20180926','60d-00:00:00','20181026',5890.00,'ESCRITORIO',4,'COLOCADO','JUANP','',4,'PEGADO DE CANTOS','',0),
 (70,736,'20180926','20180926','60d-00:00:00','20181026',13860.00,'BIBLIOTECA ALTA',4,'COLOCADO','JUANP','',4,'PEGADO DE CANTOS','',0),
 (77,737,'20180927','20180927','60d-00:00:00','20181027',3000.00,'MESAS DE LUZ',3,'FINALIZADO','JUANP','',4,'PEGADO DE CANTOS','',0),
 (78,738,'20180928','20180928','07d-00:00:00','20181028',10730.00,'PLUS NOGAL HABANO',3,'FINALIZADO','JUANP','',3,'CORTE Y MECANIZADO','',0),
 (76,739,'20180929','20180929','60d-00:00:00','20181029',6400.00,'MESAS DE LUZ',4,'COLOCADO','JUANP','',7,'CARGA / DESCARGA','',0),
 (71,740,'20181001','20181001','07d-00:00:00','20181031',3830.00,'BODEGA',4,'COLOCADO','JUANP','',5,'ARMADO Y CONTROL DE CALIDAD','',0),
 (79,741,'20181001','20181001','60d-00:00:00','20181031',8780.00,'RECIBIDOR',4,'COLOCADO','JUANP','',4,'PEGADO DE CANTOS','',0),
 (79,742,'20181001','20181001','60d-00:00:00','20181031',5290.00,'MESA RATONA',4,'COLOCADO','JUANP','',4,'PEGADO DE CANTOS','',0),
 (79,743,'20181001','20181001','60d-00:00:00','20181031',20920.00,'MUEBLE DE GUARDADO',4,'COLOCADO','JUANP','',10,'TERMINACIONES','',0),
 (79,744,'20181001','20181001','60d-00:00:00','20181031',3390.00,'ESTANTE FLOTANTE',4,'COLOCADO','JUANP','',4,'PEGADO DE CANTOS','',0),
 (79,745,'20181001','20181001','60d-00:00:00','20181031',4390.00,'ESTANTE DOBLE DOS NIVELES',4,'COLOCADO','JUANP','',5,'ARMADO Y CONTROL DE CALIDAD','',0),
 (79,746,'20181002','20181002','60d-00:00:00','20181101',7990.00,'ESQUINERO FLOTANTE',4,'COLOCADO','JUANP','',4,'PEGADO DE CANTOS','',0),
 (80,747,'20181002','20181002','60d-00:00:00','20181101',67380.00,'AMOB DE COCINA',4,'COLOCADO','JUANP','',6,'EMBALAJE','',0),
 (70,748,'20181003','20181003','60d-00:00:00','20181102',100130.00,'ESCRITORIOS - OFICINA',4,'COLOCADO','JUANP','',5,'ARMADO Y CONTROL DE CALIDAD','',0),
 (70,749,'20181003','20181003','60d-00:00:00','20181102',106200.00,'OFICINA - BIBL. BAJAS',3,'FINALIZADO','JUANP','',5,'ARMADO Y CONTROL DE CALIDAD','',0),
 (81,750,'20181005','20181005','10d-00:00:00','20181104',30100.00,'OFICINA',3,'FINALIZADO','JUANP','',5,'ARMADO Y CONTROL DE CALIDAD','',0),
 (82,751,'20181005','20181005','60d-00:00:00','20181104',65943.00,'COCINA',3,'FINALIZADO','JUANP','',7,'CARGA / DESCARGA','',0),
 (83,752,'20181006','20181006','60d-00:00:00','20181105',34340.00,'COCINA',4,'COLOCADO','JUANP','',4,'PEGADO DE CANTOS','',0),
 (84,753,'20181008','20181008','60d-00:00:00','20181107',16530.00,'LIVING',4,'COLOCADO','JUANP','',4,'PEGADO DE CANTOS','',0),
 (85,754,'20181008','20181008','07d-00:00:00','20181107',1835.00,'COCINA',3,'FINALIZADO','JUANP','',4,'PEGADO DE CANTOS','',0),
 (86,755,'20181009','20181009','30d-00:00:00','20181108',22840.00,'COCINA',4,'COLOCADO','JUANP','',4,'PEGADO DE CANTOS','',0),
 (87,756,'20181010','20181010','00d-00:00:00','20181109',224240.00,'COCINA',4,'COLOCADO','JUANP','',5,'ARMADO Y CONTROL DE CALIDAD','',0),
 (61,757,'20181010','20181010','07d-00:00:00','20181109',17270.00,'OFICINA',4,'COLOCADO','JUANP','',4,'PEGADO DE CANTOS','\r\n',0),
 (88,758,'20181012','20181012','60d-00:00:00','20181111',65840.00,'COCINA',4,'COLOCADO','JUANP','',6,'EMBALAJE','',0),
 (89,759,'20181013','20181013','60d-00:00:00','20181112',58350.00,'COCINA',4,'COLOCADO','JUANP','',7,'CARGA / DESCARGA','',0),
 (87,760,'20181016','20181016','60d-00:00:00','20181115',41480.00,'PLACARD OESTE',4,'COLOCADO','JUANP','',4,'PEGADO DE CANTOS','',0),
 (87,761,'20181016','20181016','60d-00:00:00','20181115',46490.00,'PLACARD ESTE',4,'COLOCADO','JUANP','',6,'EMBALAJE','',0),
 (87,762,'20181017','20181017','60d-00:00:00','20181116',34450.00,'OFICINA',4,'COLOCADO','JUANP','',9,'RECEPCION Y CONTROL DE MERCADERIA','',0),
 (90,763,'20181017','20181017','','20181116',0.00,'SERVICIO CAMBIO DE DOMICILIO AMOBLAMIENTOS',4,'COLOCADO','ALE','',1,'PREPARACION DE MATERIALES','',0),
 (91,764,'20181017','20181017','60d-00:00:00','20181116',13140.00,'RACK TV',4,'COLOCADO','JUANP','',5,'ARMADO Y CONTROL DE CALIDAD','',0),
 (91,765,'20181017','20181017','60d-00:00:00','20181116',7200.00,'LIVING - MESA RATONA',4,'COLOCADO','JUANP','',4,'PEGADO DE CANTOS','\r\n',0),
 (92,766,'20181017','20181017','60d-00:00:00','20181116',11950.00,'CEMERCIAL - EXHIBIDOR',3,'FINALIZADO','JUANP','',4,'PEGADO DE CANTOS','',0),
 (70,767,'20181019','20181019','60d-00:00:00','20181118',27390.00,'DIVISORES',3,'FINALIZADO','JUANP','',4,'PEGADO DE CANTOS','',0),
 (93,768,'20181019','20181019','60d-00:00:00','20181118',22340.00,'VANITORY',4,'COLOCADO','JUANP','',4,'PEGADO DE CANTOS','',0),
 (93,769,'20181019','20181019','30d-00:00:00','20181118',8950.00,'DESPENSERO',4,'COLOCADO','JUANP','',7,'CARGA / DESCARGA','',0),
 (70,770,'20181022','20181022','60d-00:00:00','20181121',19890.00,'BOX DE COBRANZA',4,'COLOCADO','JUANP','',4,'PEGADO DE CANTOS','',0),
 (70,771,'20181022','20181022','60d-00:00:00','20181121',48390.00,'MESAS AUX',4,'COLOCADO','JUANP','',5,'ARMADO Y CONTROL DE CALIDAD','',0),
 (94,772,'20181023','20181023','30d-00:00:00','20181122',7280.00,'BARRA',3,'FINALIZADO','JUANP','',4,'PEGADO DE CANTOS','',0),
 (95,773,'20181023','20181023','60d-00:00:00','20181122',87140.00,'COCINA',4,'COLOCADO','JUANP','',5,'ARMADO Y CONTROL DE CALIDAD','\r\n',0),
 (96,774,'20181024','20181024','30d-00:00:00','20181123',13820.00,'DESPENSERO',4,'COLOCADO','JUANP','',4,'PEGADO DE CANTOS','',0),
 (97,775,'20181024','20181024','60d-00:00:00','20181123',57180.00,'COCINA',4,'COLOCADO','JUANP','',4,'PEGADO DE CANTOS','',0),
 (98,776,'20181025','20181025','60d-00:00:00','20181124',10350.00,'MESAS DE LUZ',3,'FINALIZADO','JUANP','',4,'PEGADO DE CANTOS','',0),
 (85,777,'20181026','20181026','07d-00:00:00','20181125',950.00,'OFICINA',3,'FINALIZADO','JUANP','',2,'PREPARACION DE MATERIALES','\r\n',0),
 (99,778,'20181026','20181026','30d-00:00:00','20181125',4420.00,'RACK TV',3,'FINALIZADO','JUANP','',4,'PEGADO DE CANTOS','',0),
 (100,779,'20181027','20181027','60d-00:00:00','20181126',74623.00,'COCINA',4,'COLOCADO','JUANP','',6,'EMBALAJE','',0),
 (101,780,'20181029','20181029','60d-00:00:00','20181128',15980.00,'ROPERO',4,'COLOCADO','JUANP','',4,'PEGADO DE CANTOS','',0),
 (102,781,'20181030','20181030','60d-00:00:00','20181129',129920.00,'EXHIBIDORES',3,'FINALIZADO','JUANP','',7,'CARGA / DESCARGA','',0),
 (102,782,'20181031','20181031','60d-00:00:00','20181130',62790.00,'ESCRITORIOS Y CAJAS',3,'FINALIZADO','JUANP','',6,'EMBALAJE','',0),
 (103,783,'20181031','20181031','00d-00:00:00','20181130',7090.00,'COMODA',3,'FINALIZADO','JUANP','',6,'EMBALAJE','',0),
 (104,784,'20181031','20181031','60d-00:00:00','20181130',72530.00,'DORMITORIO',4,'COLOCADO','JUANP','',11,'TRABAJOS EN CORIAN','',0),
 (105,785,'20181102','20181102','30d-00:00:00','20181202',4700.00,'COCINA',3,'FINALIZADO','JUANP','',4,'PEGADO DE CANTOS','',0),
 (106,786,'20181103','20181103','10d-00:00:00','20181203',500.00,'ARREGLO COMODA',3,'FINALIZADO','JUANP','',3,'CORTE Y MECANIZADO','',0),
 (102,787,'20181105','20181105','30d-00:00:00','20181205',90285.00,'COMERCIAL',3,'FINALIZADO','JUANP','',7,'CARGA / DESCARGA','',0),
 (102,788,'20181105','20181105','60d-00:00:00','20181205',90285.00,'MOSTRADOR',1,'INICIADO','JUANP','',1,'PREPARACION DE MATERIALES','',0),
 (107,789,'20181105','20181105','15d-00:00:00','20181205',27150.00,'DORMITORIO',4,'COLOCADO','JUANP','',5,'ARMADO Y CONTROL DE CALIDAD','',0),
 (108,790,'20181105','20181105','30d-00:00:00','20181205',1500.00,'BASE PARA ANAFE',4,'COLOCADO','JUANP','',6,'EMBALAJE','',0),
 (79,791,'20181106','20181106','30d-00:00:00','20181206',7690.00,'ESTANTES FLOTANTES',4,'COLOCADO','JUANP','',4,'PEGADO DE CANTOS','',0),
 (110,792,'20181108','20181108','07d-00:00:00','20181208',0.00,'ESCRITORIOS Y DIVISORES',4,'COLOCADO','JUANP','',6,'EMBALAJE','',0),
 (114,793,'20181109','20181109','60d-00:00:00','20181209',34320.00,'DORMITORIO',4,'COLOCADO','JUANP','',7,'CARGA / DESCARGA','',0),
 (115,794,'20181110','20181110','60d-00:00:00','20181210',25970.00,'RACK',4,'COLOCADO','JUANP','',4,'PEGADO DE CANTOS','',0),
 (116,795,'20181112','20181112','00d-00:00:00','20181212',0.00,'PLACARD',3,'FINALIZADO','JUANP','',4,'PEGADO DE CANTOS','',0),
 (116,796,'20181112','20181112','00d-00:00:00','20181212',0.00,'COMODA',3,'FINALIZADO','JUANP','',5,'ARMADO Y CONTROL DE CALIDAD','\r\n\r\n\r\n\r\n',0),
 (33,797,'20181112','20181112','30d-00:00:00','20181212',4370.00,'DORMITORIO',3,'FINALIZADO','JUANP','',4,'PEGADO DE CANTOS','',0),
 (73,798,'20181113','20181113','30d-00:00:00','20181213',0.00,'VESTIDOR',4,'COLOCADO','JUANP','',6,'EMBALAJE','',0),
 (117,799,'20181113','20181113','30d-00:00:00','20181213',3350.00,'ZAPATERO',3,'FINALIZADO','JUANP','',4,'PEGADO DE CANTOS','',0),
 (118,800,'20181114','20181114','07d-00:00:00','20181214',1170.00,'PORTACUBIERTOS',3,'FINALIZADO','JUANP','',5,'ARMADO Y CONTROL DE CALIDAD','',0),
 (119,801,'20181114','20181114','01d-00:00:00','20181214',0.00,'CORTE DE MADERA',3,'FINALIZADO','JUANP','',4,'PEGADO DE CANTOS','',0),
 (120,802,'20181114','20181114','12d-00:00:00','20181214',0.00,'ESCRITORIO Y FONDO',3,'FINALIZADO','JUANP','',5,'ARMADO Y CONTROL DE CALIDAD','',0),
 (19,803,'20181115','20181115','60d-00:00:00','20181215',31490.00,'PIEZA JUVENIL NENE',4,'COLOCADO','JUANP','',4,'PEGADO DE CANTOS','',0),
 (121,804,'20181120','20181120','60d-00:00:00','20181220',38457.00,'COCINA',4,'COLOCADO','JUANP','',5,'ARMADO Y CONTROL DE CALIDAD','',0),
 (122,805,'20181120','20181120','30d-00:00:00','20181220',6605.00,'DIVISORIOS',4,'COLOCADO','JUANP','',4,'PEGADO DE CANTOS','',0),
 (123,806,'20181121','20181121','30d-00:00:00','20181221',7840.00,'PUERTA CORREDIZA',4,'COLOCADO','JUANP','',4,'PEGADO DE CANTOS','',0),
 (124,807,'20181121','20181121','60d-00:00:00','20181221',13140.00,'RESPALDO + M. DE LUZ',4,'COLOCADO','JUANP','',4,'PEGADO DE CANTOS','',0),
 (70,808,'20181121','20181121','30d-00:00:00','20181221',15680.00,'ESCOBEROS',4,'COLOCADO','JUANP','',5,'ARMADO Y CONTROL DE CALIDAD','',0),
 (70,809,'20181122','20181122','30d-00:00:00','20181222',22390.00,'COCINA 1.46',4,'COLOCADO','JUANP','',4,'PEGADO DE CANTOS','',0),
 (70,810,'20181123','20181123','30d-00:00:00','20181223',24180.00,'COCINA 1.60',4,'COLOCADO','JUANP','',5,'ARMADO Y CONTROL DE CALIDAD','',0),
 (125,811,'20181123','20181123','30d-00:00:00','20181223',8500.00,'EXHIBIDOR',4,'COLOCADO','JUANP','',4,'PEGADO DE CANTOS','\r\n',0),
 (126,812,'20181123','20181123','60d-00:00:00','20181223',13590.00,'VANITORY',4,'COLOCADO','JUANP','',4,'PEGADO DE CANTOS','',0),
 (127,813,'20181126','20181126','60d-00:00:00','20181226',16600.00,'VANITORY',4,'COLOCADO','JUANP','',3,'CORTE Y MECANIZADO','',0),
 (128,814,'20181126','20181126','60d-00:00:00','20181226',41860.00,'DORMITORIO',4,'COLOCADO','JUANP','',4,'PEGADO DE CANTOS','',0),
 (129,815,'20181126','20181126','30d-00:00:00','20181226',10000.00,'BIBLIOTECA',3,'FINALIZADO','JUANP','',4,'PEGADO DE CANTOS','',0),
 (130,816,'20181127','20181127','60d-00:00:00','20181227',86480.00,'COCINA',4,'COLOCADO','JUANP','',7,'CARGA / DESCARGA','',0),
 (131,817,'20181127','20181127','20d-00:00:00','20181227',9980.00,'CAJONERA',4,'COLOCADO','JUANP','',5,'ARMADO Y CONTROL DE CALIDAD','',0),
 (132,818,'20181127','20181127','30d-00:00:00','20181227',4500.00,'CAJONERA RODANTE',3,'FINALIZADO','JUANP','',6,'EMBALAJE','',0),
 (133,819,'20181128','20181128','60d-00:00:00','20181228',18100.00,'ARMARIO',4,'COLOCADO','JUANP','',5,'ARMADO Y CONTROL DE CALIDAD','',0),
 (133,820,'20181128','20181128','30d-00:00:00','',22110.00,'LAVADERO',4,'COLOCADO','JUANP','',4,'PEGADO DE CANTOS','',0),
 (122,821,'20181128','20181128','10d-00:00:00','20181228',2440.00,'CAJA',2,'EN PRODUCCION','JUANP','',4,'PEGADO DE CANTOS','',0),
 (134,822,'20181130','20181130','30d-00:00:00','20181230',34894.00,'PLACARD',3,'FINALIZADO','JUANP','',4,'PEGADO DE CANTOS','',0),
 (134,823,'20181130','20181130','60d-00:00:00','20181230',36871.00,'COCINA',4,'COLOCADO','JUANP','',5,'ARMADO Y CONTROL DE CALIDAD','',0),
 (135,824,'20181130','20181130','01d-00:00:00','20181230',1400.00,'MESA',3,'FINALIZADO','JUANP','',4,'PEGADO DE CANTOS','',0),
 (136,825,'20181130','20181130','60d-00:00:00','20181230',90640.00,'COCINA',4,'COLOCADO','JUANP','',6,'EMBALAJE','',0),
 (48,826,'20181203','20181203','60d-00:00:00','20190102',7660.00,'LIVING',4,'COLOCADO','JUANP','',7,'CARGA / DESCARGA','',0),
 (48,827,'20181203','20181203','60d-00:00:00','20190102',44910.00,'RACK PARA TV',4,'COLOCADO','JUANP','',5,'ARMADO Y CONTROL DE CALIDAD','',0),
 (137,828,'20181203','20181203','60d-00:00:00','20190102',51800.00,'COCINA',4,'COLOCADO','JUANP','',4,'PEGADO DE CANTOS','',0),
 (138,829,'20181204','20181204','60d-00:00:00','20190103',128990.00,'COCINA',4,'COLOCADO','JUANP','',5,'ARMADO Y CONTROL DE CALIDAD','',0),
 (139,830,'20181204','20181204','07d-00:00:00','20190103',20990.00,'ESCRITORIO Y CAJONERA',4,'COLOCADO','JUANP','',4,'PEGADO DE CANTOS','',0),
 (140,831,'20181205','20181205','07d-00:00:00','20190104',51000.00,'PLACARD EXPRESS',3,'FINALIZADO','JUANP','',5,'ARMADO Y CONTROL DE CALIDAD','',0),
 (141,832,'20181205','20181205','01d-00:00:00','20190104',0.00,'4 ESTANTES 2.83 X 0.40',4,'COLOCADO','BRUNO','',4,'PEGADO DE CANTOS','SOBRE MENSULAS YA ESTAN COLOCADAS EN LOCAL DE VERA\r\nENCHAPADO COMPLETO  ',0),
 (140,833,'20181206','20181206','01d-00:00:00','20190105',5990.00,'RACK TV',3,'FINALIZADO','JUANP','',4,'PEGADO DE CANTOS','',0),
 (142,834,'20181207','20181207','60d-00:00:00','20190106',59346.00,'COCINA',4,'COLOCADO','JUANP','',4,'PEGADO DE CANTOS','',0),
 (142,835,'20181210','20181210','60d-00:00:00','20190109',7983.00,'BAÑO',4,'COLOCADO','JUANP','',4,'PEGADO DE CANTOS','',0),
 (142,836,'20181210','20181210','60d-00:00:00','20190109',81671.00,'VESTIDOR',4,'COLOCADO','JUANP','',4,'PEGADO DE CANTOS','',0),
 (124,837,'20181211','20181211','60d-00:00:00','20190110',41406.00,'COCINA',4,'COLOCADO','JUANP','',5,'ARMADO Y CONTROL DE CALIDAD','',0),
 (114,838,'20181212','20181212','60d-00:00:00','20190111',21240.00,'COMODA',4,'COLOCADO','JUANP','',5,'ARMADO Y CONTROL DE CALIDAD','',0),
 (114,839,'20181212','20181212','60d-00:00:00','20190111',23460.00,'CAMA',4,'COLOCADO','JUANP','',4,'PEGADO DE CANTOS','',0),
 (143,840,'20181213','20181213','30d-00:00:00','20190112',17730.00,'VANITORY',4,'COLOCADO','JUANP','',4,'PEGADO DE CANTOS','',0),
 (144,841,'20181214','20181214','30d-00:00:00','20190113',14200.00,'COCINA',3,'FINALIZADO','JUANP','',4,'PEGADO DE CANTOS','',0),
 (145,842,'20181214','20181214','30d-00:00:00','20190113',14900.00,'BAÑO',3,'FINALIZADO','JUANP','',4,'PEGADO DE CANTOS','',0),
 (140,843,'20181214','20181214','01d-00:00:00','20190113',0.00,'LIVING',3,'FINALIZADO','JUANP','',4,'PEGADO DE CANTOS','',0),
 (146,844,'20181215','20181215','30d-00:00:00','20190114',4640.00,'COCINA',4,'COLOCADO','JUANP','',4,'PEGADO DE CANTOS','',0),
 (146,845,'20181215','20181215','07d-00:00:00','20190114',14450.00,'DESPENSERO',4,'COLOCADO','JUANP','',4,'PEGADO DE CANTOS','',0),
 (147,846,'20181217','20181217','60d-00:00:00','20190116',13620.00,'VANITORY',4,'COLOCADO','JUANP','',4,'PEGADO DE CANTOS','',0),
 (148,847,'20181217','20181217','60d-00:00:00','20190116',3740.00,'MESA AUX',3,'FINALIZADO','JUANP','',4,'PEGADO DE CANTOS','',0),
 (149,848,'20181217','20181217','60d-00:00:00','20190116',38450.00,'PLACARD',4,'COLOCADO','JUANP','',4,'PEGADO DE CANTOS','',0),
 (150,849,'20181218','20181218','60d-00:00:00','20190117',23170.00,'COCINA',3,'FINALIZADO','JUANP','',4,'PEGADO DE CANTOS','',0),
 (47,850,'20181219','20181219','30d-00:00:00','20190118',6490.00,'BIBLIOTECA',3,'FINALIZADO','JUANP','',4,'PEGADO DE CANTOS','',0),
 (151,851,'20181220','20181220','07d-00:00:00','20190119',20830.00,'LIVING',3,'FINALIZADO','JUANP','',4,'PEGADO DE CANTOS','',0),
 (152,852,'20181221','20181221','30d-00:00:00','20190120',31580.00,'PLACARD',4,'COLOCADO','JUANP','',4,'PEGADO DE CANTOS','',0),
 (152,853,'20181221','20181221','60d-00:00:00','20190120',57050.00,'COCINA',4,'COLOCADO','JUANP','',4,'PEGADO DE CANTOS','',0),
 (154,854,'20181221','20181221','60d-00:00:00','20190120',17950.00,'MESADA',4,'COLOCADO','JUANP','',2,'PREPARACION DE MATERIALES','',0),
 (155,855,'20181222','20181222','60d-00:00:00','20190121',107658.00,'COCINA',4,'COLOCADO','JUANP','',4,'PEGADO DE CANTOS','',0),
 (156,856,'20181224','20181224','01d-00:00:00','20190123',3500.00,'MESA DE TV',3,'FINALIZADO','JUANP','',4,'PEGADO DE CANTOS','',0),
 (92,857,'20181226','20181226','60d-00:00:00','20190125',4290.00,'PERCHERO',3,'FINALIZADO','JUANP','',4,'PEGADO DE CANTOS','',0),
 (157,858,'20181226','20181226','30d-00:00:00','20190125',10900.00,'TAPA MESA',3,'FINALIZADO','JUANP','',4,'PEGADO DE CANTOS','',0),
 (158,859,'20181227','20181227','30d-00:00:00','20190126',3000.00,'BOTIQUIN',3,'FINALIZADO','JUANP','',4,'PEGADO DE CANTOS','',0),
 (159,860,'20181228','20181228','60d-00:00:00','20190127',61590.00,'PLACARD',4,'COLOCADO','JUANP','',4,'PEGADO DE CANTOS','',0),
 (160,861,'20181229','20181229','07d-00:00:00','20190128',10900.00,'MESA',3,'FINALIZADO','JUANP','',3,'CORTE Y MECANIZADO','',0),
 (161,862,'20190102','20190102','30d-00:00:00','20190201',96480.00,'COCINA',3,'FINALIZADO','JUANP','',4,'PEGADO DE CANTOS','',0),
 (160,863,'20190103','20190103','30d-00:00:00','20190202',57670.00,'PLACARD + RESP. Y M DE L',3,'FINALIZADO','JUANP','',4,'PEGADO DE CANTOS','',0),
 (49,864,'20190104','20190104','07d-00:00:00','20190203',2650.00,'DORMITORIO',2,'EN PRODUCCION','JUANP','',3,'PEGADO DE CANTOS','',0),
 (162,865,'20190104','20190104','15d-00:00:00','20190203',18040.00,'VANITORY',4,'COLOCADO','JUANP','',4,'PEGADO DE CANTOS','',0),
 (140,866,'20190104','20190104','07d-00:00:00','20190203',0.00,'PLACARD EXPRESS',4,'COLOCADO','JUANP','',3,'PEGADO DE CANTOS','BLANCO',0),
 (162,867,'20190105','20190105','30d-00:00:00','20190204',84120.00,'COCINA',4,'COLOCADO','TULIO','',3,'PEGADO DE CANTOS','',1),
 (140,868,'20190107','20190107','07d-00:00:00','20190206',17000.00,'1 PLACARES EXPRESS',4,'COLOCADO','JUANP','',4,'PEGADO DE CANTOS','CEDRO NATURE',0),
 (140,869,'20190107','20190107','10d-00:00:00','20190206',30998.00,'PLACARD EXPRESS',4,'COLOCADO','JUANP','',7,'CARGA / DESCARGA','BLANCO 1, ROBLE AMERICANO 1',0),
 (14,870,'20190108','20190108','00d-00:00:00','20190207',6000.00,'ALACENA',3,'FINALIZADO','ALE','',4,'PEGADO DE CANTOS','\r\n\r\n\r\n\r\n\r\n\r\n',0),
 (14,871,'20190108','20190108','00d-00:00:00','20190207',21000.00,'MESA',3,'FINALIZADO','ALE','',4,'PEGADO DE CANTOS','\r\n\r\n\r\n\r\n\r\n',0),
 (163,872,'20190110','20190110','60d-00:00:00','20190209',75420.00,'COCINA',2,'EN PRODUCCION','JUANP','',3,'CORTE Y MECANIZADO','',0),
 (94,873,'20190111','20190111','07d-00:00:00','20190210',7230.00,'PARTE SUPERIOR',2,'EN PRODUCCION','JUANP','',3,'CORTE Y MECANIZADO','',0),
 (164,874,'20190112','20190112','30d-00:00:00','20190211',73825.00,'COCINA',1,'INICIADO','TULIO','',1,'PREPARACION DE MATERIALES','',1),
 (164,875,'20190301','20190301','00d-00:00:00','20190331',1000.00,'ULTIMA OT',2,'EN PRODUCCION','TULIO','',4,'PEGADO DE CANTOS','',0);
/*!40000 ALTER TABLE `otordentra` ENABLE KEYS */;


--
-- Definition of table `ototetapas`
--

DROP TABLE IF EXISTS `ototetapas`;
CREATE TABLE `ototetapas` (
  `idpedido` int(10) unsigned NOT NULL,
  `idot` int(10) unsigned NOT NULL,
  `idotetapa` int(10) unsigned NOT NULL,
  `idetapa` int(10) unsigned NOT NULL,
  `fecha` char(8) NOT NULL,
  PRIMARY KEY (`idotetapa`) USING BTREE
) ENGINE=InnoDB DEFAULT CHARSET=latin1;

--
-- Dumping data for table `ototetapas`
--

/*!40000 ALTER TABLE `ototetapas` DISABLE KEYS */;
INSERT INTO `ototetapas` (`idpedido`,`idot`,`idotetapa`,`idetapa`,`fecha`) VALUES 
 (1,1,1,1,'20180309'),
 (3,4,2,1,'20180313'),
 (3,4,3,2,'20180313'),
 (3,4,4,3,'20180313'),
 (4,6,5,1,'20180409'),
 (5,7,6,1,'20180409'),
 (5,7,7,1,'20180409'),
 (5,7,8,1,'20180409'),
 (5,7,9,1,'20180409'),
 (5,7,10,1,'20180409'),
 (6,8,11,1,'20180409'),
 (6,8,12,2,'20180409'),
 (6,8,13,2,'20180409'),
 (6,8,14,2,'20180409'),
 (6,8,15,2,'20180409'),
 (6,8,16,3,'20180409'),
 (6,8,17,4,'20180409'),
 (6,9,18,1,'20180409'),
 (6,9,19,1,'20180409'),
 (6,9,20,1,'20180409'),
 (6,9,21,1,'20180409'),
 (6,9,22,1,'20180409'),
 (6,9,23,1,'20180409'),
 (6,9,24,2,'20180409'),
 (6,9,25,3,'20180409'),
 (1,1,26,4,'20180408'),
 (1,1,27,5,'20180408'),
 (2,2,28,4,'20180310'),
 (2,2,29,4,'20180310'),
 (2,2,30,4,'20180310'),
 (2,2,31,4,'20180310'),
 (2,2,32,4,'20180310'),
 (2,2,33,4,'20180310'),
 (6,8,34,5,'20180409'),
 (1,1,35,6,'20180408'),
 (0,1,36,6,'20180408'),
 (0,1,37,6,'20180408'),
 (0,1,38,6,'20180408'),
 (0,1,39,6,'20180408'),
 (0,1,40,6,'20180408'),
 (0,1,41,6,'20180408'),
 (0,1,42,7,'20180408'),
 (0,2,43,4,'20180310'),
 (0,2,44,5,'20180310'),
 (0,3,45,4,'20180409'),
 (0,3,46,5,'20180409'),
 (0,3,47,6,'20180409'),
 (0,3,48,7,'20180409'),
 (0,8,49,5,'20180409'),
 (0,8,50,6,'20180409'),
 (0,8,51,7,'20180409'),
 (0,9,52,4,'20180409'),
 (0,12,53,1,'20180521'),
 (0,12,54,1,'20180521'),
 (0,12,55,1,'20180521'),
 (0,12,56,1,'20180521'),
 (0,12,57,1,'20180521'),
 (0,12,58,2,'20180521'),
 (0,13,59,1,'20180606'),
 (0,13,60,2,'20180606'),
 (0,14,61,1,'20180606'),
 (0,2,62,1,'20180613'),
 (0,2,63,2,'20180613'),
 (0,2,64,3,'20180613'),
 (0,2,65,8,'20180613'),
 (0,1,66,1,'20180618'),
 (0,1,67,2,'20180618'),
 (0,2,68,8,'20180613'),
 (0,2,69,8,'20180613'),
 (0,10,70,1,'20180619'),
 (0,10,71,2,'20180619'),
 (0,10,72,3,'20180619'),
 (0,10,73,4,'20180619'),
 (0,10,74,5,'20180619'),
 (0,10,75,6,'20180619'),
 (0,10,76,7,'20180619'),
 (0,10,77,8,'20180619'),
 (0,10,78,8,'20180619'),
 (0,10,79,8,'20180619'),
 (0,10,80,8,'20180619'),
 (0,10,81,8,'20180619'),
 (0,0,82,0,''),
 (0,10,83,8,'20180619'),
 (0,10,84,8,'20180619'),
 (0,10,85,8,'20180619'),
 (0,10,86,8,'20180625'),
 (0,10,87,8,'20180625'),
 (0,10,88,8,'20180625'),
 (0,10,89,8,'20180625'),
 (0,10,90,8,'20180625'),
 (0,10,91,8,'20180625'),
 (0,10,92,8,'20180625'),
 (0,10,93,8,'20180625'),
 (0,10,94,8,'20180625'),
 (0,10,95,8,'20180625'),
 (0,10,96,8,'20180625'),
 (0,10,97,8,'20180625'),
 (0,10,98,8,'20180625'),
 (0,10,99,8,'20180625'),
 (0,10,100,8,'20180625'),
 (0,10,101,8,'20180625'),
 (0,10,102,8,'20180625'),
 (0,10,103,8,'20180625'),
 (0,10,104,8,'20180625'),
 (0,10,105,5,'20180625'),
 (0,10,106,7,'20180625'),
 (0,10,107,6,'20180625'),
 (0,10,108,5,'20180625'),
 (0,10,109,6,'20180625'),
 (0,10,110,4,'20180625'),
 (0,10,111,6,'20180625'),
 (0,10,112,4,'20180625'),
 (0,10,113,7,'20180625'),
 (0,10,114,5,'20180625'),
 (0,10,115,7,'20180625'),
 (0,10,116,8,'20180625'),
 (0,10,117,8,'20180625'),
 (0,10,118,8,'20180619'),
 (0,3,119,1,'20180703'),
 (0,4,120,1,'20180703'),
 (0,5,121,1,'20180703'),
 (0,7,122,1,'20180703');
/*!40000 ALTER TABLE `ototetapas` ENABLE KEYS */;


--
-- Definition of table `otparametros`
--

DROP TABLE IF EXISTS `otparametros`;
CREATE TABLE `otparametros` (
  `idmate` int(10) unsigned NOT NULL,
  `idmovip` int(10) unsigned NOT NULL,
  `idmovih` int(10) unsigned NOT NULL,
  `idpedido` int(10) unsigned NOT NULL,
  `idot` int(10) unsigned NOT NULL,
  `idotdet` int(10) unsigned NOT NULL,
  `idoteje` int(10) unsigned NOT NULL,
  `iddocu` int(10) unsigned NOT NULL,
  `idotetapa` int(10) unsigned NOT NULL
) ENGINE=InnoDB DEFAULT CHARSET=latin1;

--
-- Dumping data for table `otparametros`
--

/*!40000 ALTER TABLE `otparametros` DISABLE KEYS */;
INSERT INTO `otparametros` (`idmate`,`idmovip`,`idmovih`,`idpedido`,`idot`,`idotdet`,`idoteje`,`iddocu`,`idotetapa`) VALUES 
 (731,0,0,5,9,17,3,2,13);
/*!40000 ALTER TABLE `otparametros` ENABLE KEYS */;


--
-- Definition of table `otpedido`
--

DROP TABLE IF EXISTS `otpedido`;
CREATE TABLE `otpedido` (
  `idpedido` int(10) unsigned NOT NULL,
  `fecha` char(8) NOT NULL,
  `responsa` char(50) NOT NULL DEFAULT '',
  `fechacarga` char(8) NOT NULL,
  `entidad` int(10) unsigned NOT NULL DEFAULT '0',
  `nombre` char(200) NOT NULL,
  `direccion` char(200) NOT NULL,
  `telefono` char(50) NOT NULL,
  `email` char(200) NOT NULL,
  `proyecto` char(200) NOT NULL,
  `observa` char(200) NOT NULL,
  `idestado` int(10) unsigned NOT NULL,
  `detaestado` char(50) NOT NULL,
  `describir` longtext NOT NULL,
  PRIMARY KEY (`idpedido`)
) ENGINE=InnoDB DEFAULT CHARSET=latin1;

--
-- Dumping data for table `otpedido`
--

/*!40000 ALTER TABLE `otpedido` DISABLE KEYS */;
INSERT INTO `otpedido` (`idpedido`,`fecha`,`responsa`,`fechacarga`,`entidad`,`nombre`,`direccion`,`telefono`,`email`,`proyecto`,`observa`,`idestado`,`detaestado`,`describir`) VALUES 
 (1,'20180613','TULIO','20180613',1,'ROSSI TULIO','Avellaneda 6737','4693586','trossi@cosemar.com.ar','PROYECTO 1','',1,'INICIADO',''),
 (2,'20180613','TULIO','20180613',1,'ROSSI TULIO','Avellaneda 6737','4693586','trossi@cosemar.com.ar','PROYECTO 2','',1,'INICIADO',''),
 (3,'20180616','TULIO','20180616',1,'ROSSI TULIO','Avellaneda 6737','4693586','trossi@cosemar.com.ar','PROY 3','',1,'INICIADO',''),
 (4,'20180616','TULIO','20180616',1,'ROSSI TULIO','Avellaneda 6737','4693586','trossi@cosemar.com.ar','PROY 4','',1,'INICIADO',''),
 (5,'20180616','TULIO','20180616',1,'ROSSI TULIO','Avellaneda 6737','4693586','trossi@cosemar.com.ar','PROY 5','',1,'INICIADO',''),
 (6,'20180616','TULIO','20180616',1,'ROSSI TULIO','Avellaneda 6737','4693586','trossi@cosemar.com.ar','PROY 6','',1,'INICIADO',''),
 (7,'20180616','TULIO','20180616',1,'ROSSI TULIO','Avellaneda 6737','4693586','trossi@cosemar.com.ar','PROYECTO 7','',1,'INICIADO',''),
 (8,'20180616','TULIO','20180616',1,'ROSSI TULIO','Avellaneda 6737','4693586','trossi@cosemar.com.ar','PRO 8','',1,'INICIADO',''),
 (9,'20180616','TULIO','20180616',1,'ROSSI TULIO','Avellaneda 6737','4693586','trossi@cosemar.com.ar','PRO 9','',1,'INICIADO','');
/*!40000 ALTER TABLE `otpedido` ENABLE KEYS */;


--
-- Definition of table `otpedidoanul`
--

DROP TABLE IF EXISTS `otpedidoanul`;
CREATE TABLE `otpedidoanul` (
  `idotpedido` int(10) unsigned NOT NULL,
  `fecha` char(8) NOT NULL,
  PRIMARY KEY (`idotpedido`)
) ENGINE=InnoDB DEFAULT CHARSET=latin1;

--
-- Dumping data for table `otpedidoanul`
--

/*!40000 ALTER TABLE `otpedidoanul` DISABLE KEYS */;
INSERT INTO `otpedidoanul` (`idotpedido`,`fecha`) VALUES 
 (2,'20181220'),
 (4,'20181220'),
 (6,'20181220'),
 (9,'20181220');
/*!40000 ALTER TABLE `otpedidoanul` ENABLE KEYS */;


--
-- Definition of table `otperfiles`
--

DROP TABLE IF EXISTS `otperfiles`;
CREATE TABLE `otperfiles` (
  `idper` int(10) unsigned NOT NULL AUTO_INCREMENT,
  `detalle` char(50) NOT NULL,
  `habilita` char(1) NOT NULL,
  PRIMARY KEY (`idper`)
) ENGINE=InnoDB DEFAULT CHARSET=latin1;

--
-- Dumping data for table `otperfiles`
--

/*!40000 ALTER TABLE `otperfiles` DISABLE KEYS */;
/*!40000 ALTER TABLE `otperfiles` ENABLE KEYS */;


--
-- Definition of table `otperfusu`
--

DROP TABLE IF EXISTS `otperfusu`;
CREATE TABLE `otperfusu` (
  `usuario` char(20) NOT NULL,
  `idper` int(10) unsigned NOT NULL,
  PRIMARY KEY (`idper`)
) ENGINE=InnoDB DEFAULT CHARSET=latin1;

--
-- Dumping data for table `otperfusu`
--

/*!40000 ALTER TABLE `otperfusu` DISABLE KEYS */;
/*!40000 ALTER TABLE `otperfusu` ENABLE KEYS */;


--
-- Definition of table `otpreselmate`
--

DROP TABLE IF EXISTS `otpreselmate`;
CREATE TABLE `otpreselmate` (
  `idotpreselm` int(10) unsigned NOT NULL,
  `idmate` int(10) unsigned NOT NULL,
  `usuario` char(15) NOT NULL,
  `valord` float(13,2) NOT NULL,
  `valorh` float(13,2) NOT NULL,
  `idgrupo` int(10) unsigned NOT NULL DEFAULT '0',
  `orden` char(15) NOT NULL,
  `cantidad` int(10) unsigned NOT NULL,
  `yor` int(10) unsigned NOT NULL DEFAULT '0',
  `acumula` int(10) unsigned NOT NULL DEFAULT '0',
  `idotpresel` int(10) unsigned NOT NULL DEFAULT '0',
  PRIMARY KEY (`idotpreselm`)
) ENGINE=InnoDB DEFAULT CHARSET=latin1;

--
-- Dumping data for table `otpreselmate`
--

/*!40000 ALTER TABLE `otpreselmate` DISABLE KEYS */;
INSERT INTO `otpreselmate` (`idotpreselm`,`idmate`,`usuario`,`valord`,`valorh`,`idgrupo`,`orden`,`cantidad`,`yor`,`acumula`,`idotpresel`) VALUES 
 (132,872,'TULIO',0.00,100.00,0,'1',10,1,0,5),
 (133,0,'TULIO',1.00,100.00,1,'1',10,1,1,5),
 (134,641,'TULIO',1.00,10.00,0,'1',10,1,0,6),
 (135,0,'TULIO',0.00,0.00,2,'1',10,1,0,6),
 (136,0,'TULIO',0.00,0.00,3,'1',10,1,0,6);
/*!40000 ALTER TABLE `otpreselmate` ENABLE KEYS */;


--
-- Definition of table `otpreselp`
--

DROP TABLE IF EXISTS `otpreselp`;
CREATE TABLE `otpreselp` (
  `idotpresel` int(10) unsigned NOT NULL DEFAULT '0',
  `usuario` char(15) NOT NULL DEFAULT '',
  `detalle` char(200) NOT NULL DEFAULT '',
  PRIMARY KEY (`idotpresel`) USING BTREE
) ENGINE=InnoDB DEFAULT CHARSET=latin1;

--
-- Dumping data for table `otpreselp`
--

/*!40000 ALTER TABLE `otpreselp` DISABLE KEYS */;
INSERT INTO `otpreselp` (`idotpresel`,`usuario`,`detalle`) VALUES 
 (5,'TULIO','Muestra Filtro'),
 (6,'TULIO','Nuevo Perfil');
/*!40000 ALTER TABLE `otpreselp` ENABLE KEYS */;


--
-- Definition of table `otpresu`
--

DROP TABLE IF EXISTS `otpresu`;
CREATE TABLE `otpresu` (
  `idot` int(10) unsigned NOT NULL AUTO_INCREMENT,
  `idpresu` int(10) unsigned NOT NULL,
  `fecha` char(8) NOT NULL,
  PRIMARY KEY (`idot`)
) ENGINE=InnoDB DEFAULT CHARSET=latin1;

--
-- Dumping data for table `otpresu`
--

/*!40000 ALTER TABLE `otpresu` DISABLE KEYS */;
/*!40000 ALTER TABLE `otpresu` ENABLE KEYS */;


--
-- Definition of table `otstandar`
--

DROP TABLE IF EXISTS `otstandar`;
CREATE TABLE `otstandar` (
  `idstandar` int(10) unsigned NOT NULL AUTO_INCREMENT,
  `detalleot` char(200) NOT NULL,
  `idot` int(10) unsigned NOT NULL,
  `fechastan` char(8) NOT NULL,
  `usuario` char(20) NOT NULL,
  PRIMARY KEY (`idstandar`)
) ENGINE=InnoDB DEFAULT CHARSET=latin1;

--
-- Dumping data for table `otstandar`
--

/*!40000 ALTER TABLE `otstandar` DISABLE KEYS */;
/*!40000 ALTER TABLE `otstandar` ENABLE KEYS */;


--
-- Definition of table `ottiposmovi`
--

DROP TABLE IF EXISTS `ottiposmovi`;
CREATE TABLE `ottiposmovi` (
  `idtipomov` int(10) unsigned NOT NULL DEFAULT '0',
  `descmov` char(200) NOT NULL,
  `ie` char(1) NOT NULL,
  PRIMARY KEY (`idtipomov`)
) ENGINE=InnoDB DEFAULT CHARSET=latin1;

--
-- Dumping data for table `ottiposmovi`
--

/*!40000 ALTER TABLE `ottiposmovi` DISABLE KEYS */;
INSERT INTO `ottiposmovi` (`idtipomov`,`descmov`,`ie`) VALUES 
 (1,'INGRESO POR DEVOLUCION','I'),
 (2,'EGRESO POR PRODUCCION','E'),
 (3,'INGRESO POR COMPRA','I'),
 (4,'EGRESO POR VENTA','E'),
 (5,'AJUSTE DE INVENTARIO (I)','I'),
 (6,'AJUSTE DE INVENTARIO (E)','E');
/*!40000 ALTER TABLE `ottiposmovi` ENABLE KEYS */;


--
-- Definition of table `ottiposobs`
--

DROP TABLE IF EXISTS `ottiposobs`;
CREATE TABLE `ottiposobs` (
  `idottiposobs` int(10) unsigned NOT NULL,
  `codigo` int(10) unsigned NOT NULL,
  `detalle` char(254) NOT NULL,
  PRIMARY KEY (`idottiposobs`)
) ENGINE=InnoDB DEFAULT CHARSET=latin1;

--
-- Dumping data for table `ottiposobs`
--

/*!40000 ALTER TABLE `ottiposobs` DISABLE KEYS */;
INSERT INTO `ottiposobs` (`idottiposobs`,`codigo`,`detalle`) VALUES 
 (2,2,'MATERIAL NO PRESUPUESTADO'),
 (3,3,'VARIOS'),
 (4,10,'VARIOS2'),
 (5,15,'VARIOS3'),
 (6,1,'VARIOS4');
/*!40000 ALTER TABLE `ottiposobs` ENABLE KEYS */;


--
-- Definition of table `pagosprov`
--

DROP TABLE IF EXISTS `pagosprov`;
CREATE TABLE `pagosprov` (
  `idpago` int(10) unsigned NOT NULL,
  `pventa` int(10) unsigned NOT NULL,
  `idcomproba` int(10) unsigned NOT NULL,
  `numero` int(10) unsigned NOT NULL,
  `fecha` char(8) NOT NULL,
  `entidad` int(10) unsigned NOT NULL,
  `apellido` char(254) NOT NULL,
  `nombre` char(254) NOT NULL,
  `importe` float(13,4) NOT NULL,
  `concepto` char(254) NOT NULL,
  PRIMARY KEY (`idpago`)
) ENGINE=InnoDB DEFAULT CHARSET=latin1;

--
-- Dumping data for table `pagosprov`
--

/*!40000 ALTER TABLE `pagosprov` DISABLE KEYS */;
INSERT INTO `pagosprov` (`idpago`,`pventa`,`idcomproba`,`numero`,`fecha`,`entidad`,`apellido`,`nombre`,`importe`,`concepto`) VALUES 
 (1,5,20,1,'20190828',1,'','ROSSI TULIO',1210.0000,''),
 (2,5,20,2,'20190828',1,'','ROSSI TULIO',1210.0000,''),
 (3,5,20,3,'20190828',1,'','ROSSI TULIO',1210.0000,''),
 (4,5,20,4,'20190828',1,'','ROSSI TULIO',121.0000,''),
 (5,5,20,5,'20190828',1,'','ROSSI TULIO',121.0000,''),
 (6,5,20,6,'20190828',1,'','ROSSI TULIO',1431.0000,''),
 (7,5,20,7,'20190828',1,'','ROSSI TULIO',1710.0000,''),
 (8,5,20,8,'20190828',1,'','ROSSI TULIO',1310.0000,''),
 (9,5,20,9,'20190828',1,'','ROSSI TULIO',786.5000,''),
 (10,5,20,10,'20190828',1,'','ROSSI TULIO',262.0000,''),
 (11,5,20,11,'20190828',1,'','ROSSI TULIO',1839.2000,''),
 (12,5,20,12,'20190830',4,'','Bonet Pablo',500.0000,''),
 (13,5,20,13,'20190830',4,'','Bonet Pablo',500.0000,''),
 (14,5,20,14,'20190830',1,'','ROSSI TULIO',1839.2000,''),
 (15,5,20,15,'20190831',1,'','ROSSI TULIO',3442.4500,''),
 (16,5,20,16,'20190921',1,'','ROSSI TULIO',121.0000,'');
/*!40000 ALTER TABLE `pagosprov` ENABLE KEYS */;


--
-- Definition of table `pagosprovfc`
--

DROP TABLE IF EXISTS `pagosprovfc`;
CREATE TABLE `pagosprovfc` (
  `idpago` int(10) unsigned NOT NULL,
  `idcomproba` int(10) unsigned NOT NULL,
  `idfactprove` int(10) unsigned NOT NULL,
  `imputado` float(13,4) NOT NULL,
  `fecha` char(8) NOT NULL,
  `idpagosprovfc` int(10) unsigned NOT NULL,
  PRIMARY KEY (`idpagosprovfc`)
) ENGINE=InnoDB DEFAULT CHARSET=latin1;

--
-- Dumping data for table `pagosprovfc`
--

/*!40000 ALTER TABLE `pagosprovfc` DISABLE KEYS */;
INSERT INTO `pagosprovfc` (`idpago`,`idcomproba`,`idfactprove`,`imputado`,`fecha`,`idpagosprovfc`) VALUES 
 (2,20,8,1210.0000,'20190828',1),
 (3,20,9,1210.0000,'20190828',2),
 (5,20,10,121.0000,'20190828',4),
 (6,20,11,1310.0000,'20190828',5),
 (6,20,13,121.0000,'20190828',6),
 (7,20,15,1710.0000,'20190828',7),
 (8,20,17,1310.0000,'20190828',8),
 (9,20,20,786.5000,'20190828',9),
 (10,20,16,131.0000,'20190828',10),
 (10,20,19,131.0000,'20190828',11),
 (11,20,25,1839.2000,'20190828',12),
 (12,20,18,500.0000,'20190830',13),
 (13,20,18,500.0000,'20190830',14),
 (14,20,26,1839.2000,'20190830',15),
 (15,20,21,1839.2000,'20190831',16),
 (15,20,23,1603.2500,'20190831',17),
 (16,20,46,121.0000,'20190921',18);
/*!40000 ALTER TABLE `pagosprovfc` ENABLE KEYS */;


--
-- Definition of table `paises`
--

DROP TABLE IF EXISTS `paises`;
CREATE TABLE `paises` (
  `pais` char(10) NOT NULL DEFAULT '0',
  `nombre` char(60) NOT NULL,
  PRIMARY KEY (`pais`) USING BTREE
) ENGINE=InnoDB DEFAULT CHARSET=latin1;

--
-- Dumping data for table `paises`
--

/*!40000 ALTER TABLE `paises` DISABLE KEYS */;
INSERT INTO `paises` (`pais`,`nombre`) VALUES 
 ('1','ARGENTINA'),
 ('2','BRASIL'),
 ('3','URUGUAY'),
 ('4','PARAGUAY');
/*!40000 ALTER TABLE `paises` ENABLE KEYS */;


--
-- Definition of table `perfilmh`
--

DROP TABLE IF EXISTS `perfilmh`;
CREATE TABLE `perfilmh` (
  `idperfil` int(11) NOT NULL DEFAULT '0',
  `idmenu` int(11) NOT NULL DEFAULT '0',
  `habilitado` char(1) NOT NULL DEFAULT 'S',
  `codigo` char(14) NOT NULL,
  `idconcepto` int(10) unsigned NOT NULL,
  KEY `idmenu` (`idmenu`),
  KEY `idperfil` (`idperfil`),
  KEY `habilitado` (`habilitado`)
) ENGINE=InnoDB DEFAULT CHARSET=latin1;

--
-- Dumping data for table `perfilmh`
--

/*!40000 ALTER TABLE `perfilmh` DISABLE KEYS */;
INSERT INTO `perfilmh` (`idperfil`,`idmenu`,`habilitado`,`codigo`,`idconcepto`) VALUES 
 (1,1,'S','',0),
 (1,2,'S','',0),
 (1,3,'S','',0),
 (1,4,'S','',0),
 (1,5,'S','',0),
 (1,6,'S','',0),
 (1,7,'S','',0),
 (1,8,'S','',0),
 (1,9,'S','',0),
 (1,10,'S','',0),
 (1,11,'S','',0),
 (1,12,'S','',0),
 (1,13,'S','',0),
 (1,14,'S','',0),
 (1,15,'S','',0),
 (1,16,'S','',0),
 (1,17,'S','',0),
 (1,18,'S','',0),
 (1,19,'S','',0),
 (1,20,'S','',0),
 (1,21,'S','',0),
 (1,22,'S','',0),
 (1,23,'S','',0),
 (1,24,'S','',0),
 (1,25,'S','',0),
 (1,26,'S','',0),
 (1,27,'S','',0),
 (1,28,'S','',0),
 (1,29,'S','',0),
 (1,30,'S','',0),
 (1,31,'S','',0),
 (1,32,'S','',0),
 (1,33,'S','',0),
 (1,34,'S','',0),
 (1,35,'S','',0),
 (1,36,'S','',0),
 (1,37,'S','',0),
 (1,38,'S','',0),
 (1,39,'S','',0),
 (1,40,'S','',0),
 (1,41,'S','',0),
 (1,42,'S','',0),
 (1,43,'S','',0),
 (1,44,'S','',0),
 (1,45,'S','',0),
 (1,46,'S','',0),
 (1,50,'S','',0),
 (1,47,'S','',0),
 (1,48,'S','',0),
 (1,49,'S','',0),
 (1,51,'S','',0),
 (1,52,'S','',0),
 (1,53,'S','',0),
 (1,54,'S','',0),
 (1,55,'S','',0),
 (1,56,'S','',0),
 (1,57,'S','',0),
 (1,58,'S','',0),
 (1,59,'S','',0),
 (1,60,'S','',0),
 (1,61,'S','',0),
 (1,62,'S','',0),
 (1,63,'S','',0),
 (1,64,'S','',0),
 (1,65,'S','',0),
 (1,66,'S','',0),
 (1,67,'S','',0),
 (1,68,'S','',0),
 (1,69,'S','',0),
 (1,70,'S','',0),
 (1,71,'S','',0),
 (1,72,'S','',0),
 (1,73,'S','',0),
 (1,74,'S','',0),
 (1,75,'S','',0),
 (1,76,'S','',0),
 (1,77,'S','',0),
 (1,78,'S','',0),
 (1,79,'S','',0),
 (1,80,'S','',0),
 (1,81,'S','',0),
 (1,82,'S','',0),
 (1,83,'S','',0),
 (1,84,'S','',0),
 (1,85,'S','',0),
 (1,86,'S','',0),
 (1,87,'S','',0),
 (1,88,'S','',0),
 (1,89,'S','',0),
 (1,90,'S','',0),
 (1,91,'S','',0),
 (1,92,'S','',0),
 (1,93,'S','',0),
 (1,94,'S','',0),
 (1,95,'S','',0),
 (1,96,'S','',0);
/*!40000 ALTER TABLE `perfilmh` ENABLE KEYS */;


--
-- Definition of table `perfilmp`
--

DROP TABLE IF EXISTS `perfilmp`;
CREATE TABLE `perfilmp` (
  `idperfil` int(11) NOT NULL DEFAULT '0',
  `perfil` char(20) NOT NULL DEFAULT '',
  `descrip` char(200) NOT NULL DEFAULT '',
  `habilitado` char(1) NOT NULL DEFAULT 'S',
  PRIMARY KEY (`idperfil`),
  KEY `idperfil` (`idperfil`),
  KEY `habilitado` (`habilitado`)
) ENGINE=InnoDB DEFAULT CHARSET=latin1;

--
-- Dumping data for table `perfilmp`
--

/*!40000 ALTER TABLE `perfilmp` DISABLE KEYS */;
INSERT INTO `perfilmp` (`idperfil`,`perfil`,`descrip`,`habilitado`) VALUES 
 (1,'Perfil Maestros','','S');
/*!40000 ALTER TABLE `perfilmp` ENABLE KEYS */;


--
-- Definition of table `perfilusu`
--

DROP TABLE IF EXISTS `perfilusu`;
CREATE TABLE `perfilusu` (
  `idperfil` int(11) NOT NULL DEFAULT '0',
  `usuario` char(15) NOT NULL,
  `habilitado` char(1) NOT NULL DEFAULT 'S',
  `activo` int(11) NOT NULL DEFAULT '0',
  KEY `idperfil` (`idperfil`),
  KEY `usuario` (`usuario`),
  KEY `habilitado` (`habilitado`)
) ENGINE=InnoDB DEFAULT CHARSET=latin1;

--
-- Dumping data for table `perfilusu`
--

/*!40000 ALTER TABLE `perfilusu` DISABLE KEYS */;
INSERT INTO `perfilusu` (`idperfil`,`usuario`,`habilitado`,`activo`) VALUES 
 (1,'GUSTAVO','S',1),
 (1,'TULIO','S',1),
 (1,'FEDE','S',1),
 (1,'PABLO','S',1);
/*!40000 ALTER TABLE `perfilusu` ENABLE KEYS */;


--
-- Definition of table `plancuentas`
--

DROP TABLE IF EXISTS `plancuentas`;
CREATE TABLE `plancuentas` (
  `idplan` int(10) unsigned NOT NULL,
  `fechad` char(8) NOT NULL,
  `fechah` char(8) NOT NULL,
  `detalle` char(254) NOT NULL,
  PRIMARY KEY (`idplan`)
) ENGINE=InnoDB DEFAULT CHARSET=latin1;

--
-- Dumping data for table `plancuentas`
--

/*!40000 ALTER TABLE `plancuentas` DISABLE KEYS */;
INSERT INTO `plancuentas` (`idplan`,`fechad`,`fechah`,`detalle`) VALUES 
 (1,'20300101','20301231','PRIMER PLAN'),
 (2,'20190504','20190504','SEGUNDO PLAN');
/*!40000 ALTER TABLE `plancuentas` ENABLE KEYS */;


--
-- Definition of table `plancuentasd`
--

DROP TABLE IF EXISTS `plancuentasd`;
CREATE TABLE `plancuentasd` (
  `idplan` int(10) unsigned NOT NULL,
  `codigocta` char(20) NOT NULL,
  `nombrecta` char(254) NOT NULL,
  `imputable` char(1) NOT NULL,
  `activa` char(1) NOT NULL,
  `detalle` char(254) NOT NULL,
  `idpland` int(10) unsigned NOT NULL,
  `idplandp` int(10) unsigned NOT NULL DEFAULT '0',
  `codigo` char(22) NOT NULL DEFAULT '',
  `nivel` char(1) NOT NULL DEFAULT '',
  PRIMARY KEY (`idpland`) USING BTREE
) ENGINE=InnoDB DEFAULT CHARSET=latin1;

--
-- Dumping data for table `plancuentasd`
--

/*!40000 ALTER TABLE `plancuentasd` DISABLE KEYS */;
INSERT INTO `plancuentasd` (`idplan`,`codigocta`,`nombrecta`,`imputable`,`activa`,`detalle`,`idpland`,`idplandp`,`codigo`,`nivel`) VALUES 
 (1,'000000000000000000','PLAN 1','N','S','PRIMER PLAN',1,0,'010000000000000000','P'),
 (1,'010000000000000000','ACTIVO','N','S','',2,1,'010100000000000000','H'),
 (1,'020000000000000000','PASIVO','N','S','',3,1,'010200000000000000','H'),
 (1,'010100000000000000','Disponibilidades','S','S','',4,2,'010101000000000000','H'),
 (1,'010200000000000000','Caja','S','S','',5,2,'010102000000000000','H'),
 (1,'030000000000000000','PATRIMONIO NETO','N','S','',6,1,'010300000000000000','H'),
 (1,'030100000000000000','Disponibilidades','S','S','',7,6,'010301000000000000','H'),
 (1,'030200000000000000','Caja','S','S','',8,6,'010302000000000000','H'),
 (1,'010300000000000000','JDJFJF','S','S','',9,2,'010103000000000000','H'),
 (1,'040000000000000000','PATRIM','N','S','',10,1,'010400000000000000','H'),
 (1,'040100000000000000','Disponibilidades','S','S','',11,10,'010401000000000000','H'),
 (1,'040200000000000000','Caja','S','S','',12,10,'010402000000000000','H'),
 (1,'010400000000000000','CREDITOS','N','S','',13,2,'010104000000000000','H'),
 (1,'010401000000000000','Deudores por Ventas','S','S','',14,13,'010104010000000000','H'),
 (1,'010500000000000000','aaaaaa','N','S','',15,2,'010105000000000000','H'),
 (1,'010501000000000000','Deudores por Ventas','S','S','',16,15,'010105010000000000','H'),
 (1,'050000000000000000','ACTIVO','N','S','',17,1,'010500000000000000','H'),
 (1,'050100000000000000','Disponibilidades','S','S','',18,17,'010501000000000000','H'),
 (1,'050200000000000000','Caja','S','S','',19,17,'010502000000000000','H'),
 (1,'050300000000000000','JDJFJF','S','S','',20,17,'010503000000000000','H'),
 (1,'050400000000000000','CREDITOS','N','S','',21,17,'010504000000000000','H'),
 (1,'050401000000000000','Deudores por Ventas','S','S','',22,21,'010504010000000000','H'),
 (1,'050500000000000000','aaaaaa','N','S','',23,17,'010505000000000000','H'),
 (1,'050501000000000000','Deudores por Ventas','S','S','',24,23,'010505010000000000','H'),
 (2,'000000000000000000','PLAN 1','N','S','',25,0,'020000000000000000','P'),
 (2,'010000000000000000','ACTIVO','N','S','',26,25,'020100000000000000','H'),
 (2,'010100000000000000','Disponibilidades','S','S','',27,26,'020101000000000000','H'),
 (2,'010200000000000000','Caja','S','S','',28,26,'020102000000000000','H'),
 (2,'010300000000000000','JDJFJF','S','S','',29,26,'020103000000000000','H'),
 (2,'010400000000000000','CREDITOS','N','S','',30,26,'020104000000000000','H'),
 (2,'010401000000000000','Deudores por Ventas','S','S','',31,30,'020104010000000000','H'),
 (2,'010500000000000000','aaaaaa','N','S','',32,26,'020105000000000000','H'),
 (2,'010501000000000000','Deudores por Ventas','S','S','',33,32,'020105010000000000','H'),
 (2,'020000000000000000','PASIVO','N','S','',34,25,'020200000000000000','H'),
 (2,'030000000000000000','PATRIMONIO NETO','N','S','',35,25,'020300000000000000','H'),
 (2,'030100000000000000','Disponibilidades','S','S','',36,35,'020301000000000000','H'),
 (2,'030200000000000000','Caja','S','S','',37,35,'020302000000000000','H'),
 (2,'040000000000000000','PATRIM','N','S','',38,25,'020400000000000000','H'),
 (2,'040100000000000000','Disponibilidades','S','S','',39,38,'020401000000000000','H'),
 (2,'040200000000000000','Caja','S','S','',40,38,'020402000000000000','H'),
 (2,'050000000000000000','ACTIVO','N','S','',41,25,'020500000000000000','H'),
 (2,'050100000000000000','Disponibilidades','S','S','',42,41,'020501000000000000','H'),
 (2,'050200000000000000','Caja','S','S','',43,41,'020502000000000000','H'),
 (2,'050300000000000000','JDJFJF','S','S','',44,41,'020503000000000000','H'),
 (2,'050400000000000000','CREDITOS','N','S','',45,41,'020504000000000000','H'),
 (2,'050401000000000000','Deudores por Ventas','S','S','',46,45,'020504010000000000','H'),
 (2,'050500000000000000','aaaaaa','N','S','',47,41,'020505000000000000','H'),
 (2,'050501000000000000','Deudores por Ventas','S','S','',48,47,'020505010000000000','H');
/*!40000 ALTER TABLE `plancuentasd` ENABLE KEYS */;


--
-- Definition of table `presupu`
--

DROP TABLE IF EXISTS `presupu`;
CREATE TABLE `presupu` (
  `idpresupu` int(10) unsigned NOT NULL,
  `idcomproba` int(10) unsigned NOT NULL,
  `pventa` int(10) unsigned NOT NULL DEFAULT '0',
  `actividad` int(10) unsigned NOT NULL,
  `numero` int(10) unsigned NOT NULL,
  `fecha` char(8) NOT NULL,
  `fechavenc` char(8) NOT NULL,
  `entidad` int(10) unsigned NOT NULL,
  `servicio` int(10) unsigned NOT NULL,
  `cuenta` int(10) unsigned NOT NULL,
  `apellido` char(254) NOT NULL,
  `nombre` char(254) NOT NULL,
  `direccion` char(254) NOT NULL,
  `localidad` int(10) unsigned NOT NULL,
  `iva` int(10) unsigned NOT NULL,
  `cuit` char(13) NOT NULL,
  `tipodoc` char(3) NOT NULL DEFAULT '',
  `dni` int(10) unsigned NOT NULL,
  `telefono` char(50) NOT NULL,
  `cp` char(50) NOT NULL,
  `fax` char(50) NOT NULL,
  `email` char(200) NOT NULL,
  `trasp` int(10) unsigned NOT NULL,
  `nomtransp` char(254) NOT NULL,
  `domentrega` char(254) NOT NULL,
  `condvta` int(10) unsigned NOT NULL DEFAULT '0',
  `neto` float(13,4) NOT NULL,
  `subtotal` float(13,4) NOT NULL,
  `descuento` float(13,4) NOT NULL,
  `recargo` float(13,4) NOT NULL,
  `total` float(13,4) NOT NULL,
  `operexenta` char(1) NOT NULL,
  `anulado` char(1) NOT NULL,
  `observa1` char(254) NOT NULL,
  `observa2` char(254) NOT NULL,
  `observa3` char(254) NOT NULL,
  `observa4` char(254) NOT NULL,
  `vendedor` int(10) unsigned NOT NULL DEFAULT '0',
  PRIMARY KEY (`idpresupu`)
) ENGINE=InnoDB DEFAULT CHARSET=latin1;

--
-- Dumping data for table `presupu`
--

/*!40000 ALTER TABLE `presupu` DISABLE KEYS */;
/*!40000 ALTER TABLE `presupu` ENABLE KEYS */;


--
-- Definition of table `presupuh`
--

DROP TABLE IF EXISTS `presupuh`;
CREATE TABLE `presupuh` (
  `idpresupu` int(10) unsigned NOT NULL,
  `idpresupuh` int(10) unsigned NOT NULL,
  `articulo` char(20) NOT NULL,
  `idconcepto` int(10) unsigned NOT NULL,
  `servicio` int(10) unsigned NOT NULL,
  `cantidad` int(10) unsigned NOT NULL,
  `unidad` char(10) NOT NULL,
  `cantidadfc` int(10) unsigned NOT NULL,
  `unidadfc` char(10) NOT NULL,
  `detalle` char(254) NOT NULL,
  `unitario` float(13,4) NOT NULL,
  `impuestos` float(13,4) NOT NULL DEFAULT '0.0000',
  `total` float(13,4) NOT NULL,
  `codigocta` char(20) NOT NULL,
  `cuota` int(10) unsigned NOT NULL,
  `cantcuotas` int(10) unsigned NOT NULL,
  `impuesto` int(10) unsigned NOT NULL DEFAULT '0',
  `entidad` int(10) unsigned NOT NULL DEFAULT '0',
  PRIMARY KEY (`idpresupu`)
) ENGINE=InnoDB DEFAULT CHARSET=latin1;

--
-- Dumping data for table `presupuh`
--

/*!40000 ALTER TABLE `presupuh` DISABLE KEYS */;
/*!40000 ALTER TABLE `presupuh` ENABLE KEYS */;


--
-- Definition of table `presupuimp`
--

DROP TABLE IF EXISTS `presupuimp`;
CREATE TABLE `presupuimp` (
  `idpresupu` int(10) unsigned NOT NULL,
  `impuesto` int(10) unsigned NOT NULL DEFAULT '0',
  `detalle` char(254) NOT NULL,
  `neto` float(13,4) NOT NULL,
  `razon` float(13,4) NOT NULL,
  `importe` float(13,4) NOT NULL
) ENGINE=InnoDB DEFAULT CHARSET=latin1;

--
-- Dumping data for table `presupuimp`
--

/*!40000 ALTER TABLE `presupuimp` DISABLE KEYS */;
/*!40000 ALTER TABLE `presupuimp` ENABLE KEYS */;


--
-- Definition of table `provincias`
--

DROP TABLE IF EXISTS `provincias`;
CREATE TABLE `provincias` (
  `provincia` char(10) NOT NULL DEFAULT '',
  `nombre` char(60) NOT NULL,
  `pais` char(10) NOT NULL,
  PRIMARY KEY (`provincia`) USING BTREE
) ENGINE=InnoDB DEFAULT CHARSET=latin1;

--
-- Dumping data for table `provincias`
--

/*!40000 ALTER TABLE `provincias` DISABLE KEYS */;
INSERT INTO `provincias` (`provincia`,`nombre`,`pais`) VALUES 
 ('1','SANTA FE','1'),
 ('10','CORRIENTES','1'),
 ('2','CHACO','1'),
 ('3','ENTRE RIOS','1'),
 ('4','CATAMARCA','1'),
 ('5','TIERRA DEL FUEGO','1'),
 ('6','FLORIANOPOLIS','2'),
 ('7','CAMBORIU','2'),
 ('8','SAN PABLO','2'),
 ('9','BUENOS AIRES','1');
/*!40000 ALTER TABLE `provincias` ENABLE KEYS */;


--
-- Definition of table `puntosventa`
--

DROP TABLE IF EXISTS `puntosventa`;
CREATE TABLE `puntosventa` (
  `pventa` int(10) unsigned NOT NULL,
  `detalle` char(200) NOT NULL,
  `puntov` char(4) NOT NULL,
  `habilitado` char(1) NOT NULL,
  `fechaini` char(8) NOT NULL,
  `fechabaja` char(8) NOT NULL,
  `electronica` char(1) NOT NULL,
  PRIMARY KEY (`pventa`)
) ENGINE=InnoDB DEFAULT CHARSET=latin1;

--
-- Dumping data for table `puntosventa`
--

/*!40000 ALTER TABLE `puntosventa` DISABLE KEYS */;
INSERT INTO `puntosventa` (`pventa`,`detalle`,`puntov`,`habilitado`,`fechaini`,`fechabaja`,`electronica`) VALUES 
 (1,'CoSeMar','0001','1','20170202','','N'),
 (3,'PUNTO DE VENTA PARA ID','0002','1','','','N'),
 (4,'CoSeMar_Electrónica','0003','1','','','S'),
 (5,'Krumbein','0003','1','19860501','','');
/*!40000 ALTER TABLE `puntosventa` ENABLE KEYS */;


--
-- Definition of table `recestado`
--

DROP TABLE IF EXISTS `recestado`;
CREATE TABLE `recestado` (
  `idrecest` int(10) unsigned NOT NULL,
  `estado` char(50) NOT NULL,
  `colore` int(10) unsigned NOT NULL,
  PRIMARY KEY (`idrecest`)
) ENGINE=InnoDB DEFAULT CHARSET=latin1;

--
-- Dumping data for table `recestado`
--

/*!40000 ALTER TABLE `recestado` DISABLE KEYS */;
INSERT INTO `recestado` (`idrecest`,`estado`,`colore`) VALUES 
 (1,'ABIERTO',7895295),
 (2,'EN TRATAMIENTO',7929720),
 (3,'CERRADO',16777215);
/*!40000 ALTER TABLE `recestado` ENABLE KEYS */;


--
-- Definition of table `recibos`
--

DROP TABLE IF EXISTS `recibos`;
CREATE TABLE `recibos` (
  `idrecibo` int(10) unsigned NOT NULL,
  `idcomproba` int(10) unsigned NOT NULL,
  `pventa` int(10) unsigned NOT NULL,
  `numero` int(10) unsigned NOT NULL,
  `fecha` char(8) NOT NULL,
  `entidad` int(10) unsigned NOT NULL,
  `apellido` char(254) NOT NULL,
  `nombre` char(254) NOT NULL,
  `importe` float(13,4) NOT NULL,
  `concepto` char(254) NOT NULL,
  PRIMARY KEY (`idrecibo`)
) ENGINE=InnoDB DEFAULT CHARSET=latin1;

--
-- Dumping data for table `recibos`
--

/*!40000 ALTER TABLE `recibos` DISABLE KEYS */;
INSERT INTO `recibos` (`idrecibo`,`idcomproba`,`pventa`,`numero`,`fecha`,`entidad`,`apellido`,`nombre`,`importe`,`concepto`) VALUES 
 (8,5,4,5,'20180316',1,'','ROSSI TULIO',366.6300,'Pago Contado - Efectivo'),
 (9,5,4,6,'20180316',1,'','ROSSI TULIO',246.8400,'Pago Contado - Efectivo'),
 (10,5,4,7,'20180316',1,'','ROSSI TULIO',246.8400,'Pago Contado - Efectivo'),
 (11,5,4,8,'20180316',1,'','ROSSI TULIO',244.4200,'Pago Contado - Efectivo'),
 (12,5,4,9,'20180317',1,'','ROSSI TULIO',366.6300,'Pago Contado - Efectivo'),
 (13,5,4,1,'20180317',1,'','ROSSI TULIO',122.2100,'Pago Contado - Efectivo'),
 (14,5,4,2,'20180317',1,'','ROSSI TULIO',366.6300,'Pago Contado - Efectivo'),
 (15,5,4,12,'20180317',1,'','ROSSI TULIO',244.4200,'Pago Contado - Efectivo'),
 (16,5,4,13,'20180317',1,'','ROSSI TULIO',122.2100,'Pago Contado - Efectivo'),
 (17,5,4,14,'20180317',1,'','ROSSI TULIO',122.2100,'Pago Contado - Efectivo'),
 (18,5,4,15,'20180320',1,'','ROSSI TULIO',244.4200,'Pago Contado - Efectivo'),
 (24,5,4,18,'20180321',1,'','ROSSI TULIO',44.4200,'Pago de anticipo - CTA CTE - Cuotas'),
 (25,5,4,19,'20180322',1,'','ROSSI TULIO',44.4200,'Pago de anticipo - CTA CTE - Cuotas'),
 (26,5,4,20,'20180322',1,'','ROSSI TULIO',44.4200,'Pago de anticipo - CTA CTE - Cuotas'),
 (27,5,4,21,'20180322',1,'','ROSSI TULIO',44.4200,'Pago de anticipo - CTA CTE - Cuotas'),
 (28,5,4,22,'20180324',1,'','ROSSI TULIO',44.0000,'Pago de anticipo - CTA CTE - Cuotas'),
 (30,5,4,23,'20180403',1,'','TULIO',122.2100,''),
 (31,5,4,24,'20180404',1,'','TULIO',244.4200,''),
 (32,5,4,25,'20180404',1,'','TULIO',244.4200,''),
 (33,5,4,26,'20180404',1,'','TULIO',244.4200,''),
 (34,5,4,27,'20180404',1,'','TULIO',122.2100,''),
 (35,5,4,28,'20180404',1,'','TULIO',244.4200,''),
 (36,5,4,29,'20180404',1,'','TULIO',244.4200,''),
 (37,5,4,30,'20180404',1,'','TULIO',493.6800,''),
 (38,5,4,31,'20180404',1,'','TULIO',366.6300,''),
 (39,5,4,32,'20180404',1,'','TULIO',617.1000,''),
 (40,5,4,33,'20180404',1,'','TULIO',244.4200,''),
 (41,5,4,34,'20180405',1,'','TULIO',244.4200,''),
 (42,5,4,35,'20180405',1,'','TULIO',122.2100,''),
 (43,5,4,36,'20180405',1,'','TULIO',244.4200,''),
 (44,5,4,37,'20180405',1,'','TULIO',44.4200,''),
 (45,5,4,38,'20180405',1,'','TULIO',66.6300,''),
 (46,5,4,39,'20180406',1,'','TULIO',244.4200,''),
 (47,5,4,40,'20180406',1,'','TULIO',244.4200,''),
 (48,5,4,41,'20180406',1,'','TULIO',366.6300,''),
 (49,5,4,42,'20180406',1,'','TULIO',366.6300,''),
 (50,5,4,43,'20180406',1,'','TULIO',244.4200,''),
 (51,5,4,44,'20180406',1,'','TULIO',244.4200,''),
 (52,5,4,45,'20180406',1,'','TULIO',734.7241,''),
 (53,5,4,46,'20180406',1,'','TULIO',279.3696,''),
 (54,5,4,47,'20180407',1,'','TULIO',279.3696,''),
 (55,5,4,48,'20180407',1,'','TULIO',279.3696,''),
 (56,5,4,49,'20180407',1,'','TULIO',279.3696,''),
 (57,5,4,50,'20180410',1,'','TULIO',146.4100,''),
 (58,5,4,51,'20180410',1,'','TULIO',445.3761,''),
 (59,5,4,52,'20180410',1,'','TULIO',366.6300,''),
 (60,5,4,53,'20180410',1,'','TULIO',441.9587,''),
 (61,5,4,54,'20180410',1,'','TULIO',292.8200,''),
 (62,5,4,55,'20180411',1,'','TULIO',122.2100,''),
 (63,0,0,0,'20180804',1,'','TULIO',122.2100,''),
 (64,5,4,56,'20180804',4,'','Pablo',122.2100,''),
 (65,0,0,0,'20180818',1,'','TULIO',611.0500,''),
 (66,0,0,0,'20180821',1,'','TULIO',733.2600,''),
 (67,0,0,0,'20180821',1,'','TULIO',244.4200,''),
 (68,0,0,0,'20180821',1,'','TULIO',611.0500,''),
 (69,0,0,0,'20180821',1,'','TULIO',244.4200,''),
 (70,0,0,0,'20180822',1,'','TULIO',88.8400,''),
 (71,5,4,57,'20180822',1,'','TULIO',88.8400,''),
 (72,5,4,58,'20180822',1,'','TULIO',611.0500,''),
 (73,5,4,59,'20180822',1,'','TULIO',11.0500,''),
 (74,5,4,60,'20180823',1,'','TULIO',611.0500,''),
 (75,5,4,61,'20180823',1,'','TULIO',11.0500,''),
 (76,5,4,62,'20180823',1,'','TULIO',44.4200,''),
 (77,5,4,63,'20180823',1,'','TULIO',244.4200,''),
 (78,5,4,64,'20180824',1,'','TULIO',244.4200,''),
 (79,5,4,65,'20180824',1,'','TULIO',44.4200,''),
 (80,5,4,66,'20180824',1,'','TULIO',44.4200,''),
 (81,5,4,67,'20180824',1,'','TULIO',244.4200,''),
 (82,5,4,68,'20180824',1,'','TULIO',292.8200,''),
 (83,5,4,69,'20180828',1,'','TULIO',122.2100,''),
 (86,5,4,72,'20180829',4,'','Bonet Pablo',1200.0000,''),
 (87,5,4,73,'20180829',1,'','TULIO',611.0500,''),
 (88,5,4,74,'20180830',4,'','Bonet Pablo',100.0000,''),
 (89,5,4,75,'20180830',4,'','Bonet Pablo',100.0000,''),
 (90,5,4,76,'20180831',4,'','Bonet Pablo',100.0000,''),
 (91,5,4,77,'20180831',4,'','Pablo',11.0500,''),
 (92,5,4,78,'20180831',4,'','Pablo',611.0500,''),
 (93,5,4,79,'20180901',4,'','Bonet Pablo',1000.0000,''),
 (94,5,4,80,'20180901',4,'','Bonet Pablo',200.0000,''),
 (95,5,4,81,'20180903',4,'','Pablo',11.0500,''),
 (96,5,4,82,'20180903',4,'','Pablo',303.5696,''),
 (97,5,4,83,'20180908',4,'','Pablo',22.2100,''),
 (98,5,4,84,'20180908',4,'','Pablo',6.3000,''),
 (99,5,4,85,'20180908',4,'','Pablo',2.1000,''),
 (100,5,4,86,'20180912',4,'','Pablo',122.2100,''),
 (101,5,4,87,'20180915',4,'','Pablo',600.0000,''),
 (102,5,4,88,'20180915',4,'','Bonet Pablo',11.0500,''),
 (103,5,4,89,'20180921',4,'','Pablo',122.2100,''),
 (104,5,4,90,'20180921',4,'','Pablo',611.0500,''),
 (105,5,4,91,'20180921',4,'','Pablo',1222.1000,''),
 (106,5,4,92,'20180922',4,'','Pablo',122.2100,''),
 (107,5,4,93,'20180922',4,'','Bonet Pablo',100.0000,''),
 (108,5,4,94,'20180925',4,'','Pablo',12.6000,''),
 (109,5,4,95,'20180928',4,'','Bonet Pablo',100.0000,''),
 (110,5,4,96,'20181006',4,'','Bonet Pablo',1000.0000,''),
 (111,5,4,97,'20181006',4,'','Bonet Pablo',500.0000,''),
 (112,5,4,98,'20181006',4,'','Pablo',303.5696,''),
 (113,5,4,99,'20181008',4,'','Pablo',734.7241,''),
 (114,5,4,100,'20181011',4,'','Pablo',244.4200,''),
 (115,5,4,101,'20181011',1,'','TULIO',244.4200,''),
 (116,5,4,102,'20181011',1,'','TULIO',244.4200,''),
 (117,5,4,103,'20181011',1,'','TULIO',244.4200,''),
 (118,5,4,104,'20181011',4,'','Pablo',611.0500,''),
 (119,5,4,105,'20181011',1,'','TULIO',244.4200,''),
 (120,5,4,106,'20181011',1,'','TULIO',244.4200,''),
 (121,5,4,107,'20181011',4,'','Pablo',244.4200,''),
 (122,5,4,108,'20181011',4,'','Bonet Pablo',100.0000,''),
 (123,5,4,109,'20181012',4,'','Bonet Pablo',303.5696,''),
 (124,5,4,110,'20181012',4,'','Bonet Pablo',0.0001,''),
 (125,5,4,111,'20181012',4,'','Bonet Pablo',0.0003,''),
 (126,5,4,112,'20181012',4,'','Pablo',122.2100,''),
 (127,5,4,113,'20181012',4,'','Pablo',122.2100,''),
 (128,5,4,114,'20181012',4,'','Pablo',122.2100,''),
 (129,5,4,115,'20181013',4,'','Bonet Pablo',455.3545,''),
 (130,5,4,116,'20181013',4,'','Bonet Pablo',1000.0000,''),
 (131,5,4,117,'20181019',4,'','Pablo',390.4700,''),
 (132,5,4,118,'20181019',4,'','Pablo',365.4200,''),
 (133,5,4,119,'20181020',4,'','Pablo',1305.5400,''),
 (134,5,4,120,'20181020',4,'','Pablo',402.3900,''),
 (135,5,4,121,'20181020',4,'','Pablo',434.5200,''),
 (136,5,4,122,'20181020',4,'','Pablo',390.4700,''),
 (137,5,4,123,'20181020',4,'','Pablo',243.2100,''),
 (138,5,4,124,'20181022',1,'','TULIO',614.6800,''),
 (139,5,4,125,'20181022',1,'','TULIO',14.6800,''),
 (140,5,4,126,'20181022',1,'','TULIO',14.6800,''),
 (141,5,4,127,'20181022',1,'','TULIO',614.6800,''),
 (142,5,4,128,'20181022',1,'','TULIO',244.4200,''),
 (143,5,1,69,'20181022',4,'','Pablo',244.4200,''),
 (144,5,1,70,'20181022',4,'','Pablo',614.6800,''),
 (145,0,0,0,'20181022',1,'','TULIO',614.6800,''),
 (146,13,1,1,'20181022',1,'','TULIO',614.6800,''),
 (147,5,1,71,'20181023',4,'','Pablo',763.4326,''),
 (148,5,1,72,'20181024',4,'','Pablo',303.5696,''),
 (149,5,1,73,'20181024',4,'','Pablo',763.4326,''),
 (150,5,1,74,'20181024',4,'','Pablo',763.4326,''),
 (151,5,1,75,'20181024',1,'','TULIO',14.6800,''),
 (152,5,1,76,'20181024',1,'','TULIO',12.6000,''),
 (153,5,1,77,'20181024',1,'','TULIO',614.6800,''),
 (154,5,1,78,'20181024',1,'','TULIO',614.6800,''),
 (155,5,1,79,'20181024',1,'','TULIO',759.8800,''),
 (156,5,1,80,'20181024',1,'','TULIO',763.4326,''),
 (157,5,4,129,'20181024',1,'','TULIO',759.8800,''),
 (158,5,4,130,'20181024',1,'','TULIO',614.6800,''),
 (159,5,4,131,'20181024',1,'','TULIO',614.6800,''),
 (160,5,4,132,'20181024',1,'','TULIO',614.6800,''),
 (161,5,4,133,'20181024',1,'','TULIO',763.4326,''),
 (162,5,1,81,'20181025',1,'','TULIO',759.8800,''),
 (163,5,1,82,'20181025',1,'','TULIO',734.6801,''),
 (164,5,4,134,'20181025',1,'','TULIO',734.6801,''),
 (165,5,4,135,'20181025',1,'','TULIO',734.6801,''),
 (166,5,4,136,'20181025',1,'','TULIO',734.6801,''),
 (167,0,0,0,'20181026',1,'','TULIO',14.6800,''),
 (168,0,0,0,'20181026',1,'','TULIO',614.6800,''),
 (169,0,0,0,'20181026',1,'','TULIO',614.6800,''),
 (170,0,0,0,'20181026',1,'','TULIO',614.6800,''),
 (171,0,0,0,'20181026',1,'','TULIO',737.6160,''),
 (172,0,0,0,'20181026',1,'','TULIO',734.6801,''),
 (173,5,4,137,'20181026',1,'','TULIO',25.2000,''),
 (174,5,4,138,'20181026',1,'','TULIO',25.2000,''),
 (175,5,4,139,'20181026',1,'','TULIO',0.0001,''),
 (176,5,4,140,'20181026',1,'','TULIO',14.6800,''),
 (177,0,0,0,'20181026',1,'','TULIO',14.6800,''),
 (178,5,4,141,'20181026',1,'','ROSSI TULIO',368.8000,''),
 (179,5,4,142,'20181027',1,'','TULIO',196.0200,''),
 (180,13,4,1,'20181027',1,'','TULIO',244.4200,''),
 (181,13,4,2,'20181027',0,'','Adrián Bonet',602.5800,''),
 (182,13,4,3,'20181027',0,'','Adrián Magnago',244.4200,''),
 (183,5,1,83,'20181027',0,'','Magnago Adrian',244.4200,''),
 (184,13,4,4,'20181027',1,'','TULIO',914.6420,''),
 (185,14,1,101,'20181031',1,'','TULIO',293.3040,''),
 (186,14,1,102,'20181031',1,'','TULIO',293.3040,''),
 (187,0,0,0,'20181206',1,'','TULIO',439.9560,''),
 (188,0,0,0,'20181206',1,'','TULIO',600.4020,''),
 (189,14,1,103,'20181206',1,'','TULIO',921.2940,''),
 (190,14,4,151,'20181206',1,'','TULIO',760.8480,''),
 (191,14,1,104,'20181208',4,'','Pablo',146.6520,''),
 (192,14,1,105,'20181210',1,'','TULIO',146.6500,''),
 (193,14,1,106,'20181210',1,'','ROSSI TULIO',611.0500,''),
 (194,14,1,107,'20181210',2,'','ALSAFEX S.A. - Racca Gaston Ramon Alberto',12.1000,''),
 (195,14,1,108,'20181210',4,'','Bonet Pablo',611.0500,''),
 (196,14,1,109,'20181222',0,'','ROSSI TULIO',293.0000,''),
 (197,14,1,110,'20181228',1,'','ROSSI TULIO',40000.0000,''),
 (198,14,1,111,'20181228',1,'','ROSSI TULIO',7000.0000,''),
 (199,14,1,112,'20190108',1,'','ROSSI TULIO',1000.0000,''),
 (200,14,1,113,'20190108',4,'','Pablo',146.6520,''),
 (201,14,1,114,'20190108',4,'','Bonet Pablo',100.0000,''),
 (202,14,1,115,'20190110',1,'','ROSSI TULIO',3000.0000,''),
 (203,14,1,116,'20190110',1,'','ROSSI TULIO',293.3040,''),
 (204,5,4,143,'20190115',4,'','Bonet Pablo',100.0000,''),
 (205,14,1,117,'20190115',4,'','Pablo',293.3040,''),
 (206,14,1,118,'20190115',4,'','Bonet Pablo',1229.3600,''),
 (207,14,1,119,'20190116',4,'','Pablo',66.5200,''),
 (208,14,1,120,'20190117',6,'','Magnago Adrián',1000.0000,''),
 (209,14,1,121,'20190117',3,'','OLIVIERO GERMAN',1000.0000,''),
 (210,14,1,122,'20190117',3,'','GERMAN',733.2600,''),
 (211,14,1,123,'20190117',1,'','TULIO',145.0790,''),
 (212,14,1,124,'20190117',3,'','OLIVIERO GERMAN',1466.5200,''),
 (214,14,1,125,'20190118',4,'','Pablo',733.2600,''),
 (215,14,1,126,'20190118',4,'','Pablo',733.2600,''),
 (216,14,1,127,'20190118',4,'','Bonet Pablo',2069.1001,''),
 (217,14,1,128,'20190118',4,'','Bonet Pablo',15479.2920,''),
 (218,14,1,129,'20190118',4,'','Pablo',33.2600,''),
 (219,14,1,130,'20190118',3,'','GERMAN',33.2600,''),
 (220,14,1,131,'20190119',4,'','Bonet Pablo',1000.0000,''),
 (221,14,1,132,'20190119',4,'','Bonet Pablo',150.0000,''),
 (222,14,1,133,'20190119',4,'','Pablo',873.2600,''),
 (223,14,1,134,'20190121',4,'','Bonet Pablo',572.6300,''),
 (224,14,1,135,'20190121',4,'','Bonet Pablo',855.4700,''),
 (225,14,1,136,'20190123',4,'','Bonet Pablo',5000.0000,''),
 (226,14,1,137,'20190123',4,'','Pablo',33.2600,''),
 (227,14,1,138,'20190124',4,'','Bonet Pablo',1000.0000,''),
 (228,14,1,139,'20190124',4,'','Pablo',586.6080,''),
 (229,14,1,140,'20190124',4,'','Pablo',873.2600,''),
 (230,14,1,141,'20190124',4,'','Pablo',52.2300,''),
 (231,14,1,142,'20190125',4,'','Bonet Pablo',100.0000,''),
 (232,14,1,143,'20190125',4,'','Bonet Pablo',500.0000,''),
 (233,14,1,144,'20190125',4,'','Bonet Pablo',733.2600,''),
 (234,14,1,145,'20190125',4,'','Bonet Pablo',33.2600,''),
 (235,14,1,146,'20190125',4,'','Bonet Pablo',1466.5200,''),
 (236,14,1,147,'20190128',4,'','Bonet Pablo',200.0000,''),
 (237,14,1,148,'20190128',4,'','Bonet Pablo',256.6600,''),
 (238,14,1,149,'20190128',4,'','Bonet Pablo',256.6600,''),
 (239,14,1,150,'20190128',4,'','Bonet Pablo',256.6600,''),
 (240,14,1,151,'20190128',4,'','Bonet Pablo',200.0000,''),
 (241,14,1,152,'20190129',4,'','Bonet Pablo',33.2600,''),
 (242,14,1,153,'20190129',4,'','Bonet Pablo',873.2600,''),
 (243,14,1,154,'20190129',4,'','Bonet Pablo',1755.8240,''),
 (244,14,1,155,'20190129',4,'','Bonet Pablo',873.3121,''),
 (245,14,1,156,'20190130',4,'','Bonet Pablo',1466.5200,''),
 (246,14,1,157,'20190130',4,'','Bonet Pablo',1739.8240,''),
 (247,14,1,158,'20190130',4,'','Bonet Pablo',1746.6240,''),
 (248,14,1,159,'20190131',4,'','Bonet Pablo',873.2600,''),
 (249,14,1,160,'20190131',4,'','Bonet Pablo',1466.5200,''),
 (250,14,1,161,'20190202',4,'','Bonet Pablo',0.0000,''),
 (251,14,1,162,'20190202',4,'','Bonet Pablo',5.0000,''),
 (252,14,1,163,'20190202',4,'','Bonet Pablo',10.0000,''),
 (253,14,1,164,'20190202',4,'','Bonet Pablo',50.0000,''),
 (254,14,1,165,'20190202',4,'','Bonet Pablo',10.0000,''),
 (255,14,1,166,'20190202',4,'','Bonet Pablo',863.9120,''),
 (256,14,1,167,'20190202',4,'','Bonet Pablo',613.3300,''),
 (257,14,1,168,'20190202',4,'','Bonet Pablo',233.2600,''),
 (258,14,1,169,'20190202',4,'','Bonet Pablo',369.9800,''),
 (259,14,1,170,'20190202',4,'','Bonet Pablo',1000.0000,''),
 (260,14,1,171,'20190202',4,'','Bonet Pablo',500.0000,''),
 (261,5,4,145,'20190202',4,'','Bonet Pablo',500.0000,''),
 (262,14,1,172,'20190202',4,'','Bonet Pablo',100.0000,''),
 (263,5,4,146,'20190202',4,'','Bonet Pablo',100.0000,''),
 (264,14,1,173,'20190202',4,'','Bonet Pablo',500.0000,''),
 (265,5,4,147,'20190202',4,'','Bonet Pablo',500.0000,''),
 (266,14,1,174,'20190202',4,'','Bonet Pablo',200.0000,''),
 (267,14,1,175,'20190202',4,'','Bonet Pablo',100.0000,''),
 (268,14,1,176,'20190202',4,'','Bonet Pablo',200.0000,''),
 (269,14,1,177,'20190202',4,'','Bonet Pablo',733.2600,''),
 (270,14,1,178,'20190204',4,'','Bonet Pablo',500.0000,''),
 (271,14,1,179,'20190204',4,'','Bonet Pablo',200.0000,''),
 (272,14,1,180,'20190204',4,'','Bonet Pablo',200.0000,''),
 (273,14,1,181,'20190204',4,'','Bonet Pablo',200.0000,''),
 (274,14,1,182,'20190204',4,'','Bonet Pablo',200.0000,''),
 (275,14,1,183,'20190204',4,'','Bonet Pablo',200.0000,''),
 (276,14,1,184,'20190204',4,'','Bonet Pablo',200.0000,''),
 (277,14,1,185,'20190204',4,'','Bonet Pablo',100.0000,''),
 (278,14,1,186,'20190204',4,'','Bonet Pablo',200.0000,''),
 (279,14,1,187,'20190204',4,'','Bonet Pablo',200.0000,''),
 (280,14,1,188,'20190204',1,'','ROSSI TULIO',873.2600,''),
 (281,14,1,189,'20190204',4,'','Bonet Pablo',200.0000,''),
 (282,14,1,190,'20190204',1,'','ROSSI TULIO',1000.0000,''),
 (283,14,1,191,'20190204',1,'','ROSSI TULIO',733.2600,''),
 (284,14,1,192,'20190204',4,'','Bonet Pablo',489.9200,''),
 (285,14,1,193,'20190206',4,'','Bonet Pablo',100.0000,''),
 (286,14,1,194,'20190206',4,'','Bonet Pablo',700.0000,''),
 (287,14,1,195,'20190206',4,'','Bonet Pablo',100.0000,''),
 (288,14,1,196,'20190206',4,'','Bonet Pablo',100.0000,''),
 (289,14,1,197,'20190206',4,'','Bonet Pablo',100.0000,''),
 (290,5,4,148,'20190221',4,'','Bonet Pablo',3609.8020,''),
 (291,5,4,149,'20190222',4,'','Bonet Pablo',247.0000,''),
 (292,5,4,150,'20190222',4,'','Bonet Pablo',9.6600,''),
 (293,5,4,151,'20190222',4,'','Bonet Pablo',1246.5800,''),
 (294,5,4,152,'20190222',4,'','Bonet Pablo',1503.2400,''),
 (295,5,4,153,'20190223',4,'','Bonet Pablo',185.0000,''),
 (296,5,4,154,'20190223',4,'','Bonet Pablo',150.0000,''),
 (297,5,4,155,'20190223',4,'','Bonet Pablo',165.0000,''),
 (298,5,4,156,'20190223',4,'','Bonet Pablo',700.0000,''),
 (299,14,1,198,'20190223',4,'','Bonet Pablo',293.3040,''),
 (300,14,1,199,'20190225',4,'','Bonet Pablo',1319.8680,''),
 (301,14,1,200,'20190225',4,'','Bonet Pablo',293.3040,''),
 (302,14,1,201,'20190225',4,'','Bonet Pablo',293.3040,''),
 (303,5,4,157,'20190225',4,'','Bonet Pablo',293.3040,''),
 (304,14,1,202,'20190225',4,'','Bonet Pablo',1157.2159,''),
 (305,14,1,203,'20190226',4,'','Bonet Pablo',293.3040,''),
 (306,14,1,204,'20190226',4,'','Bonet Pablo',33.2600,''),
 (307,5,4,158,'20190226',4,'','Bonet Pablo',770.0000,''),
 (308,14,1,205,'20190226',4,'','Bonet Pablo',439.9560,''),
 (309,14,1,206,'20190226',4,'','Bonet Pablo',93.3000,''),
 (310,5,4,159,'20190227',4,'','Bonet Pablo',20.0000,''),
 (311,14,1,207,'20190227',4,'','Bonet Pablo',293.3040,''),
 (312,14,1,208,'20190227',4,'','Bonet Pablo',466.5200,''),
 (313,5,4,160,'20190227',4,'','Bonet Pablo',693.3040,''),
 (314,14,1,209,'20190227',4,'','Bonet Pablo',93.3000,''),
 (315,5,4,161,'20190302',4,'','Bonet Pablo',218.2600,''),
 (316,14,1,210,'20190305',4,'','Bonet Pablo',146.6520,''),
 (317,14,1,211,'20190309',4,'','Bonet Pablo',220.0000,''),
 (318,14,1,212,'20190309',4,'','Bonet Pablo',293.3040,''),
 (319,14,1,213,'20190312',4,'','Bonet Pablo',173.3300,''),
 (320,14,1,214,'20190312',4,'','Bonet Pablo',70.0000,''),
 (321,14,1,215,'20190312',4,'','Bonet Pablo',3.3300,''),
 (322,14,1,216,'20190312',1,'','ROSSI TULIO',293.3040,''),
 (323,5,4,162,'20190312',4,'','Bonet Pablo',73.3300,''),
 (324,5,4,163,'20190312',4,'','Bonet Pablo',733.2600,''),
 (325,14,1,217,'20190312',4,'','Bonet Pablo',65.0000,''),
 (326,5,4,164,'20190312',4,'','Bonet Pablo',165.0000,''),
 (327,14,1,218,'20190313',4,'','Bonet Pablo',1000.0000,''),
 (328,5,4,165,'20190313',4,'','Bonet Pablo',500.0000,''),
 (329,14,1,219,'20190314',4,'','Bonet Pablo',50.0000,''),
 (330,14,1,220,'20190315',4,'','Bonet Pablo',115.0000,''),
 (331,14,1,221,'20190320',1,'','ROSSI TULIO',700.0000,''),
 (332,14,1,222,'20190320',4,'','Bonet Pablo',33.0000,''),
 (333,14,1,223,'20190320',4,'','Bonet Pablo',933.0000,''),
 (334,14,1,224,'20190320',4,'','Bonet Pablo',100.0000,''),
 (335,14,1,225,'20190322',4,'','Bonet Pablo',600.0000,''),
 (336,14,1,226,'20190323',4,'','Bonet Pablo',33.0000,''),
 (337,14,1,227,'20190323',4,'','Bonet Pablo',733.2600,''),
 (338,14,1,228,'20190323',4,'','Bonet Pablo',50.0000,''),
 (339,14,1,229,'20190323',4,'','Bonet Pablo',586.6080,''),
 (340,14,1,230,'20190323',4,'','Bonet Pablo',733.2600,''),
 (341,14,1,231,'20190326',4,'','Bonet Pablo',733.2600,''),
 (342,5,4,166,'20190330',4,'','Bonet Pablo',1755.8240,''),
 (343,14,1,232,'20190330',4,'','Bonet Pablo',733.2600,''),
 (344,14,1,233,'20190330',4,'','Bonet Pablo',733.2600,''),
 (345,14,1,234,'20190330',4,'','Bonet Pablo',962.2300,''),
 (346,5,4,167,'20190405',4,'','Bonet Pablo',115.0905,''),
 (347,14,1,235,'20190405',4,'','Bonet Pablo',140.2940,''),
 (348,14,1,236,'20190405',3,'','OLIVIERO GERMAN',318.2584,''),
 (349,14,1,237,'20190406',4,'','Bonet Pablo',4215.0605,''),
 (350,5,4,168,'20190406',4,'','Bonet Pablo',2199.7800,''),
 (351,5,4,169,'20190406',4,'','Bonet Pablo',273.3000,''),
 (352,14,1,238,'20190408',4,'','Bonet Pablo',3040.5847,''),
 (353,5,4,170,'20190408',4,'','Bonet Pablo',1064.2047,''),
 (354,14,1,239,'20190408',4,'','Bonet Pablo',3079.6919,''),
 (355,5,4,171,'20190408',4,'','Bonet Pablo',920.9838,''),
 (356,14,1,240,'20190417',4,'','Bonet Pablo',83.9700,''),
 (357,14,1,241,'20190417',4,'','Bonet Pablo',293.3040,''),
 (358,14,1,242,'20190417',4,'','Bonet Pablo',39.9500,''),
 (359,14,1,243,'20190417',4,'','Bonet Pablo',62.6700,''),
 (360,5,4,172,'20190419',4,'','Bonet Pablo',916.5750,''),
 (361,5,4,173,'20190419',4,'','Bonet Pablo',916.5750,''),
 (362,5,4,174,'20190422',4,'','Bonet Pablo',1102.8929,''),
 (363,5,4,175,'20190422',4,'','Bonet Pablo',343.1657,''),
 (364,5,4,176,'20190422',4,'','Bonet Pablo',343.1657,''),
 (365,5,4,177,'20190422',4,'','Bonet Pablo',343.1657,''),
 (366,5,4,178,'20190422',4,'','Bonet Pablo',171.5828,''),
 (367,5,4,179,'20190422',4,'','Bonet Pablo',171.5828,''),
 (368,5,4,180,'20190422',4,'','Bonet Pablo',343.1657,''),
 (369,14,1,244,'20190422',4,'','Bonet Pablo',343.1657,''),
 (370,5,4,181,'20190422',4,'','Bonet Pablo',342.1880,''),
 (371,5,4,182,'20190422',4,'','Bonet Pablo',343.1657,''),
 (372,5,4,183,'20190422',4,'','Bonet Pablo',343.1657,''),
 (373,5,4,184,'20190422',4,'','Bonet Pablo',343.1657,''),
 (374,5,4,185,'20190422',4,'','Bonet Pablo',342.1880,''),
 (375,5,4,186,'20190422',4,'','Bonet Pablo',233.3333,''),
 (376,5,4,187,'20190422',4,'','Bonet Pablo',698.0000,''),
 (377,5,4,188,'20190422',4,'','Bonet Pablo',331.4335,''),
 (378,5,4,189,'20190422',4,'','Bonet Pablo',331.4335,''),
 (379,5,4,190,'20190422',4,'','Bonet Pablo',765.3333,''),
 (380,5,4,191,'20190422',4,'','Bonet Pablo',813.8117,''),
 (381,5,4,192,'20190422',4,'','Bonet Pablo',1728.3400,''),
 (382,5,4,193,'20190422',4,'','Bonet Pablo',1454.6901,''),
 (383,5,4,194,'20190423',4,'','Bonet Pablo',1316.2852,''),
 (384,5,4,195,'20190424',4,'','Bonet Pablo',735.2730,''),
 (385,14,1,245,'20190424',4,'','Bonet Pablo',733.2600,''),
 (386,14,1,246,'20190424',4,'','Bonet Pablo',1026.5640,''),
 (387,14,1,247,'20190430',4,'','Bonet Pablo',33.2600,''),
 (388,5,4,196,'20190430',4,'','Bonet Pablo',256.6600,''),
 (389,14,1,248,'20190504',4,'','Bonet Pablo',513.3200,''),
 (390,14,1,249,'20190516',4,'','Bonet Pablo',733.2600,''),
 (391,14,1,250,'20190516',4,'','Bonet Pablo',146.6520,''),
 (392,5,4,197,'20190516',4,'','Bonet Pablo',5000.0000,''),
 (393,14,1,251,'20190518',0,'','Bonet Pablo',1054.1520,''),
 (394,14,1,252,'20190523',4,'','Bonet Pablo',1000.0000,''),
 (395,5,4,198,'20190619',1,'','ROSSI TULIO',4616.0020,''),
 (396,14,1,253,'20190619',1,'','OLIVIERO GERMAN',733.2600,''),
 (397,14,1,254,'20190619',0,'','Adrián Magnago',733.2600,''),
 (398,5,4,199,'20190621',1,'','ROSSI TULIO',100.0000,''),
 (399,5,4,200,'20190621',1,'','ROSSI TULIO',100.0000,''),
 (400,14,1,255,'20190621',1,'','ROSSI TULIO',33.2600,''),
 (401,5,4,201,'20190621',1,'','ROSSI TULIO',385.0000,''),
 (402,14,1,256,'20190627',1,'','ROSSI TULIO',1466.5200,''),
 (403,14,1,257,'20190628',1,'','ROSSI TULIO',733.2600,''),
 (404,14,1,258,'20190629',1,'','ROSSI TULIO',146.6520,''),
 (405,14,1,259,'20190708',1,'','ROSSI TULIO',733.2600,''),
 (406,5,4,202,'20190803',1,'','ROSSI TULIO',192.5000,''),
 (407,5,4,203,'20190806',1,'','ROSSI TULIO',4044.5652,''),
 (408,5,4,204,'20190806',2,'','ALSAFEX S.A. - Racca Gaston Ramon Alberto',22.2237,''),
 (409,5,1,84,'20190806',1,'','ROSSI TULIO',13806.2051,''),
 (410,5,4,205,'20190813',1,'','ROSSI TULIO',1029.0000,''),
 (411,5,4,206,'20190830',1,'','ROSSI TULIO',50.3800,''),
 (412,14,1,260,'20190921',1,'','ROSSI TULIO',15.7300,'');
/*!40000 ALTER TABLE `recibos` ENABLE KEYS */;


--
-- Definition of table `reclamoe`
--

DROP TABLE IF EXISTS `reclamoe`;
CREATE TABLE `reclamoe` (
  `idreclamoe` int(10) unsigned NOT NULL,
  `idreclamop` int(10) unsigned NOT NULL,
  `idrecest` int(10) unsigned NOT NULL,
  `idrecsec` int(10) unsigned NOT NULL,
  `fecha` char(16) NOT NULL,
  PRIMARY KEY (`idreclamoe`)
) ENGINE=InnoDB DEFAULT CHARSET=latin1;

--
-- Dumping data for table `reclamoe`
--

/*!40000 ALTER TABLE `reclamoe` DISABLE KEYS */;
INSERT INTO `reclamoe` (`idreclamoe`,`idreclamop`,`idrecest`,`idrecsec`,`fecha`) VALUES 
 (1,1,1,2,'2019090619:14:52'),
 (2,2,1,2,'2019090619:24:28'),
 (3,3,1,2,'2019090619:26:01'),
 (4,4,1,2,'2019090619:31:36'),
 (5,4,2,2,'2019090711:33:12'),
 (6,4,3,2,'2019090711:35:23'),
 (7,5,1,2,'2019090918:10:21'),
 (8,6,1,1,'2019091918:59:52'),
 (9,7,1,1,'2019091919:02:15'),
 (10,11,1,2,'2019091919:50:58'),
 (11,11,1,2,'2019091919:50:58'),
 (12,12,1,2,'2019091919:51:47'),
 (13,12,1,2,'2019091919:51:47'),
 (14,15,1,1,'2019091920:19:23'),
 (15,15,1,2,'2019091920:19:23'),
 (16,16,1,2,'2019092018:44:10'),
 (17,17,1,1,'2019092109:30:37'),
 (18,17,1,2,'2019092109:30:37'),
 (19,17,2,2,'2019092109:38:40'),
 (20,20,1,1,'2019092811:52:43'),
 (21,20,1,2,'2019092811:52:43'),
 (22,20,2,2,'2019092812:06:57');
/*!40000 ALTER TABLE `reclamoe` ENABLE KEYS */;


--
-- Definition of table `reclamoh`
--

DROP TABLE IF EXISTS `reclamoh`;
CREATE TABLE `reclamoh` (
  `idreclamoh` int(10) unsigned NOT NULL,
  `idreclamop` int(10) unsigned NOT NULL,
  `tipo` char(50) NOT NULL,
  `idregistro` char(50) NOT NULL,
  `cantidad` float(13,4) NOT NULL,
  `tabla` char(50) NOT NULL,
  `fecha` char(8) NOT NULL,
  `detalle` char(254) NOT NULL,
  PRIMARY KEY (`idreclamoh`)
) ENGINE=InnoDB DEFAULT CHARSET=latin1;

--
-- Dumping data for table `reclamoh`
--

/*!40000 ALTER TABLE `reclamoh` DISABLE KEYS */;
INSERT INTO `reclamoh` (`idreclamoh`,`idreclamop`,`tipo`,`idregistro`,`cantidad`,`tabla`,`fecha`,`detalle`) VALUES 
 (5,16,'A','0000913019',2.0000,'articulos','20190920',''),
 (6,16,'M','5029',1.0000,'otmateriales','20190920',''),
 (7,16,'O','0',1.0000,'','20190920',''),
 (30,20,'A','0000913019',1.0000,'articulos','20190928','Armario Sala de informatica-2,00x7,52x0,75 Mts'),
 (31,20,'M','7007',1.0000,'otmateriales','20190928','BANDA ACUSTICA KNAUF X 3.5 X 70 MM');
/*!40000 ALTER TABLE `reclamoh` ENABLE KEYS */;


--
-- Definition of table `reclamop`
--

DROP TABLE IF EXISTS `reclamop`;
CREATE TABLE `reclamop` (
  `idreclamop` int(10) unsigned NOT NULL,
  `idrectipo` int(10) unsigned NOT NULL,
  `numero` int(10) unsigned NOT NULL,
  `entidad` int(10) unsigned NOT NULL,
  `fecha` char(16) NOT NULL,
  `fhregistro` char(16) NOT NULL,
  `observac` char(250) NOT NULL,
  `transporte` int(10) unsigned NOT NULL,
  `descrip` varchar(250) NOT NULL,
  PRIMARY KEY (`idreclamop`)
) ENGINE=InnoDB DEFAULT CHARSET=latin1;

--
-- Dumping data for table `reclamop`
--

/*!40000 ALTER TABLE `reclamop` DISABLE KEYS */;
INSERT INTO `reclamop` (`idreclamop`,`idrectipo`,`numero`,`entidad`,`fecha`,`fhregistro`,`observac`,`transporte`,`descrip`) VALUES 
 (1,1,1,1,'20190906','2019090619:14:49','sdfsdfwer',1,'qwertyusdd'),
 (2,2,1,1,'20190906','2019090619:24:28','qws',1,'qwerasd'),
 (3,2,2,1,'20190906','2019090619:26:01','ddddsss',1,'asdsad'),
 (4,1,10,1,'20190906','2019090619:31:36','asasas',1,'asa'),
 (5,2,3,1,'20190909','2019090918:10:21','',1,'qwe'),
 (6,1,101,4,'20190919','2019091918:59:37','asldksladkjl',0,'asjdlsakjd'),
 (7,1,1001,1,'20190919','2019091919:02:11','aspdkosapdok',1,'aosdksokdp'),
 (8,1,200,6,'20190919','2019091919:05:22','pwoeir',1,'oeiridk'),
 (9,1,1425,1,'20190919','2019091919:07:01','aslkd',1,'deask'),
 (10,2,4,1,'20190919','2019091919:28:40','dedad',1,'desc'),
 (11,2,5,1,'20190919','2019091919:50:58','obs',1,'des\r\n'),
 (12,2,6,1,'20190919','2019091919:51:46','asda',1,'des'),
 (13,2,7,1,'20190919','2019091920:05:30','obs',0,'des'),
 (14,2,8,1,'20190919','2019091920:12:53','obs',0,'des'),
 (15,2,9,1,'20190919','2019091920:19:23','asdasd',0,'des'),
 (16,2,10,4,'20190920','2019092018:44:10','obs',1,'desc'),
 (17,2,11,1,'20190921','2019092109:30:36','as',1,'descripcionwjkhk'),
 (18,2,12,1,'20190928','2019092811:47:12','obse reclamo',1,'descrip reclamo'),
 (19,2,13,1,'20190928','2019092811:50:31','obs',1,'des'),
 (20,2,14,1,'20190928','2019092811:52:42','obs',1,'des');
/*!40000 ALTER TABLE `reclamop` ENABLE KEYS */;


--
-- Definition of table `reclamopro`
--

DROP TABLE IF EXISTS `reclamopro`;
CREATE TABLE `reclamopro` (
  `idreclamopro` int(10) unsigned NOT NULL,
  `idreclamop` int(10) unsigned NOT NULL,
  `idrecprob` int(10) unsigned NOT NULL,
  `idreclamoh` int(10) unsigned NOT NULL,
  PRIMARY KEY (`idreclamopro`)
) ENGINE=InnoDB DEFAULT CHARSET=latin1;

--
-- Dumping data for table `reclamopro`
--

/*!40000 ALTER TABLE `reclamopro` DISABLE KEYS */;
INSERT INTO `reclamopro` (`idreclamopro`,`idreclamop`,`idrecprob`,`idreclamoh`) VALUES 
 (2,2,1,0),
 (3,3,1,0),
 (5,6,1,0),
 (6,8,1,0),
 (7,9,1,0),
 (8,10,1,0),
 (9,10,2,0),
 (10,10,3,0),
 (12,11,1,0),
 (13,12,1,0),
 (14,13,2,0),
 (15,14,1,0),
 (16,14,2,0),
 (17,15,1,0),
 (31,16,1,0),
 (32,16,2,0),
 (89,20,2,0),
 (90,20,6,31),
 (91,20,10,31),
 (92,20,27,31),
 (93,20,1,30),
 (94,20,20,30),
 (95,20,21,30);
/*!40000 ALTER TABLE `reclamopro` ENABLE KEYS */;


--
-- Definition of table `reclamosec`
--

DROP TABLE IF EXISTS `reclamosec`;
CREATE TABLE `reclamosec` (
  `idreclamos` int(10) unsigned NOT NULL,
  `idrecsecO` int(10) unsigned NOT NULL,
  `idrecsecD` int(10) unsigned NOT NULL,
  `idreclamop` int(10) unsigned NOT NULL,
  `fecha` char(16) NOT NULL,
  `idrecusu` int(10) unsigned NOT NULL,
  PRIMARY KEY (`idreclamos`)
) ENGINE=InnoDB DEFAULT CHARSET=latin1;

--
-- Dumping data for table `reclamosec`
--

/*!40000 ALTER TABLE `reclamosec` DISABLE KEYS */;
INSERT INTO `reclamosec` (`idreclamos`,`idrecsecO`,`idrecsecD`,`idreclamop`,`fecha`,`idrecusu`) VALUES 
 (4,2,2,4,'20190906',2),
 (5,2,2,5,'20190909',2),
 (6,2,1,6,'20190919',2),
 (7,2,1,7,'20190919',2),
 (8,2,1,8,'20190919',2),
 (9,2,1,9,'20190919',2),
 (10,2,2,10,'20190919',2),
 (12,2,2,11,'20190919',2),
 (13,2,2,12,'20190919',2),
 (14,2,1,15,'20190919',2),
 (15,2,2,15,'20190919',2),
 (34,2,2,16,'20190920',2),
 (63,2,1,20,'20190928',2),
 (64,2,2,20,'20190928',2);
/*!40000 ALTER TABLE `reclamosec` ENABLE KEYS */;


--
-- Definition of table `recnovedad`
--

DROP TABLE IF EXISTS `recnovedad`;
CREATE TABLE `recnovedad` (
  `idrecnov` int(10) unsigned NOT NULL,
  `idreclamop` int(10) unsigned NOT NULL,
  `fecha` char(16) NOT NULL,
  `novedades` varchar(250) NOT NULL,
  `usuario` char(15) NOT NULL,
  PRIMARY KEY (`idrecnov`)
) ENGINE=InnoDB DEFAULT CHARSET=latin1;

--
-- Dumping data for table `recnovedad`
--

/*!40000 ALTER TABLE `recnovedad` DISABLE KEYS */;
INSERT INTO `recnovedad` (`idrecnov`,`idreclamop`,`fecha`,`novedades`,`usuario`) VALUES 
 (1,1,'2019090619:14:52','(06/09/2019 07:14:52 PM) EL RECLAMO 00000001 CAMBIÓ AL ESTADO ABIERTO [SECTOR ADMINISTRACION]','TULIO'),
 (2,2,'2019090619:24:28','(06/09/2019 07:24:28 PM) EL RECLAMO 00000001 CAMBIÓ AL ESTADO ABIERTO [SECTOR ADMINISTRACION]','TULIO'),
 (3,3,'2019090619:26:01','(06/09/2019 07:26:01 PM) EL RECLAMO 00000002 CAMBIÓ AL ESTADO ABIERTO [SECTOR ADMINISTRACION]','TULIO'),
 (4,4,'2019090619:31:36','(06/09/2019 07:31:36 PM) EL RECLAMO 00000010 CAMBIÓ AL ESTADO ABIERTO [SECTOR ADMINISTRACION]','TULIO'),
 (5,4,'2019090711:33:12','(07/09/2019 11:33:12 AM) EL RECLAMO 00000010 CAMBIÓ AL ESTADO EN TRATAMIENTO [SECTOR ADMINISTRACION]','TULIO'),
 (6,4,'2019090711:35:23','(07/09/2019 11:35:23 AM) EL RECLAMO 00000010 CAMBIÓ AL ESTADO CERRADO [SECTOR ADMINISTRACION]','TULIO'),
 (7,5,'2019090918:10:21','(09/09/2019 06:10:21 PM) EL RECLAMO 00000003 CAMBIÓ AL ESTADO ABIERTO [SECTOR ADMINISTRACION]','TULIO'),
 (8,5,'20190909','(09/09/2019 06:10:18 PM)qweasd [SECTOR ADMINISTRACION]','TULIO'),
 (9,6,'2019091918:59:52','(19/09/2019 06:59:52 PM) EL RECLAMO 00000101 CAMBIÓ AL ESTADO ABIERTO [SECTOR DISTRIBUCION]','TULIO'),
 (10,7,'2019091919:02:16','(19/09/2019 07:02:16 PM) EL RECLAMO 00001001 CAMBIÓ AL ESTADO ABIERTO [SECTOR DISTRIBUCION]','TULIO'),
 (11,11,'2019091919:50:58','(19/09/2019 07:50:58 PM) EL RECLAMO 00000005 CAMBIÓ AL ESTADO ABIERTO [SECTOR ADMINISTRACION]','TULIO'),
 (12,11,'2019091919:50:58','(19/09/2019 07:50:58 PM) EL RECLAMO 00000005 CAMBIÓ AL ESTADO ABIERTO [SECTOR ADMINISTRACION]','TULIO'),
 (13,12,'2019091919:51:47','(19/09/2019 07:51:47 PM) EL RECLAMO 00000006 CAMBIÓ AL ESTADO ABIERTO [SECTOR ADMINISTRACION]','TULIO'),
 (14,12,'2019091919:51:47','(19/09/2019 07:51:47 PM) EL RECLAMO 00000006 CAMBIÓ AL ESTADO ABIERTO [SECTOR ADMINISTRACION]','TULIO'),
 (15,13,'20190919','(19/09/2019 08:05:05 PM)nov [SECTOR ADMINISTRACION]','TULIO'),
 (16,14,'20190919','(19/09/2019 08:12:50 PM)nov [SECTOR ADMINISTRACION]','TULIO'),
 (17,15,'2019091920:19:23','(19/09/2019 08:19:23 PM) EL RECLAMO 00000009 CAMBIÓ AL ESTADO ABIERTO [SECTOR DISTRIBUCION]','TULIO'),
 (18,15,'2019091920:19:23','(19/09/2019 08:19:23 PM) EL RECLAMO 00000009 CAMBIÓ AL ESTADO ABIERTO [SECTOR ADMINISTRACION]','TULIO'),
 (19,16,'2019092018:44:10','(20/09/2019 06:44:10 PM) EL RECLAMO 00000010 CAMBIÓ AL ESTADO ABIERTO [SECTOR ADMINISTRACION]','TULIO'),
 (20,17,'20190921','(21/09/2019 09:26:44 AM)novedades [SECTOR ADMINISTRACION]','TULIO'),
 (21,17,'2019092109:30:37','(21/09/2019 09:30:37 AM) EL RECLAMO 00000011 CAMBIÓ AL ESTADO ABIERTO [SECTOR DISTRIBUCION]','TULIO'),
 (22,17,'2019092109:30:37','(21/09/2019 09:30:37 AM) EL RECLAMO 00000011 CAMBIÓ AL ESTADO ABIERTO [SECTOR ADMINISTRACION]','TULIO'),
 (23,17,'2019092109:38:40','(21/09/2019 09:38:40 AM) EL RECLAMO 00000011 CAMBIÓ AL ESTADO EN TRATAMIENTO [SECTOR ADMINISTRACION]','TULIO'),
 (24,20,'2019092811:52:43','(28/09/2019 11:52:43 AM) EL RECLAMO 00000014 CAMBIÓ AL ESTADO ABIERTO [SECTOR DISTRIBUCION]','TULIO'),
 (25,20,'2019092811:52:43','(28/09/2019 11:52:43 AM) EL RECLAMO 00000014 CAMBIÓ AL ESTADO ABIERTO [SECTOR ADMINISTRACION]','TULIO'),
 (26,20,'2019092812:06:57','(28/09/2019 12:06:57 PM) EL RECLAMO 00000014 CAMBIÓ AL ESTADO EN TRATAMIENTO [SECTOR ADMINISTRACION]','TULIO');
/*!40000 ALTER TABLE `recnovedad` ENABLE KEYS */;


--
-- Definition of table `recprob`
--

DROP TABLE IF EXISTS `recprob`;
CREATE TABLE `recprob` (
  `idrecprob` int(10) unsigned NOT NULL,
  `descrip` char(250) NOT NULL,
  `numero` int(10) unsigned NOT NULL,
  PRIMARY KEY (`idrecprob`)
) ENGINE=InnoDB DEFAULT CHARSET=latin1;

--
-- Dumping data for table `recprob`
--

/*!40000 ALTER TABLE `recprob` DISABLE KEYS */;
INSERT INTO `recprob` (`idrecprob`,`descrip`,`numero`) VALUES 
 (1,'¿Tenían embalaje?',1),
 (2,'Estaba dañado el embalaje',2),
 (3,'¿Estaba mojado?',3),
 (4,'¿Estaba golpeado?',4),
 (5,'¿Tenía deformación parabólica?',5),
 (6,'¿Tenía deformación longitudinal?',6),
 (7,'¿Tenía acumulación de virutas?',7),
 (8,'¿Cava de bisagras obstruida?',8),
 (9,'¿Problemas de ensable?',9),
 (10,'Rayado superficial debajo de la pintura',10),
 (11,'Alojamiento para contravidrio obstruido',11),
 (12,'Medidas fuera de tolerancia según plano',12),
 (13,'Ondulaciones superficiales',13),
 (14,'Chorreado de pintura',14),
 (15,'La pintura no cubre',15),
 (16,'Hervido',16),
 (17,'Cáscara de naranja',17),
 (18,'Rayado superficial sobre la pintura',18),
 (19,'Error de troquelado',19),
 (20,'Error al tomar el pedido',20),
 (21,'Error al enviar el pedido',21),
 (22,'Error del cliente',22),
 (23,'Falta de temple',23),
 (24,'Defecto en el anodizado',24),
 (25,'Error Administrativo',25),
 (26,'Error Comercial',26),
 (27,'Error',27);
/*!40000 ALTER TABLE `recprob` ENABLE KEYS */;


--
-- Definition of table `recregaso`
--

DROP TABLE IF EXISTS `recregaso`;
CREATE TABLE `recregaso` (
  `idregaso` int(10) unsigned NOT NULL,
  `idreclamop` int(10) unsigned NOT NULL,
  `idreclamoh` int(10) unsigned NOT NULL,
  `idregistro` int(10) unsigned NOT NULL,
  `tabla` char(50) NOT NULL,
  `tipo` char(60) NOT NULL,
  `campo` char(30) NOT NULL,
  `bloqueado` int(10) unsigned NOT NULL,
  PRIMARY KEY (`idregaso`)
) ENGINE=InnoDB DEFAULT CHARSET=latin1;

--
-- Dumping data for table `recregaso`
--

/*!40000 ALTER TABLE `recregaso` DISABLE KEYS */;
INSERT INTO `recregaso` (`idregaso`,`idreclamop`,`idreclamoh`,`idregistro`,`tabla`,`tipo`,`campo`,`bloqueado`) VALUES 
 (3,15,0,209,'facturas','FACTURA A','idfactura',0),
 (14,16,0,251,'facturas','FACTURA A','idfactura',0),
 (54,20,0,230,'facturas','FACTURA A','idfactura',0),
 (55,20,0,233,'facturas','FACTURA A','idfactura',0),
 (56,20,0,414,'facturas','FACTURA A','idfactura',0),
 (57,20,30,209,'facturas','FACTURA A','idfactura',0),
 (58,20,31,216,'facturas','FACTURA A','idfactura',0),
 (59,20,31,468,'facturas','FACTURA A','idfactura',0);
/*!40000 ALTER TABLE `recregaso` ENABLE KEYS */;


--
-- Definition of table `recsector`
--

DROP TABLE IF EXISTS `recsector`;
CREATE TABLE `recsector` (
  `idrecsec` int(10) unsigned NOT NULL,
  `sector` char(50) NOT NULL,
  PRIMARY KEY (`idrecsec`)
) ENGINE=InnoDB DEFAULT CHARSET=latin1;

--
-- Dumping data for table `recsector`
--

/*!40000 ALTER TABLE `recsector` DISABLE KEYS */;
INSERT INTO `recsector` (`idrecsec`,`sector`) VALUES 
 (1,'DISTRIBUCION'),
 (2,'ADMINISTRACION'),
 (3,'PRENSA');
/*!40000 ALTER TABLE `recsector` ENABLE KEYS */;


--
-- Definition of table `recsecusu`
--

DROP TABLE IF EXISTS `recsecusu`;
CREATE TABLE `recsecusu` (
  `idrecsusu` int(10) unsigned NOT NULL,
  `idrecsec` int(10) unsigned NOT NULL,
  `usuario` char(15) NOT NULL,
  PRIMARY KEY (`idrecsusu`)
) ENGINE=InnoDB DEFAULT CHARSET=latin1;

--
-- Dumping data for table `recsecusu`
--

/*!40000 ALTER TABLE `recsecusu` DISABLE KEYS */;
INSERT INTO `recsecusu` (`idrecsusu`,`idrecsec`,`usuario`) VALUES 
 (0,2,'PABLO'),
 (1,1,'PABLOB'),
 (2,2,'TULIO');
/*!40000 ALTER TABLE `recsecusu` ENABLE KEYS */;


--
-- Definition of table `rectipo`
--

DROP TABLE IF EXISTS `rectipo`;
CREATE TABLE `rectipo` (
  `idrectipo` int(10) unsigned NOT NULL,
  `tipo` char(50) NOT NULL,
  `numerado` char(1) NOT NULL,
  PRIMARY KEY (`idrectipo`)
) ENGINE=InnoDB DEFAULT CHARSET=latin1;

--
-- Dumping data for table `rectipo`
--

/*!40000 ALTER TABLE `rectipo` DISABLE KEYS */;
INSERT INTO `rectipo` (`idrectipo`,`tipo`,`numerado`) VALUES 
 (1,'DEVOLUCION','S'),
 (2,'ADMINISTRATIVO','N');
/*!40000 ALTER TABLE `rectipo` ENABLE KEYS */;


--
-- Definition of table `relarchivo`
--

DROP TABLE IF EXISTS `relarchivo`;
CREATE TABLE `relarchivo` (
  `idrelarc` int(10) unsigned NOT NULL AUTO_INCREMENT,
  `idarchivoa` int(10) unsigned NOT NULL,
  `idregistro` int(10) unsigned NOT NULL,
  `tabla` char(100) NOT NULL,
  PRIMARY KEY (`idrelarc`) USING BTREE
) ENGINE=InnoDB AUTO_INCREMENT=49 DEFAULT CHARSET=latin1;

--
-- Dumping data for table `relarchivo`
--

/*!40000 ALTER TABLE `relarchivo` DISABLE KEYS */;
INSERT INTO `relarchivo` (`idrelarc`,`idarchivoa`,`idregistro`,`tabla`) VALUES 
 (7,0,0,''),
 (8,7,72,'reclamop'),
 (9,8,22,'reclamop'),
 (10,9,64,'reclamop'),
 (11,10,23,'reclamop'),
 (12,11,18,'reclamop'),
 (19,18,8,'reclamop'),
 (20,19,74,'reclamop'),
 (28,27,77,'reclamop'),
 (29,28,77,'reclamop'),
 (30,29,77,'reclamop'),
 (31,30,77,'reclamop'),
 (32,31,80,'reclamop'),
 (36,35,81,'reclamop'),
 (37,36,81,'reclamop'),
 (38,37,81,'reclamop'),
 (40,39,82,'reclamop'),
 (41,40,66,'reclamop'),
 (42,41,92,'reclamop'),
 (43,42,93,'reclamop'),
 (44,1,4,'reclamop'),
 (45,2,9,'reclamop'),
 (47,4,17,'reclamop'),
 (48,5,20,'reclamop');
/*!40000 ALTER TABLE `relarchivo` ENABLE KEYS */;


--
-- Definition of table `relotcompro`
--

DROP TABLE IF EXISTS `relotcompro`;
CREATE TABLE `relotcompro` (
  `idot` int(10) unsigned NOT NULL,
  `idotint` int(10) unsigned NOT NULL,
  `idremitoh` int(10) unsigned NOT NULL,
  `idfacturah` int(10) unsigned NOT NULL,
  `idpresupuh` int(10) unsigned NOT NULL,
  PRIMARY KEY (`idot`)
) ENGINE=InnoDB DEFAULT CHARSET=latin1;

--
-- Dumping data for table `relotcompro`
--

/*!40000 ALTER TABLE `relotcompro` DISABLE KEYS */;
/*!40000 ALTER TABLE `relotcompro` ENABLE KEYS */;


--
-- Definition of table `remitos`
--

DROP TABLE IF EXISTS `remitos`;
CREATE TABLE `remitos` (
  `idremito` int(10) unsigned NOT NULL,
  `idcomproba` int(10) unsigned NOT NULL,
  `pventa` int(10) unsigned NOT NULL DEFAULT '0',
  `numero` int(10) unsigned NOT NULL,
  `tipo` char(1) NOT NULL,
  `fecha` char(8) NOT NULL,
  `entidad` int(10) unsigned NOT NULL,
  `servicio` int(10) unsigned NOT NULL,
  `cuenta` int(10) unsigned NOT NULL,
  `apellido` char(254) NOT NULL,
  `nombre` char(254) NOT NULL,
  `direccion` char(254) NOT NULL,
  `localidad` int(10) unsigned NOT NULL,
  `iva` int(10) unsigned NOT NULL,
  `cuit` char(13) NOT NULL,
  `tipodoc` char(3) NOT NULL DEFAULT '',
  `dni` int(10) unsigned NOT NULL,
  `telefono` char(50) NOT NULL,
  `cp` char(50) NOT NULL,
  `fax` char(50) NOT NULL,
  `email` char(200) NOT NULL,
  `transporte` int(10) unsigned NOT NULL DEFAULT '0',
  `nomtransp` char(254) NOT NULL,
  `direntrega` char(254) NOT NULL,
  `stock` char(1) NOT NULL,
  `idtipoopera` int(10) unsigned NOT NULL,
  `neto` float(13,4) NOT NULL,
  `subtotal` float(13,4) NOT NULL,
  `recargo` float(13,4) NOT NULL,
  `operexenta` char(1) NOT NULL,
  `anulado` char(1) NOT NULL,
  `observa1` char(254) NOT NULL,
  `observa2` char(254) NOT NULL,
  `observa3` char(254) NOT NULL,
  `observa4` char(254) NOT NULL,
  `ruta1` int(10) unsigned NOT NULL,
  `folio1` int(10) unsigned NOT NULL,
  `ruta2` int(10) unsigned NOT NULL,
  `folio2` int(10) unsigned NOT NULL,
  `vendedor` int(10) unsigned NOT NULL DEFAULT '0',
  `astoconta` int(10) unsigned NOT NULL,
  `cespcae` char(100) NOT NULL,
  `caecespven` char(8) NOT NULL,
  PRIMARY KEY (`idremito`)
) ENGINE=InnoDB DEFAULT CHARSET=latin1;

--
-- Dumping data for table `remitos`
--

/*!40000 ALTER TABLE `remitos` DISABLE KEYS */;
INSERT INTO `remitos` (`idremito`,`idcomproba`,`pventa`,`numero`,`tipo`,`fecha`,`entidad`,`servicio`,`cuenta`,`apellido`,`nombre`,`direccion`,`localidad`,`iva`,`cuit`,`tipodoc`,`dni`,`telefono`,`cp`,`fax`,`email`,`transporte`,`nomtransp`,`direntrega`,`stock`,`idtipoopera`,`neto`,`subtotal`,`recargo`,`operexenta`,`anulado`,`observa1`,`observa2`,`observa3`,`observa4`,`ruta1`,`folio1`,`ruta2`,`folio2`,`vendedor`,`astoconta`,`cespcae`,`caecespven`) VALUES 
 (5,15,1,5,'R','20190605',1,0,0,'ROSSI','TULIO','Avellaneda 6737',3,2,'20221414978','80',22141497,'4693586','3000','4693586','trossi@cosemar.com.ar',1,'Bonet Pablo','Avellaneda 6737','',0,0.0000,0.0000,0.0000,'','N','','','','',0,0,0,0,2,0,'',''),
 (6,15,1,6,'R','20190605',1,0,0,'ROSSI','TULIO','Avellaneda 6737',3,2,'20221414978','80',22141497,'4693586','3000','4693586','trossi@cosemar.com.ar',1,'Bonet Pablo','Avellaneda 6737','',0,0.0000,0.0000,0.0000,'','N','','','','',0,0,0,0,2,0,'',''),
 (7,15,1,7,'R','20190605',1,0,0,'ROSSI','TULIO','Avellaneda 6737',3,2,'20221414978','80',22141497,'4693586','3000','4693586','trossi@cosemar.com.ar',1,'Bonet Pablo','Avellaneda 6737','',0,0.0000,0.0000,0.0000,'','N','','','','',0,0,0,0,2,0,'',''),
 (8,15,1,8,'R','20190606',1,0,0,'ROSSI','TULIO','Avellaneda 6737',3,2,'20221414978','80',22141497,'4693586','3000','4693586','trossi@cosemar.com.ar',1,'Bonet Pablo','Avellaneda 6737','',0,0.0000,0.0000,0.0000,'','N','','','','',0,0,0,0,2,0,'',''),
 (9,15,1,9,'R','20190606',4,0,0,'Bonet','Pablo','Mitre',4,2,'20334684734','80',33468473,'','3018','','',1,'Bonet Pablo','Mitre','',0,0.0000,0.0000,0.0000,'','N','','','','',0,0,0,0,2,0,'',''),
 (10,15,1,10,'R','20190606',4,0,0,'Bonet','Pablo','Mitre',4,2,'20334684734','80',33468473,'','3018','','',1,'Bonet Pablo','Mitre','',0,0.0000,0.0000,0.0000,'','N','','','','',0,0,0,0,2,0,'',''),
 (11,15,1,11,'R','20190606',4,0,0,'Bonet','Pablo','Mitre',4,2,'20334684734','80',33468473,'','3018','','',1,'Bonet Pablo','Mitre','',0,0.0000,0.0000,0.0000,'','N','','','','',0,0,0,0,2,0,'',''),
 (12,15,1,12,'R','20190606',4,0,0,'Bonet','Pablo','Mitre',4,2,'20334684734','80',33468473,'','3018','','',1,'Bonet Pablo','Mitre','',0,0.0000,0.0000,0.0000,'','N','','','','',0,0,0,0,2,0,'',''),
 (13,15,1,13,'R','20190606',4,0,0,'Bonet','Pablo','Mitre',4,2,'20334684734','80',33468473,'','3018','','',1,'Bonet Pablo','Mitre','',0,0.0000,0.0000,0.0000,'','N','','','','',0,0,0,0,2,0,'',''),
 (14,15,1,14,'R','20190606',4,0,0,'Bonet','Pablo','Mitre',4,2,'20334684734','80',33468473,'','3018','','',1,'Bonet Pablo','Mitre','',0,0.0000,0.0000,0.0000,'','N','observación1','obser2','observación3','ooooobbbbbbssssssssssssssseeeeeeeeeeeeeeeeerrrrrrrrrrrrrrrrrrrrvvvvvvvvvvvvvvvvvvvvvvaaaaaaaaaaaaaaaaaaaaaa444444444444444',0,0,0,0,2,0,'',''),
 (15,15,1,15,'R','20190606',4,0,0,'Bonet','Pablo','Mitre',4,2,'20334684734','80',33468473,'','3018','','',1,'Bonet Pablo','Mitre','',0,0.0000,0.0000,0.0000,'','N','dasdsadsa','asdsada','sda','sdasdasdsd',0,0,0,0,2,0,'',''),
 (16,15,1,16,'R','20190606',4,0,0,'Bonet','Pablo','Mitre',4,2,'20334684734','80',33468473,'','3018','','',1,'Bonet Pablo','Mitre','',0,0.0000,0.0000,0.0000,'','N','asdsa','adsd','adsdas','asdsadsa',0,0,0,0,2,0,'',''),
 (17,15,1,17,'R','20190606',4,0,0,'Bonet','Pablo','Mitre',4,2,'20334684734','80',33468473,'','3018','','',1,'Bonet Pablo','Mitre','',0,0.0000,0.0000,0.0000,'','N','adasds','asd','asdasd','asdsda',0,0,0,0,2,0,'',''),
 (18,15,1,18,'R','20190606',4,0,0,'Bonet','Pablo','Mitre',4,2,'20334684734','80',33468473,'','3018','','',1,'Bonet Pablo','Mitre','',0,0.0000,0.0000,0.0000,'','N','asdsadas','asd','sadasdas','asdsadsad',0,0,0,0,2,0,'',''),
 (19,15,1,19,'R','20190606',1,0,0,'ROSSI','TULIO','Avellaneda 6737',3,2,'20221414978','80',22141497,'4693586','3000','4693586','trossi@cosemar.com.ar',1,'Bonet Pablo','Avellaneda 6737','',0,0.0000,0.0000,0.0000,'','N','asdasdsa','asdsadasd','asdsadasd','asdasdsadasdsa',0,0,0,0,2,0,'',''),
 (20,15,1,20,'R','20190606',1,0,0,'ROSSI','TULIO','Avellaneda 6737',3,2,'20221414978','80',22141497,'4693586','3000','4693586','trossi@cosemar.com.ar',1,'Bonet Pablo','Avellaneda 6737','',0,0.0000,0.0000,0.0000,'','N','asdasd            sdasd','','','',0,0,0,0,2,0,'',''),
 (21,15,1,21,'R','20190606',4,0,0,'Bonet','Pablo','Mitre',4,2,'20334684734','80',33468473,'','3018','','',1,'Bonet Pablo','Mitre','',0,0.0000,0.0000,0.0000,'','N','asdasd','asd','asasasas','asasasasas',0,0,0,0,2,0,'',''),
 (22,15,1,22,'R','20190612',1,0,0,'ROSSI','TULIO','Avellaneda 6737',3,2,'20221414978','80',22141497,'4693586','3000','4693586','trossi@cosemar.com.ar',1,'Bonet Pablo','Avellaneda 6737','',0,0.0000,0.0000,0.0000,'','N','','','','',0,0,0,0,1,0,'',''),
 (23,15,1,23,'R','20190613',1,0,0,'ROSSI','TULIO','Avellaneda 6737',3,2,'20221414978','80',22141497,'4693586','3000','4693586','trossi@cosemar.com.ar',1,'Bonet Pablo','Avellaneda 6737','',0,0.0000,0.0000,0.0000,'','N','','','','',0,0,0,0,2,0,'',''),
 (24,15,1,24,'R','20190613',1,0,0,'ROSSI','TULIO','Avellaneda 6737',3,2,'20221414978','80',22141497,'4693586','3000','4693586','trossi@cosemar.com.ar',1,'Bonet Pablo','Avellaneda 6737','',0,0.0000,0.0000,0.0000,'','N','','','','',0,0,0,0,1,0,'',''),
 (25,15,1,25,'R','20190613',1,0,0,'ROSSI','TULIO','Avellaneda 6737',3,2,'20221414978','80',22141497,'4693586','3000','4693586','trossi@cosemar.com.ar',1,'Bonet Pablo','Avellaneda 6737','',0,0.0000,0.0000,0.0000,'','N','','','','',0,0,0,0,2,0,'',''),
 (26,15,1,26,'R','20190613',1,0,0,'ROSSI','TULIO','Avellaneda 6737',3,2,'20221414978','80',22141497,'4693586','3000','4693586','trossi@cosemar.com.ar',1,'Bonet Pablo','Avellaneda 6737','',0,0.0000,0.0000,0.0000,'','N','','','','',0,0,0,0,2,0,'',''),
 (27,15,1,27,'R','20190613',1,0,0,'ROSSI','TULIO','Avellaneda 6737',3,2,'20221414978','80',22141497,'4693586','3000','4693586','trossi@cosemar.com.ar',1,'Bonet Pablo','Avellaneda 6737','',0,0.0000,0.0000,0.0000,'','N','','','','',0,0,0,0,2,0,'',''),
 (28,15,1,28,'R','20190613',1,0,0,'ROSSI','TULIO','Avellaneda 6737',3,2,'20221414978','80',22141497,'4693586','3000','4693586','trossi@cosemar.com.ar',1,'Bonet Pablo','Avellaneda 6737','',0,0.0000,0.0000,0.0000,'','N','','','','',0,0,0,0,2,0,'',''),
 (29,15,1,29,'R','20190613',1,0,0,'ROSSI','TULIO','Avellaneda 6737',3,2,'20221414978','80',22141497,'4693586','3000','4693586','trossi@cosemar.com.ar',1,'Bonet Pablo','Avellaneda 6737','',0,0.0000,0.0000,0.0000,'','N','','','','',0,0,0,0,2,0,'',''),
 (30,15,1,30,'R','20190613',1,0,0,'ROSSI','TULIO','Avellaneda 6737',3,2,'20221414978','80',22141497,'4693586','3000','4693586','trossi@cosemar.com.ar',1,'Bonet Pablo','Avellaneda 6737','',0,0.0000,0.0000,0.0000,'','N','','','','',0,0,0,0,2,0,'',''),
 (31,15,1,31,'R','20190613',1,0,0,'ROSSI','TULIO','Avellaneda 6737',3,2,'20221414978','80',22141497,'4693586','3000','4693586','trossi@cosemar.com.ar',1,'Bonet Pablo','Avellaneda 6737','',0,0.0000,0.0000,0.0000,'','N','','','','',0,0,0,0,2,0,'',''),
 (32,15,1,32,'R','20190613',1,0,0,'ROSSI','TULIO','Avellaneda 6737',3,2,'20221414978','80',22141497,'4693586','3000','4693586','trossi@cosemar.com.ar',1,'Bonet Pablo','Avellaneda 6737','',0,0.0000,0.0000,0.0000,'','N','','','','',0,0,0,0,2,0,'',''),
 (33,15,1,33,'R','20190613',1,0,0,'ROSSI','TULIO','Avellaneda 6737',3,2,'20221414978','80',22141497,'4693586','3000','4693586','trossi@cosemar.com.ar',1,'Bonet Pablo','Avellaneda 6737','',0,0.0000,0.0000,0.0000,'','N','','','','',0,0,0,0,1,0,'',''),
 (34,15,1,34,'R','20190614',1,0,0,'ROSSI','TULIO','Avellaneda 6737',3,2,'20221414978','80',22141497,'4693586','3000','4693586','trossi@cosemar.com.ar',1,'Bonet Pablo','Avellaneda 6737','',0,0.0000,0.0000,0.0000,'','N','','','','',0,0,0,0,1,0,'',''),
 (35,15,1,35,'R','20190614',1,0,0,'ROSSI','TULIO','Avellaneda 6737',3,2,'20221414978','80',22141497,'4693586','3000','4693586','trossi@cosemar.com.ar',1,'Bonet Pablo','Avellaneda 6737','',0,0.0000,0.0000,0.0000,'','N','','','','',0,0,0,0,2,0,'',''),
 (36,15,1,36,'R','20190614',1,0,0,'ROSSI','TULIO','Avellaneda 6737',3,2,'20221414978','80',22141497,'4693586','3000','4693586','trossi@cosemar.com.ar',1,'Bonet Pablo','Avellaneda 6737','',0,0.0000,0.0000,0.0000,'','N','','','','',0,0,0,0,2,0,'',''),
 (37,15,1,37,'R','20190614',1,0,0,'ROSSI','TULIO','Avellaneda 6737',3,2,'20221414978','80',22141497,'4693586','3000','4693586','trossi@cosemar.com.ar',1,'Bonet Pablo','Avellaneda 6737','',0,0.0000,0.0000,0.0000,'','N','','','','',0,0,0,0,2,0,'',''),
 (38,15,1,38,'R','20190614',1,0,0,'ROSSI','TULIO','Avellaneda 6737',3,2,'20221414978','80',22141497,'4693586','3000','4693586','trossi@cosemar.com.ar',1,'Bonet Pablo','Avellaneda 6737','',0,0.0000,0.0000,0.0000,'','N','','','','',0,0,0,0,2,0,'',''),
 (39,15,1,39,'R','20190614',1,0,0,'ROSSI','TULIO','Avellaneda 6737',3,2,'20221414978','80',22141497,'4693586','3000','4693586','trossi@cosemar.com.ar',1,'Bonet Pablo','Avellaneda 6737','',0,0.0000,0.0000,0.0000,'','N','','','','',0,0,0,0,2,0,'',''),
 (41,15,1,41,'R','20190615',1,0,0,'ROSSI','TULIO','Avellaneda 6737',3,2,'20221414978','80',22141497,'4693586','3000','4693586','trossi@cosemar.com.ar',1,'Bonet Pablo','Avellaneda 6737','',0,0.0000,0.0000,0.0000,'','N','','','','',0,0,0,0,2,0,'',''),
 (42,15,1,42,'R','20190615',1,0,0,'ROSSI','TULIO','Avellaneda 6737',3,2,'20221414978','80',22141497,'4693586','3000','4693586','trossi@cosemar.com.ar',1,'Bonet Pablo','Avellaneda 6737','',0,0.0000,0.0000,0.0000,'','N','','','','',0,0,0,0,2,0,'',''),
 (43,15,1,43,'R','20190618',1,0,0,'ROSSI','TULIO','Avellaneda 6737',3,2,'20221414978','80',22141497,'4693586','3000','4693586','trossi@cosemar.com.ar',1,'Bonet Pablo','Avellaneda 6737','',0,0.0000,0.0000,0.0000,'','N','','','','',0,0,0,0,2,0,'',''),
 (44,15,1,44,'R','20190618',1,0,0,'ROSSI','TULIO','Avellaneda 6737',3,2,'20221414978','80',22141497,'4693586','3000','4693586','trossi@cosemar.com.ar',1,'Bonet Pablo','Avellaneda 6737','',0,0.0000,0.0000,0.0000,'','N','','','','',0,0,0,0,2,0,'',''),
 (45,15,1,45,'R','20190618',1,0,0,'ROSSI','TULIO','Avellaneda 6737',3,2,'20221414978','80',22141497,'4693586','3000','4693586','trossi@cosemar.com.ar',1,'Bonet Pablo','Avellaneda 6737','',0,0.0000,0.0000,0.0000,'','N','','','','',0,0,0,0,2,0,'',''),
 (46,15,1,46,'R','20190618',1,0,0,'ROSSI','TULIO','Avellaneda 6737',3,2,'20221414978','80',22141497,'4693586','3000','4693586','trossi@cosemar.com.ar',1,'Bonet Pablo','Avellaneda 6737','',0,0.0000,0.0000,0.0000,'','N','','','','',0,0,0,0,2,0,'',''),
 (48,15,1,48,'R','20190618',1,3,2,'OLIVIERO','GERMAN','Avellaneda 6737',3,2,'20221414978','80',22141497,'4693586','3000','4693586','trossi@cosemar.com.ar',1,'Bonet Pablo','Avellaneda 6737','',0,0.0000,0.0000,0.0000,'','N','','','','',0,0,0,0,2,0,'',''),
 (49,15,1,49,'R','20190622',1,0,0,'ROSSI','TULIO','Avellaneda 6737',3,2,'20221414978','80',22141497,'4693586','3000','4693586','trossi@cosemar.com.ar',1,'Bonet Pablo','Avellaneda 6737','',0,0.0000,0.0000,0.0000,'','N','','','','',0,0,0,0,2,0,'',''),
 (50,15,1,50,'R','20190627',1,0,0,'ROSSI','TULIO','Avellaneda 6737',3,2,'20221414978','80',22141497,'4693586','3000','4693586','trossi@cosemar.com.ar',1,'Bonet Pablo','Avellaneda 6737','',0,0.0000,0.0000,0.0000,'','N','Observación 1','Observación 2','Observación 3','Observación 4',0,0,0,0,1,0,'',''),
 (51,15,1,51,'R','20190627',1,0,0,'ROSSI','TULIO','Avellaneda 6737',3,2,'20221414978','80',22141497,'4693586','3000','4693586','trossi@cosemar.com.ar',1,'Bonet Pablo','Avellaneda 6737','',0,0.0000,0.0000,0.0000,'','N','Obs 1','Obs 2','Obs 3','Obs 4',0,0,0,0,2,0,'',''),
 (52,15,1,52,'R','20190627',1,0,0,'ROSSI','TULIO','Avellaneda 6737',3,2,'20221414978','80',22141497,'4693586','3000','4693586','trossi@cosemar.com.ar',1,'Bonet Pablo','Avellaneda 6737','',0,0.0000,0.0000,0.0000,'','N','Obs 1','Obs 2','Obs 3','Obs 4',0,0,0,0,2,0,'',''),
 (53,15,1,53,'R','20190628',1,0,0,'ROSSI','TULIO','Avellaneda 6737',3,2,'20221414978','80',22141497,'4693586','3000','4693586','trossi@cosemar.com.ar',1,'Bonet Pablo','Avellaneda 6737','',0,0.0000,0.0000,0.0000,'','N','obs','','','',0,0,0,0,2,0,'',''),
 (54,15,1,54,'R','20190628',1,0,0,'ROSSI','TULIO','Avellaneda 6737',3,2,'20221414978','80',22141497,'4693586','3000','4693586','trossi@cosemar.com.ar',1,'Bonet Pablo','Avellaneda 6737','',0,0.0000,0.0000,0.0000,'','N','','','','',0,0,0,0,2,0,'',''),
 (55,15,1,55,'R','20190628',1,0,0,'ROSSI','TULIO','Avellaneda 6737',3,2,'20221414978','80',22141497,'4693586','3000','4693586','trossi@cosemar.com.ar',1,'Bonet Pablo','Avellaneda 6737','',0,0.0000,0.0000,0.0000,'','N','','','','',0,0,0,0,2,0,'',''),
 (56,15,1,56,'R','20190628',1,0,0,'ROSSI','TULIO','Avellaneda 6737',3,2,'20221414978','80',22141497,'4693586','3000','4693586','trossi@cosemar.com.ar',1,'Bonet Pablo','Avellaneda 6737','',0,0.0000,0.0000,0.0000,'','N','','','','',0,0,0,0,2,0,'',''),
 (57,15,1,57,'R','20190628',1,0,0,'ROSSI','TULIO','Avellaneda 6737',3,2,'20221414978','80',22141497,'4693586','3000','4693586','trossi@cosemar.com.ar',1,'Bonet Pablo','Avellaneda 6737','',0,0.0000,0.0000,0.0000,'','N','','','','',0,0,0,0,2,0,'',''),
 (58,15,1,58,'R','20190628',1,0,0,'ROSSI','TULIO','Avellaneda 6737',3,2,'20221414978','80',22141497,'4693586','3000','4693586','trossi@cosemar.com.ar',1,'Bonet Pablo','Avellaneda 6737','',0,0.0000,0.0000,0.0000,'','N','','','','',0,0,0,0,2,0,'',''),
 (62,15,1,4,'R','20190628',3,0,0,'OLIVIERO','GERMAN','PEDRO CENTENO',3,1,'20222222223','99',2121,'AAAAAD','3000','DSF','',1,'Bonet Pablo','PEDRO CENTENO','',0,0.0000,0.0000,0.0000,'','N','','','','',0,0,0,0,2,0,'',''),
 (65,15,1,3,'R','20190628',7,0,0,'Werk Constructora SRL-Del Sol SRL-Idea SA-Union transitoria','','Dorrego 745',6,1,'30715726684','80',0,'','2000','','',1,'Bonet Pablo','Dorrego 745','',0,0.0000,0.0000,0.0000,'','N','','','','',0,0,0,0,2,0,'',''),
 (66,15,1,4,'R','20190628',7,0,0,'Werk Constructora SRL-Del Sol SRL-Idea SA-Union transitoria','','Dorrego 745',6,1,'30715726684','80',0,'','2000','','',1,'Bonet Pablo','Dorrego 745','',0,0.0000,0.0000,0.0000,'','N','','','','',0,0,0,0,2,0,'',''),
 (67,15,1,1,'R','20190628',7,0,0,'Werk Constructora SRL-Del Sol SRL-Idea SA-Union transitoria','','Dorrego 745',6,1,'30715726684','80',0,'','2000','','',1,'Bonet Pablo','Dorrego 745 - Rosario Norte - Santa Fe - Arg','',0,0.0000,0.0000,0.0000,'','N','Fabricados integramente en melamina sobre mdf 18 mm color blanco','','','',0,0,0,0,2,0,'',''),
 (68,15,5,1,'R','20190701',7,0,0,'Werk Constructora SRL-Del Sol SRL-Idea SA-Union transitoria','','Dorrego 745',6,1,'30715726684','80',0,'','2000','','',1,'Bonet Pablo','Obra Nuevo Profesorado N4 Ángel Carcano - Reconquista','',0,0.0000,0.0000,0.0000,'','N','Fabricados integramente en melamina sobre mdf 18 mm color blanco','Valor declarado: $1.200.000,00','','',0,0,0,0,2,0,'',''),
 (69,15,1,59,'R','20190703',1,0,0,'ROSSI','TULIO','Avellaneda 6737',3,2,'20221414978','80',22141497,'4693586','3000','4693586','trossi@cosemar.com.ar',1,'Bonet Pablo','Avellaneda 6737','',0,0.0000,0.0000,0.0000,'','N','','','','',0,0,0,0,2,0,'',''),
 (76,15,1,66,'R','20190905',8,0,0,'Diaz Ramon Florencio','','Ayacucho 2689',8,1,'20142710065','80',0,'','3400','','',1,'Bonet Pablo','Ayacucho 2689','',0,0.0000,0.0000,0.0000,'','N','Valor declarado: $93.970,00','','','',0,0,0,0,2,0,'',''),
 (78,15,1,68,'R','20190916',9,0,0,'TECNO-DALVO SRL','','URQUIZA 3440',3,1,'30707854088','80',0,'','3000','','',1,'Bonet Pablo','URQUIZA 3440','',0,0.0000,0.0000,0.0000,'','N','Valor declarado: $62.184,30','','','',0,0,0,0,2,0,'',''),
 (79,15,1,69,'R','20190917',10,0,0,'','','A Storni 1101',4,1,'20147070334','96',14707033,'','3018','','',1,'Bonet Pablo','A Storni 1101','',0,0.0000,0.0000,0.0000,'','N','','','','',0,0,0,0,2,0,'','');
/*!40000 ALTER TABLE `remitos` ENABLE KEYS */;


--
-- Definition of table `remitosh`
--

DROP TABLE IF EXISTS `remitosh`;
CREATE TABLE `remitosh` (
  `idremito` int(10) unsigned NOT NULL,
  `idremitoh` int(10) unsigned NOT NULL,
  `articulo` char(50) NOT NULL,
  `idconcepto` int(10) unsigned NOT NULL,
  `servicio` int(10) unsigned NOT NULL,
  `cantidad` float(13,4) NOT NULL DEFAULT '0.0000',
  `unidad` char(10) NOT NULL,
  `cantidadfc` float(13,4) NOT NULL DEFAULT '0.0000',
  `unidadfc` char(10) NOT NULL,
  `detalle` char(254) NOT NULL,
  `unitario` float(13,4) NOT NULL,
  `impuestos` float(13,4) NOT NULL DEFAULT '0.0000',
  `total` float(13,4) NOT NULL,
  `codigocta` char(20) NOT NULL,
  `nombrecta` char(100) NOT NULL,
  `padron` int(10) unsigned NOT NULL,
  `impuesto` int(10) unsigned NOT NULL DEFAULT '0',
  `razonimp` float(13,4) NOT NULL,
  PRIMARY KEY (`idremitoh`)
) ENGINE=InnoDB DEFAULT CHARSET=latin1;

--
-- Dumping data for table `remitosh`
--

/*!40000 ALTER TABLE `remitosh` DISABLE KEYS */;
INSERT INTO `remitosh` (`idremito`,`idremitoh`,`articulo`,`idconcepto`,`servicio`,`cantidad`,`unidad`,`cantidadfc`,`unidadfc`,`detalle`,`unitario`,`impuestos`,`total`,`codigocta`,`nombrecta`,`padron`,`impuesto`,`razonimp`) VALUES 
 (10,9,'0101001',0,0,5.0000,'UNIDADES',0.0000,'','Alambre de bajada c/autop.2 x 0.61',0.0000,0.0000,0.0000,'','',0,0,0.0000),
 (11,11,'0101001',0,0,5.0000,'UNIDADES',0.0000,'','Alambre de bajada c/autop.2 x 0.61',0.0000,0.0000,0.0000,'','',0,0,0.0000),
 (11,12,'0101002',0,0,15.0000,'UNIDADES',0.0000,'','Alambre de bajada PVC 2 x 0.81',0.0000,0.0000,0.0000,'','',0,0,0.0000),
 (12,13,'0101001',0,0,1.0000,'UNIDADES',0.0000,'','Alambre de bajada c/autop.2 x 0.61',0.0000,0.0000,0.0000,'','',0,0,0.0000),
 (12,14,'0101002',0,0,5.0000,'UNIDADES',0.0000,'','Alambre de bajada PVC 2 x 0.81',0.0000,0.0000,0.0000,'','',0,0,0.0000),
 (13,15,'0101002',0,0,5.0000,'UNIDADES',0.0000,'','Alambre de bajada PVC 2 x 0.81',0.0000,0.0000,0.0000,'','',0,0,0.0000),
 (13,16,'0101001',0,0,2.0000,'UNIDADES',0.0000,'','Alambre de bajada c/autop.2 x 0.61',0.0000,0.0000,0.0000,'','',0,0,0.0000),
 (14,17,'0101001',0,0,5.0000,'UNIDADES',0.0000,'','Alambre de bajada c/autop.2 x 0.61',0.0000,0.0000,0.0000,'','',0,0,0.0000),
 (14,18,'0101002',0,0,2.0000,'UNIDADES',0.0000,'','Alambre de bajada PVC 2 x 0.81',0.0000,0.0000,0.0000,'','',0,0,0.0000),
 (15,19,'0101001',0,0,5.0000,'UNIDADES',0.0000,'','Alambre de bajada c/autop.2 x 0.61',0.0000,0.0000,0.0000,'','',0,0,0.0000),
 (16,20,'0101001',0,0,5.0000,'UNIDADES',0.0000,'','Alambre de bajada c/autop.2 x 0.61',0.0000,0.0000,0.0000,'','',0,0,0.0000),
 (16,21,'0101002',0,0,5.0000,'UNIDADES',0.0000,'','Alambre de bajada PVC 2 x 0.81',0.0000,0.0000,0.0000,'','',0,0,0.0000),
 (17,22,'0101001',0,0,5.0000,'UNIDADES',0.0000,'','Alambre de bajada c/autop.2 x 0.61',0.0000,0.0000,0.0000,'','',0,0,0.0000),
 (17,23,'0101002',0,0,1.0000,'UNIDADES',0.0000,'','Alambre de bajada PVC 2 x 0.81',0.0000,0.0000,0.0000,'','',0,0,0.0000),
 (18,24,'0101001',0,0,5.0000,'UNIDADES',0.0000,'','Alambre de bajada c/autop.2 x 0.61',0.0000,0.0000,0.0000,'','',0,0,0.0000),
 (18,25,'0101002',0,0,2.0000,'UNIDADES',0.0000,'','Alambre de bajada PVC 2 x 0.81',0.0000,0.0000,0.0000,'','',0,0,0.0000),
 (19,26,'0101001',0,0,5.0000,'UNIDADES',0.0000,'','Alambre de bajada c/autop.2 x 0.61',0.0000,0.0000,0.0000,'','',0,0,0.0000),
 (19,27,'0101002',0,0,2.0000,'UNIDADES',0.0000,'','Alambre de bajada PVC 2 x 0.81',0.0000,0.0000,0.0000,'','',0,0,0.0000),
 (20,28,'0101001',0,0,5.0000,'UNIDADES',0.0000,'','Alambre de bajada c/autop.2 x 0.61',0.0000,0.0000,0.0000,'','',0,0,0.0000),
 (20,29,'0101002',0,0,10.0000,'UNIDADES',0.0000,'','Alambre de bajada PVC 2 x 0.81',0.0000,0.0000,0.0000,'','',0,0,0.0000),
 (21,30,'0101001',0,0,5.0000,'UNIDADES',0.0000,'','Alambre de bajada c/autop.2 x 0.61',0.0000,0.0000,0.0000,'','',0,0,0.0000),
 (21,31,'0101002',0,0,2.0000,'UNIDADES',0.0000,'','Alambre de bajada PVC 2 x 0.81',0.0000,0.0000,0.0000,'','',0,0,0.0000),
 (22,32,'0101001',0,0,5.0000,'UNIDADES',0.0000,'','Alambre de bajada c/autop.2 x 0.61',0.0000,0.0000,0.0000,'','',0,0,0.0000),
 (23,33,'0101001',0,0,5.0000,'UNIDADES',0.0000,'','Alambre de bajada c/autop.2 x 0.61',0.0000,0.0000,0.0000,'','',0,0,0.0000),
 (24,34,'0101001',0,0,5.0000,'UNIDADES',0.0000,'','Alambre de bajada c/autop.2 x 0.61',0.0000,0.0000,0.0000,'','',0,0,0.0000),
 (25,35,'0101001',0,0,5.0000,'UNIDADES',0.0000,'','Alambre de bajada c/autop.2 x 0.61',0.0000,0.0000,0.0000,'','',0,0,0.0000),
 (25,36,'0101002',0,0,6.0000,'UNIDADES',0.0000,'','Alambre de bajada PVC 2 x 0.81',0.0000,0.0000,0.0000,'','',0,0,0.0000),
 (26,37,'0101001',0,0,5.0000,'UNIDADES',0.0000,'','Alambre de bajada c/autop.2 x 0.61',0.0000,0.0000,0.0000,'','',0,0,0.0000),
 (27,38,'0101001',0,0,5.0000,'UNIDADES',0.0000,'','Alambre de bajada c/autop.2 x 0.61',0.0000,0.0000,0.0000,'','',0,0,0.0000),
 (28,39,'0101001',0,0,5.0000,'UNIDADES',0.0000,'','Alambre de bajada c/autop.2 x 0.61',0.0000,0.0000,0.0000,'','',0,0,0.0000),
 (29,40,'0101001',0,0,5.0000,'UNIDADES',0.0000,'','Alambre de bajada c/autop.2 x 0.61',0.0000,0.0000,0.0000,'','',0,0,0.0000),
 (30,41,'0101001',0,0,5.0000,'UNIDADES',0.0000,'','Alambre de bajada c/autop.2 x 0.61',0.0000,0.0000,0.0000,'','',0,0,0.0000),
 (30,42,'0101002',0,0,2.0000,'UNIDADES',0.0000,'','Alambre de bajada PVC 2 x 0.81',0.0000,0.0000,0.0000,'','',0,0,0.0000),
 (31,43,'0101001',0,0,10.0000,'UNIDADES',0.0000,'','Alambre de bajada c/autop.2 x 0.61',0.0000,0.0000,0.0000,'','',0,0,0.0000),
 (32,44,'0101001',0,0,5.0000,'UNIDADES',0.0000,'','Alambre de bajada c/autop.2 x 0.61',0.0000,0.0000,0.0000,'','',0,0,0.0000),
 (33,45,'0101001',0,0,10.0000,'UNIDADES',0.0000,'','Alambre de bajada c/autop.2 x 0.61',0.0000,0.0000,0.0000,'','',0,0,0.0000),
 (34,46,'0101002',0,0,5.0000,'UNIDADES',0.0000,'','Alambre de bajada PVC 2 x 0.81',0.0000,0.0000,0.0000,'','',0,0,0.0000),
 (35,47,'0101001',0,0,1.0000,'UNIDADES',0.0000,'','Alambre de bajada c/autop.2 x 0.61',0.0000,0.0000,0.0000,'','',0,0,0.0000),
 (36,48,'0101001',0,0,2.0000,'UNIDADES',0.0000,'','Alambre de bajada c/autop.2 x 0.61',121.2000,50.9040,293.3040,'','',0,0,0.0000),
 (37,49,'0101001',0,0,2.0000,'UNIDADES',0.0000,'','Alambre de bajada c/autop.2 x 0.61',121.2000,50.9040,293.3040,'','',0,0,0.0000),
 (38,50,'0101001',0,0,2.0000,'UNIDADES',0.0000,'','Alambre de bajada c/autop.2 x 0.61',121.2000,50.9040,293.3040,'','',0,0,0.0000),
 (39,51,'0101001',0,0,2.0000,'UNIDADES',0.0000,'','Alambre de bajada c/autop.2 x 0.61',121.2000,50.9040,293.3040,'','',0,0,0.0000),
 (41,52,'0101001',0,0,2.0000,'UNIDADES',0.0000,'','Alambre de bajada c/autop.2 x 0.61',121.2000,50.9040,293.3040,'','',0,0,0.0000),
 (42,53,'0101001',0,0,2.0000,'UNIDADES',0.0000,'','Alambre de bajada c/autop.2 x 0.61',121.2000,0.0000,242.4000,'','',0,0,0.0000),
 (43,54,'0101001',0,0,5.0000,'UNIDADES',0.0000,'','Alambre de bajada c/autop.2 x 0.61',0.0000,0.0000,0.0000,'','',0,0,0.0000),
 (44,55,'0101001',0,0,2.0000,'UNIDADES',0.0000,'','Alambre de bajada c/autop.2 x 0.61',0.0000,0.0000,0.0000,'','',0,0,0.0000),
 (44,56,'0101002',0,0,10.0000,'UNIDADES',0.0000,'','Alambre de bajada PVC 2 x 0.81',0.0000,0.0000,0.0000,'','',0,0,0.0000),
 (45,57,'0101001',0,0,2.0000,'UNIDADES',0.0000,'','Alambre de bajada c/autop.2 x 0.61',121.2000,50.9040,1095.5341,'','',0,0,0.0000),
 (45,58,'0101002',0,0,5.0000,'UNIDADES',0.0000,'','Alambre de bajada PVC 2 x 0.81',0.0000,0.0000,0.0000,'','',0,0,0.0000),
 (46,59,'0101001',0,0,2.0000,'UNIDADES',0.0000,'','Alambre de bajada c/autop.2 x 0.61',121.2000,50.9040,1095.5341,'','',0,0,0.0000),
 (46,60,'0101002',0,0,5.0000,'UNIDADES',0.0000,'','Alambre de bajada PVC 2 x 0.81',132.6000,139.2300,1095.5341,'','',0,0,0.0000),
 (48,61,'0101002',0,0,10.0000,'UNIDADES',0.0000,'','Alambre de bajada PVC 2 x 0.81',0.0000,0.0000,0.0000,'','',0,0,0.0000),
 (49,62,'0101001',0,0,10.0000,'UNIDADES',0.0000,'','Alambre de bajada c/autop.2 x 0.61',0.0000,0.0000,0.0000,'','',0,0,0.0000),
 (50,63,'0101001',0,0,5.0000,'UNIDADES',0.0000,'','Alambre de bajada c/autop.2 x 0.61',0.0000,0.0000,0.0000,'','',0,0,0.0000),
 (50,64,'0101002',0,0,10.0000,'UNIDADES',0.0000,'','Alambre de bajada PVC 2 x 0.81',0.0000,0.0000,0.0000,'','',0,0,0.0000),
 (52,65,'0101001',0,0,4.0000,'UNIDADES',0.0000,'','Alambre de bajada c/autop.2 x 0.61',0.0000,0.0000,0.0000,'','',0,0,0.0000),
 (52,66,'0101002',0,0,5.0000,'UNIDADES',0.0000,'','Alambre de bajada PVC 2 x 0.81',0.0000,0.0000,0.0000,'','',0,0,0.0000),
 (53,67,'0101001',0,0,5.0000,'UNIDADES',0.0000,'','Alambre de bajada c/autop.2 x 0.61',0.0000,0.0000,0.0000,'','',0,0,0.0000),
 (54,68,'0101001',0,0,5.0000,'UNIDADES',0.0000,'','Alambre de bajada c/autop.2 x 0.61',0.0000,0.0000,0.0000,'','',0,0,0.0000),
 (55,69,'0101001',0,0,5.0000,'UNIDADES',0.0000,'','Alambre de bajada c/autop.2 x 0.61',0.0000,0.0000,0.0000,'','',0,0,0.0000),
 (56,70,'0101001',0,0,1.0000,'UNIDADES',0.0000,'','Alambre de bajada c/autop.2 x 0.61',0.0000,0.0000,0.0000,'','',0,0,0.0000),
 (57,71,'0101001',0,0,5.0000,'UNIDADES',0.0000,'','Alambre de bajada c/autop.2 x 0.61',0.0000,0.0000,0.0000,'','',0,0,0.0000),
 (58,72,'0000913019',0,0,4.0000,'UNI',0.0000,'','Armario Sala de informatica-2,00x7,52x0,75 Mts',0.0000,0.0000,0.0000,'','',0,0,0.0000),
 (58,73,'0000913020',0,0,1.0000,'UNI',0.0000,'','Armario SUM-2,00x8,65x0,75 Mts',0.0000,0.0000,0.0000,'','',0,0,0.0000),
 (58,74,'0000913021',0,0,1.0000,'UNI',0.0000,'','Armario Laboratorio-2,00x8,65x0,75 Mts',0.0000,0.0000,0.0000,'','',0,0,0.0000),
 (58,75,'0000913022',0,0,32.0000,'UNI',0.0000,'','Armario Aula-1,98x5,00x0,75 Mts',0.0000,0.0000,0.0000,'','',0,0,0.0000),
 (62,76,'0101001',0,0,5.0000,'UNIDADES',0.0000,'','Alambre de bajada c/autop.2 x 0.61',0.0000,0.0000,0.0000,'','',0,0,0.0000),
 (65,77,'0101001',0,0,5.0000,'UNIDADES',0.0000,'','Alambre de bajada c/autop.2 x 0.61',0.0000,0.0000,0.0000,'','',0,0,0.0000),
 (66,78,'0000913019',0,0,1.0000,'UNI',0.0000,'','Armario Sala de informatica-2,00x7,52x0,75 Mts',0.0000,0.0000,0.0000,'','',0,0,0.0000),
 (67,79,'0000913019',0,0,4.0000,'UNI',0.0000,'','Armario Sala de informatica-2,00x7,52x0,75 Mts',0.0000,0.0000,0.0000,'','',0,0,0.0000),
 (67,80,'0000913020',0,0,1.0000,'UNI',0.0000,'','Armario SUM-2,00x8,65x0,75 Mts',0.0000,0.0000,0.0000,'','',0,0,0.0000),
 (67,81,'0000913021',0,0,1.0000,'UNI',0.0000,'','Armario Laboratorio-2,00x8,65x0,75 Mts',0.0000,0.0000,0.0000,'','',0,0,0.0000),
 (67,82,'0000913022',0,0,32.0000,'UNI',0.0000,'','Armario Aula-1,98x5,00x0,75 Mts',0.0000,0.0000,0.0000,'','',0,0,0.0000),
 (68,83,'0000913019',0,0,4.0000,'UNI',0.0000,'','Armario Sala de informatica-2,00x7,52x0,75 Mts',0.0000,0.0000,0.0000,'','',0,0,0.0000),
 (68,84,'0000913020',0,0,1.0000,'UNI',0.0000,'','Armario SUM-2,00x8,65x0,75 Mts',0.0000,0.0000,0.0000,'','',0,0,0.0000),
 (68,85,'0000913021',0,0,1.0000,'UNI',0.0000,'','Armario Laboratorio-2,00x8,65x0,75 Mts',0.0000,0.0000,0.0000,'','',0,0,0.0000),
 (68,86,'0000913022',0,0,32.0000,'UNI',0.0000,'','Armario Aula-1,98x5,00x0,75 Mts',0.0000,0.0000,0.0000,'','',0,0,0.0000),
 (69,87,'0101001',0,0,2.0000,'UNIDADES',0.0000,'','Alambre de bajada c/autop.2 x 0.61',0.0000,0.0000,0.0000,'','',0,0,0.0000),
 (76,88,'01',0,0,1.0000,'UNI',0.0000,'','Amoblamiento a medida Amoblark Linea Oficina',0.0000,0.0000,0.0000,'','',0,0,0.0000),
 (78,89,'01',0,0,1.0000,'UNI',0.0000,'','Amoblamiento a medida Amoblark Linea Oficina',0.0000,0.0000,0.0000,'','',0,0,0.0000),
 (79,90,'01',0,0,1.0000,'UNI',0.0000,'','Amoblamiento a medida Amoblark Linea Oficina',0.0000,0.0000,0.0000,'','',0,0,0.0000);
/*!40000 ALTER TABLE `remitosh` ENABLE KEYS */;


--
-- Definition of table `remitosprovh`
--

DROP TABLE IF EXISTS `remitosprovh`;
CREATE TABLE `remitosprovh` (
  `idremiprovh` int(10) unsigned NOT NULL DEFAULT '0',
  `idremiprovp` int(10) unsigned NOT NULL DEFAULT '0',
  `renglon` int(10) unsigned NOT NULL,
  `articulo` char(20) NOT NULL,
  `codartprov` char(20) NOT NULL,
  `detalle` char(254) NOT NULL,
  `cantidad` float(13,2) NOT NULL,
  `unitario` float(13,2) NOT NULL,
  `unidad` char(20) NOT NULL,
  `impuestos` float(13,2) NOT NULL,
  `total` float(13,2) NOT NULL,
  PRIMARY KEY (`idremiprovh`) USING BTREE
) ENGINE=InnoDB DEFAULT CHARSET=latin1;

--
-- Dumping data for table `remitosprovh`
--

/*!40000 ALTER TABLE `remitosprovh` DISABLE KEYS */;
/*!40000 ALTER TABLE `remitosprovh` ENABLE KEYS */;


--
-- Definition of table `remitosprovp`
--

DROP TABLE IF EXISTS `remitosprovp`;
CREATE TABLE `remitosprovp` (
  `idremitprovp` int(10) unsigned NOT NULL DEFAULT '0',
  `actividad` int(10) unsigned NOT NULL,
  `numero` int(10) unsigned NOT NULL,
  `entidad` int(10) unsigned NOT NULL,
  `apellido` char(200) NOT NULL,
  `nombre` char(200) NOT NULL,
  `direccion` char(100) NOT NULL,
  `localidad` int(10) unsigned NOT NULL DEFAULT '0',
  `iva` int(10) unsigned NOT NULL,
  `cuit` char(13) NOT NULL,
  `fecha` char(8) NOT NULL,
  `observa1` char(254) NOT NULL DEFAULT '',
  `observa2` char(254) NOT NULL DEFAULT '',
  `observa3` char(254) NOT NULL DEFAULT '',
  `observa4` char(254) NOT NULL DEFAULT '',
  `fecharp` char(8) NOT NULL,
  `actividadrp` int(10) unsigned NOT NULL DEFAULT '0',
  `numerorp` int(10) unsigned NOT NULL,
  `deposito` int(10) unsigned NOT NULL,
  PRIMARY KEY (`idremitprovp`) USING BTREE
) ENGINE=InnoDB DEFAULT CHARSET=latin1;

--
-- Dumping data for table `remitosprovp`
--

/*!40000 ALTER TABLE `remitosprovp` DISABLE KEYS */;
/*!40000 ALTER TABLE `remitosprovp` ENABLE KEYS */;


--
-- Definition of table `reportesimp`
--

DROP TABLE IF EXISTS `reportesimp`;
CREATE TABLE `reportesimp` (
  `idreporte` int(10) unsigned NOT NULL,
  `nombre` char(50) NOT NULL,
  `descripcion` char(254) NOT NULL,
  PRIMARY KEY (`idreporte`)
) ENGINE=InnoDB DEFAULT CHARSET=latin1;

--
-- Dumping data for table `reportesimp`
--

/*!40000 ALTER TABLE `reportesimp` DISABLE KEYS */;
INSERT INTO `reportesimp` (`idreporte`,`nombre`,`descripcion`) VALUES 
 (1,'facturas1.rpt','Modelo 1 de facturas u otros comprobantes'),
 (2,'recibos1.rpt','Modelo 1 de recibos'),
 (3,'comprobante.rpt',''),
 (4,'articulos.rpt',''),
 (5,'artimpu.rpt',''),
 (6,'artPro.rpt',''),
 (7,'bancos.rpt',''),
 (8,'bibliotecaf.rpt',''),
 (9,'conceptos.rpt',''),
 (10,'empleados.rpt',''),
 (11,'entidades.rpt',''),
 (12,'otordentra.rpt',''),
 (13,'otmateriales.rpt',''),
 (14,'vendedores.rpt',''),
 (15,'comprobantes.rpt',''),
 (16,'conceptoser.rpt',''),
 (17,'condfiscal.rpt',''),
 (18,'ajustestock.rpt',''),
 (19,'depositos.rpt',''),
 (20,'empresas.rpt',''),
 (21,'entidadesc.rpt',''),
 (22,'entidadescr.rpt',''),
 (23,'entidadesg.rpt',''),
 (24,'entidadesh.rpt',''),
 (25,'gruposepelio.rpt',''),
 (26,'iconos.rpt',''),
 (27,'impuestos.rpt',''),
 (28,'lineas.rpt',''),
 (29,'localidades.rpt',''),
 (30,'monedas.rpt',''),
 (31,'otestados.rpt',''),
 (32,'otetapas.rpt',''),
 (33,'otDetalle.rpt',''),
 (34,'pedidoOt.rpt',''),
 (35,'ottiposmovi.rpt',''),
 (36,'paises.rpt',''),
 (37,'provincias.rpt',''),
 (38,'puntosventa.rpt',''),
 (39,'servicios.rpt',''),
 (40,'sucursales.rpt',''),
 (41,'tarjetacredito.rpt',''),
 (42,'tipocompro.rpt',''),
 (43,'tipomstock.rpt',''),
 (44,'settoolb.rpt',''),
 (45,'zonas.rpt',''),
 (46,'otlineasmat.rpt',''),
 (47,'movistock.rpt',''),
 (48,'otlistadostock.rpt',''),
 (49,'movimientosstock.rpt',''),
 (50,'otinfotrazabilidad.rpt','Informe de Trazabilidad del formulario otinformesot'),
 (51,'otinfopendientes.rpt','Informe de Pendientes del formulario otinformesot'),
 (52,'otinfoestados.rpt','Informe de Estados y costos estimados'),
 (53,'otejecuh.rpt','Reporte de ejecución de horas'),
 (54,'otmatequipro.rpt','Informe de codigo de materiales equivalentes de proveedores'),
 (55,'remitos1.rpt','Modelo 1 de remito'),
 (56,'cuotasfacturadas.rpt',''),
 (57,'np1.rpt','Modelo 1 de NP'),
 (58,'pagosprov1.rpt','Modelo 1 de Pagos a Proveedores'),
 (59,'reclamorep.rpt','Reporte para el reclamo'),
 (60,'listareclamos.rpt','Reporte para el listado de reclamos');
/*!40000 ALTER TABLE `reportesimp` ENABLE KEYS */;


--
-- Definition of table `servicios`
--

DROP TABLE IF EXISTS `servicios`;
CREATE TABLE `servicios` (
  `servicio` int(10) unsigned NOT NULL,
  `detalle` char(100) NOT NULL,
  `fechaalta` char(8) NOT NULL,
  `diasvenc2` int(10) unsigned NOT NULL,
  `diasvenc3` int(10) unsigned NOT NULL,
  `diasdescon` int(10) unsigned NOT NULL,
  `interesd` float(13,4) NOT NULL,
  PRIMARY KEY (`servicio`)
) ENGINE=InnoDB DEFAULT CHARSET=latin1;

--
-- Dumping data for table `servicios`
--

/*!40000 ALTER TABLE `servicios` DISABLE KEYS */;
INSERT INTO `servicios` (`servicio`,`detalle`,`fechaalta`,`diasvenc2`,`diasvenc3`,`diasdescon`,`interesd`) VALUES 
 (2,'RADIO FM 93.5','20160511',10,2,13,0.0000),
 (3,'SEPELIO','20161112',10,15,20,0.0000);
/*!40000 ALTER TABLE `servicios` ENABLE KEYS */;


--
-- Definition of table `serviciosimpu`
--

DROP TABLE IF EXISTS `serviciosimpu`;
CREATE TABLE `serviciosimpu` (
  `impuesto` int(10) unsigned NOT NULL,
  `servicio` int(10) unsigned NOT NULL
) ENGINE=InnoDB DEFAULT CHARSET=latin1;

--
-- Dumping data for table `serviciosimpu`
--

/*!40000 ALTER TABLE `serviciosimpu` DISABLE KEYS */;
INSERT INTO `serviciosimpu` (`impuesto`,`servicio`) VALUES 
 (2,2);
/*!40000 ALTER TABLE `serviciosimpu` ENABLE KEYS */;


--
-- Definition of table `seteolog`
--

DROP TABLE IF EXISTS `seteolog`;
CREATE TABLE `seteolog` (
  `tabla` char(50) NOT NULL,
  `campo` char(50) NOT NULL,
  `tipo` char(1) NOT NULL,
  `log` char(1) NOT NULL,
  PRIMARY KEY (`tabla`)
) ENGINE=InnoDB DEFAULT CHARSET=latin1;

--
-- Dumping data for table `seteolog`
--

/*!40000 ALTER TABLE `seteolog` DISABLE KEYS */;
INSERT INTO `seteolog` (`tabla`,`campo`,`tipo`,`log`) VALUES 
 ('afipcompro','idafipcom','I','N'),
 ('afipimpuestos','idafipimp','I','N'),
 ('afiptipodocu','idafiptipod','I','N'),
 ('ajustestocke','idajuste','I','N'),
 ('ajustestockh','idajusteh','I','N'),
 ('ajustestockimp','idajuste','I','N'),
 ('ajustestockp','idajuste','I','N'),
 ('arqueocajah','idarqueo','I','N'),
 ('arqueocajap','idarqueo','I','N'),
 ('articulos','articulo','I','N'),
 ('articulosf','idartf','I','N'),
 ('articulosimg','idartimg','I','N'),
 ('articulosimp','idartimp','I','N'),
 ('articulospro','idartpro','I','N'),
 ('asientos','idasientod','I','N'),
 ('asientoscompro','idasiento','I','N'),
 ('astocuenta','idastocuenta','I','N'),
 ('astofiltros','idfiltro','I','N'),
 ('astofiltrosd','idfiltrod','I','N'),
 ('astomode','codasto','I','N'),
 ('astomodelo','idastomode','I','N'),
 ('astovalor','idastovalor','I','N'),
 ('bancos','idbanco','I','N'),
 ('bocaservicios','identidadh','I','N'),
 ('cajabancos','idcuenta','I','N'),
 ('cajaie','idcajaie','I','N'),
 ('cajamovih','idcajamovip','I','N'),
 ('cajamovip','idcajamovip','I','N'),
 ('cajarecauda','idcajareca','I','N'),
 ('cajarecaudah','idcajareh','I','N'),
 ('campoconta','idcpoconta','I','N'),
 ('campocontag','idcpocontag','I','N'),
 ('campogrupo','idcampog','I','N'),
 ('carterach','idcartera','I','N'),
 ('carterachdeta','idcartera','I','N'),
 ('carteracheque','idcartera','I','N'),
 ('carterachequed','idcheque','I','N'),
 ('chequesprop','idchequep','I','N'),
 ('cobrocomproba','idcomprobafact','I','N'),
 ('cobros','idcobro','I','N'),
 ('compactiv','idcomproba','I','N'),
 ('compiservi','idcomproba','I','N'),
 ('comproasiento','idcomproba','I','N'),
 ('comprobantes','idcomproba','I','N'),
 ('comprorepo','idcomproba','I','N'),
 ('conceptogrupo','idconceptg','I','N'),
 ('conceptoimpu','impuesto','I','N'),
 ('conceptolimit','idconcepto','I','N'),
 ('conceptoser','idconcepto','I','N'),
 ('condfiscal','iva','I','N'),
 ('contabarticonc','articulo','C','N'),
 ('cpptelefono','bocanumero','I','N'),
 ('cuentasdispon','idcuenta','I','N'),
 ('cupones','idcupon','I','N'),
 ('depositos','deposito','I','N'),
 ('destinooti','destinooti','I','N'),
 ('detafactu','idfacturah','I','N'),
 ('detallecobros','iddetacobro','I','N'),
 ('detallepagos','iddetapago','I','N'),
 ('ejercicioecon','ejercicio','I','N'),
 ('empleados','idempleado','I','N'),
 ('empresa','empresa','I','N'),
 ('entidades','entidad','I','N'),
 ('entidadesc','idcontacto','I','N'),
 ('entidadescr','identidacr','I','N'),
 ('entidadesd','identidadd','I','N'),
 ('entidadesdc','idcuotasd','I','N'),
 ('entidadesg','idgarante','I','N'),
 ('entidadesh','identidadh','I','N'),
 ('entidadg','identidadh','I','N'),
 ('estadosr','idestadosr','I','N'),
 ('estadosreg','idestadosreg','I','N'),
 ('etiquetas','etiqueta','I','N'),
 ('factclaro','idfactclaro','I','N'),
 ('factuperiodos','idperiodo','I','N'),
 ('factuprove','idfactprove','I','N'),
 ('factuproved','idfactproveh','I','N'),
 ('factuproveimp','idfactprove','I','N'),
 ('facturas','idfactura','I','N'),
 ('facturasanul','idfactura','I','N'),
 ('facturascta','idcuotafc','I','N'),
 ('facturasfe','idfe','I','N'),
 ('facturasimp','idfactura','I','N'),
 ('facturasrec','idfacrec','I','N'),
 ('formicompro','idform','I','N'),
 ('grupoobjeto','idgrupobj','I','N'),
 ('grupose','idgrupoe','I','N'),
 ('gruposepelio','idgruposep','I','N'),
 ('impuestos','impuesto','I','N'),
 ('largadistancia','idlargad','I','N'),
 ('librosocios','idlibrosoc','I','N'),
 ('librosociosdet','idlibrosoc','I','N'),
 ('librosociosdeta','idlibrosoc','I','N'),
 ('lineas','linea','I','N'),
 ('linkcompro','idlinkcomp','I','N'),
 ('listaprecioh','idlista','I','N'),
 ('listapreciop','idlista','I','N'),
 ('localidades','localidad','I','N'),
 ('logsystem','idlog','I','N'),
 ('medagua','idmedagua','I','N'),
 ('medluz','idmedluz','I','N'),
 ('medtelefono','idmedtele','I','N'),
 ('menusql','idmenu','I','N'),
 ('monedas','moneda','I','N'),
 ('monedash','moneda','I','N'),
 ('movidepo','deposito','I','N'),
 ('np','idnp','I','N'),
 ('ot','idot','I','N'),
 ('otajuste','idot','I','N'),
 ('otcancela','idot','I','N'),
 ('otcumpleh','idotcumple','I','N'),
 ('otcumplep','idotcumple','I','N'),
 ('otdepositos','iddepo','I','N'),
 ('otdetaot','idotdet','I','N'),
 ('otdocumento','idregistro','I','N'),
 ('otdocumentos','idot','I','N'),
 ('otejecuh','idotejeh','I','N'),
 ('otejecum','idotejem','I','N'),
 ('otejecumovi','idotejem','I','N'),
 ('otestados','idestado','I','N'),
 ('otestadosot','idotestadosot','I','N'),
 ('otetapas','idetapa','I','N'),
 ('otint','idotint','I','N'),
 ('otinterna','idotint','I','N'),
 ('otlineasmat','linea','I','N'),
 ('otlineasot','idotlinea','I','N'),
 ('otmateriales','idmate','I','S'),
 ('otmaterialeslep','idotmatelep','I','N'),
 ('otmaterialespro','idotmatepro','I','N'),
 ('otmovianul','idmovip','I','N'),
 ('otmovistockh','idmovih','I','N'),
 ('otmovistockp','idmovip','I','N'),
 ('otordentra','idot','I','N'),
 ('ototetapas','idotetapa','I','N'),
 ('otparametros','idmate','I','N'),
 ('otpedido','idpedido','I','N'),
 ('otpedidoanul','idotpedido','I','N'),
 ('otperfiles','idper','I','N'),
 ('otperfusu','idper','I','N'),
 ('otpreselmate','idotpreselm','I','N'),
 ('otpreselp','idotpresel','I','N'),
 ('otpresu','idot','I','N'),
 ('otstandar','idstandar','I','N'),
 ('ottiposmovi','idtipomov','I','N'),
 ('ottiposobs','idottiposobs','I','N'),
 ('pagosprov','idpago','I','N'),
 ('pagosprovfc','idpagosprovfc','I','N'),
 ('paises','pais','I','N'),
 ('perfilmp','idperfil','I','N'),
 ('plancuentas','idplan','I','N'),
 ('plancuentasd','idpland','I','N'),
 ('presupu','idpresupu','I','N'),
 ('presupuh','idpresupu','I','N'),
 ('presupuimp','idpresupu','I','N'),
 ('provincias','provincia','I','N'),
 ('puntosventa','pventa','I','N'),
 ('recibos','idrecibo','I','N'),
 ('relotcompro','idot','I','N'),
 ('remitos','idremito','I','N'),
 ('remitosh','idremito','I','N'),
 ('remitosprovh','idremiprovh','I','N'),
 ('remitosprovp','idremitprovp','I','N'),
 ('reportesimp','idreporte','I','N'),
 ('servicios','servicio','I','N'),
 ('serviciosimpu','impuesto','I','N'),
 ('seteolog','tabla','I','N'),
 ('sucursales','sucursal','I','N'),
 ('sucursalpventa','sucursal','I','N'),
 ('tablasidx','idindex','I','N'),
 ('tarjetacredito','idtarjeta','I','N'),
 ('tarjetacuotas','idtarjetacta','I','N'),
 ('tipoasiento','idtipoasi','I','N'),
 ('tipocajabanco','idtipocta','I','N'),
 ('tipocobrosdeta','puntovta','I','N'),
 ('tipocompro','idtipocompro','I','N'),
 ('tipocuenta','idtipo','I','N'),
 ('tipodocumento','tipodoc','I','N'),
 ('tipogrupos','idtipogrupo','I','N'),
 ('tipomaterial','idtipomate','I','N'),
 ('tipomovctap','idtipomovi','I','N'),
 ('tipomovotint','idmovotint','I','N'),
 ('tipomstock','idtipomov','I','N'),
 ('tiponp','idtiponp','I','N'),
 ('tipooperacion','idtipoopera','I','N'),
 ('tipoot','idtipoot','I','N'),
 ('tipopagos','idtipopago','I','N'),
 ('toe','idtoe','I','N'),
 ('toolbarmenu','usuario','C','N'),
 ('tranintercta','idmovicta','I','N'),
 ('traninterctah','idmovicta','I','N'),
 ('transfeh','idtransfep','I','N'),
 ('transfep','idtransfep','I','N'),
 ('transporte','transporte','I','N'),
 ('usuarios','usuario','I','N'),
 ('varpublicas','variable','I','N'),
 ('vendedores','vendedor','I','N'),
 ('zonas','zona','I','N');
/*!40000 ALTER TABLE `seteolog` ENABLE KEYS */;


--
-- Definition of table `sucursales`
--

DROP TABLE IF EXISTS `sucursales`;
CREATE TABLE `sucursales` (
  `sucursal` int(10) unsigned NOT NULL,
  `detalle` char(200) NOT NULL,
  PRIMARY KEY (`sucursal`)
) ENGINE=InnoDB DEFAULT CHARSET=latin1;

--
-- Dumping data for table `sucursales`
--

/*!40000 ALTER TABLE `sucursales` DISABLE KEYS */;
INSERT INTO `sucursales` (`sucursal`,`detalle`) VALUES 
 (1,'SUCURSAL 1'),
 (2,'SUCURSAL 2'),
 (3,'SUCURSAL 3');
/*!40000 ALTER TABLE `sucursales` ENABLE KEYS */;


--
-- Definition of table `sucursalpventa`
--

DROP TABLE IF EXISTS `sucursalpventa`;
CREATE TABLE `sucursalpventa` (
  `sucursal` int(10) unsigned NOT NULL,
  `pventa` int(10) unsigned NOT NULL,
  `fechaini` char(8) NOT NULL,
  `fechabaja` char(8) NOT NULL
) ENGINE=InnoDB DEFAULT CHARSET=latin1;

--
-- Dumping data for table `sucursalpventa`
--

/*!40000 ALTER TABLE `sucursalpventa` DISABLE KEYS */;
/*!40000 ALTER TABLE `sucursalpventa` ENABLE KEYS */;


--
-- Definition of table `tabladescrip`
--

DROP TABLE IF EXISTS `tabladescrip`;
CREATE TABLE `tabladescrip` (
  `tabla` char(30) NOT NULL,
  `descrip` varchar(254) NOT NULL,
  `consulta` char(254) NOT NULL,
  PRIMARY KEY (`tabla`)
) ENGINE=InnoDB DEFAULT CHARSET=latin1;

--
-- Dumping data for table `tabladescrip`
--

/*!40000 ALTER TABLE `tabladescrip` DISABLE KEYS */;
INSERT INTO `tabladescrip` (`tabla`,`descrip`,`consulta`) VALUES 
 ('facturas','ALLTRIM(compro)+\"  \"+(tipo)+\"  \"+ALLTRIM(puntov)+\"-\"+ STRTRAN(STR(numero,8),\" \",\"0\")+\"  \"+DTOC(cftofc(fecha))+\"   $\"+STR(total,12,2)+\"   \"+ ALLTRIM(STR(entidad))+\"-\"+ALLTRIM(apellido)+\" \"+ALLTRIM(nombre)','select facturas.*, c.comprobante as compro, p.puntov from facturas left join comprobantes c on c.idcomproba = facturas.idcomproba left join puntosventa  p on p.pventa = facturas.pventa');
/*!40000 ALTER TABLE `tabladescrip` ENABLE KEYS */;


--
-- Definition of table `tablasautoinc`
--

DROP TABLE IF EXISTS `tablasautoinc`;
CREATE TABLE `tablasautoinc` (
  `tabla` char(50) NOT NULL,
  `detautoinc` int(10) unsigned NOT NULL,
  PRIMARY KEY (`tabla`)
) ENGINE=InnoDB DEFAULT CHARSET=latin1;

--
-- Dumping data for table `tablasautoinc`
--

/*!40000 ALTER TABLE `tablasautoinc` DISABLE KEYS */;
/*!40000 ALTER TABLE `tablasautoinc` ENABLE KEYS */;


--
-- Definition of table `tablasidx`
--

DROP TABLE IF EXISTS `tablasidx`;
CREATE TABLE `tablasidx` (
  `idindex` int(10) unsigned NOT NULL,
  `tabla` char(50) NOT NULL,
  `campo` char(50) NOT NULL,
  `tipocampo` char(10) NOT NULL,
  `maxvalorc` char(50) NOT NULL,
  `maxvalori` int(10) unsigned NOT NULL,
  PRIMARY KEY (`idindex`)
) ENGINE=InnoDB DEFAULT CHARSET=latin1;

--
-- Dumping data for table `tablasidx`
--

/*!40000 ALTER TABLE `tablasidx` DISABLE KEYS */;
INSERT INTO `tablasidx` (`idindex`,`tabla`,`campo`,`tipocampo`,`maxvalorc`,`maxvalori`) VALUES 
 (1,'facturas','idfactura','I','0',726),
 (2,'detafactu','idfacturah','I','0',986),
 (3,'cupones','idcupon','I','0',115),
 (4,'detallecobros','iddetacobro','I','0',461),
 (5,'facturasfe','idfe','I','0',177),
 (6,'recibos','idrecibo','I','0',412),
 (7,'cobros','idcobro','I','0',953),
 (8,'facturascta','idcuotafc','I','0',345),
 (9,'cajarecaudah','idcajareh','I','0',1070),
 (10,'otmovistockp','idmovip','I','0',182),
 (11,'otmovistockh','idmovih','I','0',194),
 (12,'otejecum','idotejem','I','0',109),
 (13,'otejecuh','idotejeh','I','0',13),
 (14,'ototetapas','idotetapa','I','0',122),
 (15,'otdetaot','idotdet','I','0',12),
 (16,'otpedido','idpedido','I','0',9),
 (17,'otdocumentos','iddocu','I','0',25),
 (18,'logsystem','idlog','I','0',21),
 (19,'otordentra','idot','I','0',32),
 (20,'ottiposobs','idottiposobs','I','0',6),
 (21,'otestadosot','idotestadosot','I','0',10),
 (22,'otmaterialespro','idotmatepro','I','0',509),
 (24,'carterachequed','idcheque','I','0',11),
 (25,'linkcompro','idlinkcomp','I','0',34),
 (27,'ajustestockp','idajuste','I','0',107),
 (28,'ajustestockh','idajusteh','I','0',129),
 (29,'etiquetas','etiqueta','I','0',447),
 (30,'ajustestocke','idajustestocke','I','0',445),
 (31,'estadosreg','idestadosreg','I','0',373),
 (32,'grupoobjeto','idgrupobj','I','0',98),
 (33,'grupos','idgrupo','I','0',11),
 (34,'tipogrupos','idtipogrupo','I','0',9),
 (35,'campogrupo','idcampog','I','0',94),
 (36,'asientos','numero','I','0',16),
 (37,'asientos','idasiento','I','0',16),
 (38,'asientos','idasientod','I','0',28),
 (39,'remitos','idremito','I','0',79),
 (40,'remitosh','idremitoh','I','0',90),
 (41,'otpreselmate','idotpreselm','I','0',0),
 (42,'otpreselp','idotpresel','I','0',0),
 (43,'np','idnp','I','0',30),
 (44,'ot','idot','I','0',33),
 (45,'factuprove','idfactprove','I','0',46),
 (46,'factuproved','idfactproveh','I','0',27),
 (47,'recregaso','idregaso','I','',59),
 (48,'reclamoe','idreclamoe','I','',22),
 (49,'reclamop','idreclamop','I','',20),
 (50,'reclamopro','idreclamopro','I','',95),
 (51,'reclamosec','idreclamos','I','',64),
 (52,'recnovedad','idrecnov','I','',26),
 (53,'recprob','idrecprob','I','',29),
 (54,'astocuenta','idastocuenta','I','',11),
 (55,'astofiltros','idfiltro','I','',2),
 (56,'astofiltrosd','idfiltrod','I','',10),
 (57,'astovalor','idastovalor','I','',19),
 (58,'campoconta','idcpoconta','I','',4),
 (59,'campocontag','idcpocontag','I','',10),
 (60,'pagosprov','idpago','I','',16),
 (61,'pagosprovfc','idpagosprovfc','I','',18),
 (62,'archivosadj','idarchivoa','I','',0),
 (63,'relaarchivo','idrelarc','I','',0),
 (64,'detallepagos','iddetapago','I','0',12),
 (65,'reclamoh','idreclamoh','I','0',31),
 (66,'archivosadj','numero','I','0',5);
/*!40000 ALTER TABLE `tablasidx` ENABLE KEYS */;


--
-- Definition of table `tarjetacredito`
--

DROP TABLE IF EXISTS `tarjetacredito`;
CREATE TABLE `tarjetacredito` (
  `idtarjeta` int(10) unsigned NOT NULL DEFAULT '0',
  `nombre` char(254) NOT NULL,
  `idbanco` int(10) unsigned NOT NULL,
  PRIMARY KEY (`idtarjeta`)
) ENGINE=InnoDB DEFAULT CHARSET=latin1;

--
-- Dumping data for table `tarjetacredito`
--

/*!40000 ALTER TABLE `tarjetacredito` DISABLE KEYS */;
INSERT INTO `tarjetacredito` (`idtarjeta`,`nombre`,`idbanco`) VALUES 
 (1,'CREDITO VISA 3 CTAS',3),
 (2,'CREDITO MASTERCARD',3),
 (3,'CREDITO VISA 6 CTAS',3);
/*!40000 ALTER TABLE `tarjetacredito` ENABLE KEYS */;


--
-- Definition of table `tarjetacuotas`
--

DROP TABLE IF EXISTS `tarjetacuotas`;
CREATE TABLE `tarjetacuotas` (
  `idtarjetacta` int(10) unsigned NOT NULL,
  `idtarjeta` int(10) unsigned NOT NULL,
  `cuotas` int(10) unsigned NOT NULL,
  `razon` float(13,4) NOT NULL,
  PRIMARY KEY (`idtarjetacta`)
) ENGINE=InnoDB DEFAULT CHARSET=latin1;

--
-- Dumping data for table `tarjetacuotas`
--

/*!40000 ALTER TABLE `tarjetacuotas` DISABLE KEYS */;
INSERT INTO `tarjetacuotas` (`idtarjetacta`,`idtarjeta`,`cuotas`,`razon`) VALUES 
 (1,1,3,1.0000),
 (2,3,6,1.2000),
 (3,2,1,1.0000);
/*!40000 ALTER TABLE `tarjetacuotas` ENABLE KEYS */;


--
-- Definition of table `tipoasiento`
--

DROP TABLE IF EXISTS `tipoasiento`;
CREATE TABLE `tipoasiento` (
  `idtipoasi` int(10) unsigned NOT NULL,
  `detalle` char(100) NOT NULL,
  PRIMARY KEY (`idtipoasi`)
) ENGINE=InnoDB DEFAULT CHARSET=latin1;

--
-- Dumping data for table `tipoasiento`
--

/*!40000 ALTER TABLE `tipoasiento` DISABLE KEYS */;
INSERT INTO `tipoasiento` (`idtipoasi`,`detalle`) VALUES 
 (1,'APERTURA'),
 (2,'CORRIENTE'),
 (3,'CIERRE');
/*!40000 ALTER TABLE `tipoasiento` ENABLE KEYS */;


--
-- Definition of table `tipocajabanco`
--

DROP TABLE IF EXISTS `tipocajabanco`;
CREATE TABLE `tipocajabanco` (
  `idtipocta` int(10) unsigned NOT NULL,
  `detalle` char(254) NOT NULL,
  `abrevia` char(50) NOT NULL,
  PRIMARY KEY (`idtipocta`)
) ENGINE=InnoDB DEFAULT CHARSET=latin1;

--
-- Dumping data for table `tipocajabanco`
--

/*!40000 ALTER TABLE `tipocajabanco` DISABLE KEYS */;
INSERT INTO `tipocajabanco` (`idtipocta`,`detalle`,`abrevia`) VALUES 
 (1,'CAJA','CAJA'),
 (2,'Cuenta Corriente','CTA CTE');
/*!40000 ALTER TABLE `tipocajabanco` ENABLE KEYS */;


--
-- Definition of table `tipocobrosdeta`
--

DROP TABLE IF EXISTS `tipocobrosdeta`;
CREATE TABLE `tipocobrosdeta` (
  `puntovta` int(10) unsigned NOT NULL,
  `idcomproba` int(10) unsigned zerofill NOT NULL,
  `actividad` int(10) unsigned NOT NULL,
  `numero` int(10) unsigned NOT NULL,
  `fecha` char(8) NOT NULL,
  `idregicomp` int(10) unsigned NOT NULL,
  `tipopago` int(10) unsigned NOT NULL,
  `serie` char(10) NOT NULL,
  `cheque` int(10) unsigned NOT NULL,
  `banco` int(10) unsigned NOT NULL,
  `filial` int(10) unsigned NOT NULL,
  `cp` char(50) NOT NULL,
  `detercero` char(1) NOT NULL,
  `importe` float(13,4) NOT NULL,
  `codigocta` char(20) NOT NULL,
  `nombrecta` char(100) NOT NULL,
  `fechaentre` char(8) NOT NULL,
  `entregadoa` char(254) NOT NULL,
  `fechaemisi` char(8) NOT NULL,
  `fechavence` char(8) NOT NULL,
  `alaordende` char(254) NOT NULL,
  `librador` char(254) NOT NULL,
  `loentrega` char(254) NOT NULL,
  `cuenta` char(50) NOT NULL,
  `idtipocomp` int(10) unsigned NOT NULL,
  `idcartera` int(10) unsigned NOT NULL,
  PRIMARY KEY (`puntovta`)
) ENGINE=InnoDB DEFAULT CHARSET=latin1;

--
-- Dumping data for table `tipocobrosdeta`
--

/*!40000 ALTER TABLE `tipocobrosdeta` DISABLE KEYS */;
/*!40000 ALTER TABLE `tipocobrosdeta` ENABLE KEYS */;


--
-- Definition of table `tipocompro`
--

DROP TABLE IF EXISTS `tipocompro`;
CREATE TABLE `tipocompro` (
  `idtipocompro` int(10) unsigned NOT NULL,
  `detalle` char(100) NOT NULL,
  `opera` int(11) NOT NULL,
  `abrevia` char(50) NOT NULL,
  `destino` char(50) NOT NULL DEFAULT '',
  `editable` char(1) NOT NULL,
  `idafipcom` int(10) unsigned NOT NULL,
  PRIMARY KEY (`idtipocompro`) USING BTREE
) ENGINE=InnoDB DEFAULT CHARSET=latin1;

--
-- Dumping data for table `tipocompro`
--

/*!40000 ALTER TABLE `tipocompro` DISABLE KEYS */;
INSERT INTO `tipocompro` (`idtipocompro`,`detalle`,`opera`,`abrevia`,`destino`,`editable`,`idafipcom`) VALUES 
 (1,'FACTURA A',1,'FACTURA A','S','N',1),
 (2,'NOTA DE PEDIDO',0,'NOTA DE PEDIDO','F','S',0),
 (3,'ID AJUSTE DE STOCK',0,'AJUSTE DE STOCK','S','N',0),
 (4,'AJUSTE DE STOCK',0,'STOCK','S','N',0),
 (5,'RECIBO A',-1,'RECIBO A','S','N',4),
 (6,'NOTA DE DEBITO A',1,'ND A','S','N',2),
 (7,'NOTA DE CREDITO A',-1,'NC A','S','N',3),
 (8,'FACTURA B',1,'FACTURA B','S','N',5),
 (9,'NOTA DE DEBITO B',1,'ND B','S','N',6),
 (10,'NOTA DE CREDITO B',-1,'NC B','S','N',7),
 (11,'RECIBO B',-1,'RECIBOS B','S','N',8),
 (12,'FACTURA C',1,'FACTURA C','S','N',9),
 (13,'NOTA DE DEBITO C',1,'ND C','S','N',10),
 (14,'NOTA DE CREDITO C',-1,'NC C','S','N',11),
 (15,'RECIBO C',-1,'RECIBO C','S','N',12),
 (16,'RECIBO',-1,'RECIBO','S','N',0),
 (17,'REMITO',0,'REMITO','S','N',13),
 (18,'FACTURA PROV A',-1,'FACTURA PROV A','S','N',0),
 (19,'FACTURA PROV B',-1,'FACTURA PROV B','S','N',0),
 (20,'FACTURA PROV C',-1,'FACTURA PROV C','S','N',0),
 (21,'ORDEN DE PAGO',1,'ORDEN DE PAGO','S','N',0),
 (22,'NOTA DE CREDITO PROV A',1,'NC PROV A','S','N',0),
 (23,'NOTA DE CREDITO PROV B',1,'NC PROV B','S','N',0),
 (24,'NOTA DE CREDITO PROV C',1,'NC PROV C','S','N',0),
 (25,'NOTA DE DEBITO PROV A',-1,'ND PROV C','S','N',0),
 (26,'NOTA DE DEBITO PROV B',-1,'ND PROV B','S','N',0),
 (27,'NOTA DE DEBITO PROV C',-1,'ND PROV C','S','N',0);
/*!40000 ALTER TABLE `tipocompro` ENABLE KEYS */;


--
-- Definition of table `tipocuenta`
--

DROP TABLE IF EXISTS `tipocuenta`;
CREATE TABLE `tipocuenta` (
  `idtipo` int(10) unsigned NOT NULL,
  `detalle` char(100) NOT NULL,
  `abrevia` char(50) NOT NULL,
  PRIMARY KEY (`idtipo`)
) ENGINE=InnoDB DEFAULT CHARSET=latin1;

--
-- Dumping data for table `tipocuenta`
--

/*!40000 ALTER TABLE `tipocuenta` DISABLE KEYS */;
/*!40000 ALTER TABLE `tipocuenta` ENABLE KEYS */;


--
-- Definition of table `tipodocumento`
--

DROP TABLE IF EXISTS `tipodocumento`;
CREATE TABLE `tipodocumento` (
  `tipodoc` char(3) NOT NULL,
  `tipo` char(3) NOT NULL,
  PRIMARY KEY (`tipodoc`) USING BTREE
) ENGINE=InnoDB DEFAULT CHARSET=utf8;

--
-- Dumping data for table `tipodocumento`
--

/*!40000 ALTER TABLE `tipodocumento` DISABLE KEYS */;
INSERT INTO `tipodocumento` (`tipodoc`,`tipo`) VALUES 
 ('1','DNI'),
 ('2','CN'),
 ('3','CUI');
/*!40000 ALTER TABLE `tipodocumento` ENABLE KEYS */;


--
-- Definition of table `tipogrupos`
--

DROP TABLE IF EXISTS `tipogrupos`;
CREATE TABLE `tipogrupos` (
  `idtipogrupo` int(10) unsigned NOT NULL,
  `detalle` char(200) NOT NULL,
  `tabla` char(50) NOT NULL,
  `campo` char(50) NOT NULL,
  `tipoc` char(1) NOT NULL,
  `describir` longtext NOT NULL,
  PRIMARY KEY (`idtipogrupo`)
) ENGINE=InnoDB DEFAULT CHARSET=latin1;

--
-- Dumping data for table `tipogrupos`
--

/*!40000 ALTER TABLE `tipogrupos` DISABLE KEYS */;
INSERT INTO `tipogrupos` (`idtipogrupo`,`detalle`,`tabla`,`campo`,`tipoc`,`describir`) VALUES 
 (1,'ARTICULOS','articulos','articulo','C','Tipo de Grupos para Clasificacion de Articulos'),
 (2,'CLIENTES','entidades','entidad','I','Clasificacion de Clientes y Proveedores'),
 (5,'MATERIALES OT','otmateriales','idmate','I','Materiales de las Ordenes de Trabajo'),
 (8,'Grupo de Empleados NUEVOS','empleados','idempleado','I','Nuevo'),
 (9,'Bancos','bancos','idbanco','I','');
/*!40000 ALTER TABLE `tipogrupos` ENABLE KEYS */;


--
-- Definition of table `tipoimpuesto`
--

DROP TABLE IF EXISTS `tipoimpuesto`;
CREATE TABLE `tipoimpuesto` (
  `idtipoimpu` int(10) unsigned NOT NULL,
  `nombre` char(50) NOT NULL,
  PRIMARY KEY (`idtipoimpu`)
) ENGINE=InnoDB DEFAULT CHARSET=latin1;

--
-- Dumping data for table `tipoimpuesto`
--

/*!40000 ALTER TABLE `tipoimpuesto` DISABLE KEYS */;
INSERT INTO `tipoimpuesto` (`idtipoimpu`,`nombre`) VALUES 
 (1,'GRAVADO'),
 (2,'NO GRAVADO'),
 (3,'EXENTO');
/*!40000 ALTER TABLE `tipoimpuesto` ENABLE KEYS */;


--
-- Definition of table `tipomaterial`
--

DROP TABLE IF EXISTS `tipomaterial`;
CREATE TABLE `tipomaterial` (
  `idtipomate` int(10) unsigned NOT NULL,
  `detalle` char(100) NOT NULL,
  `stock` char(1) NOT NULL,
  `horas` char(1) NOT NULL,
  PRIMARY KEY (`idtipomate`)
) ENGINE=InnoDB DEFAULT CHARSET=latin1;

--
-- Dumping data for table `tipomaterial`
--

/*!40000 ALTER TABLE `tipomaterial` DISABLE KEYS */;
INSERT INTO `tipomaterial` (`idtipomate`,`detalle`,`stock`,`horas`) VALUES 
 (1,'MATERIA PRIMA','S','N'),
 (2,'MANO DE OBRA','N','S');
/*!40000 ALTER TABLE `tipomaterial` ENABLE KEYS */;


--
-- Definition of table `tipomovctap`
--

DROP TABLE IF EXISTS `tipomovctap`;
CREATE TABLE `tipomovctap` (
  `idtipomovi` int(10) unsigned NOT NULL,
  `detalle` char(254) NOT NULL,
  `abrevia` char(50) NOT NULL,
  `opera` int(10) unsigned NOT NULL,
  PRIMARY KEY (`idtipomovi`)
) ENGINE=InnoDB DEFAULT CHARSET=latin1;

--
-- Dumping data for table `tipomovctap`
--

/*!40000 ALTER TABLE `tipomovctap` DISABLE KEYS */;
/*!40000 ALTER TABLE `tipomovctap` ENABLE KEYS */;


--
-- Definition of table `tipomovotint`
--

DROP TABLE IF EXISTS `tipomovotint`;
CREATE TABLE `tipomovotint` (
  `idmovotint` int(10) unsigned NOT NULL DEFAULT '0',
  `detalle` char(254) NOT NULL DEFAULT '',
  `operacion` int(10) unsigned NOT NULL,
  PRIMARY KEY (`idmovotint`) USING BTREE
) ENGINE=InnoDB DEFAULT CHARSET=latin1;

--
-- Dumping data for table `tipomovotint`
--

/*!40000 ALTER TABLE `tipomovotint` DISABLE KEYS */;
/*!40000 ALTER TABLE `tipomovotint` ENABLE KEYS */;


--
-- Definition of table `tipomstock`
--

DROP TABLE IF EXISTS `tipomstock`;
CREATE TABLE `tipomstock` (
  `idtipomov` int(10) unsigned NOT NULL,
  `descmov` char(200) NOT NULL,
  `ie` char(1) NOT NULL,
  `reporte` char(100) NOT NULL,
  `generaeti` char(1) NOT NULL,
  `deposito` int(10) unsigned NOT NULL,
  PRIMARY KEY (`idtipomov`)
) ENGINE=InnoDB DEFAULT CHARSET=latin1;

--
-- Dumping data for table `tipomstock`
--

/*!40000 ALTER TABLE `tipomstock` DISABLE KEYS */;
INSERT INTO `tipomstock` (`idtipomov`,`descmov`,`ie`,`reporte`,`generaeti`,`deposito`) VALUES 
 (1,'INGRESO POR DEVOLUCION','I','AJUSTE DE STOCK','N',0),
 (2,'EGRESO POR PRODUCCION','E','AJUSTE DE STOCK','N',0),
 (3,'INGRESO POR COMPRA','I','AJUSTE DE STOCK','S',0),
 (4,'EGRESO POR VENTA','E','AJUSTE DE STOCK','N',0),
 (5,'AJUSTE ING. DE INVENTARIO','I','AJUSTE DE STOCK','N',0),
 (6,'AJUSTE EGR. DE INVENTARIO','E','AJUSTE DE STOCK','N',0),
 (7,'EGRESO POR AJUSTE DE STOCK','E','AJUSTE DE STOCK','N',0),
 (8,'INGRESO POR AJUSTE DE STOCK','I','AJUSTE DE STOCK','S',0);
/*!40000 ALTER TABLE `tipomstock` ENABLE KEYS */;


--
-- Definition of table `tiponp`
--

DROP TABLE IF EXISTS `tiponp`;
CREATE TABLE `tiponp` (
  `idtiponp` int(10) unsigned NOT NULL DEFAULT '0',
  `descpe` char(254) NOT NULL,
  `stock` char(1) NOT NULL,
  PRIMARY KEY (`idtiponp`) USING BTREE
) ENGINE=InnoDB DEFAULT CHARSET=latin1;

--
-- Dumping data for table `tiponp`
--

/*!40000 ALTER TABLE `tiponp` DISABLE KEYS */;
INSERT INTO `tiponp` (`idtiponp`,`descpe`,`stock`) VALUES 
 (1,'DISTRIBUCION','N'),
 (2,'VENTAS','N');
/*!40000 ALTER TABLE `tiponp` ENABLE KEYS */;


--
-- Definition of table `tipooperacion`
--

DROP TABLE IF EXISTS `tipooperacion`;
CREATE TABLE `tipooperacion` (
  `idtipoopera` int(10) unsigned NOT NULL,
  `detalle` char(100) NOT NULL,
  PRIMARY KEY (`idtipoopera`)
) ENGINE=InnoDB DEFAULT CHARSET=latin1;

--
-- Dumping data for table `tipooperacion`
--

/*!40000 ALTER TABLE `tipooperacion` DISABLE KEYS */;
INSERT INTO `tipooperacion` (`idtipoopera`,`detalle`) VALUES 
 (1,'CTA CTE - SIN CUOTAS'),
 (2,'CTA CTE - CON CUOTAS'),
 (3,'CTADO - EFECTIVO'),
 (4,'CTADO - TARJETA'),
 (5,'CTADO - CHEQUE'),
 (6,'CTADO - DEPOSITO BCO');
/*!40000 ALTER TABLE `tipooperacion` ENABLE KEYS */;


--
-- Definition of table `tipoot`
--

DROP TABLE IF EXISTS `tipoot`;
CREATE TABLE `tipoot` (
  `idtipoot` int(10) unsigned NOT NULL,
  `descot` char(254) NOT NULL,
  PRIMARY KEY (`idtipoot`)
) ENGINE=InnoDB DEFAULT CHARSET=utf8;

--
-- Dumping data for table `tipoot`
--

/*!40000 ALTER TABLE `tipoot` DISABLE KEYS */;
/*!40000 ALTER TABLE `tipoot` ENABLE KEYS */;


--
-- Definition of table `tipopagos`
--

DROP TABLE IF EXISTS `tipopagos`;
CREATE TABLE `tipopagos` (
  `idtipopago` int(10) unsigned NOT NULL,
  `detalle` char(254) NOT NULL,
  PRIMARY KEY (`idtipopago`)
) ENGINE=InnoDB DEFAULT CHARSET=latin1;

--
-- Dumping data for table `tipopagos`
--

/*!40000 ALTER TABLE `tipopagos` DISABLE KEYS */;
INSERT INTO `tipopagos` (`idtipopago`,`detalle`) VALUES 
 (1,'EFECTIVO'),
 (2,'DEBITO'),
 (3,'CHEQUE'),
 (4,'CUPONES'),
 (5,'RETENCION');
/*!40000 ALTER TABLE `tipopagos` ENABLE KEYS */;


--
-- Definition of table `toe`
--

DROP TABLE IF EXISTS `toe`;
CREATE TABLE `toe` (
  `idtoe` int(10) unsigned NOT NULL,
  `operacion` char(100) NOT NULL,
  `tabla` char(100) NOT NULL,
  `codigo` char(100) NOT NULL,
  PRIMARY KEY (`idtoe`)
) ENGINE=InnoDB DEFAULT CHARSET=latin1;

--
-- Dumping data for table `toe`
--

/*!40000 ALTER TABLE `toe` DISABLE KEYS */;
INSERT INTO `toe` (`idtoe`,`operacion`,`tabla`,`codigo`) VALUES 
 (1,'COSTO FINANCIACION','articulos','0000001'),
 (2,'ND INTERES TARJETA','articulos','0000002');
/*!40000 ALTER TABLE `toe` ENABLE KEYS */;


--
-- Definition of table `toolbarmenu`
--

DROP TABLE IF EXISTS `toolbarmenu`;
CREATE TABLE `toolbarmenu` (
  `usuario` char(15) NOT NULL DEFAULT '',
  `idperfil` int(10) unsigned NOT NULL,
  `idmenu` int(10) unsigned NOT NULL
) ENGINE=InnoDB DEFAULT CHARSET=latin1;

--
-- Dumping data for table `toolbarmenu`
--

/*!40000 ALTER TABLE `toolbarmenu` DISABLE KEYS */;
INSERT INTO `toolbarmenu` (`usuario`,`idperfil`,`idmenu`) VALUES 
 ('ADMINISTRADOR',1,13),
 ('TULIO',1,2),
 ('TULIO',1,30),
 ('TULIO',1,6),
 ('TULIO',1,26),
 ('TULIO',1,16),
 ('TULIO',1,15),
 ('TULIO',1,64),
 ('TULIO',1,65),
 ('TULIO',1,72);
/*!40000 ALTER TABLE `toolbarmenu` ENABLE KEYS */;


--
-- Definition of table `tranintercta`
--

DROP TABLE IF EXISTS `tranintercta`;
CREATE TABLE `tranintercta` (
  `idmovicta` int(10) unsigned NOT NULL,
  `fecha` char(8) NOT NULL,
  `importe` float(13,4) NOT NULL,
  `comprobante` char(254) NOT NULL,
  `idtipomovi` int(10) unsigned NOT NULL,
  `idcuentao` int(10) unsigned NOT NULL,
  `idcuentad` int(10) unsigned NOT NULL,
  `contabiliza` int(10) unsigned NOT NULL,
  PRIMARY KEY (`idmovicta`)
) ENGINE=InnoDB DEFAULT CHARSET=latin1;

--
-- Dumping data for table `tranintercta`
--

/*!40000 ALTER TABLE `tranintercta` DISABLE KEYS */;
/*!40000 ALTER TABLE `tranintercta` ENABLE KEYS */;


--
-- Definition of table `traninterctah`
--

DROP TABLE IF EXISTS `traninterctah`;
CREATE TABLE `traninterctah` (
  `idmovicta` int(10) unsigned NOT NULL,
  `puntovta` int(10) unsigned NOT NULL,
  `tipopago` int(10) unsigned NOT NULL,
  `idcheque` int(10) unsigned NOT NULL,
  `fecha` char(8) NOT NULL,
  `importe` float(13,4) NOT NULL,
  PRIMARY KEY (`idmovicta`)
) ENGINE=InnoDB DEFAULT CHARSET=latin1;

--
-- Dumping data for table `traninterctah`
--

/*!40000 ALTER TABLE `traninterctah` DISABLE KEYS */;
/*!40000 ALTER TABLE `traninterctah` ENABLE KEYS */;


--
-- Definition of table `transfeh`
--

DROP TABLE IF EXISTS `transfeh`;
CREATE TABLE `transfeh` (
  `idtransfep` int(10) unsigned NOT NULL,
  `idtipopago` int(10) unsigned NOT NULL,
  `idcheque` int(10) unsigned NOT NULL,
  `fecha` char(8) NOT NULL,
  `importe` float(13,4) NOT NULL
) ENGINE=InnoDB DEFAULT CHARSET=latin1;

--
-- Dumping data for table `transfeh`
--

/*!40000 ALTER TABLE `transfeh` DISABLE KEYS */;
/*!40000 ALTER TABLE `transfeh` ENABLE KEYS */;


--
-- Definition of table `transfep`
--

DROP TABLE IF EXISTS `transfep`;
CREATE TABLE `transfep` (
  `idtransfep` int(10) unsigned NOT NULL,
  `idcomproba` int(10) unsigned NOT NULL,
  `pventa` int(10) unsigned NOT NULL,
  `numero` int(10) unsigned NOT NULL,
  `fecha` char(8) NOT NULL,
  `importe` float(13,4) NOT NULL,
  `comprobante` char(254) NOT NULL,
  `idcuentao` int(10) unsigned NOT NULL,
  `idcuentad` int(10) unsigned NOT NULL,
  `observa` char(254) NOT NULL,
  PRIMARY KEY (`idtransfep`)
) ENGINE=InnoDB DEFAULT CHARSET=latin1;

--
-- Dumping data for table `transfep`
--

/*!40000 ALTER TABLE `transfep` DISABLE KEYS */;
/*!40000 ALTER TABLE `transfep` ENABLE KEYS */;


--
-- Definition of table `transporte`
--

DROP TABLE IF EXISTS `transporte`;
CREATE TABLE `transporte` (
  `transporte` int(10) unsigned NOT NULL,
  `entidad` int(10) unsigned NOT NULL,
  PRIMARY KEY (`transporte`)
) ENGINE=InnoDB DEFAULT CHARSET=latin1;

--
-- Dumping data for table `transporte`
--

/*!40000 ALTER TABLE `transporte` DISABLE KEYS */;
INSERT INTO `transporte` (`transporte`,`entidad`) VALUES 
 (1,4);
/*!40000 ALTER TABLE `transporte` ENABLE KEYS */;


--
-- Definition of table `usuarios`
--

DROP TABLE IF EXISTS `usuarios`;
CREATE TABLE `usuarios` (
  `usuario` char(15) NOT NULL DEFAULT '',
  `nombre` char(100) NOT NULL DEFAULT '',
  `clave` char(15) NOT NULL DEFAULT '',
  `email` char(80) NOT NULL,
  `habilitado` char(1) NOT NULL DEFAULT 'S',
  PRIMARY KEY (`usuario`),
  KEY `usuario` (`usuario`)
) ENGINE=InnoDB DEFAULT CHARSET=latin1;

--
-- Dumping data for table `usuarios`
--

/*!40000 ALTER TABLE `usuarios` DISABLE KEYS */;
INSERT INTO `usuarios` (`usuario`,`nombre`,`clave`,`email`,`habilitado`) VALUES 
 ('FEDE','FEDERICO CARRION','F','','S'),
 ('PABLO','PABLO BONET','1','','S'),
 ('TULIO','Tulio Rossi','A','trossi@cosemar.com.ar','S');
/*!40000 ALTER TABLE `usuarios` ENABLE KEYS */;


--
-- Definition of table `varpublicas`
--

DROP TABLE IF EXISTS `varpublicas`;
CREATE TABLE `varpublicas` (
  `variable` char(50) NOT NULL,
  `tipo` char(1) NOT NULL,
  `valor` char(100) NOT NULL,
  `detalle` char(254) NOT NULL,
  `grupo` char(2) NOT NULL,
  `eliminar` char(1) NOT NULL,
  PRIMARY KEY (`variable`)
) ENGINE=InnoDB DEFAULT CHARSET=latin1;

--
-- Dumping data for table `varpublicas`
--

/*!40000 ALTER TABLE `varpublicas` DISABLE KEYS */;
INSERT INTO `varpublicas` (`variable`,`tipo`,`valor`,`detalle`,`grupo`,`eliminar`) VALUES 
 ('_SYSDETAMOD','C','N','Permite editar y modificar el detalle de los comprobantes','1','N'),
 ('_SYSDIASPUNI','N','30','Cantidad de dias para aplicación de intereses punitorios','1','N'),
 ('_SYSIMPOMOD','C','N','Permite modificar los importes de los comprobantes','1','N'),
 ('_SYSINTERESMOD','C','N','Permite la modificación de los intereses cuando se cobra','1','N'),
 ('_SYSLONGCART','N','10.00','Longitud de codificacion de Articulos','1','N'),
 ('_SYSLONGCMAT','N','10.00','Longitud de codigicacion de materiales','1','N'),
 ('_SYSNUMEROSMOD','C','N','Permite la modificación de los números de comprobantes','1','N'),
 ('_SYSPATHARCHIVOS','C','C:\\GitHub\\ProyectoProcessar\\Archivos\\','Variable para guardar archivos compartidos','1','N'),
 ('_SYSRECNUNICO','C','N','Indica si el reclamo va a usar una numeración única','','N'),
 ('_SYSRECUNICO','C','N','Indica si el reclamo va a usar una numeración única','','N'),
 ('_SYSSTOCKACTRL','C','N','Permite el descuento del stock cuando no tiene existencia el articulo','1','N'),
 ('_SYSSTOCKMCTRL','C','N','Permite el descuento de materiales cuando no hay existencia en el stock','1','N'),
 ('_SYSSTOCKV','C','R','Indica que comprobante va a descontar el stock para la venta R o F','','N'),
 ('_SYSTASAPUNI','N','10.00','Tasa de intereses punitorios Mensuales','1','N'),
 ('_SYSTOLEPUNI','N','5','Cantidad de días de tolerancia antes de intereses punitorios','1','N'),
 ('_SYSVCUIT','C','S','Valida el ingreso del CUIT, si existe o sino se duplica','1','N');
/*!40000 ALTER TABLE `varpublicas` ENABLE KEYS */;


--
-- Definition of table `vendedores`
--

DROP TABLE IF EXISTS `vendedores`;
CREATE TABLE `vendedores` (
  `vendedor` int(10) unsigned NOT NULL DEFAULT '0',
  `nombre` char(200) NOT NULL,
  `domicilio` char(254) NOT NULL,
  `localidad` char(10) NOT NULL,
  `dni` char(20) NOT NULL,
  `telefono` char(100) NOT NULL,
  `email` char(254) NOT NULL,
  `tipodoc` char(3) NOT NULL,
  PRIMARY KEY (`vendedor`)
) ENGINE=InnoDB DEFAULT CHARSET=latin1;

--
-- Dumping data for table `vendedores`
--

/*!40000 ALTER TABLE `vendedores` DISABLE KEYS */;
INSERT INTO `vendedores` (`vendedor`,`nombre`,`domicilio`,`localidad`,`dni`,`telefono`,`email`,`tipodoc`) VALUES 
 (1,'Federico Carrion','Ricardo Gutierrez 1962','1','38374141','3483485750','fedecarrion137@gmail.com','2'),
 (2,'Tulio Rossi','Avellaneda 6963','3','25826321','3424376983','tulior@cosemar.com','1'),
 (3,'Javier','Pampa 232','1','35555666','3483485751','javi@gmail.com','2'),
 (4,'ROXANA','1 DE MAYO','4','3692815','498389','roxy@gmail.com','1'),
 (7,'CLAUDIO','25 DE MAYO','5','1231333','12312','ASDA','1'),
 (8,'AAAAAAA','AAAAAAAAAA','1','22141491','ASSSA','DSD','1');
/*!40000 ALTER TABLE `vendedores` ENABLE KEYS */;


--
-- Definition of table `zonas`
--

DROP TABLE IF EXISTS `zonas`;
CREATE TABLE `zonas` (
  `zona` int(10) unsigned NOT NULL,
  `detalle` char(254) NOT NULL,
  PRIMARY KEY (`zona`)
) ENGINE=InnoDB DEFAULT CHARSET=latin1;

--
-- Dumping data for table `zonas`
--

/*!40000 ALTER TABLE `zonas` DISABLE KEYS */;
INSERT INTO `zonas` (`zona`,`detalle`) VALUES 
 (1,'MARGARITA - SAN JUSTO'),
 (2,'SANTA FE - ROSARIO');
/*!40000 ALTER TABLE `zonas` ENABLE KEYS */;

--
-- Create schema admindb
--

CREATE DATABASE IF NOT EXISTS admindb;
USE admindb;

--
-- Definition of table `bibliotecaf`
--

DROP TABLE IF EXISTS `bibliotecaf`;
CREATE TABLE `bibliotecaf` (
  `nombre` char(50) NOT NULL,
  `parametros` char(100) NOT NULL,
  `tipo` char(1) NOT NULL,
  `detalle` char(254) NOT NULL,
  `libreria` char(50) NOT NULL,
  PRIMARY KEY (`nombre`)
) ENGINE=InnoDB DEFAULT CHARSET=latin1;

--
-- Dumping data for table `bibliotecaf`
--

/*!40000 ALTER TABLE `bibliotecaf` DISABLE KEYS */;
INSERT INTO `bibliotecaf` (`nombre`,`parametros`,`tipo`,`detalle`,`libreria`) VALUES 
 ('FUNCION1','TITULO, ID','F','FUNCION 1 BLA BLA BLA BLAAAAA','LIBRERIA1'),
 ('FUNCION2','PARAMETRO1, PARAMETRO2','P','DAKDLADKASDASDJASLKDAJSDKLSKDALL','LIBRERIA2');
/*!40000 ALTER TABLE `bibliotecaf` ENABLE KEYS */;


--
-- Definition of table `esquemas`
--

DROP TABLE IF EXISTS `esquemas`;
CREATE TABLE `esquemas` (
  `idesquema` int(11) NOT NULL DEFAULT '0',
  `descrip` char(50) NOT NULL DEFAULT '',
  `schemma` char(25) NOT NULL DEFAULT '',
  `driver` char(50) NOT NULL DEFAULT '',
  `host` char(50) NOT NULL DEFAULT '',
  `port` char(4) NOT NULL DEFAULT '3306',
  `usuario` char(20) NOT NULL DEFAULT '',
  `password` char(25) NOT NULL DEFAULT '',
  `fondo` char(200) NOT NULL DEFAULT 'N',
  `colorfondo` char(200) NOT NULL,
  `habilitado` char(1) NOT NULL DEFAULT 'S',
  `idempresa` int(10) unsigned NOT NULL,
  `idsucursal` int(10) unsigned NOT NULL,
  `path` varchar(80) NOT NULL,
  PRIMARY KEY (`idesquema`),
  KEY `schemma` (`schemma`),
  KEY `usuario` (`usuario`)
) ENGINE=InnoDB DEFAULT CHARSET=latin1;

--
-- Dumping data for table `esquemas`
--

/*!40000 ALTER TABLE `esquemas` DISABLE KEYS */;
INSERT INTO `esquemas` (`idesquema`,`descrip`,`schemma`,`driver`,`host`,`port`,`usuario`,`password`,`fondo`,`colorfondo`,`habilitado`,`idempresa`,`idsucursal`,`path`) VALUES 
 (1,'Processar','trsoftdb','{MySQL ODBC 3.51 Driver}','192.168.150.100','3306','tulior','owntod93','N','8454016','S',1,1,''),
 (2,'Processar Krumbein','processar','{MySQL ODBC 3.51 Driver}','181.16.139.9','3306','mysqladmin','krumbein405','N','8454016','S',1,1,' '),
 (3,'PROCESSAR 01','proce01','{MySQL ODBC 3.51 Driver}','192.168.100.2','3306','tulior','owntod93','','8454016','S',1,1,''),
 (4,'PROCE1','proce1','{MySQL ODBC 3.51 Driver}','192.168.100.2','3306','tulior','owntod93','N','8454016','S',1,1,''),
 (5,'Esquema Clonado Processar','processar','{MySQL ODBC 3.51 Driver}','192.168.100.2','3306','tulior','owntod93','N','8454016','S',1,1,''),
 (6,'Processar Vacio','trsoftdbvacio','{MySQL ODBC 3.51 Driver}','192.168.150.100','3306','tulior','owntod93','N','8454016','S',1,1,''),
 (7,'Cosemar','trsoftdb','{MySQL ODBC 3.51 Driver}','190.225.164.12','3306','processar','pr0c3554$2020','N','8454016','S',1,1,''),
 (8,'Ferreteria','ferreteriadb','{MySQL ODBC 3.51 Driver}','192.168.150.100','3306','tulior','owntod93','N','8454016','S',1,1,'');
/*!40000 ALTER TABLE `esquemas` ENABLE KEYS */;


--
-- Definition of table `iconos`
--

DROP TABLE IF EXISTS `iconos`;
CREATE TABLE `iconos` (
  `idicono` int(10) unsigned NOT NULL,
  `nombre` char(50) NOT NULL,
  `archivo` char(50) NOT NULL,
  `tooltip` char(50) NOT NULL,
  `teclafn` char(50) NOT NULL,
  PRIMARY KEY (`idicono`)
) ENGINE=InnoDB DEFAULT CHARSET=latin1;

--
-- Dumping data for table `iconos`
--

/*!40000 ALTER TABLE `iconos` DISABLE KEYS */;
INSERT INTO `iconos` (`idicono`,`nombre`,`archivo`,`tooltip`,`teclafn`) VALUES 
 (0,'cerrar','cerrar.png','Cerrar',''),
 (1,'editar','editar.png','Editar',''),
 (2,'eliminar','eliminar.png','Eliminar',''),
 (3,'guardar','guardar.png','Guardar',''),
 (4,'imprimir','imprimir.png','Imprimir',''),
 (5,'nuevo','nuevo.png','Nuevo','F5'),
 (6,'cancelar','cancelar.png','Cancelar',''),
 (7,'actualizar','actualizar.png','Actualizar',''),
 (8,'credito','peso.png','Crédito',''),
 (9,'empleado','empleado.png','Empleados / Contactos',''),
 (10,'servicios','perfil.png','Servicios - Sub Cuentas',''),
 (11,'importar','subir.png','Importar desde archivo',''),
 (12,'nuevo1','nuevo1.png','Nuevo','F5'),
 (13,'editar1','editar1.png','Editar',''),
 (14,'anular','eliminar2.png','Anular',''),
 (15,'buscar1','buscar1.png','buscar',''),
 (16,'ayuda','info1.png','Ayuda',''),
 (17,'entidad','entidad.png','Entidad',''),
 (18,'materiales','materiales.png','Materiales','F4'),
 (19,'materiales1','materiales1.png','Materiales','F4');
/*!40000 ALTER TABLE `iconos` ENABLE KEYS */;


--
-- Definition of table `modulossys`
--

DROP TABLE IF EXISTS `modulossys`;
CREATE TABLE `modulossys` (
  `idmodulo` int(10) unsigned NOT NULL,
  `modulo` char(254) NOT NULL,
  `habilitado` char(1) NOT NULL,
  PRIMARY KEY (`idmodulo`)
) ENGINE=InnoDB DEFAULT CHARSET=latin1;

--
-- Dumping data for table `modulossys`
--

/*!40000 ALTER TABLE `modulossys` DISABLE KEYS */;
INSERT INTO `modulossys` (`idmodulo`,`modulo`,`habilitado`) VALUES 
 (1,'modulo 1','1'),
 (2,'modulo 2','1');
/*!40000 ALTER TABLE `modulossys` ENABLE KEYS */;


--
-- Definition of table `settoolbarsys`
--

DROP TABLE IF EXISTS `settoolbarsys`;
CREATE TABLE `settoolbarsys` (
  `idset` int(10) unsigned NOT NULL AUTO_INCREMENT,
  `form` char(100) NOT NULL,
  `idobjeto` char(2) NOT NULL,
  `icono` char(100) NOT NULL,
  `funcion` char(100) NOT NULL,
  `habilita` char(1) NOT NULL,
  `visible` char(1) NOT NULL,
  `tooltip` char(100) NOT NULL,
  `active` char(1) NOT NULL,
  PRIMARY KEY (`idset`)
) ENGINE=InnoDB AUTO_INCREMENT=73 DEFAULT CHARSET=latin1;

--
-- Dumping data for table `settoolbarsys`
--

/*!40000 ALTER TABLE `settoolbarsys` DISABLE KEYS */;
INSERT INTO `settoolbarsys` (`idset`,`form`,`idobjeto`,`icono`,`funcion`,`habilita`,`visible`,`tooltip`,`active`) VALUES 
 (1,'provinciasabm','14','cerrar1.png','cerrar()','1','1','Cerrar Otro','1'),
 (2,'provinciasabm','08','imprimir1.png','imprimir()','1','1','Imprimir','1'),
 (3,'_screen','01','cerrar1.png','salirmenu()','1','1','Cerrar Sistema','0'),
 (4,'provinciasabm','12','','filtrar()','1','1','Ingrese Texto','1'),
 (5,'provinciasabm','13','buscar1.png','filtrar()','1','1','Buscar','1'),
 (6,'serviciosabm2','14','cerrar1.png','cerrar()','1','1','Cerrar','1'),
 (7,'serviciosabm2','01','imprimir1.png','imprimir()','1','1','Imprimir','1'),
 (8,'serviciosabm2','12','','filtrar()','1','1','Ingrese Texto','1'),
 (9,'serviciosabm2','13','buscar1.png','filtrar()','1','1','Buscar','1'),
 (10,'toolbarsysabm','13','cerrar1.png','cerrar()','1','1','Cerrar','1'),
 (11,'entidades','14','cerrar1.png','cerrar()','1','1','Cerrar','1'),
 (14,'toolbarsysabm','10','actualizar1.png','actualizar()','1','1','Actualizar Barra','1'),
 (15,'toolbarsysabm','01','nuevo1.png','nuevo()','1','1','Nuevo','1'),
 (16,'lineasabm','14','cerrar1.png','cerrar()','1','1','Cerrar','1'),
 (17,'lineasabm','12','','filtrar()','1','1','Buscar Texto','1'),
 (18,'toolbarsysabm','02','gurdar1.png','guardar()','1','1','Guardar','1'),
 (19,'toolbarsysabm','12','','filtrar()','1','0','Ingrese Texto','1'),
 (20,'empresasabm','18','cerrar1.png','cerrar()','1','1','Cerrar','1'),
 (21,'articulos','20','cerrar1.png','cerrar()','1','1','Cerrar','1'),
 (23,'articulos','01','nuevo1.png','nuevo','1','0','Nuevo Artículo','1'),
 (24,'articulos','03','gurdar1.png','guardar','1','1','Guardar','1'),
 (25,'articulos','04','eliminar1.png','eliminar','1','1','Eliminar Artículo','1'),
 (26,'articulos','02','cancelar1.png','cancelar','1','1','Cancelar','1'),
 (27,'articulos','06','editar1.png','modificar','1','1','Modificar','1'),
 (28,'entidades','06','peso1.png','credito','1','1','Crédito','1'),
 (29,'zonasabm','19','cerrar1.png','cerrar()','1','1','Cerrar Zona','1'),
 (30,'entidades','01','nuevo1.png','nuevo()','1','1','Nuevo','1'),
 (31,'entidades','02','editar1.png','modificar()','1','1','Modificar','1'),
 (34,'entidades','07','empleado1.png','empleados()','1','1','Empleados / Contactos','1'),
 (35,'entidades','05','imprimir1.png','imprimir()','1','1','Imprimir','1'),
 (36,'entidades','03','eliminar1.png','eliminar','1','1','Eliminar','1'),
 (37,'toolbarsysabm','03','eliminar1.png','eliminar()','1','1','Eliminar','1'),
 (38,'toolbarsysabm','04','imprimir1.png','imprimir','1','1','Imprimir','1'),
 (39,'iconosabm','14','cerrar1.png','cerrar()','1','1','Cerrar','1'),
 (40,'articulos','05','imprimir1.png','imprimir','1','1','Imprimir','1'),
 (41,'facturas','20','cerrar1.png','cerrar()','1','1','','1'),
 (42,'otpedidos','20','cerrar1.png','cerrar','1','1','Cerrar','1'),
 (43,'otejecum','20','cerrar1.png','cerrar','1','1','Cerrar','1'),
 (44,'otejecum','01','gurdar1.png','guardar','1','1','Guardar','1'),
 (45,'otejecum','03','buscar1.png','buscarotMateriales','1','1','Buscar Materiales','1'),
 (46,'otejecum','02','buscar1.png','buscarot','1','1','Buscar OT','1'),
 (47,'otmovistock','01','gurdar1.png','guardar','1','1','Guardar','1'),
 (48,'otmovistock','02','imprimir1.png','imprimir','1','1','Imprimir','1'),
 (49,'otmovistock','03','entidad1.png','buscarentidades','1','1','Entidades','1'),
 (50,'otmovistock','20','cerrar1.png','cerrar','1','1','Cerrar','1'),
 (51,'otmateriales','01','nuevo1.png','nuevo','1','1','Nuevo','1'),
 (52,'otmateriales','02','cancelar1.png','cancelar','1','1','Cancelar','1'),
 (53,'otmateriales','03','gurdar1.png','guardar','1','1','Guardar','1'),
 (54,'otmateriales','04','eliminar1.png','eliminar','1','1','Eliminar','1'),
 (55,'otmateriales','05','imprimir1.png','imprimir','1','1','Imprimir','1'),
 (56,'otmateriales','06','actualizar1.png','actualizar','1','1','Actualizar','1'),
 (57,'otmateriales','07','subir1.png','importarLista','1','1','Importar LIsta','1'),
 (58,'otmateriales','20','cerrar1.png','cerrar','1','1','Cerrar','1'),
 (59,'otetapas','01','nuevo1.png','nuevo','1','1','Nuevo','1'),
 (60,'otetapas','02','cancelar1.png','cancelar','1','1','Cancelar','1'),
 (61,'otetapas','03','gurdar1.png','guardar','1','1','Guardar','1'),
 (62,'otetapas','04','eliminar1.png','eliminar','1','1','Eliminar','1'),
 (63,'otetapas','05','imprimir1.png','imprimir','1','1','Imprimir','1'),
 (64,'otetapas','20','cerrar1.png','cerrar','1','1','Cerrar','1'),
 (65,'buscaotmateriales','01','ok1.png','seleccionar','1','1','Seleccionar','1'),
 (66,'buscaotmateriales','20','cerrar1.png','cerrar','1','1','Salir','1'),
 (67,'otlistadostock','01','imprimir1.png','imprimir','1','1','Imprimir','1'),
 (68,'otlistadostock','02','materiales1.png','buscarotMateriales','1','1','Materiales','1'),
 (69,'otlistadostock','20','cerrar1.png','cerrar','1','1','Cerrar','1'),
 (70,'otconsultamovistock','20','cerrar1.png','cerrar','1','1','Cerrar','1'),
 (71,'otconsultamovistock','19','materiales1.png','buscarotmateriales','1','1','Materiales','1'),
 (72,'reporteform','20','cerrar1.png','cerrar()','1','1','Cerrar','1');
/*!40000 ALTER TABLE `settoolbarsys` ENABLE KEYS */;


--
-- Definition of table `varpublicas`
--

DROP TABLE IF EXISTS `varpublicas`;
CREATE TABLE `varpublicas` (
  `variable` char(50) NOT NULL,
  `tipo` char(1) NOT NULL,
  `valor` char(100) NOT NULL,
  `detalle` char(254) NOT NULL,
  `grupo` char(2) NOT NULL,
  `eliminar` char(1) NOT NULL DEFAULT 'S',
  PRIMARY KEY (`variable`)
) ENGINE=InnoDB DEFAULT CHARSET=latin1;

--
-- Dumping data for table `varpublicas`
--

/*!40000 ALTER TABLE `varpublicas` DISABLE KEYS */;
INSERT INTO `varpublicas` (`variable`,`tipo`,`valor`,`detalle`,`grupo`,`eliminar`) VALUES 
 ('_SYSADMIN','C','admin','Usuario administrador para acceso a configuracion de Menues','1','S'),
 ('_SYSBMPFONDO','C','\"\"','Archivo con Imagen de Fondo','1','N'),
 ('_SYSCAJARECA','N','0','Variable control de grabación de caja recaudadora','1','N'),
 ('_SYSCOLORFONDO','C','RGB(192,192,192)','Color de fondo del sistema','1','N'),
 ('_SYSCONCEPTOAFIP','N','1','Guarda Concepto AFIP (1: Prod. 2: Serv. 3: Productos y Servicios','','S'),
 ('_SYSDESCRIP','C','Administración Principal','Descripcion de la Base de Datos conectada','1','S'),
 ('_SYSESTACION','C','C:\\TRSofttmp','Carpeta de destino de los archivos borrados','1','S'),
 ('_SYSFILESTMP','C','N','Elimina o no los archivos temporales','','S'),
 ('_SYSFORMATNUM','C','99,999,999.99','Formato de visualización de campo numerico','1','N'),
 ('_SYSMENUPATH','C','\\MenuesSQL\\','Path de menu','','S'),
 ('_SYSPAPELERA','C','RECYCLE','Indica si los delete van a parar a la papelera','1','S'),
 ('_SYSPASSADMIN','C','1','Password para usuario administrador de Menues y seteos','1','S'),
 ('_SYSRAND','N','1000','Indica la cantidad de digitos a usar en las variables aleatorias al crear el formulario','','S'),
 ('_SYSREPORTES','C','reportes','Ubicacion dentro del Sistema de los Reportes','1','N'),
 ('_SYSTITULO','C','PROCESSAR V0','Titulo para arranque del sistema en la barra superior','1','S');
/*!40000 ALTER TABLE `varpublicas` ENABLE KEYS */;

--
-- Create schema trsoftdb
--

CREATE DATABASE IF NOT EXISTS trsoftdb;
USE trsoftdb;

--
-- Definition of view `articulostock`
--

DROP TABLE IF EXISTS `articulostock`;
DROP VIEW IF EXISTS `articulostock`;
CREATE ALGORITHM=UNDEFINED DEFINER=`tulior`@`%` SQL SECURITY DEFINER VIEW `articulostock` AS select `h`.`articulo` AS `articulo`,sum((if((`t`.`ie` = 'I'),1,if((`t`.`ie` = 'E'),-(1),0)) * `h`.`cantidad`)) AS `stocktot` from (`ajustestockh` `h` left join `tipomstock` `t` on((`h`.`idtipomov` = `t`.`idtipomov`))) where (not(`h`.`idajusteh` in (select `a`.`id` from `ultimoestado` `a` where ((`a`.`tabla` = 'ajustestockh') and (`a`.`idestador` = 2))))) group by `h`.`articulo`;

--
-- Definition of view `ctactefact`
--

DROP TABLE IF EXISTS `ctactefact`;
DROP VIEW IF EXISTS `ctactefact`;
CREATE ALGORITHM=UNDEFINED DEFINER=`tulior`@`%` SQL SECURITY DEFINER VIEW `ctactefact` AS select `f`.`entidad` AS `entidad`,sum((`f`.`total` * `t`.`opera`)) AS `saldo` from ((`facturas` `f` left join `comprobantes` `c` on((`f`.`idcomproba` = `c`.`idcomproba`))) left join `tipocompro` `t` on((`c`.`idtipocompro` = `t`.`idtipocompro`))) where ((`c`.`ctacte` = 'S') and (not(`f`.`idfactura` in (select `ultimoestado`.`id` from `ultimoestado` where ((`ultimoestado`.`tabla` = 'facturas') and (`ultimoestado`.`campo` = 'idfactura') and (`ultimoestado`.`idestador` = 2)))))) group by `f`.`entidad`;

--
-- Definition of view `ctacterec`
--

DROP TABLE IF EXISTS `ctacterec`;
DROP VIEW IF EXISTS `ctacterec`;
CREATE ALGORITHM=UNDEFINED DEFINER=`tulior`@`%` SQL SECURITY DEFINER VIEW `ctacterec` AS select `r`.`entidad` AS `entidad`,sum((`r`.`importe` * `t`.`opera`)) AS `saldo` from ((`recibos` `r` left join `comprobantes` `c` on((`r`.`idcomproba` = `c`.`idcomproba`))) left join `tipocompro` `t` on((`c`.`idtipocompro` = `t`.`idtipocompro`))) where ((`c`.`ctacte` = 'S') and (not(`r`.`idrecibo` in (select `ultimoestado`.`id` from `ultimoestado` where ((`ultimoestado`.`tabla` = 'recibos') and (`ultimoestado`.`campo` = 'idrecibo') and (`ultimoestado`.`idestador` = 2)))))) group by `r`.`entidad`;

--
-- Definition of view `ctactesaldo`
--

DROP TABLE IF EXISTS `ctactesaldo`;
DROP VIEW IF EXISTS `ctactesaldo`;
CREATE ALGORITHM=UNDEFINED DEFINER=`tulior`@`%` SQL SECURITY DEFINER VIEW `ctactesaldo` AS select `e`.`entidad` AS `entidad`,(ifnull(`fac`.`saldo`,0) + ifnull(`rec`.`saldo`,0)) AS `saldo` from ((`entidades` `e` left join `ctactefact` `fac` on((`e`.`entidad` = `fac`.`entidad`))) left join `ctacterec` `rec` on((`e`.`entidad` = `rec`.`entidad`)));

--
-- Definition of view `depostock`
--

DROP TABLE IF EXISTS `depostock`;
DROP VIEW IF EXISTS `depostock`;
CREATE ALGORITHM=UNDEFINED DEFINER=`tulior`@`%` SQL SECURITY DEFINER VIEW `depostock` AS select `a`.`deposito` AS `deposito`,`a`.`articulo` AS `articulo`,`m`.`detalle` AS `nombreart`,ifnull(`u`.`stocktot`,0) AS `stocktot`,sum((if((`t`.`ie` = 'I'),1,if((`t`.`ie` = 'E'),-(1),0)) * `a`.`cantidad`)) AS `stock`,`m`.`stockmin` AS `stockmin` from (((`ajustestockh` `a` left join `tipomstock` `t` on((`a`.`idtipomov` = `t`.`idtipomov`))) left join `articulos` `m` on((`a`.`articulo` = `m`.`articulo`))) left join `articulostock` `u` on((`a`.`articulo` = `u`.`articulo`))) where (not(`a`.`idajusteh` in (select `a`.`id` from `ultimoestado` `a` where ((`a`.`tabla` = 'ajustestockh') and (`a`.`idestador` = 2))))) group by `a`.`deposito`,`a`.`articulo`;

--
-- Definition of view `factuprovesaldo`
--

DROP TABLE IF EXISTS `factuprovesaldo`;
DROP VIEW IF EXISTS `factuprovesaldo`;
CREATE ALGORITHM=UNDEFINED DEFINER=`tulior`@`%` SQL SECURITY DEFINER VIEW `factuprovesaldo` AS select `f`.`idfactprove` AS `idfactprov`,ifnull(sum(`c`.`imputado`),0) AS `cobrado`,(`f`.`total` - ifnull(sum(`c`.`imputado`),0)) AS `saldof` from (`factuprove` `f` left join `pagosprovfc` `c` on((`f`.`idfactprove` = `c`.`idfactprove`))) group by `f`.`idfactprove`;

--
-- Definition of view `facturasaldo`
--

DROP TABLE IF EXISTS `facturasaldo`;
DROP VIEW IF EXISTS `facturasaldo`;
CREATE ALGORITHM=UNDEFINED DEFINER=`tulior`@`%` SQL SECURITY DEFINER VIEW `facturasaldo` AS select `f`.`idfactura` AS `idfactura`,ifnull(sum(`c`.`imputado`),0) AS `cobrado`,(`f`.`total` - ifnull(sum(`c`.`imputado`),0)) AS `saldof` from (`facturas` `f` left join `cobros` `c` on((`f`.`idfactura` = `c`.`idfactura`))) where (not(`f`.`idfactura` in (select `ultimoestado`.`id` from `ultimoestado` where ((`ultimoestado`.`tabla` = 'facturas') and (`ultimoestado`.`campo` = 'idfactura') and (`ultimoestado`.`idestador` = 2))))) group by `f`.`idfactura`;

--
-- Definition of view `facturasctasaldo`
--

DROP TABLE IF EXISTS `facturasctasaldo`;
DROP VIEW IF EXISTS `facturasctasaldo`;
CREATE ALGORITHM=UNDEFINED DEFINER=`tulior`@`%` SQL SECURITY DEFINER VIEW `facturasctasaldo` AS select `f`.`idcuotafc` AS `idcuotafc`,`f`.`cuota` AS `cuota`,`f`.`idfactura` AS `idfactura`,`f`.`importe` AS `importe`,ifnull(sum(`c`.`imputado`),0) AS `cobrado`,(`f`.`importe` - ifnull(sum(`c`.`imputado`),0)) AS `saldof` from (`facturascta` `f` left join `cobros` `c` on((`f`.`idcuotafc` = `c`.`idcuotafc`))) where (not(`f`.`idcuotafc` in (select `ultimoestado`.`id` from `ultimoestado` where ((`ultimoestado`.`tabla` = 'facturascta') and (`ultimoestado`.`campo` = 'idcuotafc') and (`ultimoestado`.`idestador` = 2))))) group by `f`.`idcuotafc`;

--
-- Definition of view `maxidestados`
--

DROP TABLE IF EXISTS `maxidestados`;
DROP VIEW IF EXISTS `maxidestados`;
CREATE ALGORITHM=UNDEFINED DEFINER=`tulior`@`%` SQL SECURITY DEFINER VIEW `maxidestados` AS select max(`estadosreg`.`idestadosreg`) AS `idestadosreg`,`estadosreg`.`tabla` AS `tabla`,`estadosreg`.`campo` AS `campo`,`estadosreg`.`id` AS `id` from `estadosreg` group by `estadosreg`.`tabla`,`estadosreg`.`campo`,`estadosreg`.`id`;

--
-- Definition of view `otdepostock`
--

DROP TABLE IF EXISTS `otdepostock`;
DROP VIEW IF EXISTS `otdepostock`;
CREATE ALGORITHM=UNDEFINED DEFINER=`tulior`@`%` SQL SECURITY DEFINER VIEW `otdepostock` AS select `o`.`iddepo` AS `iddepo`,`o`.`idmate` AS `idmate`,`o`.`codigomat` AS `codigomat`,`m`.`detalle` AS `nombremat`,`u`.`stocktot` AS `stocktot`,sum((if((`t`.`ie` = 'I'),1,if((`t`.`ie` = 'E'),-(1),0)) * `o`.`cantidad`)) AS `stock`,`m`.`stockmin` AS `stockmin`,`v`.`stock` AS `constock`,`v`.`horas` AS `horas` from ((((`otmovistockh` `o` left join `tipomstock` `t` on((`o`.`idtipomov` = `t`.`idtipomov`))) left join `otmateriales` `m` on((`o`.`idmate` = `m`.`idmate`))) left join `otmatestock` `u` on((`o`.`idmate` = `u`.`idmate`))) left join `tipomaterial` `v` on((`m`.`idtipomate` = `v`.`idtipomate`))) where (not(`o`.`idmovip` in (select `otmovianul`.`idmovip` from `otmovianul`))) group by `o`.`iddepo`,`o`.`idmate`;

--
-- Definition of view `otmatestock`
--

DROP TABLE IF EXISTS `otmatestock`;
DROP VIEW IF EXISTS `otmatestock`;
CREATE ALGORITHM=UNDEFINED DEFINER=`tulior`@`%` SQL SECURITY DEFINER VIEW `otmatestock` AS select `o`.`idmate` AS `idmate`,sum((if((`t`.`ie` = 'I'),1,if((`t`.`ie` = 'E'),-(1),0)) * `o`.`cantidad`)) AS `stocktot` from (`otmovistockh` `o` left join `tipomstock` `t` on((`o`.`idtipomov` = `t`.`idtipomov`))) where (not(`o`.`idmovip` in (select `otmovianul`.`idmovip` from `otmovianul`))) group by `o`.`idmate`;

--
-- Definition of view `pagosprovsaldo`
--

DROP TABLE IF EXISTS `pagosprovsaldo`;
DROP VIEW IF EXISTS `pagosprovsaldo`;
CREATE ALGORITHM=UNDEFINED DEFINER=`tulior`@`%` SQL SECURITY DEFINER VIEW `pagosprovsaldo` AS select `r`.`idcomproba` AS `idcomproba`,ifnull(sum(`c`.`imputado`),0) AS `totimputado`,`r`.`idpago` AS `idpago`,`r`.`importe` AS `importe`,(`r`.`importe` - ifnull(sum(`c`.`imputado`),0)) AS `saldo` from ((`pagosprov` `r` left join `comprobantes` `cp` on((`r`.`idcomproba` = `cp`.`idcomproba`))) left join `pagosprovfc` `c` on((`r`.`idpago` = `c`.`idpago`))) where (`cp`.`tabla` = 'factuprove') group by `r`.`idpago`;

--
-- Definition of view `recibossaldo`
--

DROP TABLE IF EXISTS `recibossaldo`;
DROP VIEW IF EXISTS `recibossaldo`;
CREATE ALGORITHM=UNDEFINED DEFINER=`tulior`@`%` SQL SECURITY DEFINER VIEW `recibossaldo` AS select `r`.`idcomproba` AS `idcomproba`,ifnull(sum(`c`.`imputado`),0) AS `totimputado`,ifnull(sum(`c`.`recargo`),0) AS `totrecargo`,`r`.`idrecibo` AS `idrecibo`,`r`.`importe` AS `importe`,((`r`.`importe` - ifnull(sum(`c`.`imputado`),0)) - ifnull(sum(`c`.`recargo`),0)) AS `saldo` from ((`recibos` `r` left join `comprobantes` `cp` on((`r`.`idcomproba` = `cp`.`idcomproba`))) left join `cobros` `c` on((`r`.`idrecibo` = `c`.`idregipago`))) where ((`cp`.`tabla` = 'recibos') and (not(`r`.`idrecibo` in (select `ultimoestado`.`id` from `ultimoestado` where ((`ultimoestado`.`tabla` = 'recibos') and (`ultimoestado`.`campo` = 'idrecibo') and (`ultimoestado`.`idestador` = 2)))))) group by `r`.`idrecibo`;

--
-- Definition of view `recmaxidest`
--

DROP TABLE IF EXISTS `recmaxidest`;
DROP VIEW IF EXISTS `recmaxidest`;
CREATE ALGORITHM=UNDEFINED DEFINER=`tulior`@`%` SQL SECURITY DEFINER VIEW `recmaxidest` AS select max(`r`.`idreclamoe`) AS `maxid`,`r`.`idreclamop` AS `idreclamop`,`r`.`idrecsec` AS `idrecsec` from `reclamoe` `r` group by `r`.`idreclamop`,`r`.`idrecsec`;

--
-- Definition of view `recultestr`
--

DROP TABLE IF EXISTS `recultestr`;
DROP VIEW IF EXISTS `recultestr`;
CREATE ALGORITHM=UNDEFINED DEFINER=`tulior`@`%` SQL SECURITY DEFINER VIEW `recultestr` AS select `m`.`maxid` AS `maxid`,`m`.`idreclamop` AS `idreclamop`,`m`.`idrecsec` AS `idrecsec`,`r`.`idrecest` AS `idrecest`,`r`.`fecha` AS `fecha`,`re`.`estado` AS `estado`,`re`.`colore` AS `colore` from ((`recmaxidest` `m` left join `reclamoe` `r` on((`m`.`maxid` = `r`.`idreclamoe`))) left join `recestado` `re` on((`r`.`idrecest` = `re`.`idrecest`)));

--
-- Definition of view `ultimoestado`
--

DROP TABLE IF EXISTS `ultimoestado`;
DROP VIEW IF EXISTS `ultimoestado`;
CREATE ALGORITHM=UNDEFINED DEFINER=`tulior`@`%` SQL SECURITY DEFINER VIEW `ultimoestado` AS select `e`.`tabla` AS `tabla`,`e`.`campo` AS `campo`,`e`.`id` AS `id`,`e`.`idestador` AS `idestador`,`e`.`tipo` AS `tipo`,`e`.`fecha` AS `fechaest` from (`maxidestados` `m` left join `estadosreg` `e` on((`m`.`idestadosreg` = `e`.`idestadosreg`)));



/*!40101 SET SQL_MODE=@OLD_SQL_MODE */;
/*!40014 SET FOREIGN_KEY_CHECKS=@OLD_FOREIGN_KEY_CHECKS */;
/*!40014 SET UNIQUE_CHECKS=@OLD_UNIQUE_CHECKS */;
/*!40101 SET CHARACTER_SET_CLIENT=@OLD_CHARACTER_SET_CLIENT */;
/*!40101 SET CHARACTER_SET_RESULTS=@OLD_CHARACTER_SET_RESULTS */;
/*!40101 SET COLLATION_CONNECTION=@OLD_COLLATION_CONNECTION */;
/*!40101 SET CHARACTER_SET_CLIENT=@OLD_CHARACTER_SET_CLIENT */;
