000104;NEUMALARG S.A.;;;;ZARATE;;.;;;
;;;;;;;;;;
30/03/2023;30/03/2023;30/03/2023;106;Unico;FC;400039689;Factura Compra;;115666.07;115666.07
;;;;;;;;;;
000107;ZAGABRIA S.A.;;;;SAN PEDRO;;.;;;
;;;;;;;;;;
06/03/2023;06/03/2023;06/03/2023;130;Unico;T81;1700002250;Factura Compra;;115237.46;115237.46
06/03/2023;06/03/2023;06/03/2023;130;Unico;T81;1700002253;Factura Compra;;65636.7;180874.16
06/03/2023;06/03/2023;06/03/2023;130;Unico;T81;1700002252;Factura Compra;;8230.06;189104.22
06/03/2023;06/03/2023;06/03/2023;130;Unico;T81;1700002258;Factura Compra;;53372.79;242477.01
06/03/2023;06/03/2023;06/03/2023;130;Unico;T81;1700002247;Factura Compra;;1581.04;244058.05
06/03/2023;06/03/2023;06/03/2023;130;Unico;T81;1700002246;Factura Compra;;14123.96;258182.01
06/03/2023;06/03/2023;06/03/2023;130;Unico;T81;1700002249;Factura Compra;;65083.48;323265.49
06/03/2023;06/03/2023;06/03/2023;130;Unico;T81;1700002248;Factura Compra;;975.92;324241.41
06/03/2023;06/03/2023;06/03/2023;130;Unico;T81;1700002254;Factura Compra;;3895.89;328137.3
06/03/2023;06/03/2023;06/03/2023;130;Unico;T81;1700002255;Factura Compra;;2489.42;330626.72
06/03/2023;06/03/2023;06/03/2023;130;Unico;T81;1700002256;Factura Compra;;75930.72;406557.44
06/03/2023;06/03/2023;06/03/2023;130;Unico;T81;1700002257;Factura Compra;;2095.18;408652.62
06/03/2023;06/03/2023;06/03/2023;130;Unico;T81;1700002251;Factura Compra;;4488.07;413140.69
13/03/2023;13/03/2023;13/03/2023;123;Unico;T81;1700002362;Factura Compra;;8183.31;421324
13/03/2023;13/03/2023;13/03/2023;123;Unico;T81;1700002363;Factura Compra;;88750;510074
13/03/2023;13/03/2023;13/03/2023;123;Unico;T81;1700002365;Factura Compra;;70079.72;580153.72
13/03/2023;13/03/2023;13/03/2023;123;Unico;T81;1700002364;Factura Compra;;4271.58;584425.3
13/03/2023;13/03/2023;13/03/2023;123;Unico;T81;1700002358;Factura Compra;;66185.55;650610.85
13/03/2023;13/03/2023;13/03/2023;123;Unico;T81;1700002359;Factura Compra;;8020.27;658631.12
13/03/2023;13/03/2023;13/03/2023;123;Unico;T81;1700002361;Factura Compra;;99807.68;758438.8
13/03/2023;13/03/2023;13/03/2023;123;Unico;T81;1700002360;Factura Compra;;3080.26;761519.06
13/03/2023;13/03/2023;13/03/2023;123;Unico;T81;1700002366;Factura Compra;;67255.09;828774.15
13/03/2023;13/03/2023;13/03/2023;123;Unico;T81;1700002351;Factura Compra;;46647.51;875421.66
13/03/2023;13/03/2023;13/03/2023;123;Unico;T81;1700002355;Factura Compra;;70767.44;946189.1
13/03/2023;13/03/2023;13/03/2023;123;Unico;T81;1700002354;Factura Compra;;9607.26;955796.36
13/03/2023;13/03/2023;13/03/2023;123;Unico;T81;1700002357;Factura Compra;;4520.79;960317.15
13/03/2023;13/03/2023;13/03/2023;123;Unico;T81;1700002356;Factura Compra;;86413.51;1046730.66
13/03/2023;13/03/2023;13/03/2023;123;Unico;T81;1700002353;Factura Compra;;91782.89;1138513.55
13/03/2023;13/03/2023;13/03/2023;123;Unico;T81;1700002352;Factura Compra;;11832.18;1150345.73
20/03/2023;20/03/2023;20/03/2023;116;Unico;T81;1700002472;Factura Compra;;75722.89;1226068.62
20/03/2023;20/03/2023;20/03/2023;116;Unico;T81;1700002473;Factura Compra;;1020.58;1227089.2
20/03/2023;20/03/2023;20/03/2023;116;Unico;T81;1700002470;Factura Compra;;76037.39;1303126.59
20/03/2023;20/03/2023;20/03/2023;116;Unico;T81;1700002471;Factura Compra;;103033.39;1406159.98
20/03/2023;20/03/2023;20/03/2023;116;Unico;T81;1700002469;Factura Compra;;1020.58;1407180.56
20/03/2023;20/03/2023;20/03/2023;116;Unico;T81;1700002468;Factura Compra;;3876.08;1411056.64
20/03/2023;20/03/2023;20/03/2023;116;Unico;T81;1700002476;Factura Compra;;7429.86;1418486.5
20/03/2023;20/03/2023;20/03/2023;116;Unico;T81;1700002475;Factura Compra;;61932.76;1480419.26
20/03/2023;20/03/2023;20/03/2023;116;Unico;T81;1700002483;Factura Compra;;83259.12;1563678.38
20/03/2023;20/03/2023;20/03/2023;116;Unico;T81;1700002478;Factura Compra;;7084.93;1570763.31
20/03/2023;20/03/2023;20/03/2023;116;Unico;T81;1700002477;Factura Compra;;69874.65;1640637.96
20/03/2023;20/03/2023;20/03/2023;116;Unico;T81;1700002479;Factura Compra;;98484.83;1739122.79
20/03/2023;20/03/2023;20/03/2023;116;Unico;T81;1700002482;Factura Compra;;70990.21;1810113
20/03/2023;20/03/2023;20/03/2023;116;Unico;T81;1700002480;Factura Compra;;4047.85;1814160.85
20/03/2023;20/03/2023;20/03/2023;116;Unico;T81;1700002481;Factura Compra;;4454.4;1818615.25
20/03/2023;20/03/2023;20/03/2023;116;Unico;T81;1700002474;Factura Compra;;10212;1828827.25
27/03/2023;27/03/2023;27/03/2023;109;Unico;T81;1700002576;Factura Compra;;21056.44;1849883.69
27/03/2023;27/03/2023;27/03/2023;109;Unico;T81;1700002575;Factura Compra;;70676.95;1920560.64
27/03/2023;27/03/2023;27/03/2023;109;Unico;T81;1700002573;Factura Compra;;4778.82;1925339.46
27/03/2023;27/03/2023;27/03/2023;109;Unico;T81;1700002574;Factura Compra;;70081.99;1995421.45
27/03/2023;27/03/2023;27/03/2023;109;Unico;T81;1700002577;Factura Compra;;3809.42;1999230.87
27/03/2023;27/03/2023;27/03/2023;109;Unico;T81;1700002563;Factura Compra;;3087.29;2002318.16
27/03/2023;27/03/2023;27/03/2023;109;Unico;T81;1700002564;Factura Compra;;66482.91;2068801.07
27/03/2023;27/03/2023;27/03/2023;109;Unico;FC;1700002566;Factura Compra;;4556.72;2073357.79
27/03/2023;27/03/2023;27/03/2023;109;Unico;T81;1700002565;Factura Compra;;69811.55;2143169.34
27/03/2023;27/03/2023;27/03/2023;109;Unico;T81;1700002567;Factura Compra;;2606.25;2145775.59
27/03/2023;27/03/2023;27/03/2023;109;Unico;T81;1700002568;Factura Compra;;72139.58;2217915.17
27/03/2023;27/03/2023;27/03/2023;109;Unico;T81;1700002569;Factura Compra;;69638.02;2287553.19
27/03/2023;27/03/2023;27/03/2023;109;Unico;T81;1700002570;Factura Compra;;6015.34;2293568.53
27/03/2023;27/03/2023;27/03/2023;109;Unico;T81;1700002571;Factura Compra;;8952.6;2302521.13
27/03/2023;27/03/2023;27/03/2023;109;Unico;T81;1700002572;Factura Compra;;4082.35;2306603.48
30/03/2023;30/03/2023;30/03/2023;106;Unico;OP;500028400;Factura Compra;;-2306603.41;0.07
03/04/2023;03/04/2023;03/04/2023;102;Unico;T81;1700002720;Factura Compra;;1020.04;1020.11
03/04/2023;03/04/2023;03/04/2023;102;Unico;T81;1700002737;Factura Compra;;6278.4;7298.51
03/04/2023;03/04/2023;03/04/2023;102;Unico;T81;1700002736;Factura Compra;;74426.78;81725.29
03/04/2023;03/04/2023;03/04/2023;102;Unico;T81;1700002735;Factura Compra;;7097.5;88822.79
03/04/2023;03/04/2023;03/04/2023;102;Unico;T81;1700002734;Factura Compra;;69688;158510.79
03/04/2023;03/04/2023;03/04/2023;102;Unico;T81;1700002733;Factura Compra;;1900.8;160411.59
03/04/2023;03/04/2023;03/04/2023;102;Unico;T81;1700002732;Factura Compra;;6000.09;166411.68
03/04/2023;03/04/2023;03/04/2023;102;Unico;T81;1700002731;Factura Compra;;4918.2;171329.88
03/04/2023;03/04/2023;03/04/2023;102;Unico;T81;1700002730;Factura Compra;;70985.1;242314.98
03/04/2023;03/04/2023;03/04/2023;102;Unico;T81;1700002729;Factura Compra;;8964.51;251279.49
03/04/2023;03/04/2023;03/04/2023;102;Unico;T81;1700002728;Factura Compra;;64517.6;315797.09
03/04/2023;03/04/2023;03/04/2023;102;Unico;T81;1700002727;Factura Compra;;3400;319197.09
03/04/2023;03/04/2023;03/04/2023;102;Unico;T81;1700002726;Factura Compra;;2036;321233.09
03/04/2023;03/04/2023;03/04/2023;102;Unico;T81;1700002725;Factura Compra;;5374.95;326608.04
03/04/2023;03/04/2023;03/04/2023;102;Unico;T81;1700002719;Factura Compra;;4200;330808.04
03/04/2023;03/04/2023;03/04/2023;102;Unico;T81;1700002721;Factura Compra;;7193.19;338001.23
03/04/2023;03/04/2023;03/04/2023;102;Unico;T81;1700002722;Factura Compra;;62150.46;400151.69
03/04/2023;03/04/2023;03/04/2023;102;Unico;T81;1700002723;Factura Compra;;4072;404223.69
03/04/2023;03/04/2023;03/04/2023;102;Unico;T81;1700002724;Factura Compra;;76497.18;480720.87
10/04/2023;10/04/2023;10/04/2023;95;Unico;T81;1700002855;Factura Compra;;14147;494867.87
10/04/2023;10/04/2023;10/04/2023;95;Unico;T81;1700002854;Factura Compra;;9911.25;504779.12
10/04/2023;10/04/2023;10/04/2023;95;Unico;T81;1700002853;Factura Compra;;64362.49;569141.61
10/04/2023;10/04/2023;10/04/2023;95;Unico;T81;1700002852;Factura Compra;;81197.76;650339.37
10/04/2023;10/04/2023;10/04/2023;95;Unico;T81;1700002851;Factura Compra;;2523.15;652862.52
10/04/2023;10/04/2023;10/04/2023;95;Unico;T81;1700002850;Factura Compra;;5698.35;658560.87
10/04/2023;10/04/2023;10/04/2023;95;Unico;T81;1700002849;Factura Compra;;4600;663160.87
10/04/2023;10/04/2023;10/04/2023;95;Unico;T81;1700002848;Factura Compra;;6020;669180.87
10/04/2023;10/04/2023;10/04/2023;95;Unico;T81;1700002847;Factura Compra;;77708.86;746889.73
10/04/2023;10/04/2023;10/04/2023;95;Unico;T81;1700002846;Factura Compra;;100053.98;846943.71
10/04/2023;10/04/2023;10/04/2023;95;Unico;T81;1700002845;Factura Compra;;62719.2;909662.91
10/04/2023;10/04/2023;10/04/2023;95;Unico;T81;1700002844;Factura Compra;;1105.55;910768.46
10/04/2023;10/04/2023;10/04/2023;95;Unico;T81;1700002843;Factura Compra;;67667.05;978435.51
17/04/2023;17/04/2023;17/04/2023;88;Unico;T81;1700002999;Factura Compra;;47163;1025598.51
17/04/2023;17/04/2023;17/04/2023;88;Unico;T81;1700002998;Factura Compra;;5110.94;1030709.45
17/04/2023;17/04/2023;17/04/2023;88;Unico;T81;1700002997;Factura Compra;;72751.9;1103461.35
17/04/2023;17/04/2023;17/04/2023;88;Unico;T81;1700002996;Factura Compra;;122557.44;1226018.79
17/04/2023;17/04/2023;17/04/2023;88;Unico;T81;1700002995;Factura Compra;;1082;1227100.79
17/04/2023;17/04/2023;17/04/2023;88;Unico;T81;1700002994;Factura Compra;;80200.81;1307301.6
17/04/2023;17/04/2023;17/04/2023;88;Unico;T81;1700002993;Factura Compra;;4454.1;1311755.7
17/04/2023;17/04/2023;17/04/2023;88;Unico;T81;1700002992;Factura Compra;;5808.18;1317563.88
17/04/2023;17/04/2023;17/04/2023;88;Unico;T81;1700002991;Factura Compra;;79869.01;1397432.89
17/04/2023;17/04/2023;17/04/2023;88;Unico;T81;1700002990;Factura Compra;;3347.7;1400780.59
17/04/2023;17/04/2023;17/04/2023;88;Unico;T81;1700002989;Factura Compra;;2818.2;1403598.79
17/04/2023;17/04/2023;17/04/2023;88;Unico;T81;1700002988;Factura Compra;;75399.18;1478997.97
17/04/2023;17/04/2023;17/04/2023;88;Unico;T81;1700002987;Factura Compra;;96904.56;1575902.53
17/04/2023;17/04/2023;17/04/2023;88;Unico;T81;1700002986;Factura Compra;;4069.8;1579972.33
17/04/2023;17/04/2023;17/04/2023;88;Unico;T81;1700002985;Factura Compra;;124835.01;1704807.34
17/04/2023;17/04/2023;17/04/2023;88;Unico;T81;1700002984;Factura Compra;;43000;1747807.34
17/04/2023;17/04/2023;17/04/2023;88;Unico;T81;1700002983;Factura Compra;;73470;1821277.34
17/04/2023;17/04/2023;17/04/2023;88;Unico;T81;1700002982;Factura Compra;;55794.54;1877071.88
17/04/2023;17/04/2023;17/04/2023;88;Unico;T81;1700002981;Factura Compra;;6377.31;1883449.19
24/04/2023;24/04/2023;24/04/2023;81;Unico;T81;1700003101;Factura Compra;;4148;1887597.19
24/04/2023;24/04/2023;24/04/2023;81;Unico;T81;1700003100;Factura Compra;;5999.91;1893597.1
24/04/2023;24/04/2023;24/04/2023;81;Unico;T81;1700003116;Factura Compra;;579249.96;2472847.06
24/04/2023;24/04/2023;24/04/2023;81;Unico;T81;1700003115;Factura Compra;;579249.96;3052097.02
24/04/2023;24/04/2023;24/04/2023;81;Unico;T81;1700003114;Factura Compra;;81418.98;3133516
24/04/2023;24/04/2023;24/04/2023;81;Unico;T81;1700003113;Factura Compra;;3443.42;3136959.42
24/04/2023;24/04/2023;24/04/2023;81;Unico;T81;1700003112;Factura Compra;;78271.62;3215231.04
24/04/2023;24/04/2023;24/04/2023;81;Unico;T81;1700003111;Factura Compra;;123192.13;3338423.17
24/04/2023;24/04/2023;24/04/2023;81;Unico;T81;1700003110;Factura Compra;;9783.44;3348206.61
24/04/2023;24/04/2023;24/04/2023;81;Unico;T81;1700003109;Factura Compra;;3759.24;3351965.85
24/04/2023;24/04/2023;24/04/2023;81;Unico;T81;1700003108;Factura Compra;;10000.06;3361965.91
24/04/2023;24/04/2023;24/04/2023;81;Unico;T81;1700003107;Factura Compra;;80106;3442071.91
24/04/2023;24/04/2023;24/04/2023;81;Unico;T81;1700003106;Factura Compra;;78840.42;3520912.33
24/04/2023;24/04/2023;24/04/2023;81;Unico;T81;1700003105;Factura Compra;;4264.52;3525176.85
24/04/2023;24/04/2023;24/04/2023;81;Unico;T81;1700003104;Factura Compra;;103666.17;3628843.02
24/04/2023;24/04/2023;24/04/2023;81;Unico;T81;1700003102;Factura Compra;;1886.18;3630729.2
24/04/2023;24/04/2023;24/04/2023;81;Unico;T81;1700003103;Factura Compra;;6124;3636853.2
30/04/2023;30/04/2023;30/04/2023;75;Unico;OP;500028512;Factura Compra;;-3636853.2;0
02/05/2023;02/05/2023;02/05/2023;73;Unico;T81;1700003267;Factura Compra;;76077.01;76077.01
02/05/2023;02/05/2023;02/05/2023;73;Unico;T81;1700003270;Factura Compra;;10643.3;86720.31
02/05/2023;02/05/2023;02/05/2023;73;Unico;T81;1700003271;Factura Compra;;1968.91;88689.22
02/05/2023;02/05/2023;02/05/2023;73;Unico;T81;1700003272;Factura Compra;;4999.92;93689.14
02/05/2023;02/05/2023;02/05/2023;73;Unico;T81;1700003273;Factura Compra;;4298.28;97987.42
02/05/2023;02/05/2023;02/05/2023;73;Unico;T81;1700003274;Factura Compra;;2971.88;100959.3
02/05/2023;02/05/2023;02/05/2023;73;Unico;T81;1700003275;Factura Compra;;118500;219459.3
02/05/2023;02/05/2023;02/05/2023;73;Unico;T81;1700003276;Factura Compra;;5410;224869.3
02/05/2023;02/05/2023;02/05/2023;73;Unico;T81;1700003277;Factura Compra;;1101.48;225970.78
02/05/2023;02/05/2023;02/05/2023;73;Unico;T81;1700003278;Factura Compra;;75721.5;301692.28
02/05/2023;02/05/2023;02/05/2023;73;Unico;T81;1700003279;Factura Compra;;72109.63;373801.91
02/05/2023;02/05/2023;02/05/2023;73;Unico;T81;1700003280;Factura Compra;;11064.53;384866.44
02/05/2023;02/05/2023;02/05/2023;73;Unico;T81;1700003281;Factura Compra;;75169.29;460035.73
02/05/2023;02/05/2023;02/05/2023;73;Unico;T81;1700003282;Factura Compra;;112773.61;572809.34
02/05/2023;02/05/2023;02/05/2023;73;Unico;T81;1700003283;Factura Compra;;78354.58;651163.92
02/05/2023;02/05/2023;02/05/2023;73;Unico;T81;1700003284;Factura Compra;;5595.28;656759.2
02/05/2023;02/05/2023;02/05/2023;73;Unico;T81;1700003286;Factura Compra;;6124;662883.2
02/05/2023;02/05/2023;02/05/2023;73;Unico;T81;1700003285;Factura Compra;;82329.07;745212.27
08/05/2023;08/05/2023;08/05/2023;67;Unico;T81;1700003385;Factura Compra;;5999.91;751212.18
08/05/2023;08/05/2023;08/05/2023;67;Unico;T81;1700003386;Factura Compra;;5924.99;757137.17
08/05/2023;08/05/2023;08/05/2023;67;Unico;T81;1700003387;Factura Compra;;75124.26;832261.43
08/05/2023;08/05/2023;08/05/2023;67;Unico;T81;1700003388;Factura Compra;;6124;838385.43
08/05/2023;08/05/2023;08/05/2023;67;Unico;T81;1700003389;Factura Compra;;1075.51;839460.94
08/05/2023;08/05/2023;08/05/2023;67;Unico;T81;1700003390;Factura Compra;;5375.3;844836.24
08/05/2023;08/05/2023;08/05/2023;67;Unico;T81;1700003391;Factura Compra;;82160.8;926997.04
08/05/2023;08/05/2023;08/05/2023;67;Unico;T81;1700003392;Factura Compra;;114312.21;1041309.25
08/05/2023;08/05/2023;08/05/2023;67;Unico;T81;1700003393;Factura Compra;;72412.99;1113722.24
08/05/2023;08/05/2023;08/05/2023;67;Unico;T81;1700003394;Factura Compra;;78921.01;1192643.25
08/05/2023;08/05/2023;08/05/2023;67;Unico;T81;1700003396;Factura Compra;;5741.09;1198384.34
08/05/2023;08/05/2023;08/05/2023;67;Unico;T81;1700003395;Factura Compra;;1952.58;1200336.92
08/05/2023;08/05/2023;08/05/2023;67;Unico;T81;1700003397;Factura Compra;;87692.37;1288029.29
08/05/2023;08/05/2023;08/05/2023;67;Unico;T81;1700003398;Factura Compra;;112287.77;1400317.06
08/05/2023;08/05/2023;08/05/2023;67;Unico;T81;1700003399;Factura Compra;;4330.15;1404647.21
15/05/2023;15/05/2023;15/05/2023;60;Unico;T81;1700003523;Factura Compra;;6199.86;1410847.07
15/05/2023;15/05/2023;15/05/2023;60;Unico;T81;1700003522;Factura Compra;;20842.2;1431689.27
15/05/2023;15/05/2023;15/05/2023;60;Unico;T81;1700003521;Factura Compra;;106303.98;1537993.25
15/05/2023;15/05/2023;15/05/2023;60;Unico;T81;1700003520;Factura Compra;;77766.82;1615760.07
15/05/2023;15/05/2023;15/05/2023;60;Unico;T81;1700003519;Factura Compra;;80580;1696340.07
15/05/2023;15/05/2023;15/05/2023;60;Unico;T81;1700003518;Factura Compra;;4808.34;1701148.41
15/05/2023;15/05/2023;15/05/2023;60;Unico;T81;1700003517;Factura Compra;;6002.95;1707151.36
15/05/2023;15/05/2023;15/05/2023;60;Unico;T81;1700003516;Factura Compra;;118689.14;1825840.5
15/05/2023;15/05/2023;15/05/2023;60;Unico;T81;1700003515;Factura Compra;;8910.99;1834751.49
15/05/2023;15/05/2023;15/05/2023;60;Unico;T81;1700003514;Factura Compra;;82220.04;1916971.53
15/05/2023;15/05/2023;15/05/2023;60;Unico;T81;1700003513;Factura Compra;;71102.37;1988073.9
15/05/2023;15/05/2023;15/05/2023;60;Unico;T81;1700003512;Factura Compra;;72476.6;2060550.5
15/05/2023;15/05/2023;15/05/2023;60;Unico;T81;1700003511;Factura Compra;;5628.56;2066179.06
15/05/2023;15/05/2023;15/05/2023;60;Unico;T81;1700003510;Factura Compra;;1101.48;2067280.54
22/05/2023;22/05/2023;22/05/2023;53;Unico;T81;1700003650;Factura Compra;;4999.9;2072280.44
22/05/2023;22/05/2023;22/05/2023;53;Unico;T81;1700003649;Factura Compra;;4539.99;2076820.43
22/05/2023;22/05/2023;22/05/2023;53;Unico;T81;1700003648;Factura Compra;;118184.98;2195005.41
22/05/2023;22/05/2023;22/05/2023;53;Unico;T81;1700003647;Factura Compra;;62207.46;2257212.87
22/05/2023;22/05/2023;22/05/2023;53;Unico;T81;1700003646;Factura Compra;;6138.83;2263351.7
22/05/2023;22/05/2023;22/05/2023;53;Unico;T81;1700003645;Factura Compra;;5807.62;2269159.32
22/05/2023;22/05/2023;22/05/2023;53;Unico;T81;1700003644;Factura Compra;;6000.06;2275159.38
22/05/2023;22/05/2023;22/05/2023;53;Unico;T81;1700003643;Factura Compra;;92996.46;2368155.84
22/05/2023;22/05/2023;22/05/2023;53;Unico;T81;1700003641;Factura Compra;;82412.52;2450568.36
22/05/2023;22/05/2023;22/05/2023;53;Unico;T81;1700003640;Factura Compra;;133832.51;2584400.87
22/05/2023;22/05/2023;22/05/2023;53;Unico;T81;1700003639;Factura Compra;;89565.5;2673966.37
22/05/2023;22/05/2023;22/05/2023;53;Unico;T81;1700003638;Factura Compra;;84094.4;2758060.77
22/05/2023;22/05/2023;22/05/2023;53;Unico;T81;1700003637;Factura Compra;;2681.12;2760741.89
22/05/2023;22/05/2023;22/05/2023;53;Unico;T81;1700003636;Factura Compra;;78372;2839113.89
22/05/2023;22/05/2023;22/05/2023;53;Unico;T81;1700003635;Factura Compra;;4344;2843457.89
23/05/2023;23/05/2023;23/05/2023;52;Unico;T81;1700003722;Factura Compra;;729299.96;3572757.85
29/05/2023;29/05/2023;29/05/2023;46;Unico;T81;1700003739;Factura Compra;;16669.6;3589427.45
29/05/2023;29/05/2023;29/05/2023;46;Unico;T81;1700003738;Factura Compra;;16946.85;3606374.3
29/05/2023;29/05/2023;29/05/2023;46;Unico;T81;1700003737;Factura Compra;;2349.45;3608723.75
29/05/2023;29/05/2023;29/05/2023;46;Unico;T81;1700003740;Factura Compra;;6133.55;3614857.3
29/05/2023;29/05/2023;29/05/2023;46;Unico;T81;1700003741;Factura Compra;;6006.42;3620863.72
29/05/2023;29/05/2023;29/05/2023;46;Unico;T81;1700003742;Factura Compra;;5242.53;3626106.25
29/05/2023;29/05/2023;29/05/2023;46;Unico;T81;1700003743;Factura Compra;;56606.98;3682713.23
30/05/2023;30/05/2023;30/05/2023;45;Unico;T81;1700003814;Factura Compra;;1458599.9;5141313.13
05/06/2023;05/06/2023;05/06/2023;39;Unico;T81;1700003887;Factura Compra;;5674.99;5146988.12
05/06/2023;05/06/2023;05/06/2023;39;Unico;T81;1700003886;Factura Compra;;7491;5154479.12
05/06/2023;05/06/2023;05/06/2023;39;Unico;T81;1700003880;Factura Compra;;72152;5226631.12
05/06/2023;05/06/2023;05/06/2023;39;Unico;T81;1700003878;Factura Compra;;9761;5236392.12
05/06/2023;05/06/2023;05/06/2023;39;Unico;T81;1700003879;Factura Compra;;90812;5327204.12
05/06/2023;05/06/2023;05/06/2023;39;Unico;T81;1700003877;Factura Compra;;1137.27;5328341.39
05/06/2023;05/06/2023;05/06/2023;39;Unico;T81;1700003876;Factura Compra;;80367.38;5408708.77
05/06/2023;05/06/2023;05/06/2023;39;Unico;T81;1700003885;Factura Compra;;89570.5;5498279.27
05/06/2023;05/06/2023;05/06/2023;39;Unico;T81;1700003884;Factura Compra;;2135.05;5500414.32
05/06/2023;05/06/2023;05/06/2023;39;Unico;T81;1700003883;Factura Compra;;4679.66;5505093.98
05/06/2023;05/06/2023;05/06/2023;39;Unico;T81;1700003882;Factura Compra;;9660;5514753.98
05/06/2023;05/06/2023;05/06/2023;39;Unico;T81;1700003881;Factura Compra;;4999.9;5519753.88
05/06/2023;05/06/2023;05/06/2023;39;Unico;T81;1700003891;Factura Compra;;4920.77;5524674.65
05/06/2023;05/06/2023;05/06/2023;39;Unico;T81;1700003890;Factura Compra;;131779.41;5656454.06
05/06/2023;05/06/2023;05/06/2023;39;Unico;T81;1700003889;Factura Compra;;76881.69;5733335.75
05/06/2023;05/06/2023;05/06/2023;39;Unico;T81;1700003888;Factura Compra;;79616;5812951.75
12/06/2023;12/06/2023;12/06/2023;32;Unico;T81;1700004005;Factura Compra;;84283.49;5897235.24
12/06/2023;12/06/2023;12/06/2023;32;Unico;T81;1700004008;Factura Compra;;5000.82;5902236.06
12/06/2023;12/06/2023;12/06/2023;32;Unico;T81;1700004093;Factura Compra;;339878.08;6242114.14
12/06/2023;12/06/2023;12/06/2023;32;Unico;T81;1700004007;Factura Compra;;1085.43;6243199.57
12/06/2023;12/06/2023;12/06/2023;32;Unico;T81;1700004006;Factura Compra;;85378.21;6328577.78
12/06/2023;12/06/2023;12/06/2023;32;Unico;T81;1700004009;Factura Compra;;8694.1;6337271.88
12/06/2023;12/06/2023;12/06/2023;32;Unico;T81;1700004010;Factura Compra;;76055.67;6413327.55
12/06/2023;12/06/2023;12/06/2023;32;Unico;T81;1700004011;Factura Compra;;132508.39;6545835.94
12/06/2023;12/06/2023;12/06/2023;32;Unico;T81;1700004012;Factura Compra;;4218.63;6550054.57
12/06/2023;12/06/2023;12/06/2023;32;Unico;T81;1700004013;Factura Compra;;24900;6574954.57
12/06/2023;12/06/2023;12/06/2023;32;Unico;T81;1700004014;Factura Compra;;87948.31;6662902.88
12/06/2023;12/06/2023;12/06/2023;32;Unico;T81;1700004015;Factura Compra;;5674.99;6668577.87
12/06/2023;12/06/2023;12/06/2023;32;Unico;T81;1700004016;Factura Compra;;74796.74;6743374.61
12/06/2023;12/06/2023;12/06/2023;32;Unico;T81;1700004020;Factura Compra;;121890.6;6865265.21
12/06/2023;12/06/2023;12/06/2023;32;Unico;T81;1700004017;Factura Compra;;79703.07;6944968.28
12/06/2023;12/06/2023;12/06/2023;32;Unico;T81;1700004018;Factura Compra;;22121.39;6967089.67
12/06/2023;12/06/2023;12/06/2023;32;Unico;T81;1700004019;Factura Compra;;1271.19;6968360.86
19/06/2023;19/06/2023;19/06/2023;25;Unico;T81;1700004146;Factura Compra;;13473.6;6981834.46
19/06/2023;19/06/2023;19/06/2023;25;Unico;T81;1700004145;Factura Compra;;6015;6987849.46
19/06/2023;19/06/2023;19/06/2023;25;Unico;T81;1700004148;Factura Compra;;127660.6;7115510.06
19/06/2023;19/06/2023;19/06/2023;25;Unico;T81;1700004147;Factura Compra;;94685.48;7210195.54
19/06/2023;19/06/2023;19/06/2023;25;Unico;T81;1700004144;Factura Compra;;82990.2;7293185.74
19/06/2023;19/06/2023;19/06/2023;25;Unico;T81;1700004143;Factura Compra;;6006;7299191.74
19/06/2023;19/06/2023;19/06/2023;25;Unico;T81;1700004142;Factura Compra;;81925.07;7381116.81
19/06/2023;19/06/2023;19/06/2023;25;Unico;T81;1700004141;Factura Compra;;125627.08;7506743.89
19/06/2023;19/06/2023;19/06/2023;25;Unico;T81;1700004137;Factura Compra;;83524.1;7590267.99
19/06/2023;19/06/2023;19/06/2023;25;Unico;T81;1700004140;Factura Compra;;4972.84;7595240.83
19/06/2023;19/06/2023;19/06/2023;25;Unico;T81;1700004139;Factura Compra;;6359.54;7601600.37
19/06/2023;19/06/2023;19/06/2023;25;Unico;T81;1700004138;Factura Compra;;5299.46;7606899.83
19/06/2023;19/06/2023;19/06/2023;25;Unico;T81;1700004149;Factura Compra;;25237.5;7632137.33
19/06/2023;19/06/2023;19/06/2023;25;Unico;T81;1700004135;Factura Compra;;68786.72;7700924.05
19/06/2023;19/06/2023;19/06/2023;25;Unico;T81;1700004136;Factura Compra;;88278.84;7789202.89
26/06/2023;26/06/2023;26/06/2023;18;Unico;T81;1700004254;Factura Compra;;1738.59;7790941.48
26/06/2023;26/06/2023;26/06/2023;18;Unico;T81;1700004255;Factura Compra;;138937.22;7929878.7
26/06/2023;26/06/2023;26/06/2023;18;Unico;T81;1700004256;Factura Compra;;3167.78;7933046.48
26/06/2023;26/06/2023;26/06/2023;18;Unico;T81;1700004251;Factura Compra;;7653.49;7940699.97
26/06/2023;26/06/2023;26/06/2023;18;Unico;T81;1700004250;Factura Compra;;10000.05;7950700.02
26/06/2023;26/06/2023;26/06/2023;18;Unico;FC;1700004252;Factura Compra;;86806.69;8037506.71
26/06/2023;26/06/2023;26/06/2023;18;Unico;FC;1700004253;Factura Compra;;88418.92;8125925.63
;;;;;;;;;;
000108;GARIBALDI S.R.L.;;;;SAN PEDRO;;.;;;
;;;;;;;;;;
02/06/2023;02/06/2023;02/06/2023;42;Unico;FC;2500002381;Factura Compra;;4902.41;4902.41
03/06/2023;03/06/2023;03/06/2023;41;Unico;FC;2500002386;Factura Compra;;25049.82;29952.23
29/06/2023;29/06/2023;29/06/2023;15;Unico;FC;1600000505;Factura Compra;;19900.02;49852.25
;;;;;;;;;;
000111;ENTE ADM. PUERTO STA. FE;;;;SANTA FE;;.;;;
;;;;;;;;;;
02/03/2023;02/03/2023;02/03/2023;134;Unico;FC;300015680;Factura Compra;;4218.6;4218.6
03/04/2023;03/04/2023;03/04/2023;102;Unico;FC;300015855;Factura Compra;;79731.72;83950.32
03/04/2023;03/04/2023;03/04/2023;102;Unico;FC;300015812;Factura Compra;;92977.71;176928.03
31/05/2023;31/05/2023;31/05/2023;44;Unico;FC;300016118;Factura Compra;;114862.8;291790.83
01/06/2023;01/06/2023;01/06/2023;43;Unico;FC;300016159;Factura Compra;;112206.02;403996.85
02/06/2023;02/06/2023;02/06/2023;42;Unico;FC;300016195;Factura Compra;;96433.58;500430.43
;;;;;;;;;;
000115;FAVINI S.A. ;;;;SANTA FE;;.;;;
;;;;;;;;;;
17/01/2022;17/01/2022;17/01/2022;543;Unico;OP;500024310;Factura Compra;;-10.26;-10.26
12/06/2023;12/06/2023;12/06/2023;32;Unico;FC;1800023974;Factura Compra;;32000;31989.74
29/06/2023;29/06/2023;29/06/2023;15;Unico;FC;1800024170;Factura Compra;;62800;94789.74
;;;;;;;;;;
000116;SANCOR SEGUROS;;;;SUNCHALES;;.;;;
;;;;;;;;;;
16/06/2023;16/06/2023;16/06/2023;28;Unico;FC;500673514;Factura Compra;;23064;23064
;;;;;;;;;;
000117;CORREO OF. REP. ARG. S.A.;;;;SANTA FE;;.;;;
;;;;;;;;;;
06/06/2023;06/06/2023;06/06/2023;38;Unico;FC;247600141912;Factura Compra;;2280;2280
27/06/2023;27/06/2023;27/06/2023;17;Unico;FC;247600142073;Factura Compra;;4560;6840
;;;;;;;;;;
000118;AZUL COMBUSTIBLES S.A.;;;;SANTA FE;;.;;;
;;;;;;;;;;
02/06/2023;02/06/2023;02/06/2023;42;Unico;T81;9600007218;Factura Compra;;3000.01;3000.01
08/06/2023;08/06/2023;08/06/2023;36;Unico;T81;9600007524;Factura Compra;;499.59;3499.6
09/06/2023;09/06/2023;09/06/2023;35;Unico;T81;9600007574;Factura Compra;;5999.99;9499.59
25/06/2023;25/06/2023;25/06/2023;19;Unico;T81;9300002429;Factura Compra;;6000;15499.59
30/06/2023;30/06/2023;30/06/2023;14;Unico;T81;9300002481;Factura Compra;;1000;16499.59
;;;;;;;;;;
000120;DESS ALARMAS;;;;SANTA FE;;.;;;
;;;;;;;;;;
12/06/2023;12/06/2023;12/06/2023;32;Unico;FC;300005203;Factura Compra;;7800;7800
;;;;;;;;;;
000130;PINTURERIA UNIVERSO;;;;SANTA FE;;.;;;
;;;;;;;;;;
29/06/2023;29/06/2023;29/06/2023;15;Unico;T81;11000003721;Factura Compra;;9080.08;9080.08
;;;;;;;;;;
0001326;CNH INDUSTRIAL ARG. SA;;AMARO AVALOS 2821 ED 1 PISO 4;;VICENTE LOPEZ;;.;;;
;;;;;;;;;;
16/11/2021;16/11/2021;16/11/2021;605;Unico;FC;61100011318;Factura Compra;;30999.86;30999.86
;;;;;;;;;;
000140;REYNES S.A.;;;;SAN PEDRO;;.;;;
;;;;;;;;;;
01/04/2023;01/04/2023;01/04/2023;104;Unico;FC;1500019671;Factura Compra;;21800.04;21800.04
02/05/2023;02/05/2023;02/05/2023;73;Unico;FC;1500020391;Factura Compra;;15000.01;36800.05
01/06/2023;01/06/2023;01/06/2023;43;Unico;FC;1500021108;Factura Compra;;16950.01;53750.06
;;;;;;;;;;
000141;I.C.T. NET S.A.;;;;SAN PEDRO;;.;;;
;;;;;;;;;;
01/06/2023;01/06/2023;01/06/2023;43;Unico;FC;1000006456;Factura Compra;;5505.01;5505.01
;;;;;;;;;;
000145;F.A. RODAMIENTOS S.A.;;;;SAN NICOLAS;;.;;;
;;;;;;;;;;
03/05/2023;03/05/2023;03/05/2023;72;Unico;FC;600011590;Factura Compra;;1573.56;1573.56
23/06/2023;23/06/2023;23/06/2023;21;Unico;FC;600012019;Factura Compra;;101252.8;102826.36
;;;;;;;;;;
000147;MAXICONSUMO S.A.;;;;SAN PEDRO ;;.;;;
;;;;;;;;;;
29/05/2023;29/05/2023;29/05/2023;46;Unico;FC;330200099870;Factura Compra;;24704.67;24704.67
14/06/2023;14/06/2023;14/06/2023;30;Unico;FC;330200100941;Factura Compra;;15508.73;40213.4
14/06/2023;14/06/2023;14/06/2023;30;Unico;FC;330200100932;Factura Compra;;81587.74;121801.14
14/06/2023;14/06/2023;14/06/2023;30;Unico;FC;330200100939;Factura Compra;;50130.64;171931.78
14/06/2023;14/06/2023;14/06/2023;30;Unico;FC;330200100930;Factura Compra;;49125.98;221057.76
14/06/2023;14/06/2023;14/06/2023;30;Unico;FC;330200100931;Factura Compra;;76656.97;297714.73
;;;;;;;;;;
000151;CASA EDEL SRL;;;;SANTA FE;;.;;;
;;;;;;;;;;
18/05/2023;18/05/2023;18/05/2023;57;Unico;FC;600037181;Factura Compra;;39281.88;39281.88
02/06/2023;02/06/2023;02/06/2023;42;Unico;FC;600037608;Factura Compra;;90180.72;129462.6
02/06/2023;02/06/2023;02/06/2023;42;Unico;FC;600037607;Factura Compra;;5856.08;135318.68
09/06/2023;09/06/2023;09/06/2023;35;Unico;FC;600037791;Factura Compra;;19783.81;155102.49
09/06/2023;09/06/2023;09/06/2023;35;Unico;NC;600003370;Factura Compra;;-4104.07;150998.42
15/06/2023;15/06/2023;15/06/2023;29;Unico;FC;600037903;Factura Compra;;6849.1;157847.52
;;;;;;;;;;
000155;MARIUTTI HNOS. S.R.L.;;;;SANTA FE;;.;;;
;;;;;;;;;;
16/03/2023;16/03/2023;16/03/2023;120;Unico;FC;900028803;Factura Compra;;18600;18600
01/06/2023;01/06/2023;01/06/2023;43;Unico;FC;900030756;Factura Compra;;6440;25040
;;;;;;;;;;
000158;BULONERIA SANTA FE;;;;SANTA FE;;.;;;
;;;;;;;;;;
05/05/2023;05/05/2023;05/05/2023;70;Unico;FC;500060650;Factura Compra;;9680.27;9680.27
06/05/2023;06/05/2023;06/05/2023;69;Unico;FC;500060673;Factura Compra;;17181.55;26861.82
03/06/2023;03/06/2023;03/06/2023;41;Unico;FC;500061171;Factura Compra;;7110.94;33972.76
08/06/2023;08/06/2023;08/06/2023;36;Unico;FC;500061318;Factura Compra;;6450.06;40422.82
29/06/2023;29/06/2023;29/06/2023;15;Unico;FC;500061674;Factura Compra;;35970.06;76392.88
;;;;;;;;;;
000161;TRANSPORTE PEDRITO;;;;SANTA FE;;.;;;
;;;;;;;;;;
13/11/2015;13/11/2015;13/11/2015;2800;Unico;FC;1100035085;Factura Compra;;265.67;265.67
14/11/2015;14/11/2015;14/11/2015;2799;Unico;FC;1100035302;Factura Compra;;146.51;412.18
;;;;;;;;;;
000167;COOPSER LTDA.;;;;SAN PEDRO;;.;;;
;;;;;;;;;;
11/04/2023;11/04/2023;11/04/2023;94;Unico;FC;2300146225;Factura Compra;;106045.5;106045.5
08/05/2023;08/05/2023;08/05/2023;67;Unico;FC;2300147528;Factura Compra;;113893.1;219938.6
08/06/2023;08/06/2023;08/06/2023;36;Unico;T17;2300148837;Factura Compra;;172813.03;392751.63
;;;;;;;;;;
000169;DISTRIBUIDORA PRAXIS SRL;;;;SANTA FE;;.;;;
;;;;;;;;;;
21/06/2023;21/06/2023;21/06/2023;23;Unico;FC;1400004048;Factura Compra;;13092.2;13092.2
;;;;;;;;;;
000175;SAN CRISTOBAL S.M.S.G.;;;;SANTA FE;;.;;;
;;;;;;;;;;
18/12/2021;18/12/2021;18/12/2021;573;Unico;ND;20730076741;Factura Compra;;5089;5089
30/12/2021;30/12/2021;30/12/2021;561;Unico;ND;21130007599;Factura Compra;;5162;10251
12/02/2022;12/02/2022;12/02/2022;517;Unico;ND;20130818099;Factura Compra;;12885;23136
18/02/2022;18/02/2022;18/02/2022;511;Unico;ND;20130822853;Factura Compra;;23166;46302
09/03/2022;09/03/2022;09/03/2022;492;Unico;ND;20130835006;Factura Compra;;90627;136929
09/03/2022;09/03/2022;09/03/2022;492;Unico;ND;20130835181;Factura Compra;;31269;168198
14/03/2022;14/03/2022;14/03/2022;487;Unico;ND;20130838257;Factura Compra;;89218;257416
22/03/2022;22/03/2022;22/03/2022;479;Unico;ND;21530002925;Factura Compra;;15555;272971
25/03/2022;25/03/2022;25/03/2022;476;Unico;ND;20630029772;Factura Compra;;2844;275815
31/03/2022;31/03/2022;31/03/2022;470;Unico;ND;20130850975;Factura Compra;;24167;299982
31/03/2022;31/03/2022;31/03/2022;470;Unico;ND;20130850926;Factura Compra;;21917;321899
05/04/2022;05/04/2022;05/04/2022;465;Unico;ND;21130008280;Factura Compra;;59549;381448
18/04/2022;18/04/2022;18/04/2022;452;Unico;ND;21330001279;Factura Compra;;20077;401525
19/04/2022;19/04/2022;19/04/2022;451;Unico;ND;21330001280;Factura Compra;;25076;426601
27/04/2022;27/04/2022;27/04/2022;443;Unico;ND;20130870400;Factura Compra;;110847;537448
27/04/2022;27/04/2022;27/04/2022;443;Unico;ND;20130870371;Factura Compra;;111072;648520
17/05/2022;17/05/2022;17/05/2022;423;Unico;ND;20130884414;Factura Compra;;76094;724614
19/05/2022;19/05/2022;19/05/2022;421;Unico;ND;20130886014;Factura Compra;;77780;802394
09/06/2022;09/06/2022;09/06/2022;400;Unico;ND;20130900562;Factura Compra;;47387;849781
18/06/2022;18/06/2022;18/06/2022;391;Unico;ND;21530003163;Factura Compra;;57985;907766
21/06/2022;21/06/2022;21/06/2022;388;Unico;ND;21530003218;Factura Compra;;40108;947874
15/07/2022;15/07/2022;15/07/2022;364;Unico;ND;20630033261;Factura Compra;;2226;950100
15/07/2022;15/07/2022;15/07/2022;364;Unico;ND;20130927876;Factura Compra;;5681;955781
16/07/2022;16/07/2022;16/07/2022;363;Unico;ND;21130008971;Factura Compra;;22924;978705
18/07/2022;18/07/2022;18/07/2022;361;Unico;ND;21530003367;Factura Compra;;22314;1001019
25/07/2022;25/07/2022;25/07/2022;354;Unico;ND;20130934669;Factura Compra;;159893;1160912
26/07/2022;26/07/2022;26/07/2022;353;Unico;ND;20130935321;Factura Compra;;14058;1174970
06/08/2022;06/08/2022;06/08/2022;342;Unico;ND;21130009124;Factura Compra;;50908;1225878
19/08/2022;19/08/2022;19/08/2022;329;Unico;ND;21530003358;Factura Compra;;26556;1252434
26/08/2022;26/08/2022;26/08/2022;322;Unico;NDA;20130850975;Factura Compra;;8005;1260439
26/08/2022;26/08/2022;26/08/2022;322;Unico;ND;20130957724;Factura Compra;;58193;1318632
26/08/2022;26/08/2022;26/08/2022;322;Unico;NDA;20130749833;Factura Compra;;15212;1333844
26/08/2022;26/08/2022;26/08/2022;322;Unico;NDA;20130823097;Factura Compra;;93965;1427809
26/08/2022;26/08/2022;26/08/2022;322;Unico;NDA;20130805788;Factura Compra;;45712;1473521
26/08/2022;26/08/2022;26/08/2022;322;Unico;NDA;20130823328;Factura Compra;;93128;1566649
26/08/2022;26/08/2022;26/08/2022;322;Unico;NDA;20130838257;Factura Compra;;43095;1609744
26/08/2022;26/08/2022;26/08/2022;322;Unico;NDA;20130850926;Factura Compra;;7690;1617434
27/08/2022;27/08/2022;27/08/2022;321;Unico;NDA;20130870371;Factura Compra;;155484;1772918
27/08/2022;27/08/2022;27/08/2022;321;Unico;NDA;20130870400;Factura Compra;;156080;1928998
27/08/2022;27/08/2022;27/08/2022;321;Unico;NDA;20130886014;Factura Compra;;37461;1966459
30/08/2022;30/08/2022;30/08/2022;318;Unico;ND;20630034588;Factura Compra;;34855;2001314
21/09/2022;21/09/2022;21/09/2022;296;Unico;OP;500026722;Factura Compra;;-1;2001313
27/09/2022;27/09/2022;27/09/2022;290;Unico;ND;20130978640;Factura Compra;;5201;2006514
13/10/2022;13/10/2022;13/10/2022;274;Unico;ND;20630036011;Factura Compra;;63777;2070291
18/10/2022;18/10/2022;18/10/2022;269;Unico;ND;21530003538;Factura Compra;;139318;2209609
18/10/2022;18/10/2022;18/10/2022;269;Unico;ND;20130993323;Factura Compra;;7940;2217549
21/10/2022;21/10/2022;21/10/2022;266;Unico;NDA;20630036011;Factura Compra;;94642;2312191
03/11/2022;03/11/2022;03/11/2022;253;Unico;ND;20131005934;Factura Compra;;71655;2383846
22/11/2022;22/11/2022;22/11/2022;234;Unico;ND;20131020056;Factura Compra;;67005;2450851
25/11/2022;25/11/2022;25/11/2022;231;Unico;ND;21530003623;Factura Compra;;72330;2523181
25/11/2022;25/11/2022;25/11/2022;231;Unico;ND;21330001529;Factura Compra;;288986;2812167
26/11/2022;26/11/2022;26/11/2022;230;Unico;ND;21330001530;Factura Compra;;288986;3101153
28/11/2022;28/11/2022;28/11/2022;228;Unico;ND;20131024587;Factura Compra;;152823;3253976
30/11/2022;30/11/2022;30/11/2022;226;Unico;ND;20630037553;Factura Compra;;24871;3278847
01/12/2022;01/12/2022;01/12/2022;225;Unico;NC;20130862046;Factura Compra;;-1341;3277506
14/12/2022;14/12/2022;14/12/2022;212;Unico;ND;20630037888;Factura Compra;;48011;3325517
14/12/2022;14/12/2022;14/12/2022;212;Unico;ND;20630037887;Factura Compra;;17441;3342958
23/12/2022;23/12/2022;23/12/2022;203;Unico;ND;20131042561;Factura Compra;;24134;3367092
27/12/2022;27/12/2022;27/12/2022;199;Unico;ND;20730102579;Factura Compra;;117043;3484135
30/12/2022;30/12/2022;30/12/2022;196;Unico;ND;21130010153;Factura Compra;;104946;3589081
19/01/2023;19/01/2023;19/01/2023;176;Unico;OP;500027811;Factura Compra;;-756455;2832626
02/02/2023;02/02/2023;02/02/2023;162;Unico;ND;20131076981;Factura Compra;;309891;3142517
05/02/2023;05/02/2023;05/02/2023;159;Unico;ND;20131078897;Factura Compra;;230872;3373389
05/02/2023;05/02/2023;05/02/2023;159;Unico;ND;20131078913;Factura Compra;;123826;3497215
09/02/2023;09/02/2023;09/02/2023;155;Unico;ND;20630039561;Factura Compra;;18472;3515687
14/02/2023;14/02/2023;14/02/2023;150;Unico;ND;20131091212;Factura Compra;;189308;3704995
17/02/2023;17/02/2023;17/02/2023;147;Unico;OP;500028694;Factura Compra;;-775594.1;2929400.9
22/02/2023;22/02/2023;22/02/2023;142;Unico;ND;20131100969;Factura Compra;;300945;3230345.9
23/02/2023;23/02/2023;23/02/2023;141;Unico;ND;21530003897;Factura Compra;;119311;3349656.9
27/02/2023;27/02/2023;27/02/2023;137;Unico;ND;20131107083;Factura Compra;;632463;3982119.9
28/02/2023;28/02/2023;28/02/2023;136;Unico;ND;20131108287;Factura Compra;;222520;4204639.9
07/03/2023;07/03/2023;07/03/2023;129;Unico;ND;20131116994;Factura Compra;;940101;5144740.9
09/03/2023;09/03/2023;09/03/2023;127;Unico;ND;20131119287;Factura Compra;;461559;5606299.9
09/03/2023;09/03/2023;09/03/2023;127;Unico;ND;20131119263;Factura Compra;;461559;6067858.9
16/03/2023;16/03/2023;16/03/2023;120;Unico;OP;500028695;Factura Compra;;-888235;5179623.9
21/03/2023;21/03/2023;21/03/2023;115;Unico;ND;20131134554;Factura Compra;;17709;5197332.9
23/03/2023;23/03/2023;23/03/2023;113;Unico;ND;20131136085;Factura Compra;;32407;5229739.9
28/03/2023;28/03/2023;28/03/2023;108;Unico;ND;20131141442;Factura Compra;;7408;5237147.9
31/03/2023;31/03/2023;31/03/2023;105;Unico;ND;20131146516;Factura Compra;;215940;5453087.9
31/03/2023;31/03/2023;31/03/2023;105;Unico;ND;20131146501;Factura Compra;;237049;5690136.9
05/04/2023;05/04/2023;05/04/2023;100;Unico;ND;21130010903;Factura Compra;;243209;5933345.9
12/04/2023;12/04/2023;12/04/2023;93;Unico;ND;20131163082;Factura Compra;;233943;6167288.9
17/04/2023;17/04/2023;17/04/2023;88;Unico;ND;20131169130;Factura Compra;;8119;6175407.9
18/04/2023;18/04/2023;18/04/2023;87;Unico;ND;21330001673;Factura Compra;;297389;6472796.9
19/04/2023;19/04/2023;19/04/2023;86;Unico;ND;21330001672;Factura Compra;;322171;6794967.9
24/04/2023;24/04/2023;24/04/2023;81;Unico;OP;500028696;Factura Compra;;-964573;5830394.9
27/04/2023;27/04/2023;27/04/2023;78;Unico;ND;20131182823;Factura Compra;;120532;5950926.9
04/05/2023;04/05/2023;04/05/2023;71;Unico;ND;21530004012;Factura Compra;;266727;6217653.9
05/05/2023;05/05/2023;05/05/2023;70;Unico;ND;20131192110;Factura Compra;;128611;6346264.9
05/05/2023;05/05/2023;05/05/2023;70;Unico;ND;20131191069;Factura Compra;;254081;6600345.9
22/05/2023;22/05/2023;22/05/2023;53;Unico;OP;500028743;Factura Compra;;-953991;5646354.9
07/06/2023;07/06/2023;07/06/2023;37;Unico;ND;20131232439;Factura Compra;;169380;5815734.9
07/06/2023;07/06/2023;07/06/2023;37;Unico;ND;20131232042;Factura Compra;;234808;6050542.9
12/06/2023;12/06/2023;12/06/2023;32;Unico;FC;20131207060;Factura Compra;;595685;6646227.9
13/06/2023;13/06/2023;13/06/2023;31;Unico;OP;500028793;Factura Compra;;-1148500;5497727.9
16/06/2023;16/06/2023;16/06/2023;28;Unico;ND;20131243798;Factura Compra;;268821;5766548.9
21/06/2023;21/06/2023;21/06/2023;23;Unico;ND;21530004107;Factura Compra;;155881;5922429.9
22/06/2023;22/06/2023;22/06/2023;22;Unico;ND;20131250398;Factura Compra;;42711;5965140.9
27/06/2023;27/06/2023;27/06/2023;17;Unico;ND;20131256069;Factura Compra;;9661;5974801.9
;;;;;;;;;;
000176;TELECOM ARGENTINA S.A.;;;;CAP. FEDERAL;;.;;;
;;;;;;;;;;
29/01/2023;29/01/2023;29/01/2023;166;Unico;FC;920619187737;Factura Compra;;3405.9;3405.9
28/02/2023;28/02/2023;28/02/2023;136;Unico;FC;920521897329;Factura Compra;;3614.82;7020.72
28/05/2023;28/05/2023;28/05/2023;47;Unico;FC;920422790611;Factura Compra;;3739.97;10760.69
01/06/2023;01/06/2023;01/06/2023;43;Unico;FC;1800023885;Factura Compra;;72000;82760.69
04/06/2023;04/06/2023;04/06/2023;40;Unico;FC;910523615117;Factura Compra;;11172.92;93933.61
04/06/2023;04/06/2023;04/06/2023;40;Unico;FC;910423605466;Factura Compra;;10927.49;104861.1
04/06/2023;04/06/2023;04/06/2023;40;Unico;FC;910523632923;Factura Compra;;2962.9;107824
17/06/2023;17/06/2023;17/06/2023;27;Unico;FC;636407585963;Factura Compra;;29784.05;137608.05
;;;;;;;;;;
000177;M. ROYO S.A.;;;;CAP. FEDERAL;;.;;;
;;;;;;;;;;
31/05/2019;31/05/2019;31/05/2019;1505;Unico;OP;500016768;Factura Compra;;-1464.61;-1464.61
03/09/2021;03/09/2021;03/09/2021;679;Unico;OP;500023374;Factura Compra;;-255.93;-1720.54
24/02/2023;24/02/2023;24/02/2023;140;Unico;FC;300029388;Factura Compra;;1000;-720.54
;;;;;;;;;;
000179;REPUESTOS LUIS;;;;SANTO TOME;;.;;;
;;;;;;;;;;
09/06/2023;09/06/2023;09/06/2023;35;Unico;FC;400002000;Factura Compra;;20800;20800
;;;;;;;;;;
000181;CIA DE SEGUROS EL NORTE S;;BV.25 DE MAYO 1825;;SAN FRANCISCO;;;;;
;;;;;;;;;;
12/08/2022;12/08/2022;12/08/2022;336;Unico;ND;100076504;Factura Compra;;1440;1440
;;;;;;;;;;
0002014;RODOLFO F. UNAMUNO E HIJO;;MAXIMILIANO MILLAN 1155;;SAN PEDRO;;;;;
;;;;;;;;;;
27/04/2023;27/04/2023;27/04/2023;78;Unico;FC;400006133;Factura Compra;;79731;79731
29/05/2023;29/05/2023;29/05/2023;46;Unico;FC;400006178;Factura Compra;;95910.01;175641.01
31/05/2023;31/05/2023;31/05/2023;44;Unico;FC;400006198;Factura Compra;;64217;239858.01
27/06/2023;27/06/2023;27/06/2023;17;Unico;FC;400006228;Factura Compra;;132815;372673.01
;;;;;;;;;;
000202;EPE SANTA FE;;;;SANTA FE;;.;;;
;;;;;;;;;;
17/05/2023;17/05/2023;17/05/2023;58;Unico;T17;1106818334;Factura Compra;;12871.83;12871.83
15/06/2023;15/06/2023;15/06/2023;29;Unico;T17;1106861138;Factura Compra;;81195.1;94066.93
26/06/2023;26/06/2023;26/06/2023;18;Unico;T17;1106883422;Factura Compra;;121119.53;215186.46
;;;;;;;;;;
000222;BETA S.A.;;NECOCHEA 2601;;ROSARIO;;;;;
;;;;;;;;;;
16/05/2023;16/05/2023;16/05/2023;59;Unico;FC;3500008326;Factura Compra;;76600.01;76600.01
;;;;;;;;;;
000223;AIR LIQUIDE ARGENTINA S.A;;MONS.MAGLIANO 3079;;SAN ISIDRO ;;;;;
;;;;;;;;;;
31/07/2013;31/07/2013;31/07/2013;3635;Unico;Aj+;21;Factura Compra;;178.77;178.77
;;;;;;;;;;
000224;CIA.DE SER.PETROLEROS SA;;M.DE ROSAS;;BANFIELD;;;;;
;;;;;;;;;;
31/07/2013;31/07/2013;31/07/2013;3635;Unico;Aj+;32;Factura Compra;;10890;10890
;;;;;;;;;;
000225;CALERA SAN ANTONIO S.H.;;A.DEL VALLE 374;;SA DE ARECO;;;;;
;;;;;;;;;;
31/07/2013;31/07/2013;31/07/2013;3635;Unico;Aj+;22;Factura Compra;;1790.5;1790.5
;;;;;;;;;;
000243;VOTTERO NORBERTO ANTONIO;;;;;;;;;
;;;;;;;;;;
30/06/2023;30/06/2023;30/06/2023;14;Unico;FC;800005590;Factura Compra;;2236080;2236080
;;;;;;;;;;
000251;BULONERIA MURPAT S.H.;;;;SANTA FE;;.;;;
;;;;;;;;;;
08/06/2023;08/06/2023;08/06/2023;36;Unico;FC;700002005;Factura Compra;;17180.37;17180.37
12/06/2023;12/06/2023;12/06/2023;32;Unico;FC;700002019;Factura Compra;;530.68;17711.05
24/06/2023;24/06/2023;24/06/2023;20;Unico;FC;600002946;Factura Compra;;1706.42;19417.47
;;;;;;;;;;
000256;GASES COMP. ARGENTINA;;;;SAN PEDRO;;.;;;
;;;;;;;;;;
13/04/2023;13/04/2023;13/04/2023;92;Unico;FC;300009762;Factura Compra;;218057.51;218057.51
13/04/2023;13/04/2023;13/04/2023;92;Unico;FC;300009761;Factura Compra;;255626.88;473684.39
09/05/2023;09/05/2023;09/05/2023;66;Unico;FC;300009834;Factura Compra;;135154.94;608839.33
09/05/2023;09/05/2023;09/05/2023;66;Unico;FC;300009832;Factura Compra;;127608.33;736447.66
09/05/2023;09/05/2023;09/05/2023;66;Unico;FC;300009833;Factura Compra;;201044.47;937492.13
09/06/2023;09/06/2023;09/06/2023;35;Unico;FC;300009922;Factura Compra;;96927.05;1034419.18
09/06/2023;09/06/2023;09/06/2023;35;Unico;FC;300009923;Factura Compra;;108270.8;1142689.98
29/06/2023;29/06/2023;29/06/2023;15;Unico;FC;300009981;Factura Compra;;115819.53;1258509.51
;;;;;;;;;;
000270;CASA ESTEVE;;;;SAN PEDRO;;.;;;
;;;;;;;;;;
09/05/2023;09/05/2023;09/05/2023;66;Unico;FC;700000604;Factura Compra;;22000.03;22000.03
;;;;;;;;;;
000274;AREMAT PUERTO S.R.L.;;;;SANTA FE;;.;;;
;;;;;;;;;;
22/02/2023;22/02/2023;22/02/2023;142;Unico;FC;2200007303;Factura Compra;;7667.17;7667.17
;;;;;;;;;;
000283;AUTOPARTES EL POLLO SRL;;MITRE 2401;;SAN PEDRO;;;;;
;;;;;;;;;;
15/05/2023;15/05/2023;15/05/2023;60;Unico;FC;100001019;Factura Compra;;3999.99;3999.99
24/05/2023;24/05/2023;24/05/2023;51;Unico;T81;300007893;Factura Compra;;7100;11099.99
;;;;;;;;;;
000300;MEDICI Y ORTEGA SRL;;;;SANTA FE;;.;;;
;;;;;;;;;;
06/05/2023;06/05/2023;06/05/2023;69;Unico;FC;1500002717;Factura Compra;;13672.78;13672.78
29/06/2023;29/06/2023;29/06/2023;15;Unico;T81;1800003108;Factura Compra;;4890.97;18563.75
;;;;;;;;;;
000301;COOP. SERV. TEL. CASTRO;;;;GDOR. CASTRO;;.;;;
;;;;;;;;;;
22/02/2023;22/02/2023;22/02/2023;142;Unico;FC;10000021580;Factura Compra;;305.79;305.79
22/02/2023;22/02/2023;22/02/2023;142;Unico;FC;10000021530;Factura Compra;;305.79;611.58
24/05/2023;24/05/2023;24/05/2023;51;Unico;FC;10000021773;Factura Compra;;191.79;803.37
26/06/2023;26/06/2023;26/06/2023;18;Unico;FC;10000021853;Factura Compra;;200.57;1003.94
;;;;;;;;;;
000311;PEIRO CARLOS ANTONIO;;;;SAN PEDRO;;.;;;
;;;;;;;;;;
27/06/2023;27/06/2023;27/06/2023;17;Unico;FC;2300002492;Factura Compra;;2349.99;2349.99
;;;;;;;;;;
000314;SANDRO DARIO DOTTI;;;;SAN PEDRO;;.;;;
;;;;;;;;;;
29/04/2023;29/04/2023;29/04/2023;76;Unico;T81;500002925;Factura Compra;;116445;116445
;;;;;;;;;;
000315;JORGE A. CASO S.A.;;;;SAN PEDRO;;.;;;
;;;;;;;;;;
21/02/2023;21/02/2023;21/02/2023;143;Unico;FC;6100085224;Factura Compra;;10149.93;10149.93
18/04/2023;18/04/2023;18/04/2023;87;Unico;FC;6100086924;Factura Compra;;9865.68;20015.61
25/04/2023;25/04/2023;25/04/2023;80;Unico;FC;6100087154;Factura Compra;;91275.22;111290.83
02/05/2023;02/05/2023;02/05/2023;73;Unico;FC;6100087314;Factura Compra;;19902.05;131192.88
09/05/2023;09/05/2023;09/05/2023;66;Unico;FC;6100087537;Factura Compra;;22199.49;153392.37
16/05/2023;16/05/2023;16/05/2023;59;Unico;FC;6100087822;Factura Compra;;7504.86;160897.23
30/05/2023;30/05/2023;30/05/2023;45;Unico;FC;6100088353;Factura Compra;;3302.78;164200.01
06/06/2023;06/06/2023;06/06/2023;38;Unico;FC;6100088418;Factura Compra;;10501.02;174701.03
13/06/2023;13/06/2023;13/06/2023;31;Unico;FC;6100088690;Factura Compra;;11402.21;186103.24
20/06/2023;20/06/2023;20/06/2023;24;Unico;FC;6100088851;Factura Compra;;8101;194204.24
;;;;;;;;;;
000321;GARCIA EDGARDO FABIAN;;BELGRANO 2610;;SAN PEDRO;;.;;;
;;;;;;;;;;
29/04/2023;29/04/2023;29/04/2023;76;Unico;FC;200013604;Factura Compra;;33400.02;33400.02
31/05/2023;31/05/2023;31/05/2023;44;Unico;FC;200013726;Factura Compra;;3900;37300.02
;;;;;;;;;;
000327;METALURG. HERMANN S.R.L.;;;;GUALEGUAYCHU;;.;;;
;;;;;;;;;;
17/03/2023;17/03/2023;17/03/2023;119;Unico;FC;700008887;Factura Compra;;10799.99;10799.99
;;;;;;;;;;
000340;GILCOMAT;;;;SANTA FE;;.;;;
;;;;;;;;;;
15/06/2023;15/06/2023;15/06/2023;29;Unico;FC;2500049787;Factura Compra;;10608.19;10608.19
;;;;;;;;;;
000351;SENCAR S.R.L.;;;;SANTA FE;;.;;;
;;;;;;;;;;
06/06/2023;06/06/2023;06/06/2023;38;Unico;FC;200030863;Factura Compra;;25653.05;25653.05
07/06/2023;07/06/2023;07/06/2023;37;Unico;FC;200030894;Factura Compra;;87161.2;112814.25
14/06/2023;14/06/2023;14/06/2023;30;Unico;FC;200030978;Factura Compra;;22018.18;134832.43
30/06/2023;30/06/2023;30/06/2023;14;Unico;FC;200031170;Factura Compra;;155963.56;290795.99
30/06/2023;30/06/2023;30/06/2023;14;Unico;NC;200002749;Factura Compra;;-19873.27;270922.72
;;;;;;;;;;
000367;FLEMING Y MARTOLIO S.A.;;SAN JERONIMO 2933;;SANTA FE;;;;;
;;;;;;;;;;
16/06/2023;16/06/2023;16/06/2023;28;Unico;FC;5800042589;Factura Compra;;828280;828280
;;;;;;;;;;
000370;BERTOLIO VALERIA Y BERTOL;;EVA PERON 4398;;ROSARIO;;;;;
;;;;;;;;;;
19/05/2023;19/05/2023;19/05/2023;56;Unico;FC;500027308;Factura Compra;;30623.95;30623.95
;;;;;;;;;;
000401;CASO GAS S.A.;;;;SAN PEDRO;;.;;;
;;;;;;;;;;
12/06/2023;12/06/2023;12/06/2023;32;Unico;FC;1100014230;Factura Compra;;12131.9;12131.9
26/06/2023;26/06/2023;26/06/2023;18;Unico;FC;1100014301;Factura Compra;;13005.09;25136.99
;;;;;;;;;;
000412;CARLOS A. NAVONE S.A.;;GRAL PAZ 235;;RAFAELA;;;;;
;;;;;;;;;;
09/06/2023;09/06/2023;09/06/2023;35;Unico;FC;200027203;Factura Compra;;146313.51;146313.51
;;;;;;;;;;
000433;CAFA SANITARIOS SRL;;PTE.ROCA 2890;;SANTA FE;;;;;
;;;;;;;;;;
30/03/2023;30/03/2023;30/03/2023;106;Unico;FC;300015285;Factura Compra;;19180.29;19180.29
30/03/2023;30/03/2023;30/03/2023;106;Unico;FC;300015284;Factura Compra;;44264.63;63444.92
30/03/2023;30/03/2023;30/03/2023;106;Unico;NC;300000670;Factura Compra;;-42073.02;21371.9
30/03/2023;30/03/2023;30/03/2023;106;Unico;NC;300000669;Factura Compra;;-28748.03;-7376.13
10/05/2023;10/05/2023;10/05/2023;65;Unico;FC;300015643;Factura Compra;;3958.82;-3417.31
09/06/2023;09/06/2023;09/06/2023;35;Unico;FC;300015910;Factura Compra;;15295.99;11878.68
;;;;;;;;;;
000435;SCANIA ARGENTINA S.A.;;RUTA PANAMERICANA KM 27.5;;DON TORCUATO;;;;;
;;;;;;;;;;
28/04/2023;28/04/2023;28/04/2023;77;Unico;FC;40100028329;Factura Compra;;35861.1;35861.1
;;;;;;;;;;
000454;ESCANDINAVIA DEL PLATA S.;;RUTA PANAMERICANA KM 33600;;MALV.ARG.;;;;;
;;;;;;;;;;
13/01/2022;13/01/2022;13/01/2022;547;Unico;OP;500024355;Factura Compra;;-75.56;-75.56
13/05/2022;13/05/2022;13/05/2022;427;Unico;OP;500025462;Factura Compra;;-42.01;-117.57
27/12/2022;27/12/2022;27/12/2022;199;Unico;FC;1100062060;Factura Compra;;1750.65;1633.08
02/03/2023;02/03/2023;02/03/2023;134;Unico;FC;1100063273;Factura Compra;;0.51;1633.59
30/03/2023;30/03/2023;30/03/2023;106;Unico;FC;1100063975;Factura Compra;;122866.08;124499.67
04/04/2023;04/04/2023;04/04/2023;101;Unico;NDA;1100004031;Factura Compra;;286.44;124786.11
04/04/2023;04/04/2023;04/04/2023;101;Unico;FC;1100063996;Factura Compra;;123993.88;248779.99
04/04/2023;04/04/2023;04/04/2023;101;Unico;OP;500028548;Factura Compra;;-123439.49;125340.5
19/04/2023;19/04/2023;19/04/2023;86;Unico;FC;1100064517;Factura Compra;;428835.69;554176.19
20/04/2023;20/04/2023;20/04/2023;85;Unico;NC;1100005652;Factura Compra;;-123440.1;430736.09
20/04/2023;20/04/2023;20/04/2023;85;Unico;OP;500028771;Factura Compra;;-430758.72;-22.63
21/04/2023;21/04/2023;21/04/2023;84;Unico;NDA;1100004089;Factura Compra;;1923.3;1900.67
06/05/2023;06/05/2023;06/05/2023;69;Unico;FC;1100065005;Factura Compra;;446001.61;447902.28
10/05/2023;10/05/2023;10/05/2023;65;Unico;NC;1100005727;Factura Compra;;-428835.59;19066.69
01/06/2023;01/06/2023;01/06/2023;43;Unico;NC;1100005778;Factura Compra;;-858.52;18208.17
01/06/2023;01/06/2023;01/06/2023;43;Unico;NC;1100005780;Factura Compra;;-19142.07;-933.9
07/06/2023;07/06/2023;07/06/2023;37;Unico;FC;1100065573;Factura Compra;;170669.8;169735.9
07/06/2023;07/06/2023;07/06/2023;37;Unico;FC;1100065572;Factura Compra;;106799.43;276535.33
;;;;;;;;;;
000459;IGLESIA FLAVIA GRACIELA;;CHACABUCO 2121;;SANTA FE;;.;;;
;;;;;;;;;;
18/05/2023;18/05/2023;18/05/2023;57;Unico;FC;300004722;Factura Compra;;3986.83;3986.83
24/05/2023;24/05/2023;24/05/2023;51;Unico;FC;300004866;Factura Compra;;13934.76;17921.59
;;;;;;;;;;
000460;INDASBEST SACIF;;;;SAN MARTIN ;;.;;;
;;;;;;;;;;
23/06/2023;23/06/2023;23/06/2023;21;Unico;FC;200016522;Factura Compra;;66588.69;66588.69
;;;;;;;;;;
000471;ARENAS DEL PARANA S.A.;;;;PERGAMINO;;.;;;
;;;;;;;;;;
30/04/2023;30/04/2023;30/04/2023;75;Unico;FC;800000305;Factura Compra;;508200;508200
;;;;;;;;;;
000477;ARIDOS HIPOLITO BOUCHARD ;;CHACABUCO 66;;SAN NICOLAS ;;;;;
;;;;;;;;;;
30/04/2023;30/04/2023;30/04/2023;75;Unico;OP;500028511;Factura Compra;;-140099.42;-140099.42
07/05/2023;07/05/2023;07/05/2023;68;Unico;FC;200000579;Factura Compra;;665500;525400.58
14/05/2023;14/05/2023;14/05/2023;61;Unico;FC;200000581;Factura Compra;;1464100;1989500.58
21/05/2023;21/05/2023;21/05/2023;54;Unico;FC;200000582;Factura Compra;;665500;2655000.58
28/05/2023;28/05/2023;28/05/2023;47;Unico;FC;200000585;Factura Compra;;399300;3054300.58
04/06/2023;04/06/2023;04/06/2023;40;Unico;FC;200000587;Factura Compra;;532400;3586700.58
11/06/2023;11/06/2023;11/06/2023;33;Unico;FC;200000589;Factura Compra;;665500;4252200.58
18/06/2023;18/06/2023;18/06/2023;26;Unico;FC;200000591;Factura Compra;;798600;5050800.58
25/06/2023;25/06/2023;25/06/2023;19;Unico;FC;200000593;Factura Compra;;665500;5716300.58
;;;;;;;;;;
000480;EL PUERTO COMBUST. S.A.;;;;SANTA FE;;.;;;
;;;;;;;;;;
06/06/2023;06/06/2023;06/06/2023;38;Unico;FC;600000707;Factura Compra;;794700;794700
15/06/2023;15/06/2023;15/06/2023;29;Unico;T81;900007184;Factura Compra;;2399.99;797099.99
16/06/2023;16/06/2023;16/06/2023;28;Unico;T81;900007225;Factura Compra;;8000;805099.99
26/06/2023;26/06/2023;26/06/2023;18;Unico;T81;100009840;Factura Compra;;2029.99;807129.98
27/06/2023;27/06/2023;27/06/2023;17;Unico;T81;900007621;Factura Compra;;2500;809629.98
28/06/2023;28/06/2023;28/06/2023;16;Unico;T81;900007659;Factura Compra;;5000.01;814629.99
29/06/2023;29/06/2023;29/06/2023;15;Unico;T81;100009883;Factura Compra;;999.99;815629.98
;;;;;;;;;;
000495;CORBLOCK S.A.I.C.;;;;CORDOBA;;.;;;
;;;;;;;;;;
29/04/2015;29/04/2015;29/04/2015;2998;Unico;OP;500005754;Factura Compra;;-899.45;-899.45
01/11/2016;01/11/2016;01/11/2016;2446;Unico;OP;500009644;Factura Compra;;-0.01;-899.46
;;;;;;;;;;
000508;ASERRADEROS S.R.L.;;FRYDA SCHULTZ 555;;SANTA FE;;.;;;
;;;;;;;;;;
31/07/2013;31/07/2013;31/07/2013;3635;Unico;Aj+;23;Factura Compra;;150.22;150.22
;;;;;;;;;;
000530;TODO GOMA;;;;SANTA FE;;.;;;
;;;;;;;;;;
17/04/2023;17/04/2023;17/04/2023;88;Unico;OP;500028752;Factura Compra;;-0.08;-0.08
;;;;;;;;;;
000536;FERCA INDUSTRIAL S.A.;;;;SANTA FE;;;;;
;;;;;;;;;;
02/06/2023;02/06/2023;02/06/2023;42;Unico;FC;200028657;Factura Compra;;10323.34;10323.34
;;;;;;;;;;
000540;ZOTTA ARIEL OSCAR;;;;SANTA FE;;;;;
;;;;;;;;;;
23/06/2023;23/06/2023;23/06/2023;21;Unico;FC;300002655;Factura Compra;;195717.5;195717.5
;;;;;;;;;;
000560;ELECTRICIDAD SAN PEDRO;;;;SAN PEDRO;;;;;
;;;;;;;;;;
22/03/2023;22/03/2023;22/03/2023;114;Unico;FC;600003467;Factura Compra;;24932.41;24932.41
23/03/2023;23/03/2023;23/03/2023;113;Unico;NC;600000254;Factura Compra;;-24932.41;0
05/04/2023;05/04/2023;05/04/2023;100;Unico;FC;600003642;Factura Compra;;79723;79723
06/04/2023;06/04/2023;06/04/2023;99;Unico;FC;600003660;Factura Compra;;2725.2;82448.2
13/04/2023;13/04/2023;13/04/2023;92;Unico;FC;600003734;Factura Compra;;8015.44;90463.64
14/04/2023;14/04/2023;14/04/2023;91;Unico;FC;600003747;Factura Compra;;7047.54;97511.18
18/04/2023;18/04/2023;18/04/2023;87;Unico;FC;600003772;Factura Compra;;24661.08;122172.26
20/04/2023;20/04/2023;20/04/2023;85;Unico;FC;600003798;Factura Compra;;41024.42;163196.68
24/04/2023;24/04/2023;24/04/2023;81;Unico;FC;600003839;Factura Compra;;26611.62;189808.3
26/04/2023;26/04/2023;26/04/2023;79;Unico;FC;600003879;Factura Compra;;5933.78;195742.08
03/05/2023;03/05/2023;03/05/2023;72;Unico;FC;600003925;Factura Compra;;24912.41;220654.49
04/05/2023;04/05/2023;04/05/2023;71;Unico;OP;500028986;Factura Compra;;-220654.5;-0.01
05/05/2023;05/05/2023;05/05/2023;70;Unico;FC;600003956;Factura Compra;;35070.85;35070.84
08/05/2023;08/05/2023;08/05/2023;67;Unico;FC;600003973;Factura Compra;;13411.92;48482.76
11/05/2023;11/05/2023;11/05/2023;64;Unico;FC;600004012;Factura Compra;;58679.04;107161.8
11/05/2023;11/05/2023;11/05/2023;64;Unico;FC;600004008;Factura Compra;;29500.88;136662.68
12/05/2023;12/05/2023;12/05/2023;63;Unico;FC;600004027;Factura Compra;;12409.92;149072.6
12/05/2023;12/05/2023;12/05/2023;63;Unico;FC;600004019;Factura Compra;;54449.58;203522.18
15/05/2023;15/05/2023;15/05/2023;60;Unico;FC;600004049;Factura Compra;;1043.82;204566
15/05/2023;15/05/2023;15/05/2023;60;Unico;NC;600000313;Factura Compra;;-58679.04;145886.96
24/05/2023;24/05/2023;24/05/2023;51;Unico;FC;600004161;Factura Compra;;10863.38;156750.34
01/06/2023;01/06/2023;01/06/2023;43;Unico;FC;600004238;Factura Compra;;10807.72;167558.06
05/06/2023;05/06/2023;05/06/2023;39;Unico;FC;600004268;Factura Compra;;16792.38;184350.44
09/06/2023;09/06/2023;09/06/2023;35;Unico;FC;600004313;Factura Compra;;30318.64;214669.08
13/06/2023;13/06/2023;13/06/2023;31;Unico;FC;600004345;Factura Compra;;13383.11;228052.19
21/06/2023;21/06/2023;21/06/2023;23;Unico;FC;600004410;Factura Compra;;22207.1;250259.29
27/06/2023;27/06/2023;27/06/2023;17;Unico;FC;600004470;Factura Compra;;4133.48;254392.77
29/06/2023;29/06/2023;29/06/2023;15;Unico;FC;600004491;Factura Compra;;10987.48;265380.25
;;;;;;;;;;
000561;MARIO J. PEIRO S.A.;;JUAN B. JUSTO 375;;SAN PEDRO ;;;;;
;;;;;;;;;;
13/06/2023;13/06/2023;13/06/2023;31;Unico;FC;800003495;Factura Compra;;22590;22590
22/06/2023;22/06/2023;22/06/2023;22;Unico;FC;800003537;Factura Compra;;6800;29390
;;;;;;;;;;
000564;ROBERTO N. CONTI;;SAN JUAN 975;;PERGAMINO;;;;;
;;;;;;;;;;
02/05/2016;02/05/2016;02/05/2016;2629;Unico;OP;500008559;Factura Compra;;-2846.68;-2846.68
;;;;;;;;;;
000605;AMX ARGENTINA SA;;AV DE MAYO 878;;CABA;;;;;
;;;;;;;;;;
04/06/2023;04/06/2023;04/06/2023;40;Unico;FC;130501336293;Factura Compra;;6358.82;6358.82
;;;;;;;;;;
000612;AGUA NUESTRA S.A.;;VALENTIN TORRA 5633;;PARANA;;;;;
;;;;;;;;;;
30/03/2023;30/03/2023;30/03/2023;106;Unico;NC;1800009059;Factura Compra;;-1680;-1680
31/05/2023;31/05/2023;31/05/2023;44;Unico;FC;1800144780;Factura Compra;;7769.99;6089.99
29/06/2023;29/06/2023;29/06/2023;15;Unico;FC;1800145988;Factura Compra;;7770;13859.99
;;;;;;;;;;
000625;ORDOEZ RONALD GABRIEL;;URQUIZA 2681;;SANTA FE;;;;;
;;;;;;;;;;
06/06/2023;06/06/2023;06/06/2023;38;Unico;FC;400010944;Factura Compra;;3700.18;3700.18
08/06/2023;08/06/2023;08/06/2023;36;Unico;FC;400010986;Factura Compra;;68390;72090.18
;;;;;;;;;;
000632;BIANCHINI DANIEL HERNAN;;KENEDY 180;;SAN PEDRO;;;;;
;;;;;;;;;;
23/06/2023;23/06/2023;23/06/2023;21;Unico;FC;400000560;Factura Compra;;339936.98;339936.98
;;;;;;;;;;
000683;CORVINO MARCELO;;;;SAN PEDRO;;;;;
;;;;;;;;;;
12/02/2021;12/02/2021;12/02/2021;882;Unico;OP;500021577;Factura Compra;;-71.84;-71.84
03/05/2023;03/05/2023;03/05/2023;72;Unico;FC;2000000691;Factura Compra;;117364.99;117293.15
;;;;;;;;;;
000692;FALABELLA S.A.;;;;TORTUGUITAS;;;;;
;;;;;;;;;;
11/06/2023;11/06/2023;11/06/2023;33;Unico;T81;585300003407;Factura Compra;;28068.2;28068.2
;;;;;;;;;;
000696;SUC. DE DAVID PERMAN SRL;;;;SANTA FE;;;;;
;;;;;;;;;;
02/06/2023;02/06/2023;02/06/2023;42;Unico;FC;300012990;Factura Compra;;1800;1800
;;;;;;;;;;
000707;DIESEL CODO SRL;;;;;;;;;
;;;;;;;;;;
02/05/2023;02/05/2023;02/05/2023;73;Unico;FC;200000751;Factura Compra;;249147.47;249147.47
;;;;;;;;;;
000710;MENISALE JUAM MANUEL ;;;;;;;;;
;;;;;;;;;;
14/04/2023;14/04/2023;14/04/2023;91;Unico;FC;300005370;Factura Compra;;41661.1;41661.1
14/04/2023;14/04/2023;14/04/2023;91;Unico;FC;300005369;Factura Compra;;38578.64;80239.74
27/04/2023;27/04/2023;27/04/2023;78;Unico;FC;300005403;Factura Compra;;43295.01;123534.75
16/06/2023;16/06/2023;16/06/2023;28;Unico;FC;300005522;Factura Compra;;3417.64;126952.39
;;;;;;;;;;
000717;GARANTIZAR SGR;;;;;;;;;
;;;;;;;;;;
28/03/2015;28/03/2015;28/03/2015;3030;Unico;FC;2100014686;Factura Compra;;1407.86;1407.86
;;;;;;;;;;
000731;RH REPUESTOS;;;;;;;;;
;;;;;;;;;;
24/05/2023;24/05/2023;24/05/2023;51;Unico;FC;500002457;Factura Compra;;1350;1350
;;;;;;;;;;
000733;EST. ELEC. SAN PEDRO;;;;;;;;;
;;;;;;;;;;
11/06/2023;11/06/2023;11/06/2023;33;Unico;FC;200001767;Factura Compra;;254342;254342
;;;;;;;;;;
000740;INSUMOS INDUSTRIALES S.H.;;J.P LOPEZ 3155;;SANTA FE;;;;;
;;;;;;;;;;
09/06/2023;09/06/2023;09/06/2023;35;Unico;FC;200026220;Factura Compra;;4800.02;4800.02
;;;;;;;;;;
000753;GNC SANTO TOME SRL;;HERNANDARIAS 2372;;SANTO TOME;;;;;
;;;;;;;;;;
01/05/2023;01/05/2023;01/05/2023;74;Unico;T81;2100006840;Factura Compra;;3900;3900
29/06/2023;29/06/2023;29/06/2023;15;Unico;T81;1800004759;Factura Compra;;1800;5700
;;;;;;;;;;
000765;KILGELMANN SRL;;AV GRAL PAZ 4463;;SANTA FE;;;;;
;;;;;;;;;;
08/02/2023;08/02/2023;08/02/2023;156;Unico;T81;29300002020;Factura Compra;;399.9;399.9
;;;;;;;;;;
000779;STORTI WALTER ALCIDES;;POETA A. DE ANTON 718;;SAN PEDRO;;;;;
;;;;;;;;;;
12/04/2023;12/04/2023;12/04/2023;93;Unico;FC;300000902;Factura Compra;;55480.92;55480.92
;;;;;;;;;;
000781;CONFITERIA AL 505 S.A.;;3 DE FEBRERO 2205;;SAN PEDRO ;;;;;
;;;;;;;;;;
21/04/2023;21/04/2023;21/04/2023;84;Unico;FC;100003681;Factura Compra;;10000.02;10000.02
05/05/2023;05/05/2023;05/05/2023;70;Unico;FC;1000003683;Factura Compra;;11200;21200.02
06/06/2023;06/06/2023;06/06/2023;38;Unico;T81;700000015;Factura Compra;;9340;30540.02
;;;;;;;;;;
000796;COCEMAR S.R.L.;;AV. FDO. ZUVIRIA 4517;;SANTA FE;;;;;
;;;;;;;;;;
30/06/2023;30/06/2023;30/06/2023;14;Unico;T81;1000007340;Factura Compra;;670;670
;;;;;;;;;;
000797;LIDER GAS S.A.;;AV.ALEM 1155;;SANTA FE;;;;;
;;;;;;;;;;
01/06/2023;01/06/2023;01/06/2023;43;Unico;T81;2100031158;Factura Compra;;1591.74;1591.74
02/06/2023;02/06/2023;02/06/2023;42;Unico;T81;2100031204;Factura Compra;;2504.58;4096.32
04/06/2023;04/06/2023;04/06/2023;40;Unico;T81;2100031230;Factura Compra;;4195.33;8291.65
06/06/2023;06/06/2023;06/06/2023;38;Unico;T81;2100031263;Factura Compra;;1548.25;9839.9
09/06/2023;09/06/2023;09/06/2023;35;Unico;T81;2100031358;Factura Compra;;1550.57;11390.47
09/06/2023;09/06/2023;09/06/2023;35;Unico;T81;2100031359;Factura Compra;;1000.51;12390.98
09/06/2023;09/06/2023;09/06/2023;35;Unico;T81;2100031366;Factura Compra;;4003.21;16394.19
10/06/2023;10/06/2023;10/06/2023;34;Unico;T81;2100031386;Factura Compra;;3998.58;20392.77
10/06/2023;10/06/2023;10/06/2023;34;Unico;T81;2100031389;Factura Compra;;999.35;21392.12
12/06/2023;12/06/2023;12/06/2023;32;Unico;T81;2100031405;Factura Compra;;2998.07;24390.19
12/06/2023;12/06/2023;12/06/2023;32;Unico;T81;2100031425;Factura Compra;;4000.89;28391.08
12/06/2023;12/06/2023;12/06/2023;32;Unico;T81;2100031409;Factura Compra;;968.09;29359.17
21/06/2023;21/06/2023;21/06/2023;23;Unico;T81;2100031596;Factura Compra;;1579.98;30939.15
;;;;;;;;;;
000821;MOLINA GUSTAVO RAUL;;SAN MARTIN Y R. NAON;;SAN PEDRO;;;;;
;;;;;;;;;;
08/06/2023;08/06/2023;08/06/2023;36;Unico;T81;600000010;Factura Compra;;7206.65;7206.65
;;;;;;;;;;
000822;EL PARADOR DE MERCEDES SA;;RUTA KM 107;;MERCEDES;;;;;
;;;;;;;;;;
10/05/2023;10/05/2023;10/05/2023;65;Unico;T81;1600011368;Factura Compra;;10833;10833
;;;;;;;;;;
000830;PEDRAZZOLI. DEL FRADE;;AV. SAVIO 349;;SAN NICOLAS;;;;;
;;;;;;;;;;
14/06/2023;14/06/2023;14/06/2023;30;Unico;FC;1200004071;Factura Compra;;5800;5800
27/06/2023;27/06/2023;27/06/2023;17;Unico;FC;1200004168;Factura Compra;;7900;13700
;;;;;;;;;;
000848;IVECO ARGENTINA S.A.;;SAENZ PEA R.PTE. AV.615 P.11;;CABA;;;;;
;;;;;;;;;;
24/02/2022;24/02/2022;24/02/2022;505;Unico;NC;91100000127;Factura Compra;;-30249.86;-30249.86
;;;;;;;;;;
000853;BISCAYNE SERVICIOS S.A.;;RUTA PANAMERICANA N.9;;GARIN;;;;;
;;;;;;;;;;
13/09/2022;13/09/2022;13/09/2022;304;Unico;FC;300052677;Factura Compra;;0.01;0.01
21/03/2023;21/03/2023;21/03/2023;115;Unico;NDA;300008278;Factura Compra;;793873.44;793873.45
19/05/2023;19/05/2023;19/05/2023;56;Unico;FC;300056252;Factura Compra;;73163.86;867037.31
22/05/2023;22/05/2023;22/05/2023;53;Unico;NDA;300008473;Factura Compra;;957206.25;1824243.56
;;;;;;;;;;
000858;RIGHETTI FLAVIA TERESA;;PUERTO DE SANTA FE S/N;;SANTA FE;;;;;
;;;;;;;;;;
18/04/2023;18/04/2023;18/04/2023;87;Unico;FC;100000149;Factura Compra;;77613.26;77613.26
18/05/2023;18/05/2023;18/05/2023;57;Unico;FC;100000151;Factura Compra;;185077.8;262691.06
21/06/2023;21/06/2023;21/06/2023;23;Unico;FC;100000154;Factura Compra;;685077.8;947768.86
;;;;;;;;;;
000859;RIGHETTI ANIBAL ORLANDO;;LITORAL 520 ;;SAN PEDRO;;;;;
;;;;;;;;;;
20/03/2023;20/03/2023;20/03/2023;116;Unico;FC;100000147;Factura Compra;;285077.8;285077.8
18/04/2023;18/04/2023;18/04/2023;87;Unico;FC;100000149;Factura Compra;;685077.8;970155.6
18/05/2023;18/05/2023;18/05/2023;57;Unico;FC;100000151;Factura Compra;;685077.8;1655233.4
21/06/2023;21/06/2023;21/06/2023;23;Unico;FC;100000154;Factura Compra;;685077.8;2340311.2
;;;;;;;;;;
000870;VALVULAS Y BOMBAS SRL;;PASCO 1722;;ROSARIO;;;;;
;;;;;;;;;;
19/04/2023;19/04/2023;19/04/2023;86;Unico;FC;800031003;Factura Compra;;32060.16;32060.16
19/04/2023;19/04/2023;19/04/2023;86;Unico;NC;800001718;Factura Compra;;-72469.32;-40409.16
;;;;;;;;;;
000874;SANCHEZ SUSANA BEATRIZ F.;;CPTO. ZURBRIGGEN 511;;RAFAELA;;;;;
;;;;;;;;;;
09/06/2023;09/06/2023;09/06/2023;35;Unico;FC;400027240;Factura Compra;;140349.75;140349.75
;;;;;;;;;;
000876;INDUSTRIAS J.F.SECCO SA;;JUAN PABLO II 5665;;ROSARIO;;;;;
;;;;;;;;;;
15/11/2015;15/11/2015;15/10/2015;2798;Unico;OP;500007402;Doc.Propio;1;290577.84;290577.84
;;;;;;;;;;
000886;MIGUEL WELSH Y SUC.SRL;;;;;;;;;
;;;;;;;;;;
03/05/2023;03/05/2023;03/05/2023;72;Unico;T81;1700006852;Factura Compra;;157854.84;157854.84
01/06/2023;01/06/2023;01/06/2023;43;Unico;T81;1700006978;Factura Compra;;821336.92;979191.76
;;;;;;;;;;
000906;MOBE S.R.L.;;GOBERNADOR VERA 3214;;SANTA FE;;;;;
;;;;;;;;;;
03/07/2020;03/07/2020;03/07/2020;1106;Unico;OP;500020668;Factura Compra;;-4554.86;-4554.86
;;;;;;;;;;
000911;DEBONA MARCELO Y DEBONA V;;AV ALEM 1998;;SANTA FE;;;;;
;;;;;;;;;;
23/05/2023;23/05/2023;23/05/2023;52;Unico;FC;2500027602;Factura Compra;;34156;34156
;;;;;;;;;;
000923;GRUPO R S.A.;;LA RIOJA 2656;;SANTA FE;;;;;
;;;;;;;;;;
16/06/2023;16/06/2023;16/06/2023;28;Unico;FC;700000586;Factura Compra;;9100;9100
;;;;;;;;;;
000924;ZUCCONI OSCAR ALBERTO;;AV. SARMIENTO 1201;;SAN PEDRO;;;;;
;;;;;;;;;;
16/09/2022;16/09/2022;16/09/2022;301;Unico;OP;500027265;Factura Compra;;-453.12;-453.12
08/04/2023;08/04/2023;08/04/2023;97;Unico;OP;500028507;Factura Compra;;-3209.54;-3662.66
03/05/2023;03/05/2023;03/05/2023;72;Unico;FC;900000745;Factura Compra;;47039;43376.34
08/06/2023;08/06/2023;08/06/2023;36;Unico;FC;900000862;Factura Compra;;83323.41;126699.75
08/06/2023;08/06/2023;08/06/2023;36;Unico;FC;900000863;Factura Compra;;10568.81;137268.56
08/06/2023;08/06/2023;08/06/2023;36;Unico;FC;900000864;Factura Compra;;77291.24;214559.8
;;;;;;;;;;
000942;KUCHEN MARIA EUGENIA;;SAAVEDRA 2098;;ESPERANZA;;;;;
;;;;;;;;;;
15/03/2023;15/03/2023;15/03/2023;121;Unico;FC;600001857;Factura Compra;;2063.05;2063.05
06/04/2023;06/04/2023;06/04/2023;99;Unico;FC;600001910;Factura Compra;;2063.05;4126.1
12/05/2023;12/05/2023;12/05/2023;63;Unico;FC;600001969;Factura Compra;;2063.05;6189.15
13/06/2023;13/06/2023;13/06/2023;31;Unico;FC;600002029;Factura Compra;;2063.05;8252.2
;;;;;;;;;;
000943;HORMIGONERA S.A;;R.N PEA Y AV CIRCUNVALACIN;;SANTA FE;;;;;
;;;;;;;;;;
17/05/2023;17/05/2023;17/05/2023;58;Unico;FC;900005753;Factura Compra;;492137.25;492137.25
19/05/2023;19/05/2023;19/05/2023;56;Unico;FC;900005755;Factura Compra;;477405.5;969542.75
05/06/2023;05/06/2023;05/06/2023;39;Unico;FC;900005762;Factura Compra;;1120066.75;2089609.5
24/06/2023;24/06/2023;24/06/2023;20;Unico;FC;900005769;Factura Compra;;617602.15;2707211.65
24/06/2023;24/06/2023;24/06/2023;20;Unico;FC;900005770;Factura Compra;;836751.3;3543962.95
;;;;;;;;;;
000953;A TODO COLOR S.R.L.;;PEDRO VITTORI 3501;;SANTA FE;;;;;
;;;;;;;;;;
23/02/2023;23/02/2023;23/02/2023;141;Unico;FC;9700004458;Factura Compra;;14966.82;14966.82
;;;;;;;;;;
000961;DIAMANTE HNOS. S.H.;;LAS HERAS 490;;SAN PEDRO ;;;;;
;;;;;;;;;;
07/03/2023;07/03/2023;07/03/2023;129;Unico;FC;400003201;Factura Compra;;1761.92;1761.92
15/03/2023;15/03/2023;15/03/2023;121;Unico;NC;400000116;Factura Compra;;-2161.88;-399.96
;;;;;;;;;;
000969;FIBROFOR S.A.;;AV. LOPEZ Y PLANES 4652;;SANTA FE;;;;;
;;;;;;;;;;
15/02/2023;15/02/2023;15/02/2023;149;Unico;FC;1300003928;Factura Compra;;38150;38150
;;;;;;;;;;
000977;TRANSFENOR S.R.L.;;RUTA 11 Y ACC. 009;;RECONQUISTA;;;;;
;;;;;;;;;;
23/05/2020;23/05/2020;23/05/2020;1147;Unico;OP;500019250;Factura Compra;;-33.68;-33.68
17/06/2020;17/06/2020;17/06/2020;1122;Unico;OP;500019829;Factura Compra;;-0.47;-34.15
;;;;;;;;;;
000990;SOLANES MARCELO R.;;DIAG. R. SAENZ PEA 295;;SAN PEDRO;;;;;
;;;;;;;;;;
15/02/2023;15/02/2023;15/02/2023;149;Unico;FC;200005353;Factura Compra;;3150.84;3150.84
;;;;;;;;;;
000998;B.G.M. DIESEL;;27 DE FEBRERO 3447;;ROSARIO;;;;;
;;;;;;;;;;
17/01/2020;17/01/2020;17/01/2020;1274;Unico;NC;200014593;Factura Compra;;-552.21;-552.21
12/06/2023;12/06/2023;12/06/2023;32;Unico;FC;200096508;Factura Compra;;113619;113066.79
;;;;;;;;;;
001025;ALFARO MARIO ;;LAS HERAS 5541;;SANTA FE;;;;;
;;;;;;;;;;
20/04/2023;20/04/2023;20/04/2023;85;Unico;FC;300002842;Factura Compra;;25047;25047
12/06/2023;12/06/2023;12/06/2023;32;Unico;FC;300002869;Factura Compra;;13310;38357
22/06/2023;22/06/2023;22/06/2023;22;Unico;FC;300002871;Factura Compra;;88753.5;127110.5
;;;;;;;;;;
001028;LUCIETTO LUIS ADOLFO;;AV.GRL PAZ 6098;;SANTA FE;;;;;
;;;;;;;;;;
10/03/2023;10/03/2023;10/03/2023;126;Unico;FC;600002803;Factura Compra;;1900;1900
;;;;;;;;;;
001046;LOMBARDI RICARDO ENRIQUE;;SAN MARTIN 3088;;SANTA FE;;;;;
;;;;;;;;;;
11/05/2023;11/05/2023;11/05/2023;64;Unico;FC;300001720;Factura Compra;;1800;1800
;;;;;;;;;;
001055;BARBIERI FERNANDO;;RUTA 1001 245;;SAN PEDRO;;;;;
;;;;;;;;;;
24/05/2023;24/05/2023;24/05/2023;51;Unico;FC;300000446;Factura Compra;;70900;70900
;;;;;;;;;;
001071;ROYO INMOBILIARIA S.R.L.;;3 DE FEBRERO 2884 PB DEPTO 4;;SANTA FE;;;;;
;;;;;;;;;;
15/02/2023;15/02/2023;15/02/2023;149;Unico;NC;2100000005;Factura Compra;;-0.01;-0.01
11/05/2023;11/05/2023;11/05/2023;64;Unico;FC;3100005651;Factura Compra;;223317.6;223317.59
31/05/2023;31/05/2023;31/05/2023;44;Unico;FC;3100005822;Factura Compra;;223317.6;446635.19
28/06/2023;28/06/2023;28/06/2023;16;Unico;FC;3100006023;Factura Compra;;223317.6;669952.79
;;;;;;;;;;
001089;FRAVEGA S.A.C.I.E.I;;SAN MARTIN 2498;;SANTA FE;;;;;
;;;;;;;;;;
29/05/2023;29/05/2023;29/05/2023;46;Unico;FC;349400001002;Factura Compra;;181698;181698
;;;;;;;;;;
001105;RICARDO C. BIELER SACI Y ;;SAN LUIS 2600;;SANTA FE;;;;;
;;;;;;;;;;
29/05/2023;29/05/2023;29/05/2023;46;Unico;OP;500028500;Factura Compra;;-0.01;-0.01
;;;;;;;;;;
001151;LOPEZ DANTE HOMERO;;FACUNDO ZUVIRIA 4864 PA;;SANTA FE;;;;;
;;;;;;;;;;
02/06/2023;02/06/2023;02/06/2023;42;Unico;T81;1700011208;Factura Compra;;11895.23;11895.23
;;;;;;;;;;
001160;DOTTI SANDRO DARIO;;H.PUEYRREDON 160;;SAN PEDRO;;;;;
;;;;;;;;;;
31/05/2023;31/05/2023;31/05/2023;44;Unico;T81;500003019;Factura Compra;;747710;747710
30/06/2023;30/06/2023;30/06/2023;14;Unico;T81;500003092;Factura Compra;;334039;1081749
;;;;;;;;;;
001198;HIDROVIA S.A.;;AV.CORRIENTES 316 2 PISO ;;CABA;;;;;
;;;;;;;;;;
23/10/2018;23/10/2018;23/10/2018;1725;Unico;FC;1100025007;Factura Compra;;942.59;942.59
;;;;;;;;;;
001207;PENDUZZU ALDO MARCELO;;25 DE MAYO 1325;;SAN PEDRO;;;;;
;;;;;;;;;;
02/06/2023;02/06/2023;02/06/2023;42;Unico;T81;200002919;Factura Compra;;11800;11800
;;;;;;;;;;
001226;OPTILINK SRL;;MARCIAL CANDIOTI 2985 PISO 2 OF.1 Y 2;;SANTA FE;;;;;
;;;;;;;;;;
01/06/2023;01/06/2023;01/06/2023;43;Unico;FC;100009765;Factura Compra;;50231;50231
;;;;;;;;;;
001250;SOLANES LUCIANO;;AV.SARMIENTO 2102;;SAN PEDRO;;;;;
;;;;;;;;;;
27/02/2023;27/02/2023;27/02/2023;137;Unico;OP;500028418;Factura Compra;;-33000;-33000
01/03/2023;01/03/2023;01/03/2023;135;Unico;FC;300003772;Factura Compra;;32999.99;-0.01
;;;;;;;;;;
001298;SAN PEDRO EXPRESS SRL;;PELLEGRINI 1815;;BUENOS AIRES;;;;;
;;;;;;;;;;
18/06/2023;18/06/2023;18/06/2023;26;Unico;FC;700006743;Factura Compra;;2999.99;2999.99
;;;;;;;;;;
001304;BONADEO MARIA INES;;SAN LUIS 3069;;SANTA FE;;.;;;
;;;;;;;;;;
08/06/2023;08/06/2023;08/06/2023;36;Unico;T81;300017045;Factura Compra;;18354.91;18354.91
;;;;;;;;;;
001306;FIORANELLI NEUMATICOS SAS;;B. MITRE 3198;;SAN PEDRO;;.;;;
;;;;;;;;;;
07/02/2023;07/02/2023;07/02/2023;157;Unico;FC;800001860;Factura Compra;;66800;66800
;;;;;;;;;;
001322;EL RESGUARDO S.R.L.;;RIVADAVIA 36;;FORMOSA;;.;;;
;;;;;;;;;;
20/11/2019;20/11/2019;20/11/2019;1332;Unico;OP;500018583;Factura Compra;;-200;-200
;;;;;;;;;;
001333;PINT. DIST. Y APLIC. SRL;;20 DE SEPTIEMBRE 3251;;LANUS;;;;;
;;;;;;;;;;
05/05/2023;05/05/2023;05/05/2023;70;Unico;FC;600001237;Factura Compra;;363380.94;363380.94
08/05/2023;08/05/2023;08/05/2023;67;Unico;OP;500029013;Factura Compra;;-361750.38;1630.56
11/05/2023;11/05/2023;11/05/2023;64;Unico;FC;600001246;Factura Compra;;340510.87;342141.43
19/05/2023;19/05/2023;19/05/2023;56;Unico;OP;500029011;Factura Compra;;-346962.66;-4821.23
07/06/2023;07/06/2023;07/06/2023;37;Unico;FC;600001277;Factura Compra;;122485.23;117664
;;;;;;;;;;
001335;ALTOLAGUIRRE PATRICIO;;BERNARDO DE IRIGOYEN 330;;SAN PEDRO;;;;;
;;;;;;;;;;
03/02/2023;03/02/2023;03/02/2023;161;Unico;FC;100000259;Factura Compra;;96699.99;96699.99
03/02/2023;03/02/2023;03/02/2023;161;Unico;OP;500028417;Factura Compra;;-96700;-0.01
;;;;;;;;;;
001339;TRANSCADEN SRL;;OV.LAGOS 62;;ROSARIO;;;;;
;;;;;;;;;;
12/05/2023;12/05/2023;12/05/2023;63;Unico;FC;400113946;Factura Compra;;181857.89;181857.89
;;;;;;;;;;
001350;FERRETERIA ROMA;;AVDA. FREYRE 2781;;SANTA FE;;;;;
;;;;;;;;;;
14/06/2023;14/06/2023;14/06/2023;30;Unico;FC;500001984;Factura Compra;;729.99;729.99
;;;;;;;;;;
001356;LUBRICENTRO MITRE S.H.;;MITRE 3220;;SAN PEDRO;;;;;
;;;;;;;;;;
22/05/2023;22/05/2023;22/05/2023;53;Unico;FC;600031291;Factura Compra;;540597.86;540597.86
30/05/2023;30/05/2023;30/05/2023;45;Unico;FC;600031426;Factura Compra;;190303.58;730901.44
24/06/2023;24/06/2023;24/06/2023;20;Unico;FC;600031686;Factura Compra;;37273.09;768174.53
24/06/2023;24/06/2023;24/06/2023;20;Unico;FC;600031684;Factura Compra;;38520.52;806695.05
30/06/2023;30/06/2023;30/06/2023;14;Unico;FC;600031849;Factura Compra;;255543.8;1062238.85
;;;;;;;;;;
1050;MARSICO JUAN MAURICIO;;3 DE FEBRERO 1605;;SAN PEDRO;;;;;
;;;;;;;;;;
28/02/2023;28/02/2023;28/02/2023;136;Unico;FC;900000888;Factura Compra;;1784.39;1784.39
01/06/2023;01/06/2023;01/06/2023;43;Unico;FC;900001030;Factura Compra;;570;2354.39
02/06/2023;02/06/2023;02/06/2023;42;Unico;FC;900001032;Factura Compra;;3745.99;6100.38
03/06/2023;03/06/2023;03/06/2023;41;Unico;FC;800001036;Factura Compra;;4877.58;10977.96
05/06/2023;05/06/2023;05/06/2023;39;Unico;FC;900001033;Factura Compra;;29484.84;40462.8
05/06/2023;05/06/2023;05/06/2023;39;Unico;FC;800001037;Factura Compra;;5113.63;45576.43
07/06/2023;07/06/2023;07/06/2023;37;Unico;FC;900001039;Factura Compra;;1230;46806.43
12/06/2023;12/06/2023;12/06/2023;32;Unico;FC;900001044;Factura Compra;;37075.02;83881.45
13/06/2023;13/06/2023;13/06/2023;31;Unico;FC;900001045;Factura Compra;;2245.86;86127.31
13/06/2023;13/06/2023;13/06/2023;31;Unico;FC;800001039;Factura Compra;;6733.38;92860.69
17/06/2023;17/06/2023;17/06/2023;27;Unico;FC;900001053;Factura Compra;;6735.71;99596.4
20/06/2023;20/06/2023;20/06/2023;24;Unico;FC;800001040;Factura Compra;;8130.99;107727.39
21/06/2023;21/06/2023;21/06/2023;23;Unico;FC;900001057;Factura Compra;;14178.5;121905.89
26/06/2023;26/06/2023;26/06/2023;18;Unico;FC;900001063;Factura Compra;;18141.07;140046.96
26/06/2023;26/06/2023;26/06/2023;18;Unico;FC;900001065;Factura Compra;;11548.22;151595.18
28/06/2023;28/06/2023;28/06/2023;16;Unico;FC;900001066;Factura Compra;;11190.51;162785.69
;;;;;;;;;;
1328;CIVE S.A.;;PELLEGRINI 2282;;SAN NICOLAS;;;;;
;;;;;;;;;;
08/02/2023;08/02/2023;08/02/2023;156;Unico;FC;700040456;Factura Compra;;38000;38000
08/02/2023;08/02/2023;08/02/2023;156;Unico;FC;700040455;Factura Compra;;23499.99;61499.99
;;;;;;;;;;
1332;EL TURCO SRL;;HENRY GARRET 60;;SAN PEDRO;;;;;
;;;;;;;;;;
27/02/2023;27/02/2023;27/02/2023;137;Unico;FC;1600000999;Factura Compra;;16610.27;16610.27
11/05/2023;11/05/2023;11/05/2023;64;Unico;FC;1600001133;Factura Compra;;24728.65;41338.92
11/05/2023;11/05/2023;11/05/2023;64;Unico;FC;1600001132;Factura Compra;;20367.37;61706.29
27/05/2023;27/05/2023;27/05/2023;48;Unico;FC;1600001152;Factura Compra;;35678.96;97385.25
27/05/2023;27/05/2023;27/05/2023;48;Unico;FC;1600001154;Factura Compra;;28753.02;126138.27
27/05/2023;27/05/2023;27/05/2023;48;Unico;FC;1600001153;Factura Compra;;3944.5;130082.77
11/06/2023;11/06/2023;11/06/2023;33;Unico;FC;1600001182;Factura Compra;;14903.02;144985.79
11/06/2023;11/06/2023;11/06/2023;33;Unico;FC;1600001183;Factura Compra;;23880.32;168866.11
11/06/2023;11/06/2023;11/06/2023;33;Unico;FC;1600001180;Factura Compra;;22726.94;191593.05
11/06/2023;11/06/2023;11/06/2023;33;Unico;FC;1600001181;Factura Compra;;7885.5;199478.55
28/06/2023;28/06/2023;28/06/2023;16;Unico;FC;1600001216;Factura Compra;;3723.21;203201.76
28/06/2023;28/06/2023;28/06/2023;16;Unico;FC;1600001215;Factura Compra;;34146.28;237348.04
28/06/2023;28/06/2023;28/06/2023;16;Unico;FC;1600001214;Factura Compra;;22117.51;259465.55
28/06/2023;28/06/2023;28/06/2023;16;Unico;FC;1600001213;Factura Compra;;6197.5;265663.05
28/06/2023;28/06/2023;28/06/2023;16;Unico;FC;1600001212;Factura Compra;;19032.07;284695.12
;;;;;;;;;;
7662;REPUESTOS DAVIA S.H.;;PELLEGRINI 1164;;SAN PEDRO;;;;;
;;;;;;;;;;
23/05/2023;23/05/2023;23/05/2023;52;Unico;FC;200003683;Factura Compra;;5000;5000
16/06/2023;16/06/2023;16/06/2023;28;Unico;FC;200003738;Factura Compra;;7500;12500
;;;;;;;;;;
850;TODO ELECT. DE RAVIOLA M ;;SAN MARTIN 512;;SAN PEDRO;;;;;
;;;;;;;;;;
10/05/2023;10/05/2023;10/05/2023;65;Unico;FC;400004663;Factura Compra;;25167.58;25167.58
13/05/2023;13/05/2023;13/05/2023;62;Unico;FC;200005832;Factura Compra;;768.41;25935.99
31/05/2023;31/05/2023;31/05/2023;44;Unico;FC;200005927;Factura Compra;;2430.13;28366.12
06/06/2023;06/06/2023;06/06/2023;38;Unico;FC;400004710;Factura Compra;;5176.55;33542.67
;;;;;;;;;;
9061;COOP.DE TRABAJO INCLUIR L;;AVDA.PCIAS UNIDAS 3030;;ROSARIO;;.;;;
;;;;;;;;;;
02/06/2023;02/06/2023;02/06/2023;42;Unico;FC;100000050;Factura Compra;;397485;397485
16/06/2023;16/06/2023;16/06/2023;28;Unico;FC;100000051;Factura Compra;;386595;784080
;;;;;;;;;;
9063;CANDELORO JUAN CARLOS;;CHACABUCO 1233;;TIGRE;;;;;
;;;;;;;;;;
30/12/2022;30/12/2022;30/12/2022;196;Unico;FC;100000176;Factura Compra;;4846050;4846050
28/02/2023;28/02/2023;28/02/2023;136;Unico;FC;100000191;Factura Compra;;2069100;6915150
31/05/2023;31/05/2023;31/05/2023;44;Unico;FC;100000213;Factura Compra;;3267000;10182150
09/06/2023;09/06/2023;09/06/2023;35;Unico;FC;100000215;Factura Compra;;1633500;11815650
09/06/2023;09/06/2023;09/06/2023;35;Unico;FC;100000216;Factura Compra;;2940300;14755950
23/06/2023;23/06/2023;23/06/2023;21;Unico;FC;100000220;Factura Compra;;3375900;18131850
30/06/2023;30/06/2023;30/06/2023;14;Unico;FC;100000222;Factura Compra;;2123550;20255400
;;;;;;;;;;
9071;FORCONESI FABIO ROBERTO;;AV.SAVIO 626;;SAN NICOLAS;;;;;
;;;;;;;;;;
10/05/2023;10/05/2023;10/05/2023;65;Unico;FC;500003272;Factura Compra;;116700;116700
12/05/2023;12/05/2023;12/05/2023;63;Unico;FC;500003273;Factura Compra;;7989.96;124689.96
;;;;;;;;;;
9657;FORNO JUAN CARLOS;;;;;;;;;
;;;;;;;;;;
30/06/2023;30/06/2023;30/06/2023;14;Unico;FC;100001641;Factura Compra;;70800;70800
;;;;;;;;;;
9662;SERVICIOS BENAVIDEZ S.A.;;;;;;;;;
;;;;;;;;;;
07/06/2023;07/06/2023;07/06/2023;37;Unico;T81;500030518;Factura Compra;;4999.96;4999.96
;;;;;;;;;;
9663;MILONE FRANCO;;;;;;;;;
;;;;;;;;;;
30/05/2023;30/05/2023;30/05/2023;45;Unico;FC;200000651;Factura Compra;;4950.05;4950.05
;;;;;;;;;;
9664;PARQUE BELLA VISTA SA;;;;;;;;;
;;;;;;;;;;
11/05/2023;11/05/2023;11/05/2023;64;Unico;T81;800012648;Factura Compra;;9300;9300
;;;;;;;;;;
9669;BISCIA ENZO;;;;;;;;;
;;;;;;;;;;
23/05/2023;23/05/2023;23/05/2023;52;Unico;FC;100000058;Factura Compra;;567054.4;567054.4
;;;;;;;;;;
9671;DEPOT TECHNOLOGY SRL;;;;;;;;;
;;;;;;;;;;
11/05/2023;11/05/2023;11/05/2023;64;Unico;FC;200000224;Factura Compra;;20690;20690
;;;;;;;;;;
9674;ZAMAR JUAN ALBERTO;;;;;;;;;
;;;;;;;;;;
27/05/2023;27/05/2023;27/05/2023;48;Unico;FC;1200000008;Factura Compra;;15000;15000
;;;;;;;;;;
9678;EST. DE SERV. LAURENCENA ;;;;;;;;;
;;;;;;;;;;
03/04/2023;03/04/2023;03/04/2023;102;Unico;FC;2800000601;Factura Compra;;5330;5330
;;;;;;;;;;
9689;PENDUZZI MARCOS;;;;;;;;;
;;;;;;;;;;
23/03/2023;23/03/2023;23/03/2023;113;Unico;FC;400000080;Factura Compra;;3600;3600
;;;;;;;;;;
9690;ROCCA EDGARDO;;;;;;;;;
;;;;;;;;;;
22/03/2023;22/03/2023;22/03/2023;114;Unico;FC;300000864;Factura Compra;;1800;1800
;;;;;;;;;;
9696;FGC LUBES S.A.;;;;;;;;;
;;;;;;;;;;
29/06/2023;29/06/2023;29/06/2023;15;Unico;FC;100011857;Factura Compra;;145445.41;145445.41
;;;;;;;;;;
9699;M&R REFRIGERACION SRL;;;;;;;;;
;;;;;;;;;;
19/04/2023;19/04/2023;19/04/2023;86;Unico;FC;200011030;Factura Compra;;62668.6;62668.6
;;;;;;;;;;
9704;DECOMAT SA;;.;;CABA;;.;;;
;;;;;;;;;;
28/02/2023;28/02/2023;28/02/2023;136;Unico;FC;100001072;Factura Compra;;13278;13278
;;;;;;;;;;
9713;DROGUERIA INDUSTRIAL SAN ;;SAN JUAN 1074;;ROSARIO;;.;;;
;;;;;;;;;;
16/05/2023;16/05/2023;16/05/2023;59;Unico;FC;200012828;Factura Compra;;12500.03;12500.03
13/06/2023;13/06/2023;13/06/2023;31;Unico;FC;200012949;Factura Compra;;23999.99;36500.02
;;;;;;;;;;
9725;FERNANDEZ RAMIRO;;.;;PILAR;;.;;;
;;;;;;;;;;
11/05/2023;11/05/2023;11/05/2023;64;Unico;FC;100000058;Factura Compra;;1064800;1064800
;;;;;;;;;;
9740;PEA MIGUEL ANGEL;;.;;BUENOS AIRES;;.;;;
;;;;;;;;;;
27/04/2023;27/04/2023;27/04/2023;78;Unico;FC;500000724;Factura Compra;;34772.9;34772.9
;;;;;;;;;;
9741;KATZ MARCOS DAMIAN;;.;;SAN NICOLAS;;.;;;
;;;;;;;;;;
10/05/2023;10/05/2023;10/05/2023;65;Unico;FC;2900000226;Factura Compra;;6230;6230
24/05/2023;24/05/2023;24/05/2023;51;Unico;FC;2900000242;Factura Compra;;7050;13280
16/06/2023;16/06/2023;16/06/2023;28;Unico;FC;2900000265;Factura Compra;;5250;18530
;;;;;;;;;;
9748;PEREYRA MAXIMILIANO G.;;.;;SANTA FE;;.;;;
;;;;;;;;;;
27/06/2023;27/06/2023;27/06/2023;17;Unico;FC;600003219;Factura Compra;;32170;32170
;;;;;;;;;;
9766;AMS ACEROS S.A.;;.;;BUENOS AIRES;;.;;;
;;;;;;;;;;
29/04/2023;29/04/2023;29/04/2023;76;Unico;FC;300008083;Factura Compra;;70309.53;70309.53
10/05/2023;10/05/2023;10/05/2023;65;Unico;NC;300000514;Factura Compra;;-70309.53;0
;;;;;;;;;;
9778;KILBEL S.A.;;REMOLCADOR M.250 D.2;;SANTA FE;;.;;;
;;;;;;;;;;
06/06/2023;06/06/2023;06/06/2023;38;Unico;T81;29200001870;Factura Compra;;1479;1479
07/06/2023;07/06/2023;07/06/2023;37;Unico;T81;29500002054;Factura Compra;;1775.85;3254.85
09/06/2023;09/06/2023;09/06/2023;35;Unico;T81;29400002083;Factura Compra;;3846.06;7100.91
09/06/2023;09/06/2023;09/06/2023;35;Unico;FC;29400002083;Factura Compra;;3846.06;10946.97
16/06/2023;16/06/2023;16/06/2023;28;Unico;T81;29200001899;Factura Compra;;1340.3;12287.27
22/06/2023;22/06/2023;22/06/2023;22;Unico;T81;29300002513;Factura Compra;;1124.99;13412.26
23/06/2023;23/06/2023;23/06/2023;21;Unico;T81;29200001928;Factura Compra;;421.45;13833.71
29/06/2023;29/06/2023;29/06/2023;15;Unico;T81;29400002150;Factura Compra;;6678.2;20511.91
;;;;;;;;;;
9795;MIO ANGEL;;.;;.;;.;;;
;;;;;;;;;;
28/06/2023;28/06/2023;28/06/2023;16;Unico;FC;800000352;Factura Compra;;14764.96;14764.96
;;;;;;;;;;
9813;FID.HOTEL BS.AS.EZEIZA AI;;.;;EZEIZA;;.;;;
;;;;;;;;;;
11/06/2023;11/06/2023;11/06/2023;33;Unico;FC;500010443;Factura Compra;;154000;154000
;;;;;;;;;;
9852;SPEED BUSINESS S.A.;;RUTA NACIONAL 11;;RECONQUISTA;;.;;;
;;;;;;;;;;
10/02/2023;10/02/2023;10/02/2023;154;Unico;FC;237600001753;Factura Compra;;2490;2490
;;;;;;;;;;
9858;PIVIN GABRIEL DARIO;;LISANDRO DE LA TORRE 2574;;SANTA FE;;.;;;
;;;;;;;;;;
07/04/2022;07/04/2022;07/04/2022;463;Unico;NC;600000014;Factura Compra;;-7024.05;-7024.05
;;;;;;;;;;
9880;M.BRAVIN Y H. BRAVIN S.H.;;LA RIOJA 2540;;SANTA FE;;.;;;
;;;;;;;;;;
04/05/2023;04/05/2023;04/05/2023;71;Unico;FC;300030249;Factura Compra;;21300;21300
01/06/2023;01/06/2023;01/06/2023;43;Unico;FC;300030573;Factura Compra;;3500;24800
26/06/2023;26/06/2023;26/06/2023;18;Unico;FC;300030831;Factura Compra;;2600;27400
;;;;;;;;;;
9890;DR VERDE SRL;;BALCARCE 1191 ;;ROSARIO;;.;;;
;;;;;;;;;;
12/06/2023;12/06/2023;12/06/2023;32;Unico;T81;1100003861;Factura Compra;;68400;68400
;;;;;;;;;;
9911;SERV.PARA EL TTE DE INFOR;;ARISTOBULO DEL VALLE 1257;;CABA;;.;;;
;;;;;;;;;;
06/06/2023;06/06/2023;06/06/2023;38;Unico;FC;12200001823;Factura Compra;;12378.3;12378.3
;;;;;;;;;;
9913;CASA ANDRES DE R.TREVISAN;;JUAN DE GARAY 6112;;RECREO;;.;;;
;;;;;;;;;;
23/03/2023;23/03/2023;23/03/2023;113;Unico;FC;400000164;Factura Compra;;799.99;799.99
;;;;;;;;;;
9955;CORREDORES VIALES S.A.;;25 DE MAYO 457 PISO 5;;CABA;;.;;;
;;;;;;;;;;
19/05/2023;19/05/2023;19/05/2023;56;Unico;FC;10403373324;Factura Compra;;300;300
;;;;;;;;;;
9992;PIEROPAN R Y MORILLA D;;.....;;;;;;;
;;;;;;;;;;
02/06/2023;02/06/2023;02/06/2023;42;Unico;FC;200001862;Factura Compra;;34350;34350
23/06/2023;23/06/2023;23/06/2023;21;Unico;FC;200001914;Factura Compra;;10790;45140