104;0;0;"20230330";"FC - 400039689";115666.0700;0;"";"20230330";"";""
7045;0;0;"20230306";"T81 - 1700002250";115237.4600;0;"";"20230306";"";""
7045;0;0;"20230306";"T81 - 1700002253";65636.7000;0;"";"20230306";"";""
7045;0;0;"20230306";"T81 - 1700002252";8230.0600;0;"";"20230306";"";""
7045;0;0;"20230306";"T81 - 1700002258";53372.7900;0;"";"20230306";"";""
7045;0;0;"20230306";"T81 - 1700002247";1581.0400;0;"";"20230306";"";""
7045;0;0;"20230306";"T81 - 1700002246";14123.9600;0;"";"20230306";"";""
7045;0;0;"20230306";"T81 - 1700002249";65083.4800;0;"";"20230306";"";""
7045;0;0;"20230306";"T81 - 1700002248";975.9200;0;"";"20230306";"";""
7045;0;0;"20230306";"T81 - 1700002254";3895.8900;0;"";"20230306";"";""
7045;0;0;"20230306";"T81 - 1700002255";2489.4200;0;"";"20230306";"";""
7045;0;0;"20230306";"T81 - 1700002256";75930.7200;0;"";"20230306";"";""
7045;0;0;"20230306";"T81 - 1700002257";2095.1800;0;"";"20230306";"";""
7045;0;0;"20230306";"T81 - 1700002251";4488.0700;0;"";"20230306";"";""
7045;0;0;"20230313";"T81 - 1700002362";8183.3100;0;"";"20230313";"";""
7045;0;0;"20230313";"T81 - 1700002363";88750.0000;0;"";"20230313";"";""
7045;0;0;"20230313";"T81 - 1700002365";70079.7200;0;"";"20230313";"";""
7045;0;0;"20230313";"T81 - 1700002364";4271.5800;0;"";"20230313";"";""
7045;0;0;"20230313";"T81 - 1700002358";66185.5500;0;"";"20230313";"";""
7045;0;0;"20230313";"T81 - 1700002359";8020.2700;0;"";"20230313";"";""
7045;0;0;"20230313";"T81 - 1700002361";99807.6800;0;"";"20230313";"";""
7045;0;0;"20230313";"T81 - 1700002360";3080.2600;0;"";"20230313";"";""
7045;0;0;"20230313";"T81 - 1700002366";67255.0900;0;"";"20230313";"";""
7045;0;0;"20230313";"T81 - 1700002351";46647.5100;0;"";"20230313";"";""
7045;0;0;"20230313";"T81 - 1700002355";70767.4400;0;"";"20230313";"";""
7045;0;0;"20230313";"T81 - 1700002354";9607.2600;0;"";"20230313";"";""
7045;0;0;"20230313";"T81 - 1700002357";4520.7900;0;"";"20230313";"";""
7045;0;0;"20230313";"T81 - 1700002356";86413.5100;0;"";"20230313";"";""
7045;0;0;"20230313";"T81 - 1700002353";91782.8900;0;"";"20230313";"";""
7045;0;0;"20230313";"T81 - 1700002352";11832.1800;0;"";"20230313";"";""
7045;0;0;"20230320";"T81 - 1700002472";75722.8900;0;"";"20230320";"";""
7045;0;0;"20230320";"T81 - 1700002473";1020.5800;0;"";"20230320";"";""
7045;0;0;"20230320";"T81 - 1700002470";76037.3900;0;"";"20230320";"";""
7045;0;0;"20230320";"T81 - 1700002471";103033.3900;0;"";"20230320";"";""
7045;0;0;"20230320";"T81 - 1700002469";1020.5800;0;"";"20230320";"";""
7045;0;0;"20230320";"T81 - 1700002468";3876.0800;0;"";"20230320";"";""
7045;0;0;"20230320";"T81 - 1700002476";7429.8600;0;"";"20230320";"";""
7045;0;0;"20230320";"T81 - 1700002475";61932.7600;0;"";"20230320";"";""
7045;0;0;"20230320";"T81 - 1700002483";83259.1200;0;"";"20230320";"";""
7045;0;0;"20230320";"T81 - 1700002478";7084.9300;0;"";"20230320";"";""
7045;0;0;"20230320";"T81 - 1700002477";69874.6500;0;"";"20230320";"";""
7045;0;0;"20230320";"T81 - 1700002479";98484.8300;0;"";"20230320";"";""
7045;0;0;"20230320";"T81 - 1700002482";70990.2100;0;"";"20230320";"";""
7045;0;0;"20230320";"T81 - 1700002480";4047.8500;0;"";"20230320";"";""
7045;0;0;"20230320";"T81 - 1700002481";4454.4000;0;"";"20230320";"";""
7045;0;0;"20230320";"T81 - 1700002474";10212.0000;0;"";"20230320";"";""
7045;0;0;"20230327";"T81 - 1700002576";21056.4400;0;"";"20230327";"";""
7045;0;0;"20230327";"T81 - 1700002575";70676.9500;0;"";"20230327";"";""
7045;0;0;"20230327";"T81 - 1700002573";4778.8200;0;"";"20230327";"";""
7045;0;0;"20230327";"T81 - 1700002574";70081.9900;0;"";"20230327";"";""
7045;0;0;"20230327";"T81 - 1700002577";3809.4200;0;"";"20230327";"";""
7045;0;0;"20230327";"T81 - 1700002563";3087.2900;0;"";"20230327";"";""
7045;0;0;"20230327";"T81 - 1700002564";66482.9100;0;"";"20230327";"";""
7045;0;0;"20230327";"FC - 1700002566";4556.7200;0;"";"20230327";"";""
7045;0;0;"20230327";"T81 - 1700002565";69811.5500;0;"";"20230327";"";""
7045;0;0;"20230327";"T81 - 1700002567";2606.2500;0;"";"20230327";"";""
7045;0;0;"20230327";"T81 - 1700002568";72139.5800;0;"";"20230327";"";""
7045;0;0;"20230327";"T81 - 1700002569";69638.0200;0;"";"20230327";"";""
7045;0;0;"20230327";"T81 - 1700002570";6015.3400;0;"";"20230327";"";""
7045;0;0;"20230327";"T81 - 1700002571";8952.6000;0;"";"20230327";"";""
7045;0;0;"20230327";"T81 - 1700002572";4082.3500;0;"";"20230327";"";""
7045;0;0;"20230330";"OP - 500028400";-2306603.4100;0;"";"20230330";"";""
7045;0;0;"20230403";"T81 - 1700002720";1020.0400;0;"";"20230403";"";""
7045;0;0;"20230403";"T81 - 1700002737";6278.4000;0;"";"20230403";"";""
7045;0;0;"20230403";"T81 - 1700002736";74426.7800;0;"";"20230403";"";""
7045;0;0;"20230403";"T81 - 1700002735";7097.5000;0;"";"20230403";"";""
7045;0;0;"20230403";"T81 - 1700002734";69688.0000;0;"";"20230403";"";""
7045;0;0;"20230403";"T81 - 1700002733";1900.8000;0;"";"20230403";"";""
7045;0;0;"20230403";"T81 - 1700002732";6000.0900;0;"";"20230403";"";""
7045;0;0;"20230403";"T81 - 1700002731";4918.2000;0;"";"20230403";"";""
7045;0;0;"20230403";"T81 - 1700002730";70985.1000;0;"";"20230403";"";""
7045;0;0;"20230403";"T81 - 1700002729";8964.5100;0;"";"20230403";"";""
7045;0;0;"20230403";"T81 - 1700002728";64517.6000;0;"";"20230403";"";""
7045;0;0;"20230403";"T81 - 1700002727";3400.0000;0;"";"20230403";"";""
7045;0;0;"20230403";"T81 - 1700002726";2036.0000;0;"";"20230403";"";""
7045;0;0;"20230403";"T81 - 1700002725";5374.9500;0;"";"20230403";"";""
7045;0;0;"20230403";"T81 - 1700002719";4200.0000;0;"";"20230403";"";""
7045;0;0;"20230403";"T81 - 1700002721";7193.1900;0;"";"20230403";"";""
7045;0;0;"20230403";"T81 - 1700002722";62150.4600;0;"";"20230403";"";""
7045;0;0;"20230403";"T81 - 1700002723";4072.0000;0;"";"20230403";"";""
7045;0;0;"20230403";"T81 - 1700002724";76497.1800;0;"";"20230403";"";""
7045;0;0;"20230410";"T81 - 1700002855";14147.0000;0;"";"20230410";"";""
7045;0;0;"20230410";"T81 - 1700002854";9911.2500;0;"";"20230410";"";""
7045;0;0;"20230410";"T81 - 1700002853";64362.4900;0;"";"20230410";"";""
7045;0;0;"20230410";"T81 - 1700002852";81197.7600;0;"";"20230410";"";""
7045;0;0;"20230410";"T81 - 1700002851";2523.1500;0;"";"20230410";"";""
7045;0;0;"20230410";"T81 - 1700002850";5698.3500;0;"";"20230410";"";""
7045;0;0;"20230410";"T81 - 1700002849";4600.0000;0;"";"20230410";"";""
7045;0;0;"20230410";"T81 - 1700002848";6020.0000;0;"";"20230410";"";""
7045;0;0;"20230410";"T81 - 1700002847";77708.8600;0;"";"20230410";"";""
7045;0;0;"20230410";"T81 - 1700002846";100053.9800;0;"";"20230410";"";""
7045;0;0;"20230410";"T81 - 1700002845";62719.2000;0;"";"20230410";"";""
7045;0;0;"20230410";"T81 - 1700002844";1105.5500;0;"";"20230410";"";""
7045;0;0;"20230410";"T81 - 1700002843";67667.0500;0;"";"20230410";"";""
7045;0;0;"20230417";"T81 - 1700002999";47163.0000;0;"";"20230417";"";""
7045;0;0;"20230417";"T81 - 1700002998";5110.9400;0;"";"20230417";"";""
7045;0;0;"20230417";"T81 - 1700002997";72751.9000;0;"";"20230417";"";""
7045;0;0;"20230417";"T81 - 1700002996";122557.4400;0;"";"20230417";"";""
7045;0;0;"20230417";"T81 - 1700002995";1082.0000;0;"";"20230417";"";""
7045;0;0;"20230417";"T81 - 1700002994";80200.8100;0;"";"20230417";"";""
7045;0;0;"20230417";"T81 - 1700002993";4454.1000;0;"";"20230417";"";""
7045;0;0;"20230417";"T81 - 1700002992";5808.1800;0;"";"20230417";"";""
7045;0;0;"20230417";"T81 - 1700002991";79869.0100;0;"";"20230417";"";""
7045;0;0;"20230417";"T81 - 1700002990";3347.7000;0;"";"20230417";"";""
7045;0;0;"20230417";"T81 - 1700002989";2818.2000;0;"";"20230417";"";""
7045;0;0;"20230417";"T81 - 1700002988";75399.1800;0;"";"20230417";"";""
7045;0;0;"20230417";"T81 - 1700002987";96904.5600;0;"";"20230417";"";""
7045;0;0;"20230417";"T81 - 1700002986";4069.8000;0;"";"20230417";"";""
7045;0;0;"20230417";"T81 - 1700002985";124835.0100;0;"";"20230417";"";""
7045;0;0;"20230417";"T81 - 1700002984";43000.0000;0;"";"20230417";"";""
7045;0;0;"20230417";"T81 - 1700002983";73470.0000;0;"";"20230417";"";""
7045;0;0;"20230417";"T81 - 1700002982";55794.5400;0;"";"20230417";"";""
7045;0;0;"20230417";"T81 - 1700002981";6377.3100;0;"";"20230417";"";""
7045;0;0;"20230424";"T81 - 1700003101";4148.0000;0;"";"20230424";"";""
7045;0;0;"20230424";"T81 - 1700003100";5999.9100;0;"";"20230424";"";""
7045;0;0;"20230424";"T81 - 1700003116";579249.9600;0;"";"20230424";"";""
7045;0;0;"20230424";"T81 - 1700003115";579249.9600;0;"";"20230424";"";""
7045;0;0;"20230424";"T81 - 1700003114";81418.9800;0;"";"20230424";"";""
7045;0;0;"20230424";"T81 - 1700003113";3443.4200;0;"";"20230424";"";""
7045;0;0;"20230424";"T81 - 1700003112";78271.6200;0;"";"20230424";"";""
7045;0;0;"20230424";"T81 - 1700003111";123192.1300;0;"";"20230424";"";""
7045;0;0;"20230424";"T81 - 1700003110";9783.4400;0;"";"20230424";"";""
7045;0;0;"20230424";"T81 - 1700003109";3759.2400;0;"";"20230424";"";""
7045;0;0;"20230424";"T81 - 1700003108";10000.0600;0;"";"20230424";"";""
7045;0;0;"20230424";"T81 - 1700003107";80106.0000;0;"";"20230424";"";""
7045;0;0;"20230424";"T81 - 1700003106";78840.4200;0;"";"20230424";"";""
7045;0;0;"20230424";"T81 - 1700003105";4264.5200;0;"";"20230424";"";""
7045;0;0;"20230424";"T81 - 1700003104";103666.1700;0;"";"20230424";"";""
7045;0;0;"20230424";"T81 - 1700003102";1886.1800;0;"";"20230424";"";""
7045;0;0;"20230424";"T81 - 1700003103";6124.0000;0;"";"20230424";"";""
7045;0;0;"20230430";"OP - 500028512";-3636853.2000;0;"";"20230430";"";""
7045;0;0;"20230502";"T81 - 1700003267";76077.0100;0;"";"20230502";"";""
7045;0;0;"20230502";"T81 - 1700003270";10643.3000;0;"";"20230502";"";""
7045;0;0;"20230502";"T81 - 1700003271";1968.9100;0;"";"20230502";"";""
7045;0;0;"20230502";"T81 - 1700003272";4999.9200;0;"";"20230502";"";""
7045;0;0;"20230502";"T81 - 1700003273";4298.2800;0;"";"20230502";"";""
7045;0;0;"20230502";"T81 - 1700003274";2971.8800;0;"";"20230502";"";""
7045;0;0;"20230502";"T81 - 1700003275";118500.0000;0;"";"20230502";"";""
7045;0;0;"20230502";"T81 - 1700003276";5410.0000;0;"";"20230502";"";""
7045;0;0;"20230502";"T81 - 1700003277";1101.4800;0;"";"20230502";"";""
7045;0;0;"20230502";"T81 - 1700003278";75721.5000;0;"";"20230502";"";""
7045;0;0;"20230502";"T81 - 1700003279";72109.6300;0;"";"20230502";"";""
7045;0;0;"20230502";"T81 - 1700003280";11064.5300;0;"";"20230502";"";""
7045;0;0;"20230502";"T81 - 1700003281";75169.2900;0;"";"20230502";"";""
7045;0;0;"20230502";"T81 - 1700003282";112773.6100;0;"";"20230502";"";""
7045;0;0;"20230502";"T81 - 1700003283";78354.5800;0;"";"20230502";"";""
7045;0;0;"20230502";"T81 - 1700003284";5595.2800;0;"";"20230502";"";""
7045;0;0;"20230502";"T81 - 1700003286";6124.0000;0;"";"20230502";"";""
7045;0;0;"20230502";"T81 - 1700003285";82329.0700;0;"";"20230502";"";""
7045;0;0;"20230508";"T81 - 1700003385";5999.9100;0;"";"20230508";"";""
7045;0;0;"20230508";"T81 - 1700003386";5924.9900;0;"";"20230508";"";""
7045;0;0;"20230508";"T81 - 1700003387";75124.2600;0;"";"20230508";"";""
7045;0;0;"20230508";"T81 - 1700003388";6124.0000;0;"";"20230508";"";""
7045;0;0;"20230508";"T81 - 1700003389";1075.5100;0;"";"20230508";"";""
7045;0;0;"20230508";"T81 - 1700003390";5375.3000;0;"";"20230508";"";""
7045;0;0;"20230508";"T81 - 1700003391";82160.8000;0;"";"20230508";"";""
7045;0;0;"20230508";"T81 - 1700003392";114312.2100;0;"";"20230508";"";""
7045;0;0;"20230508";"T81 - 1700003393";72412.9900;0;"";"20230508";"";""
7045;0;0;"20230508";"T81 - 1700003394";78921.0100;0;"";"20230508";"";""
7045;0;0;"20230508";"T81 - 1700003396";5741.0900;0;"";"20230508";"";""
7045;0;0;"20230508";"T81 - 1700003395";1952.5800;0;"";"20230508";"";""
7045;0;0;"20230508";"T81 - 1700003397";87692.3700;0;"";"20230508";"";""
7045;0;0;"20230508";"T81 - 1700003398";112287.7700;0;"";"20230508";"";""
7045;0;0;"20230508";"T81 - 1700003399";4330.1500;0;"";"20230508";"";""
7045;0;0;"20230515";"T81 - 1700003523";6199.8600;0;"";"20230515";"";""
7045;0;0;"20230515";"T81 - 1700003522";20842.2000;0;"";"20230515";"";""
7045;0;0;"20230515";"T81 - 1700003521";106303.9800;0;"";"20230515";"";""
7045;0;0;"20230515";"T81 - 1700003520";77766.8200;0;"";"20230515";"";""
7045;0;0;"20230515";"T81 - 1700003519";80580.0000;0;"";"20230515";"";""
7045;0;0;"20230515";"T81 - 1700003518";4808.3400;0;"";"20230515";"";""
7045;0;0;"20230515";"T81 - 1700003517";6002.9500;0;"";"20230515";"";""
7045;0;0;"20230515";"T81 - 1700003516";118689.1400;0;"";"20230515";"";""
7045;0;0;"20230515";"T81 - 1700003515";8910.9900;0;"";"20230515";"";""
7045;0;0;"20230515";"T81 - 1700003514";82220.0400;0;"";"20230515";"";""
7045;0;0;"20230515";"T81 - 1700003513";71102.3700;0;"";"20230515";"";""
7045;0;0;"20230515";"T81 - 1700003512";72476.6000;0;"";"20230515";"";""
7045;0;0;"20230515";"T81 - 1700003511";5628.5600;0;"";"20230515";"";""
7045;0;0;"20230515";"T81 - 1700003510";1101.4800;0;"";"20230515";"";""
7045;0;0;"20230522";"T81 - 1700003650";4999.9000;0;"";"20230522";"";""
7045;0;0;"20230522";"T81 - 1700003649";4539.9900;0;"";"20230522";"";""
7045;0;0;"20230522";"T81 - 1700003648";118184.9800;0;"";"20230522";"";""
7045;0;0;"20230522";"T81 - 1700003647";62207.4600;0;"";"20230522";"";""
7045;0;0;"20230522";"T81 - 1700003646";6138.8300;0;"";"20230522";"";""
7045;0;0;"20230522";"T81 - 1700003645";5807.6200;0;"";"20230522";"";""
7045;0;0;"20230522";"T81 - 1700003644";6000.0600;0;"";"20230522";"";""
7045;0;0;"20230522";"T81 - 1700003643";92996.4600;0;"";"20230522";"";""
7045;0;0;"20230522";"T81 - 1700003641";82412.5200;0;"";"20230522";"";""
7045;0;0;"20230522";"T81 - 1700003640";133832.5100;0;"";"20230522";"";""
7045;0;0;"20230522";"T81 - 1700003639";89565.5000;0;"";"20230522";"";""
7045;0;0;"20230522";"T81 - 1700003638";84094.4000;0;"";"20230522";"";""
7045;0;0;"20230522";"T81 - 1700003637";2681.1200;0;"";"20230522";"";""
7045;0;0;"20230522";"T81 - 1700003636";78372.0000;0;"";"20230522";"";""
7045;0;0;"20230522";"T81 - 1700003635";4344.0000;0;"";"20230522";"";""
7045;0;0;"20230523";"T81 - 1700003722";729299.9600;0;"";"20230523";"";""
7045;0;0;"20230529";"T81 - 1700003739";16669.6000;0;"";"20230529";"";""
7045;0;0;"20230529";"T81 - 1700003738";16946.8500;0;"";"20230529";"";""
7045;0;0;"20230529";"T81 - 1700003737";2349.4500;0;"";"20230529";"";""
7045;0;0;"20230529";"T81 - 1700003740";6133.5500;0;"";"20230529";"";""
7045;0;0;"20230529";"T81 - 1700003741";6006.4200;0;"";"20230529";"";""
7045;0;0;"20230529";"T81 - 1700003742";5242.5300;0;"";"20230529";"";""
7045;0;0;"20230529";"T81 - 1700003743";56606.9800;0;"";"20230529";"";""
7045;0;0;"20230530";"T81 - 1700003814";1458599.9000;0;"";"20230530";"";""
7045;0;0;"20230605";"T81 - 1700003887";5674.9900;0;"";"20230605";"";""
7045;0;0;"20230605";"T81 - 1700003886";7491.0000;0;"";"20230605";"";""
7045;0;0;"20230605";"T81 - 1700003880";72152.0000;0;"";"20230605";"";""
7045;0;0;"20230605";"T81 - 1700003878";9761.0000;0;"";"20230605";"";""
7045;0;0;"20230605";"T81 - 1700003879";90812.0000;0;"";"20230605";"";""
7045;0;0;"20230605";"T81 - 1700003877";1137.2700;0;"";"20230605";"";""
7045;0;0;"20230605";"T81 - 1700003876";80367.3800;0;"";"20230605";"";""
7045;0;0;"20230605";"T81 - 1700003885";89570.5000;0;"";"20230605";"";""
7045;0;0;"20230605";"T81 - 1700003884";2135.0500;0;"";"20230605";"";""
7045;0;0;"20230605";"T81 - 1700003883";4679.6600;0;"";"20230605";"";""
7045;0;0;"20230605";"T81 - 1700003882";9660.0000;0;"";"20230605";"";""
7045;0;0;"20230605";"T81 - 1700003881";4999.9000;0;"";"20230605";"";""
7045;0;0;"20230605";"T81 - 1700003891";4920.7700;0;"";"20230605";"";""
7045;0;0;"20230605";"T81 - 1700003890";131779.4100;0;"";"20230605";"";""
7045;0;0;"20230605";"T81 - 1700003889";76881.6900;0;"";"20230605";"";""
7045;0;0;"20230605";"T81 - 1700003888";79616.0000;0;"";"20230605";"";""
7045;0;0;"20230612";"T81 - 1700004005";84283.4900;0;"";"20230612";"";""
7045;0;0;"20230612";"T81 - 1700004008";5000.8200;0;"";"20230612";"";""
7045;0;0;"20230612";"T81 - 1700004093";339878.0800;0;"";"20230612";"";""
7045;0;0;"20230612";"T81 - 1700004007";1085.4300;0;"";"20230612";"";""
7045;0;0;"20230612";"T81 - 1700004006";85378.2100;0;"";"20230612";"";""
7045;0;0;"20230612";"T81 - 1700004009";8694.1000;0;"";"20230612";"";""
7045;0;0;"20230612";"T81 - 1700004010";76055.6700;0;"";"20230612";"";""
7045;0;0;"20230612";"T81 - 1700004011";132508.3900;0;"";"20230612";"";""
7045;0;0;"20230612";"T81 - 1700004012";4218.6300;0;"";"20230612";"";""
7045;0;0;"20230612";"T81 - 1700004013";24900.0000;0;"";"20230612";"";""
7045;0;0;"20230612";"T81 - 1700004014";87948.3100;0;"";"20230612";"";""
7045;0;0;"20230612";"T81 - 1700004015";5674.9900;0;"";"20230612";"";""
7045;0;0;"20230612";"T81 - 1700004016";74796.7400;0;"";"20230612";"";""
7045;0;0;"20230612";"T81 - 1700004020";121890.6000;0;"";"20230612";"";""
7045;0;0;"20230612";"T81 - 1700004017";79703.0700;0;"";"20230612";"";""
7045;0;0;"20230612";"T81 - 1700004018";22121.3900;0;"";"20230612";"";""
7045;0;0;"20230612";"T81 - 1700004019";1271.1900;0;"";"20230612";"";""
7045;0;0;"20230619";"T81 - 1700004146";13473.6000;0;"";"20230619";"";""
7045;0;0;"20230619";"T81 - 1700004145";6015.0000;0;"";"20230619";"";""
7045;0;0;"20230619";"T81 - 1700004148";127660.6000;0;"";"20230619";"";""
7045;0;0;"20230619";"T81 - 1700004147";94685.4800;0;"";"20230619";"";""
7045;0;0;"20230619";"T81 - 1700004144";82990.2000;0;"";"20230619";"";""
7045;0;0;"20230619";"T81 - 1700004143";6006.0000;0;"";"20230619";"";""
7045;0;0;"20230619";"T81 - 1700004142";81925.0700;0;"";"20230619";"";""
7045;0;0;"20230619";"T81 - 1700004141";125627.0800;0;"";"20230619";"";""
7045;0;0;"20230619";"T81 - 1700004137";83524.1000;0;"";"20230619";"";""
7045;0;0;"20230619";"T81 - 1700004140";4972.8400;0;"";"20230619";"";""
7045;0;0;"20230619";"T81 - 1700004139";6359.5400;0;"";"20230619";"";""
7045;0;0;"20230619";"T81 - 1700004138";5299.4600;0;"";"20230619";"";""
7045;0;0;"20230619";"T81 - 1700004149";25237.5000;0;"";"20230619";"";""
7045;0;0;"20230619";"T81 - 1700004135";68786.7200;0;"";"20230619";"";""
7045;0;0;"20230619";"T81 - 1700004136";88278.8400;0;"";"20230619";"";""
7045;0;0;"20230626";"T81 - 1700004254";1738.5900;0;"";"20230626";"";""
7045;0;0;"20230626";"T81 - 1700004255";138937.2200;0;"";"20230626";"";""
7045;0;0;"20230626";"T81 - 1700004256";3167.7800;0;"";"20230626";"";""
7045;0;0;"20230626";"T81 - 1700004251";7653.4900;0;"";"20230626";"";""
7045;0;0;"20230626";"T81 - 1700004250";10000.0500;0;"";"20230626";"";""
7045;0;0;"20230626";"FC - 1700004252";86806.6900;0;"";"20230626";"";""
7045;0;0;"20230626";"FC - 1700004253";88418.9200;0;"";"20230626";"";""
108;0;0;"20230602";"FC - 2500002381";4902.4100;0;"";"20230602";"";""
108;0;0;"20230603";"FC - 2500002386";25049.8200;0;"";"20230603";"";""
108;0;0;"20230629";"FC - 1600000505";19900.0200;0;"";"20230629";"";""
111;0;0;"20230302";"FC - 300015680";4218.6000;0;"";"20230302";"";""
111;0;0;"20230403";"FC - 300015855";79731.7200;0;"";"20230403";"";""
111;0;0;"20230403";"FC - 300015812";92977.7100;0;"";"20230403";"";""
111;0;0;"20230531";"FC - 300016118";114862.8000;0;"";"20230531";"";""
111;0;0;"20230601";"FC - 300016159";112206.0200;0;"";"20230601";"";""
111;0;0;"20230602";"FC - 300016195";96433.5800;0;"";"20230602";"";""
115;0;0;"20220117";"OP - 500024310";-10.2600;0;"";"20220117";"";""
115;0;0;"20230612";"FC - 1800023974";32000.0000;0;"";"20230612";"";""
115;0;0;"20230629";"FC - 1800024170";62800.0000;0;"";"20230629";"";""
116;0;0;"20230616";"FC - 500673514";23064.0000;0;"";"20230616";"";""
116;0;0;"20230606";"FC - 247600141912";2280.0000;0;"";"20230606";"";""
116;0;0;"20230627";"FC - 247600142073";4560.0000;0;"";"20230627";"";""
118;0;0;"20230602";"T81 - 9600007218";3000.0100;0;"";"20230602";"";""
118;0;0;"20230608";"T81 - 9600007524";499.5900;0;"";"20230608";"";""
118;0;0;"20230609";"T81 - 9600007574";5999.9900;0;"";"20230609";"";""
118;0;0;"20230625";"T81 - 9300002429";6000.0000;0;"";"20230625";"";""
118;0;0;"20230630";"T81 - 9300002481";1000.0000;0;"";"20230630";"";""
120;0;0;"20230612";"FC - 300005203";7800.0000;0;"";"20230612";"";""
130;0;0;"20230629";"T81 - 11000003721";9080.0800;0;"";"20230629";"";""
5902;0;0;"20211116";"FC - 61100011318";30999.8600;0;"";"20211116";"";""
32;0;0;"20230401";"FC - 1500019671";21800.0400;0;"";"20230401";"";""
32;0;0;"20230502";"FC - 1500020391";15000.0100;0;"";"20230502";"";""
32;0;0;"20230601";"FC - 1500021108";16950.0100;0;"";"20230601";"";""
141;0;0;"20230601";"FC - 1000006456";5505.0100;0;"";"20230601";"";""
145;0;0;"20230503";"FC - 600011590";1573.5600;0;"";"20230503";"";""
145;0;0;"20230623";"FC - 600012019";101252.8000;0;"";"20230623";"";""
145;0;0;"20230529";"FC - 330200099870";24704.6700;0;"";"20230529";"";""
145;0;0;"20230614";"FC - 330200100941";15508.7300;0;"";"20230614";"";""
145;0;0;"20230614";"FC - 330200100932";81587.7400;0;"";"20230614";"";""
145;0;0;"20230614";"FC - 330200100939";50130.6400;0;"";"20230614";"";""
145;0;0;"20230614";"FC - 330200100930";49125.9800;0;"";"20230614";"";""
145;0;0;"20230614";"FC - 330200100931";76656.9700;0;"";"20230614";"";""
151;0;0;"20230518";"FC - 600037181";39281.8800;0;"";"20230518";"";""
151;0;0;"20230602";"FC - 600037608";90180.7200;0;"";"20230602";"";""
151;0;0;"20230602";"FC - 600037607";5856.0800;0;"";"20230602";"";""
151;0;0;"20230609";"FC - 600037791";19783.8100;0;"";"20230609";"";""
151;0;0;"20230609";"NC - 600003370";-4104.0700;0;"";"20230609";"";""
151;0;0;"20230615";"FC - 600037903";6849.1000;0;"";"20230615";"";""
155;0;0;"20230316";"FC - 900028803";18600.0000;0;"";"20230316";"";""
155;0;0;"20230601";"FC - 900030756";6440.0000;0;"";"20230601";"";""
158;0;0;"20230505";"FC - 500060650";9680.2700;0;"";"20230505";"";""
158;0;0;"20230506";"FC - 500060673";17181.5500;0;"";"20230506";"";""
158;0;0;"20230603";"FC - 500061171";7110.9400;0;"";"20230603";"";""
158;0;0;"20230608";"FC - 500061318";6450.0600;0;"";"20230608";"";""
158;0;0;"20230629";"FC - 500061674";35970.0600;0;"";"20230629";"";""
161;0;0;"20151113";"FC - 1100035085";265.6700;0;"";"20151113";"";""
161;0;0;"20151114";"FC - 1100035302";146.5100;0;"";"20151114";"";""
6130;0;0;"20230411";"FC - 2300146225";106045.5000;0;"";"20230411";"";""
6130;0;0;"20230508";"FC - 2300147528";113893.1000;0;"";"20230508";"";""
6130;0;0;"20230608";"T17 - 2300148837";172813.0300;0;"";"20230608";"";""
169;0;0;"20230621";"FC - 1400004048";13092.2000;0;"";"20230621";"";""
175;0;0;"20211218";"ND - 20730076741";5089.0000;0;"";"20211218";"";""
175;0;0;"20211230";"ND - 21130007599";5162.0000;0;"";"20211230";"";""
175;0;0;"20220212";"ND - 20130818099";12885.0000;0;"";"20220212";"";""
175;0;0;"20220218";"ND - 20130822853";23166.0000;0;"";"20220218";"";""
175;0;0;"20220309";"ND - 20130835006";90627.0000;0;"";"20220309";"";""
175;0;0;"20220309";"ND - 20130835181";31269.0000;0;"";"20220309";"";""
175;0;0;"20220314";"ND - 20130838257";89218.0000;0;"";"20220314";"";""
175;0;0;"20220322";"ND - 21530002925";15555.0000;0;"";"20220322";"";""
175;0;0;"20220325";"ND - 20630029772";2844.0000;0;"";"20220325";"";""
175;0;0;"20220331";"ND - 20130850975";24167.0000;0;"";"20220331";"";""
175;0;0;"20220331";"ND - 20130850926";21917.0000;0;"";"20220331";"";""
175;0;0;"20220405";"ND - 21130008280";59549.0000;0;"";"20220405";"";""
175;0;0;"20220418";"ND - 21330001279";20077.0000;0;"";"20220418";"";""
175;0;0;"20220419";"ND - 21330001280";25076.0000;0;"";"20220419";"";""
175;0;0;"20220427";"ND - 20130870400";110847.0000;0;"";"20220427";"";""
175;0;0;"20220427";"ND - 20130870371";111072.0000;0;"";"20220427";"";""
175;0;0;"20220517";"ND - 20130884414";76094.0000;0;"";"20220517";"";""
175;0;0;"20220519";"ND - 20130886014";77780.0000;0;"";"20220519";"";""
175;0;0;"20220609";"ND - 20130900562";47387.0000;0;"";"20220609";"";""
175;0;0;"20220618";"ND - 21530003163";57985.0000;0;"";"20220618";"";""
175;0;0;"20220621";"ND - 21530003218";40108.0000;0;"";"20220621";"";""
175;0;0;"20220715";"ND - 20630033261";2226.0000;0;"";"20220715";"";""
175;0;0;"20220715";"ND - 20130927876";5681.0000;0;"";"20220715";"";""
175;0;0;"20220716";"ND - 21130008971";22924.0000;0;"";"20220716";"";""
175;0;0;"20220718";"ND - 21530003367";22314.0000;0;"";"20220718";"";""
175;0;0;"20220725";"ND - 20130934669";159893.0000;0;"";"20220725";"";""
175;0;0;"20220726";"ND - 20130935321";14058.0000;0;"";"20220726";"";""
175;0;0;"20220806";"ND - 21130009124";50908.0000;0;"";"20220806";"";""
175;0;0;"20220819";"ND - 21530003358";26556.0000;0;"";"20220819";"";""
175;0;0;"20220826";"NDA - 20130850975";8005.0000;0;"";"20220826";"";""
175;0;0;"20220826";"ND - 20130957724";58193.0000;0;"";"20220826";"";""
175;0;0;"20220826";"NDA - 20130749833";15212.0000;0;"";"20220826";"";""
175;0;0;"20220826";"NDA - 20130823097";93965.0000;0;"";"20220826";"";""
175;0;0;"20220826";"NDA - 20130805788";45712.0000;0;"";"20220826";"";""
175;0;0;"20220826";"NDA - 20130823328";93128.0000;0;"";"20220826";"";""
175;0;0;"20220826";"NDA - 20130838257";43095.0000;0;"";"20220826";"";""
175;0;0;"20220826";"NDA - 20130850926";7690.0000;0;"";"20220826";"";""
175;0;0;"20220827";"NDA - 20130870371";155484.0000;0;"";"20220827";"";""
175;0;0;"20220827";"NDA - 20130870400";156080.0000;0;"";"20220827";"";""
175;0;0;"20220827";"NDA - 20130886014";37461.0000;0;"";"20220827";"";""
175;0;0;"20220830";"ND - 20630034588";34855.0000;0;"";"20220830";"";""
175;0;0;"20220921";"OP - 500026722";-1.0000;0;"";"20220921";"";""
175;0;0;"20220927";"ND - 20130978640";5201.0000;0;"";"20220927";"";""
175;0;0;"20221013";"ND - 20630036011";63777.0000;0;"";"20221013";"";""
175;0;0;"20221018";"ND - 21530003538";139318.0000;0;"";"20221018";"";""
175;0;0;"20221018";"ND - 20130993323";7940.0000;0;"";"20221018";"";""
175;0;0;"20221021";"NDA - 20630036011";94642.0000;0;"";"20221021";"";""
175;0;0;"20221103";"ND - 20131005934";71655.0000;0;"";"20221103";"";""
175;0;0;"20221122";"ND - 20131020056";67005.0000;0;"";"20221122";"";""
175;0;0;"20221125";"ND - 21530003623";72330.0000;0;"";"20221125";"";""
175;0;0;"20221125";"ND - 21330001529";288986.0000;0;"";"20221125";"";""
175;0;0;"20221126";"ND - 21330001530";288986.0000;0;"";"20221126";"";""
175;0;0;"20221128";"ND - 20131024587";152823.0000;0;"";"20221128";"";""
175;0;0;"20221130";"ND - 20630037553";24871.0000;0;"";"20221130";"";""
175;0;0;"20221201";"NC - 20130862046";-1341.0000;0;"";"20221201";"";""
175;0;0;"20221214";"ND - 20630037888";48011.0000;0;"";"20221214";"";""
175;0;0;"20221214";"ND - 20630037887";17441.0000;0;"";"20221214";"";""
175;0;0;"20221223";"ND - 20131042561";24134.0000;0;"";"20221223";"";""
175;0;0;"20221227";"ND - 20730102579";117043.0000;0;"";"20221227";"";""
175;0;0;"20221230";"ND - 21130010153";104946.0000;0;"";"20221230";"";""
175;0;0;"20230119";"OP - 500027811";-756455.0000;0;"";"20230119";"";""
175;0;0;"20230202";"ND - 20131076981";309891.0000;0;"";"20230202";"";""
175;0;0;"20230205";"ND - 20131078897";230872.0000;0;"";"20230205";"";""
175;0;0;"20230205";"ND - 20131078913";123826.0000;0;"";"20230205";"";""
175;0;0;"20230209";"ND - 20630039561";18472.0000;0;"";"20230209";"";""
175;0;0;"20230214";"ND - 20131091212";189308.0000;0;"";"20230214";"";""
175;0;0;"20230217";"OP - 500028694";-775594.1000;0;"";"20230217";"";""
175;0;0;"20230222";"ND - 20131100969";300945.0000;0;"";"20230222";"";""
175;0;0;"20230223";"ND - 21530003897";119311.0000;0;"";"20230223";"";""
175;0;0;"20230227";"ND - 20131107083";632463.0000;0;"";"20230227";"";""
175;0;0;"20230228";"ND - 20131108287";222520.0000;0;"";"20230228";"";""
175;0;0;"20230307";"ND - 20131116994";940101.0000;0;"";"20230307";"";""
175;0;0;"20230309";"ND - 20131119287";461559.0000;0;"";"20230309";"";""
175;0;0;"20230309";"ND - 20131119263";461559.0000;0;"";"20230309";"";""
175;0;0;"20230316";"OP - 500028695";-888235.0000;0;"";"20230316";"";""
175;0;0;"20230321";"ND - 20131134554";17709.0000;0;"";"20230321";"";""
175;0;0;"20230323";"ND - 20131136085";32407.0000;0;"";"20230323";"";""
175;0;0;"20230328";"ND - 20131141442";7408.0000;0;"";"20230328";"";""
175;0;0;"20230331";"ND - 20131146516";215940.0000;0;"";"20230331";"";""
175;0;0;"20230331";"ND - 20131146501";237049.0000;0;"";"20230331";"";""
175;0;0;"20230405";"ND - 21130010903";243209.0000;0;"";"20230405";"";""
175;0;0;"20230412";"ND - 20131163082";233943.0000;0;"";"20230412";"";""
175;0;0;"20230417";"ND - 20131169130";8119.0000;0;"";"20230417";"";""
175;0;0;"20230418";"ND - 21330001673";297389.0000;0;"";"20230418";"";""
175;0;0;"20230419";"ND - 21330001672";322171.0000;0;"";"20230419";"";""
175;0;0;"20230424";"OP - 500028696";-964573.0000;0;"";"20230424";"";""
175;0;0;"20230427";"ND - 20131182823";120532.0000;0;"";"20230427";"";""
175;0;0;"20230504";"ND - 21530004012";266727.0000;0;"";"20230504";"";""
175;0;0;"20230505";"ND - 20131192110";128611.0000;0;"";"20230505";"";""
175;0;0;"20230505";"ND - 20131191069";254081.0000;0;"";"20230505";"";""
175;0;0;"20230522";"OP - 500028743";-953991.0000;0;"";"20230522";"";""
175;0;0;"20230607";"ND - 20131232439";169380.0000;0;"";"20230607";"";""
175;0;0;"20230607";"ND - 20131232042";234808.0000;0;"";"20230607";"";""
175;0;0;"20230612";"FC - 20131207060";595685.0000;0;"";"20230612";"";""
175;0;0;"20230613";"OP - 500028793";-1148500.0000;0;"";"20230613";"";""
175;0;0;"20230616";"ND - 20131243798";268821.0000;0;"";"20230616";"";""
175;0;0;"20230621";"ND - 21530004107";155881.0000;0;"";"20230621";"";""
175;0;0;"20230622";"ND - 20131250398";42711.0000;0;"";"20230622";"";""
175;0;0;"20230627";"ND - 20131256069";9661.0000;0;"";"20230627";"";""
175;0;0;"20230129";"FC - 920619187737";3405.9000;0;"";"20230129";"";""
175;0;0;"20230228";"FC - 920521897329";3614.8200;0;"";"20230228";"";""
175;0;0;"20230528";"FC - 920422790611";3739.9700;0;"";"20230528";"";""
175;0;0;"20230601";"FC - 1800023885";72000.0000;0;"";"20230601";"";""
175;0;0;"20230604";"FC - 910523615117";11172.9200;0;"";"20230604";"";""
175;0;0;"20230604";"FC - 910423605466";10927.4900;0;"";"20230604";"";""
175;0;0;"20230604";"FC - 910523632923";2962.9000;0;"";"20230604";"";""
175;0;0;"20230617";"FC - 636407585963";29784.0500;0;"";"20230617";"";""
175;0;0;"20190531";"OP - 500016768";-1464.6100;0;"";"20190531";"";""
175;0;0;"20210903";"OP - 500023374";-255.9300;0;"";"20210903";"";""
175;0;0;"20230224";"FC - 300029388";1000.0000;0;"";"20230224";"";""
179;0;0;"20230609";"FC - 400002000";20800.0000;0;"";"20230609";"";""
181;0;0;"20220812";"ND - 100076504";1440.0000;0;"";"20220812";"";""
5926;0;0;"20230427";"FC - 400006133";79731.0000;0;"";"20230427";"";""
5926;0;0;"20230529";"FC - 400006178";95910.0100;0;"";"20230529";"";""
5926;0;0;"20230531";"FC - 400006198";64217.0000;0;"";"20230531";"";""
5926;0;0;"20230627";"FC - 400006228";132815.0000;0;"";"20230627";"";""
202;0;0;"20230517";"T17 - 1106818334";12871.8300;0;"";"20230517";"";""
202;0;0;"20230615";"T17 - 1106861138";81195.1000;0;"";"20230615";"";""
202;0;0;"20230626";"T17 - 1106883422";121119.5300;0;"";"20230626";"";""
222;0;0;"20230516";"FC - 3500008326";76600.0100;0;"";"20230516";"";""
223;0;0;"20130731";"Aj+ - 21";178.7700;0;"";"20130731";"";""
223;0;0;"20130731";"Aj+ - 32";10890.0000;0;"";"20130731";"";""
223;0;0;"20130731";"Aj+ - 22";1790.5000;0;"";"20130731";"";""
223;0;0;"20230630";"FC - 800005590";2236080.0000;0;"";"20230630";"";""
251;0;0;"20230608";"FC - 700002005";17180.3700;0;"";"20230608";"";""
251;0;0;"20230612";"FC - 700002019";530.6800;0;"";"20230612";"";""
251;0;0;"20230624";"FC - 600002946";1706.4200;0;"";"20230624";"";""
8050;0;0;"20230413";"FC - 300009762";218057.5100;0;"";"20230413";"";""
8050;0;0;"20230413";"FC - 300009761";255626.8800;0;"";"20230413";"";""
8050;0;0;"20230509";"FC - 300009834";135154.9400;0;"";"20230509";"";""
8050;0;0;"20230509";"FC - 300009832";127608.3300;0;"";"20230509";"";""
8050;0;0;"20230509";"FC - 300009833";201044.4700;0;"";"20230509";"";""
8050;0;0;"20230609";"FC - 300009922";96927.0500;0;"";"20230609";"";""
8050;0;0;"20230609";"FC - 300009923";108270.8000;0;"";"20230609";"";""
8050;0;0;"20230629";"FC - 300009981";115819.5300;0;"";"20230629";"";""
270;0;0;"20230509";"FC - 700000604";22000.0300;0;"";"20230509";"";""
274;0;0;"20230222";"FC - 2200007303";7667.1700;0;"";"20230222";"";""
283;0;0;"20230515";"FC - 100001019";3999.9900;0;"";"20230515";"";""
283;0;0;"20230524";"T81 - 300007893";7100.0000;0;"";"20230524";"";""
300;0;0;"20230506";"FC - 1500002717";13672.7800;0;"";"20230506";"";""
300;0;0;"20230629";"T81 - 1800003108";4890.9700;0;"";"20230629";"";""
300;0;0;"20230222";"FC - 10000021580";305.7900;0;"";"20230222";"";""
300;0;0;"20230222";"FC - 10000021530";305.7900;0;"";"20230222";"";""
300;0;0;"20230524";"FC - 10000021773";191.7900;0;"";"20230524";"";""
300;0;0;"20230626";"FC - 10000021853";200.5700;0;"";"20230626";"";""
311;0;0;"20230627";"FC - 2300002492";2349.9900;0;"";"20230627";"";""
314;0;0;"20230429";"T81 - 500002925";116445.0000;0;"";"20230429";"";""
6217;0;0;"20230221";"FC - 6100085224";10149.9300;0;"";"20230221";"";""
6217;0;0;"20230418";"FC - 6100086924";9865.6800;0;"";"20230418";"";""
6217;0;0;"20230425";"FC - 6100087154";91275.2200;0;"";"20230425";"";""
6217;0;0;"20230502";"FC - 6100087314";19902.0500;0;"";"20230502";"";""
6217;0;0;"20230509";"FC - 6100087537";22199.4900;0;"";"20230509";"";""
6217;0;0;"20230516";"FC - 6100087822";7504.8600;0;"";"20230516";"";""
6217;0;0;"20230530";"FC - 6100088353";3302.7800;0;"";"20230530";"";""
6217;0;0;"20230606";"FC - 6100088418";10501.0200;0;"";"20230606";"";""
6217;0;0;"20230613";"FC - 6100088690";11402.2100;0;"";"20230613";"";""
6217;0;0;"20230620";"FC - 6100088851";8101.0000;0;"";"20230620";"";""
321;0;0;"20230429";"FC - 200013604";33400.0200;0;"";"20230429";"";""
321;0;0;"20230531";"FC - 200013726";3900.0000;0;"";"20230531";"";""
2130;0;0;"20230317";"FC - 700008887";10799.9900;0;"";"20230317";"";""
340;0;0;"20230615";"FC - 2500049787";10608.1900;0;"";"20230615";"";""
351;0;0;"20230606";"FC - 200030863";25653.0500;0;"";"20230606";"";""
351;0;0;"20230607";"FC - 200030894";87161.2000;0;"";"20230607";"";""
351;0;0;"20230614";"FC - 200030978";22018.1800;0;"";"20230614";"";""
351;0;0;"20230630";"FC - 200031170";155963.5600;0;"";"20230630";"";""
351;0;0;"20230630";"NC - 200002749";-19873.2700;0;"";"20230630";"";""
367;0;0;"20230616";"FC - 5800042589";828280.0000;0;"";"20230616";"";""
370;0;0;"20230519";"FC - 500027308";30623.9500;0;"";"20230519";"";""
401;0;0;"20230612";"FC - 1100014230";12131.9000;0;"";"20230612";"";""
401;0;0;"20230626";"FC - 1100014301";13005.0900;0;"";"20230626";"";""
412;0;0;"20230609";"FC - 200027203";146313.5100;0;"";"20230609";"";""
433;0;0;"20230330";"FC - 300015285";19180.2900;0;"";"20230330";"";""
433;0;0;"20230330";"FC - 300015284";44264.6300;0;"";"20230330";"";""
433;0;0;"20230330";"NC - 300000670";-42073.0200;0;"";"20230330";"";""
433;0;0;"20230330";"NC - 300000669";-28748.0300;0;"";"20230330";"";""
433;0;0;"20230510";"FC - 300015643";3958.8200;0;"";"20230510";"";""
433;0;0;"20230609";"FC - 300015910";15295.9900;0;"";"20230609";"";""
5767;0;0;"20230428";"FC - 40100028329";35861.1000;0;"";"20230428";"";""
454;0;0;"20220113";"OP - 500024355";-75.5600;0;"";"20220113";"";""
454;0;0;"20220513";"OP - 500025462";-42.0100;0;"";"20220513";"";""
454;0;0;"20221227";"FC - 1100062060";1750.6500;0;"";"20221227";"";""
454;0;0;"20230302";"FC - 1100063273";0.5100;0;"";"20230302";"";""
454;0;0;"20230330";"FC - 1100063975";122866.0800;0;"";"20230330";"";""
454;0;0;"20230404";"NDA - 1100004031";286.4400;0;"";"20230404";"";""
454;0;0;"20230404";"FC - 1100063996";123993.8800;0;"";"20230404";"";""
454;0;0;"20230404";"OP - 500028548";-123439.4900;0;"";"20230404";"";""
454;0;0;"20230419";"FC - 1100064517";428835.6900;0;"";"20230419";"";""
454;0;0;"20230420";"NC - 1100005652";-123440.1000;0;"";"20230420";"";""
454;0;0;"20230420";"OP - 500028771";-430758.7200;0;"";"20230420";"";""
454;0;0;"20230421";"NDA - 1100004089";1923.3000;0;"";"20230421";"";""
454;0;0;"20230506";"FC - 1100065005";446001.6100;0;"";"20230506";"";""
454;0;0;"20230510";"NC - 1100005727";-428835.5900;0;"";"20230510";"";""
454;0;0;"20230601";"NC - 1100005778";-858.5200;0;"";"20230601";"";""
454;0;0;"20230601";"NC - 1100005780";-19142.0700;0;"";"20230601";"";""
454;0;0;"20230607";"FC - 1100065573";170669.8000;0;"";"20230607";"";""
454;0;0;"20230607";"FC - 1100065572";106799.4300;0;"";"20230607";"";""
459;0;0;"20230518";"FC - 300004722";3986.8300;0;"";"20230518";"";""
459;0;0;"20230524";"FC - 300004866";13934.7600;0;"";"20230524";"";""
460;0;0;"20230623";"FC - 200016522";66588.6900;0;"";"20230623";"";""
471;0;0;"20230430";"FC - 800000305";508200.0000;0;"";"20230430";"";""
477;0;0;"20230430";"OP - 500028511";-140099.4200;0;"";"20230430";"";""
477;0;0;"20230507";"FC - 200000579";665500.0000;0;"";"20230507";"";""
477;0;0;"20230514";"FC - 200000581";1464100.0000;0;"";"20230514";"";""
477;0;0;"20230521";"FC - 200000582";665500.0000;0;"";"20230521";"";""
477;0;0;"20230528";"FC - 200000585";399300.0000;0;"";"20230528";"";""
477;0;0;"20230604";"FC - 200000587";532400.0000;0;"";"20230604";"";""
477;0;0;"20230611";"FC - 200000589";665500.0000;0;"";"20230611";"";""
477;0;0;"20230618";"FC - 200000591";798600.0000;0;"";"20230618";"";""
477;0;0;"20230625";"FC - 200000593";665500.0000;0;"";"20230625";"";""
480;0;0;"20230606";"FC - 600000707";794700.0000;0;"";"20230606";"";""
480;0;0;"20230615";"T81 - 900007184";2399.9900;0;"";"20230615";"";""
480;0;0;"20230616";"T81 - 900007225";8000.0000;0;"";"20230616";"";""
480;0;0;"20230626";"T81 - 100009840";2029.9900;0;"";"20230626";"";""
480;0;0;"20230627";"T81 - 900007621";2500.0000;0;"";"20230627";"";""
480;0;0;"20230628";"T81 - 900007659";5000.0100;0;"";"20230628";"";""
480;0;0;"20230629";"T81 - 100009883";999.9900;0;"";"20230629";"";""
6386;0;0;"20150429";"OP - 500005754";-899.4500;0;"";"20150429";"";""
6386;0;0;"20161101";"OP - 500009644";-0.0100;0;"";"20161101";"";""
508;0;0;"20130731";"Aj+ - 23";150.2200;0;"";"20130731";"";""
530;0;0;"20230417";"OP - 500028752";-0.0800;0;"";"20230417";"";""
536;0;0;"20230602";"FC - 200028657";10323.3400;0;"";"20230602";"";""
540;0;0;"20230623";"FC - 300002655";195717.5000;0;"";"20230623";"";""
560;0;0;"20230322";"FC - 600003467";24932.4100;0;"";"20230322";"";""
560;0;0;"20230323";"NC - 600000254";-24932.4100;0;"";"20230323";"";""
560;0;0;"20230405";"FC - 600003642";79723.0000;0;"";"20230405";"";""
560;0;0;"20230406";"FC - 600003660";2725.2000;0;"";"20230406";"";""
560;0;0;"20230413";"FC - 600003734";8015.4400;0;"";"20230413";"";""
560;0;0;"20230414";"FC - 600003747";7047.5400;0;"";"20230414";"";""
560;0;0;"20230418";"FC - 600003772";24661.0800;0;"";"20230418";"";""
560;0;0;"20230420";"FC - 600003798";41024.4200;0;"";"20230420";"";""
560;0;0;"20230424";"FC - 600003839";26611.6200;0;"";"20230424";"";""
560;0;0;"20230426";"FC - 600003879";5933.7800;0;"";"20230426";"";""
560;0;0;"20230503";"FC - 600003925";24912.4100;0;"";"20230503";"";""
560;0;0;"20230504";"OP - 500028986";-220654.5000;0;"";"20230504";"";""
560;0;0;"20230505";"FC - 600003956";35070.8500;0;"";"20230505";"";""
560;0;0;"20230508";"FC - 600003973";13411.9200;0;"";"20230508";"";""
560;0;0;"20230511";"FC - 600004012";58679.0400;0;"";"20230511";"";""
560;0;0;"20230511";"FC - 600004008";29500.8800;0;"";"20230511";"";""
560;0;0;"20230512";"FC - 600004027";12409.9200;0;"";"20230512";"";""
560;0;0;"20230512";"FC - 600004019";54449.5800;0;"";"20230512";"";""
560;0;0;"20230515";"FC - 600004049";1043.8200;0;"";"20230515";"";""
560;0;0;"20230515";"NC - 600000313";-58679.0400;0;"";"20230515";"";""
560;0;0;"20230524";"FC - 600004161";10863.3800;0;"";"20230524";"";""
560;0;0;"20230601";"FC - 600004238";10807.7200;0;"";"20230601";"";""
560;0;0;"20230605";"FC - 600004268";16792.3800;0;"";"20230605";"";""
560;0;0;"20230609";"FC - 600004313";30318.6400;0;"";"20230609";"";""
560;0;0;"20230613";"FC - 600004345";13383.1100;0;"";"20230613";"";""
560;0;0;"20230621";"FC - 600004410";22207.1000;0;"";"20230621";"";""
560;0;0;"20230627";"FC - 600004470";4133.4800;0;"";"20230627";"";""
560;0;0;"20230629";"FC - 600004491";10987.4800;0;"";"20230629";"";""
561;0;0;"20230613";"FC - 800003495";22590.0000;0;"";"20230613";"";""
561;0;0;"20230622";"FC - 800003537";6800.0000;0;"";"20230622";"";""
564;0;0;"20160502";"OP - 500008559";-2846.6800;0;"";"20160502";"";""
564;0;0;"20230604";"FC - 130501336293";6358.8200;0;"";"20230604";"";""
612;0;0;"20230330";"NC - 1800009059";-1680.0000;0;"";"20230330";"";""
612;0;0;"20230531";"FC - 1800144780";7769.9900;0;"";"20230531";"";""
612;0;0;"20230629";"FC - 1800145988";7770.0000;0;"";"20230629";"";""
625;0;0;"20230606";"FC - 400010944";3700.1800;0;"";"20230606";"";""
625;0;0;"20230608";"FC - 400010986";68390.0000;0;"";"20230608";"";""
632;0;0;"20230623";"FC - 400000560";339936.9800;0;"";"20230623";"";""
683;0;0;"20210212";"OP - 500021577";-71.8400;0;"";"20210212";"";""
683;0;0;"20230503";"FC - 2000000691";117364.9900;0;"";"20230503";"";""
683;0;0;"20230611";"T81 - 585300003407";28068.2000;0;"";"20230611";"";""
696;0;0;"20230602";"FC - 300012990";1800.0000;0;"";"20230602";"";""
707;0;0;"20230502";"FC - 200000751";249147.4700;0;"";"20230502";"";""
707;0;0;"20230414";"FC - 300005370";41661.1000;0;"";"20230414";"";""
707;0;0;"20230414";"FC - 300005369";38578.6400;0;"";"20230414";"";""
707;0;0;"20230427";"FC - 300005403";43295.0100;0;"";"20230427";"";""
707;0;0;"20230616";"FC - 300005522";3417.6400;0;"";"20230616";"";""
707;0;0;"20150328";"FC - 2100014686";1407.8600;0;"";"20150328";"";""
731;0;0;"20230524";"FC - 500002457";1350.0000;0;"";"20230524";"";""
731;0;0;"20230611";"FC - 200001767";254342.0000;0;"";"20230611";"";""
740;0;0;"20230609";"FC - 200026220";4800.0200;0;"";"20230609";"";""
753;0;0;"20230501";"T81 - 2100006840";3900.0000;0;"";"20230501";"";""
753;0;0;"20230629";"T81 - 1800004759";1800.0000;0;"";"20230629";"";""
765;0;0;"20230208";"T81 - 29300002020";399.9000;0;"";"20230208";"";""
779;0;0;"20230412";"FC - 300000902";55480.9200;0;"";"20230412";"";""
781;0;0;"20230421";"FC - 100003681";10000.0200;0;"";"20230421";"";""
781;0;0;"20230505";"FC - 1000003683";11200.0000;0;"";"20230505";"";""
781;0;0;"20230606";"T81 - 700000015";9340.0000;0;"";"20230606";"";""
2408;0;0;"20230630";"T81 - 1000007340";670.0000;0;"";"20230630";"";""
2408;0;0;"20230601";"T81 - 2100031158";1591.7400;0;"";"20230601";"";""
2408;0;0;"20230602";"T81 - 2100031204";2504.5800;0;"";"20230602";"";""
2408;0;0;"20230604";"T81 - 2100031230";4195.3300;0;"";"20230604";"";""
2408;0;0;"20230606";"T81 - 2100031263";1548.2500;0;"";"20230606";"";""
2408;0;0;"20230609";"T81 - 2100031358";1550.5700;0;"";"20230609";"";""
2408;0;0;"20230609";"T81 - 2100031359";1000.5100;0;"";"20230609";"";""
2408;0;0;"20230609";"T81 - 2100031366";4003.2100;0;"";"20230609";"";""
2408;0;0;"20230610";"T81 - 2100031386";3998.5800;0;"";"20230610";"";""
2408;0;0;"20230610";"T81 - 2100031389";999.3500;0;"";"20230610";"";""
2408;0;0;"20230612";"T81 - 2100031405";2998.0700;0;"";"20230612";"";""
2408;0;0;"20230612";"T81 - 2100031425";4000.8900;0;"";"20230612";"";""
2408;0;0;"20230612";"T81 - 2100031409";968.0900;0;"";"20230612";"";""
2408;0;0;"20230621";"T81 - 2100031596";1579.9800;0;"";"20230621";"";""
821;0;0;"20230608";"T81 - 600000010";7206.6500;0;"";"20230608";"";""
822;0;0;"20230510";"T81 - 1600011368";10833.0000;0;"";"20230510";"";""
830;0;0;"20230614";"FC - 1200004071";5800.0000;0;"";"20230614";"";""
830;0;0;"20230627";"FC - 1200004168";7900.0000;0;"";"20230627";"";""
5782;0;0;"20220224";"NC - 91100000127";-30249.8600;0;"";"20220224";"";""
5792;0;0;"20220913";"FC - 300052677";0.0100;0;"";"20220913";"";""
5792;0;0;"20230321";"NDA - 300008278";793873.4400;0;"";"20230321";"";""
5792;0;0;"20230519";"FC - 300056252";73163.8600;0;"";"20230519";"";""
5792;0;0;"20230522";"NDA - 300008473";957206.2500;0;"";"20230522";"";""
5792;0;0;"20230418";"FC - 100000149";77613.2600;0;"";"20230418";"";""
5792;0;0;"20230518";"FC - 100000151";185077.8000;0;"";"20230518";"";""
5792;0;0;"20230621";"FC - 100000154";685077.8000;0;"";"20230621";"";""
5792;0;0;"20230320";"FC - 100000147";285077.8000;0;"";"20230320";"";""
5792;0;0;"20230418";"FC - 100000149";685077.8000;0;"";"20230418";"";""
5792;0;0;"20230518";"FC - 100000151";685077.8000;0;"";"20230518";"";""
5792;0;0;"20230621";"FC - 100000154";685077.8000;0;"";"20230621";"";""
870;0;0;"20230419";"FC - 800031003";32060.1600;0;"";"20230419";"";""
870;0;0;"20230419";"NC - 800001718";-72469.3200;0;"";"20230419";"";""
874;0;0;"20230609";"FC - 400027240";140349.7500;0;"";"20230609";"";""
876;0;0;"20151015";"OP - 500007402";290577.8400;0;"";"20151115";"";""
886;0;0;"20230503";"T81 - 1700006852";157854.8400;0;"";"20230503";"";""
886;0;0;"20230601";"T81 - 1700006978";821336.9200;0;"";"20230601";"";""
906;0;0;"20200703";"OP - 500020668";-4554.8600;0;"";"20200703";"";""
911;0;0;"20230523";"FC - 2500027602";34156.0000;0;"";"20230523";"";""
923;0;0;"20230616";"FC - 700000586";9100.0000;0;"";"20230616";"";""
924;0;0;"20220916";"OP - 500027265";-453.1200;0;"";"20220916";"";""
924;0;0;"20230408";"OP - 500028507";-3209.5400;0;"";"20230408";"";""
924;0;0;"20230503";"FC - 900000745";47039.0000;0;"";"20230503";"";""
924;0;0;"20230608";"FC - 900000862";83323.4100;0;"";"20230608";"";""
924;0;0;"20230608";"FC - 900000863";10568.8100;0;"";"20230608";"";""
924;0;0;"20230608";"FC - 900000864";77291.2400;0;"";"20230608";"";""
942;0;0;"20230315";"FC - 600001857";2063.0500;0;"";"20230315";"";""
942;0;0;"20230406";"FC - 600001910";2063.0500;0;"";"20230406";"";""
942;0;0;"20230512";"FC - 600001969";2063.0500;0;"";"20230512";"";""
942;0;0;"20230613";"FC - 600002029";2063.0500;0;"";"20230613";"";""
1066;0;0;"20230517";"FC - 900005753";492137.2500;0;"";"20230517";"";""
1066;0;0;"20230519";"FC - 900005755";477405.5000;0;"";"20230519";"";""
1066;0;0;"20230605";"FC - 900005762";1120066.7500;0;"";"20230605";"";""
1066;0;0;"20230624";"FC - 900005769";617602.1500;0;"";"20230624";"";""
1066;0;0;"20230624";"FC - 900005770";836751.3000;0;"";"20230624";"";""
9706;0;0;"20230223";"FC - 9700004458";14966.8200;0;"";"20230223";"";""
961;0;0;"20230307";"FC - 400003201";1761.9200;0;"";"20230307";"";""
961;0;0;"20230315";"NC - 400000116";-2161.8800;0;"";"20230315";"";""
969;0;0;"20230215";"FC - 1300003928";38150.0000;0;"";"20230215";"";""
977;0;0;"20200523";"OP - 500019250";-33.6800;0;"";"20200523";"";""
977;0;0;"20200617";"OP - 500019829";-0.4700;0;"";"20200617";"";""
990;0;0;"20230215";"FC - 200005353";3150.8400;0;"";"20230215";"";""
998;0;0;"20200117";"NC - 200014593";-552.2100;0;"";"20200117";"";""
998;0;0;"20230612";"FC - 200096508";113619.0000;0;"";"20230612";"";""
998;0;0;"20230420";"FC - 300002842";25047.0000;0;"";"20230420";"";""
998;0;0;"20230612";"FC - 300002869";13310.0000;0;"";"20230612";"";""
998;0;0;"20230622";"FC - 300002871";88753.5000;0;"";"20230622";"";""
1028;0;0;"20230310";"FC - 600002803";1900.0000;0;"";"20230310";"";""
1046;0;0;"20230511";"FC - 300001720";1800.0000;0;"";"20230511";"";""
1055;0;0;"20230524";"FC - 300000446";70900.0000;0;"";"20230524";"";""
1071;0;0;"20230215";"NC - 2100000005";-0.0100;0;"";"20230215";"";""
1071;0;0;"20230511";"FC - 3100005651";223317.6000;0;"";"20230511";"";""
1071;0;0;"20230531";"FC - 3100005822";223317.6000;0;"";"20230531";"";""
1071;0;0;"20230628";"FC - 3100006023";223317.6000;0;"";"20230628";"";""
1071;0;0;"20230529";"FC - 349400001002";181698.0000;0;"";"20230529";"";""
1105;0;0;"20230529";"OP - 500028500";-0.0100;0;"";"20230529";"";""
1105;0;0;"20230602";"T81 - 1700011208";11895.2300;0;"";"20230602";"";""
1160;0;0;"20230531";"T81 - 500003019";747710.0000;0;"";"20230531";"";""
1160;0;0;"20230630";"T81 - 500003092";334039.0000;0;"";"20230630";"";""
1160;0;0;"20181023";"FC - 1100025007";942.5900;0;"";"20181023";"";""
1207;0;0;"20230602";"T81 - 200002919";11800.0000;0;"";"20230602";"";""
1226;0;0;"20230601";"FC - 100009765";50231.0000;0;"";"20230601";"";""
1250;0;0;"20230227";"OP - 500028418";-33000.0000;0;"";"20230227";"";""
1250;0;0;"20230301";"FC - 300003772";32999.9900;0;"";"20230301";"";""
1298;0;0;"20230618";"FC - 700006743";2999.9900;0;"";"20230618";"";""
5861;0;0;"20230608";"T81 - 300017045";18354.9100;0;"";"20230608";"";""
5865;0;0;"20230207";"FC - 800001860";66800.0000;0;"";"20230207";"";""
5893;0;0;"20191120";"OP - 500018583";-200.0000;0;"";"20191120";"";""
5921;0;0;"20230505";"FC - 600001237";363380.9400;0;"";"20230505";"";""
5921;0;0;"20230508";"OP - 500029013";-361750.3800;0;"";"20230508";"";""
5921;0;0;"20230511";"FC - 600001246";340510.8700;0;"";"20230511";"";""
5921;0;0;"20230519";"OP - 500029011";-346962.6600;0;"";"20230519";"";""
5921;0;0;"20230607";"FC - 600001277";122485.2300;0;"";"20230607";"";""
1335;0;0;"20230203";"FC - 100000259";96699.9900;0;"";"20230203";"";""
1335;0;0;"20230203";"OP - 500028417";-96700.0000;0;"";"20230203";"";""
1335;0;0;"20230512";"FC - 400113946";181857.8900;0;"";"20230512";"";""
1350;0;0;"20230614";"FC - 500001984";729.9900;0;"";"20230614";"";""
1356;0;0;"20230522";"FC - 600031291";540597.8600;0;"";"20230522";"";""
1356;0;0;"20230530";"FC - 600031426";190303.5800;0;"";"20230530";"";""
1356;0;0;"20230624";"FC - 600031686";37273.0900;0;"";"20230624";"";""
1356;0;0;"20230624";"FC - 600031684";38520.5200;0;"";"20230624";"";""
1356;0;0;"20230630";"FC - 600031849";255543.8000;0;"";"20230630";"";""
5827;0;0;"20230228";"FC - 900000888";1784.3900;0;"";"20230228";"";""
5827;0;0;"20230601";"FC - 900001030";570.0000;0;"";"20230601";"";""
5827;0;0;"20230602";"FC - 900001032";3745.9900;0;"";"20230602";"";""
5827;0;0;"20230603";"FC - 800001036";4877.5800;0;"";"20230603";"";""
5827;0;0;"20230605";"FC - 900001033";29484.8400;0;"";"20230605";"";""
5827;0;0;"20230605";"FC - 800001037";5113.6300;0;"";"20230605";"";""
5827;0;0;"20230607";"FC - 900001039";1230.0000;0;"";"20230607";"";""
5827;0;0;"20230612";"FC - 900001044";37075.0200;0;"";"20230612";"";""
5827;0;0;"20230613";"FC - 900001045";2245.8600;0;"";"20230613";"";""
5827;0;0;"20230613";"FC - 800001039";6733.3800;0;"";"20230613";"";""
5827;0;0;"20230617";"FC - 900001053";6735.7100;0;"";"20230617";"";""
5827;0;0;"20230620";"FC - 800001040";8130.9900;0;"";"20230620";"";""
5827;0;0;"20230621";"FC - 900001057";14178.5000;0;"";"20230621";"";""
5827;0;0;"20230626";"FC - 900001063";18141.0700;0;"";"20230626";"";""
5827;0;0;"20230626";"FC - 900001065";11548.2200;0;"";"20230626";"";""
5827;0;0;"20230628";"FC - 900001066";11190.5100;0;"";"20230628";"";""
5906;0;0;"20230208";"FC - 700040456";38000.0000;0;"";"20230208";"";""
5906;0;0;"20230208";"FC - 700040455";23499.9900;0;"";"20230208";"";""
5919;0;0;"20230227";"FC - 1600000999";16610.2700;0;"";"20230227";"";""
5919;0;0;"20230511";"FC - 1600001133";24728.6500;0;"";"20230511";"";""
5919;0;0;"20230511";"FC - 1600001132";20367.3700;0;"";"20230511";"";""
5919;0;0;"20230527";"FC - 1600001152";35678.9600;0;"";"20230527";"";""
5919;0;0;"20230527";"FC - 1600001154";28753.0200;0;"";"20230527";"";""
5919;0;0;"20230527";"FC - 1600001153";3944.5000;0;"";"20230527";"";""
5919;0;0;"20230611";"FC - 1600001182";14903.0200;0;"";"20230611";"";""
5919;0;0;"20230611";"FC - 1600001183";23880.3200;0;"";"20230611";"";""
5919;0;0;"20230611";"FC - 1600001180";22726.9400;0;"";"20230611";"";""
5919;0;0;"20230611";"FC - 1600001181";7885.5000;0;"";"20230611";"";""
5919;0;0;"20230628";"FC - 1600001216";3723.2100;0;"";"20230628";"";""
5919;0;0;"20230628";"FC - 1600001215";34146.2800;0;"";"20230628";"";""
5919;0;0;"20230628";"FC - 1600001214";22117.5100;0;"";"20230628";"";""
5919;0;0;"20230628";"FC - 1600001213";6197.5000;0;"";"20230628";"";""
5919;0;0;"20230628";"FC - 1600001212";19032.0700;0;"";"20230628";"";""
7662;0;0;"20230523";"FC - 200003683";5000.0000;0;"";"20230523";"";""
7662;0;0;"20230616";"FC - 200003738";7500.0000;0;"";"20230616";"";""
5785;0;0;"20230510";"FC - 400004663";25167.5800;0;"";"20230510";"";""
5785;0;0;"20230513";"FC - 200005832";768.4100;0;"";"20230513";"";""
5785;0;0;"20230531";"FC - 200005927";2430.1300;0;"";"20230531";"";""
5785;0;0;"20230606";"FC - 400004710";5176.5500;0;"";"20230606";"";""
9061;0;0;"20230602";"FC - 100000050";397485.0000;0;"";"20230602";"";""
9061;0;0;"20230616";"FC - 100000051";386595.0000;0;"";"20230616";"";""
9063;0;0;"20221230";"FC - 100000176";4846050.0000;0;"";"20221230";"";""
9063;0;0;"20230228";"FC - 100000191";2069100.0000;0;"";"20230228";"";""
9063;0;0;"20230531";"FC - 100000213";3267000.0000;0;"";"20230531";"";""
9063;0;0;"20230609";"FC - 100000215";1633500.0000;0;"";"20230609";"";""
9063;0;0;"20230609";"FC - 100000216";2940300.0000;0;"";"20230609";"";""
9063;0;0;"20230623";"FC - 100000220";3375900.0000;0;"";"20230623";"";""
9063;0;0;"20230630";"FC - 100000222";2123550.0000;0;"";"20230630";"";""
9071;0;0;"20230510";"FC - 500003272";116700.0000;0;"";"20230510";"";""
9071;0;0;"20230512";"FC - 500003273";7989.9600;0;"";"20230512";"";""
9071;0;0;"20230630";"FC - 100001641";70800.0000;0;"";"20230630";"";""
9071;0;0;"20230607";"T81 - 500030518";4999.9600;0;"";"20230607";"";""
9663;0;0;"20230530";"FC - 200000651";4950.0500;0;"";"20230530";"";""
9664;0;0;"20230511";"T81 - 800012648";9300.0000;0;"";"20230511";"";""
9669;0;0;"20230523";"FC - 100000058";567054.4000;0;"";"20230523";"";""
9669;0;0;"20230511";"FC - 200000224";20690.0000;0;"";"20230511";"";""
9674;0;0;"20230527";"FC - 1200000008";15000.0000;0;"";"20230527";"";""
9678;0;0;"20230403";"FC - 2800000601";5330.0000;0;"";"20230403";"";""
9689;0;0;"20230323";"FC - 400000080";3600.0000;0;"";"20230323";"";""
9690;0;0;"20230322";"FC - 300000864";1800.0000;0;"";"20230322";"";""
9690;0;0;"20230629";"FC - 100011857";145445.4100;0;"";"20230629";"";""
9699;0;0;"20230419";"FC - 200011030";62668.6000;0;"";"20230419";"";""
9704;0;0;"20230228";"FC - 100001072";13278.0000;0;"";"20230228";"";""
9713;0;0;"20230516";"FC - 200012828";12500.0300;0;"";"20230516";"";""
9713;0;0;"20230613";"FC - 200012949";23999.9900;0;"";"20230613";"";""
9725;0;0;"20230511";"FC - 100000058";1064800.0000;0;"";"20230511";"";""
9725;0;0;"20230427";"FC - 500000724";34772.9000;0;"";"20230427";"";""
9741;0;0;"20230510";"FC - 2900000226";6230.0000;0;"";"20230510";"";""
9741;0;0;"20230524";"FC - 2900000242";7050.0000;0;"";"20230524";"";""
9741;0;0;"20230616";"FC - 2900000265";5250.0000;0;"";"20230616";"";""
9748;0;0;"20230627";"FC - 600003219";32170.0000;0;"";"20230627";"";""
9766;0;0;"20230429";"FC - 300008083";70309.5300;0;"";"20230429";"";""
9766;0;0;"20230510";"NC - 300000514";-70309.5300;0;"";"20230510";"";""
9778;0;0;"20230606";"T81 - 29200001870";1479.0000;0;"";"20230606";"";""
9778;0;0;"20230607";"T81 - 29500002054";1775.8500;0;"";"20230607";"";""
9778;0;0;"20230609";"T81 - 29400002083";3846.0600;0;"";"20230609";"";""
9778;0;0;"20230609";"FC - 29400002083";3846.0600;0;"";"20230609";"";""
9778;0;0;"20230616";"T81 - 29200001899";1340.3000;0;"";"20230616";"";""
9778;0;0;"20230622";"T81 - 29300002513";1124.9900;0;"";"20230622";"";""
9778;0;0;"20230623";"T81 - 29200001928";421.4500;0;"";"20230623";"";""
9778;0;0;"20230629";"T81 - 29400002150";6678.2000;0;"";"20230629";"";""
9778;0;0;"20230628";"FC - 800000352";14764.9600;0;"";"20230628";"";""
9813;0;0;"20230611";"FC - 500010443";154000.0000;0;"";"20230611";"";""
9852;0;0;"20230210";"FC - 237600001753";2490.0000;0;"";"20230210";"";""
9858;0;0;"20220407";"NC - 600000014";-7024.0500;0;"";"20220407";"";""
9880;0;0;"20230504";"FC - 300030249";21300.0000;0;"";"20230504";"";""
9880;0;0;"20230601";"FC - 300030573";3500.0000;0;"";"20230601";"";""
9880;0;0;"20230626";"FC - 300030831";2600.0000;0;"";"20230626";"";""
9890;0;0;"20230612";"T81 - 1100003861";68400.0000;0;"";"20230612";"";""
9890;0;0;"20230606";"FC - 12200001823";12378.3000;0;"";"20230606";"";""
9913;0;0;"20230323";"FC - 400000164";799.9900;0;"";"20230323";"";""
9913;0;0;"20230519";"FC - 10403373324";300.0000;0;"";"20230519";"";""
9992;0;0;"20230602";"FC - 200001862";34350.0000;0;"";"20230602";"";""
9992;0;0;"20230623";"FC - 200001914";10790.0000;0;"";"20230623";"";""
