21;0;0;"20150908";"RC - 500003613";-16353.0000;0;"";"20150908";"";""
40;0;0;"20211102";"RC - 500009234";-1.3000;0;"";"20211102";"";""
78;0;0;"20230430";"FC - 900017691";16385.5800;0;"";"20230430";"";""
78;0;0;"20230430";"FC - 900017692";160083.0000;0;"";"20230430";"";""
78;0;0;"20230516";"FC - 900017828";171517.5000;0;"";"20230516";"";""
78;0;0;"20230516";"FC - 900017829";171517.5000;0;"";"20230516";"";""
78;0;0;"20230516";"FC - 900017830";171517.5000;0;"";"20230516";"";""
78;0;0;"20230516";"FC - 900017831";154365.7500;0;"";"20230516";"";""
78;0;0;"20230531";"FC - 900017955";171517.5000;0;"";"20230531";"";""
78;0;0;"20230531";"FC - 900017956";171517.5000;0;"";"20230531";"";""
78;0;0;"20230531";"FC - 900017957";171517.5000;0;"";"20230531";"";""
78;0;0;"20230531";"FC - 900017958";51455.2500;0;"";"20230531";"";""
78;0;0;"20230622";"FC - 900018094";171517.5000;0;"";"20230622";"";""
78;0;0;"20230622";"FC - 900018095";171517.5000;0;"";"20230622";"";""
78;0;0;"20230622";"FC - 900018096";171517.5000;0;"";"20230622";"";""
78;0;0;"20230622";"FC - 900018097";154365.7500;0;"";"20230622";"";""
78;0;0;"20230630";"FC - 900018219";171517.5000;0;"";"20230630";"";""
78;0;0;"20230630";"FC - 900018220";165800.2500;0;"";"20230630";"";""
78;0;0;"20230630";"FC - 900018221";17151.7500;0;"";"20230630";"";""
256;0;0;"20230622";"FC - 900018098";86036.0400;0;"";"20230622";"";""
256;0;0;"20230630";"FC - 900018222";22869.0000;0;"";"20230630";"";""
533;0;0;"20230705";"FC - 900018249";163350.0000;0;"";"20230705";"";""
555;0;0;"20230622";"FC - 900018100";59568.3000;0;"";"20230622";"";""
555;0;0;"20230630";"FC - 900018223";297787.0500;0;"";"20230630";"";""
555;0;0;"20230630";"FC - 900018224";30383.1000;0;"";"20230630";"";""
702;0;0;"20161125";"RC - 500006390";-895.4000;0;"";"20161125";"";""
702;0;0;"20161126";"RC - 500006389";-3468.5900;0;"";"20161126";"";""
702;0;0;"20230630";"FC - 900018225";94389.0600;0;"";"20230630";"";""
702;0;0;"20230630";"FC - 900018226";28858.5000;0;"";"20230630";"";""
1012;0;0;"20170317";"RC - 500006595";-4395.4900;0;"";"20170317";"";""
1012;0;0;"20170327";"RC - 500006600";-5000.0000;0;"";"20170327";"";""
1012;0;0;"20170407";"RC - 500006658";-5000.0000;0;"";"20170407";"";""
1012;0;0;"20170421";"RC - 500006672";-5000.0000;0;"";"20170421";"";""
1012;0;0;"20170505";"RC - 500006686";-6200.0000;0;"";"20170505";"";""
1014;0;0;"20230531";"FC - 900017962";46418.6300;0;"";"20230531";"";""
1014;0;0;"20230622";"FC - 900018103";26136.0000;0;"";"20230622";"";""
1015;0;0;"20230516";"RC - 500000206505";-5225.6300;0;"";"20230516";"";""
1021;0;0;"20230516";"FC - 900017836";232374.4500;0;"";"20230516";"";""
1021;0;0;"20230531";"FC - 900017963";152290.6000;0;"";"20230531";"";""
1021;0;0;"20230622";"FC - 900018104";223184.5000;0;"";"20230622";"";""
1021;0;0;"20230630";"FC - 900018227";228435.9000;0;"";"20230630";"";""
1023;0;0;"20230622";"FC - 900018110";28713.3000;0;"";"20230622";"";""
1023;0;0;"20230622";"FC - 900018120";28713.3000;0;"";"20230622";"";""
1023;0;0;"20230630";"FC - 900018228";57426.6000;0;"";"20230630";"";""
1023;0;0;"20230630";"FC - 900018229";28713.3000;0;"";"20230630";"";""
1023;0;0;"20230630";"FC - 900018230";57426.6000;0;"";"20230630";"";""
1023;0;0;"20230630";"FC - 900018231";86139.9000;0;"";"20230630";"";""
1023;0;0;"20230630";"FC - 900018232";28713.3000;0;"";"20230630";"";""
1023;0;0;"20230630";"FC - 900018233";28713.3000;0;"";"20230630";"";""
1023;0;0;"20230630";"FC - 900018234";86139.9000;0;"";"20230630";"";""
1023;0;0;"20230630";"FC - 900018235";28713.3000;0;"";"20230630";"";""
1023;0;0;"20230630";"FC - 900018236";57426.6000;0;"";"20230630";"";""
1023;0;0;"20230707";"RC - 500010008";-40.1400;0;"";"20230707";"";""
1023;0;0;"20230713";"FC - 1100000776";24563.0000;0;"";"20230713";"";""
1026;0;0;"20230210";"RC - 500000206228";-10486.9200;0;"";"20230210";"";""
1033;0;0;"20230622";"FC - 1100000764";56867.8500;0;"";"20230622";"";""
1047;0;0;"20130801";"RC - 5002067";-186.5300;0;"";"20130801";"";""
1059;0;0;"20230630";"FC - 900018245";208725.0000;0;"";"20230630";"";""
5784;0;0;"20230331";"FC - 900017466";82520.3400;0;"";"20230331";"";""
5784;0;0;"20230417";"FC - 900017581";26680.5000;0;"";"20230417";"";""
5784;0;0;"20230430";"FC - 900017708";34557.6000;0;"";"20230430";"";""
5784;0;0;"20230516";"FC - 900017843";15518.2500;0;"";"20230516";"";""
5784;0;0;"20230622";"FC - 900018111";11434.5000;0;"";"20230622";"";""
1067;0;0;"20230622";"FC - 900018112";88209.0000;0;"";"20230622";"";""
1072;0;0;"20230531";"FC - 900017976";7623.0000;0;"";"20230531";"";""
1072;0;0;"20230622";"FC - 900018113";12523.5100;0;"";"20230622";"";""
1072;0;0;"20230630";"FC - 900018237";20010.3800;0;"";"20230630";"";""
1081;0;0;"20221110";"RC - 500000205962";-0.0100;0;"";"20221110";"";""
1095;0;0;"20140616";"RC - 500004782";-49.5000;0;"";"20140616";"";""
3333;0;0;"20230424";"FC - 1100000730";27489.4100;0;"";"20230424";"";""
3333;0;0;"20230508";"FC - 1100000737";71057.2500;0;"";"20230508";"";""
3333;0;0;"20230515";"FC - 1100000744";71057.2500;0;"";"20230515";"";""
3333;0;0;"20230515";"FC - 1100000746";71057.2500;0;"";"20230515";"";""
3333;0;0;"20230605";"FC - 1100000753";71057.2500;0;"";"20230605";"";""
3333;0;0;"20230608";"FC - 1100000754";71057.2500;0;"";"20230608";"";""
3333;0;0;"20230613";"FC - 1100000756";71057.2500;0;"";"20230613";"";""
3333;0;0;"20230621";"FC - 1100000760";71057.2500;0;"";"20230621";"";""
3333;0;0;"20230623";"FC - 1100000765";71057.2500;0;"";"20230623";"";""
3333;0;0;"20230626";"FC - 1100000766";71057.2500;0;"";"20230626";"";""
3333;0;0;"20230630";"FC - 1100000768";71057.2500;0;"";"20230630";"";""
3333;0;0;"20230707";"FC - 1100000773";71057.2500;0;"";"20230707";"";""
3333;0;0;"20230714";"FC - 1100000777";71057.2500;0;"";"20230714";"";""
2200;0;0;"20220831";"RC - 500000205723";-0.5000;0;"";"20220831";"";""
2218;0;0;"20230622";"FC - 900018114";24786.6100;0;"";"20230622";"";""
2218;0;0;"20230622";"FC - 900018115";29645.0000;0;"";"20230622";"";""
2218;0;0;"20230630";"FC - 900018238";29645.0000;0;"";"20230630";"";""
2218;0;0;"20230630";"FC - 900018239";29645.0000;0;"";"20230630";"";""
2222;0;0;"20130801";"RC - 500002152";-1433.1300;0;"";"20130801";"";""
2234;0;0;"20230316";"FC - 900017355";68424.7400;0;"";"20230316";"";""
2234;0;0;"20230430";"FC - 900017714";76230.0000;0;"";"20230430";"";""
2255;0;0;"20230706";"FC - 1100000771";89040.5300;0;"";"20230706";"";""
2277;0;0;"20190803";"N/D - 900000224";32901.6500;0;"";"20190803";"";""
2277;0;0;"20190827";"RC - 500008037";-74453.7300;0;"";"20190827";"";""
2277;0;0;"20191007";"N/D - 900000236";52549.4000;0;"";"20191007";"";""
2277;0;0;"20191104";"N/D - 900000243";41452.0000;0;"";"20191104";"";""
2277;0;0;"20191121";"N/D - 900000247";52078.8600;0;"";"20191121";"";""
2277;0;0;"20201130";"RC - 500008786";-50000.0000;0;"";"20201130";"";""
2277;0;0;"20210129";"RC - 500008884";-135000.0000;0;"";"20210129";"";""
2277;0;0;"20210303";"RC - 500008909";-59760.5000;0;"";"20210303";"";""
2285;0;0;"20230210";"RC - 500009917";-106.4200;0;"";"20230210";"";""
2304;0;0;"20230522";"RC - 500000206521";-18.3700;0;"";"20230522";"";""
2313;0;0;"20230417";"FC - 900017575";40637.9000;0;"";"20230417";"";""
2313;0;0;"20230430";"FC - 900017715";60984.0000;0;"";"20230430";"";""
2313;0;0;"20230516";"FC - 900017848";43560.0000;0;"";"20230516";"";""
2313;0;0;"20230531";"FC - 900017980";108900.0000;0;"";"20230531";"";""
2313;0;0;"20230622";"FC - 900018116";87120.0000;0;"";"20230622";"";""
2313;0;0;"20230630";"FC - 900018240";65340.0000;0;"";"20230630";"";""
2340;0;0;"20230622";"FC - 900018117";39476.2500;0;"";"20230622";"";""
2348;0;0;"20230630";"FC - 900018241";15246.0000;0;"";"20230630";"";""
2360;0;0;"20200819";"RC - 500008633";-1.3200;0;"";"20200819";"";""
2374;0;0;"20230630";"FC - 900018242";76992.3000;0;"";"20230630";"";""
2385;0;0;"20210406";"RC - 500009006";-49.5000;0;"";"20210406";"";""
2391;0;0;"20230417";"RC - 500000206423";-21844.1800;0;"";"20230417";"";""
2394;0;0;"20230524";"FC - 900017854";191088.7200;0;"";"20230524";"";""
2394;0;0;"20230703";"FC - 900018248";191150.9600;0;"";"20230703";"";""
2409;0;0;"20221101";"RC - 500000205939";-297.5500;0;"";"20221101";"";""
2412;0;0;"20211129";"RC - 500000204985";-40.5000;0;"";"20211129";"";""
2422;0;0;"20220610";"FC - 1100000440";1577.9600;0;"";"20220610";"";""
2444;0;0;"20230516";"FC - 900017851";22324.5000;0;"";"20230516";"";""
2444;0;0;"20230531";"FC - 900017981";59350.5000;0;"";"20230531";"";""
2444;0;0;"20230622";"FC - 900018118";112439.2500;0;"";"20230622";"";""
2444;0;0;"20230630";"FC - 900018243";102366.0000;0;"";"20230630";"";""
2451;0;0;"20200904";"RC - 500008704";-37.0400;0;"";"20200904";"";""
2454;0;0;"20230614";"FC - 1100000757";203159.0000;0;"";"20230614";"";""
2454;0;0;"20230703";"FC - 1100000769";186703.0000;0;"";"20230703";"";""
2461;0;0;"20230621";"FC - 1100000761";81675.0000;0;"";"20230621";"";""
2463;0;0;"20230630";"RC - 500009999";-104233.4500;0;"";"20230630";"";""
2463;0;0;"20230710";"FC - 1100000774";75443.5000;0;"";"20230710";"";""
3022;0;0;"20230701";"FC - 900000441";2400000.0000;0;"";"20230701";"";""
3031;0;0;"20190417";"RC - 500007785";-71.6000;0;"";"20190417";"";""
3043;0;0;"20210625";"RC - 500000204855";-3.7900;0;"";"20210625";"";""
6005;0;0;"20150620";"RC - 500003240";-8699.4000;0;"";"20150620";"";""
6009;0;0;"20210228";"N/C - 900000021";-0.9300;0;"";"20210228";"";""
6051;0;0;"20221230";"RC - 8983";-17951.4200;0;"";"20221230";"";""
6051;0;0;"20221230";"RC - 8987";-150000.0000;0;"";"20221230";"";""
6081;0;0;"20130820";"RC - 1695";-529.6400;0;"";"20130820";"";""
6082;0;0;"20210929";"RC - 500009358";-39.2500;0;"";"20210929";"";""
6101;0;0;"20210916";"FC - 900013012";5201.1100;0;"";"20210916";"";""
6106;0;0;"20191129";"RC - 5000006738";-7600.0000;0;"";"20191129";"";""
6106;0;0;"20200831";"RC - 5000007291";-7500.0000;0;"";"20200831";"";""
6113;0;0;"20130801";"RC - 500000668";-1992.4800;0;"";"20130801";"";""
6127;0;0;"20230331";"FC - 900017369";51413.4900;0;"";"20230331";"";""
6203;0;0;"20230630";"FC - 900018124";232425.2700;0;"";"20230630";"";""
6204;0;0;"20220216";"FC - 900014060";39999.9900;0;"";"20220216";"";""
6204;0;0;"20220221";"FC - 900014189";30618.4500;0;"";"20220221";"";""
6206;0;0;"20221231";"FC - 900016817";139802.4900;0;"";"20221231";"";""
6206;0;0;"20221231";"FC - 900016819";235478.7000;0;"";"20221231";"";""
6206;0;0;"20230131";"FC - 900016986";779070.6000;0;"";"20230131";"";""
6206;0;0;"20230131";"FC - 900016991";107944.7000;0;"";"20230131";"";""
6206;0;0;"20230227";"FC - 900017129";1.2100;0;"";"20230227";"";""
6206;0;0;"20230302";"FC - 900017232";451027.5000;0;"";"20230302";"";""
6206;0;0;"20230302";"FC - 900017233";377092.7500;0;"";"20230302";"";""
6206;0;0;"20230307";"RC - 500000206353";-79800.0000;0;"";"20230307";"";""
6206;0;0;"20230331";"FC - 900017477";642510.0000;0;"";"20230331";"";""
6206;0;0;"20230420";"FC - 900017586";180610.6500;0;"";"20230420";"";""
6206;0;0;"20230430";"FC - 900017718";897980.3300;0;"";"20230430";"";""
6206;0;0;"20230503";"FC - 900017721";204152.4100;0;"";"20230503";"";""
6206;0;0;"20230531";"FC - 900017954";713307.1000;0;"";"20230531";"";""
6206;0;0;"20230602";"FC - 900017984";204152.4100;0;"";"20230602";"";""
6206;0;0;"20230630";"FC - 900018246";917183.0200;0;"";"20230630";"";""
6206;0;0;"20230705";"FC - 900018250";203037.1000;0;"";"20230705";"";""
6209;0;0;"20190315";"RC - 5000007779";-3.0000;0;"";"20190315";"";""
9969;0;0;"20230516";"FC - 900017727";136313.4600;0;"";"20230516";"";""
9969;0;0;"20230531";"FC - 900017859";278204.6500;0;"";"20230531";"";""
9969;0;0;"20230617";"FC - 900017991";149459.2000;0;"";"20230617";"";""
9969;0;0;"20230630";"FC - 900018125";156816.0000;0;"";"20230630";"";""
6213;0;0;"20230510";"RC - 500000206677";-0.8800;0;"";"20230510";"";""
6216;0;0;"20230617";"FC - 900017993";68095.7200;0;"";"20230617";"";""
6224;0;0;"20230531";"FC - 900017951";65552.9600;0;"";"20230531";"";""
6224;0;0;"20230531";"FC - 900017861";456489.4400;0;"";"20230531";"";""
6224;0;0;"20230617";"FC - 900017994";449345.6000;0;"";"20230617";"";""
6224;0;0;"20230619";"N/D - 1900000075";42126.1500;0;"";"20230619";"";""
6224;0;0;"20230621";"RC - 500000206681";-0.0400;0;"";"20230621";"";""
6224;0;0;"20230630";"FC - 900018127";543392.8600;0;"";"20230630";"";""
6238;0;0;"20230524";"RC - 9143";-0.8400;0;"";"20230524";"";""
6239;0;0;"20221231";"FC - 900016728";50295.8100;0;"";"20221231";"";""
6239;0;0;"20230131";"FC - 900016876";52751.1600;0;"";"20230131";"";""
6239;0;0;"20230216";"FC - 900017003";52615.6400;0;"";"20230216";"";""
6239;0;0;"20230316";"FC - 900017249";112080.8500;0;"";"20230316";"";""
6239;0;0;"20230331";"FC - 900017374";56077.2100;0;"";"20230331";"";""
6239;0;0;"20230413";"RC - 9062";-323820.0000;0;"";"20230413";"";""
6239;0;0;"20230417";"FC - 900017533";60942.6200;0;"";"20230417";"";""
6239;0;0;"20230516";"FC - 900017732";65536.6300;0;"";"20230516";"";""
6239;0;0;"20230531";"FC - 900017862";65261.3500;0;"";"20230531";"";""
6239;0;0;"20230617";"FC - 900017995";71484.8600;0;"";"20230617";"";""
6239;0;0;"20230630";"FC - 900018128";144317.1900;0;"";"20230630";"";""
6240;0;0;"20210517";"FC - 900012021";1149.1100;0;"";"20210517";"";""
6240;0;0;"20210616";"FC - 900012242";22266.7800;0;"";"20210616";"";""
6242;0;0;"20230617";"FC - 900017996";83258.4400;0;"";"20230617";"";""
6242;0;0;"20230630";"FC - 900018129";85448.6300;0;"";"20230630";"";""
6244;0;0;"20230531";"FC - 900017864";200217.2500;0;"";"20230531";"";""
6244;0;0;"20230617";"FC - 900017997";144071.0700;0;"";"20230617";"";""
6244;0;0;"20230630";"FC - 900018130";221155.9400;0;"";"20230630";"";""
6246;0;0;"20230628";"RC - 9139";-48299.8700;0;"";"20230628";"";""
6263;0;0;"20230617";"FC - 900017999";138922.9900;0;"";"20230617";"";""
6263;0;0;"20230630";"FC - 900018132";265406.0000;0;"";"20230630";"";""
6272;0;0;"20130801";"RC - 5002501";-636.5000;0;"";"20130801";"";""
6285;0;0;"20221031";"FC - 900016229";20889.2500;0;"";"20221031";"";""
6285;0;0;"20221130";"FC - 900016488";49437.7000;0;"";"20221130";"";""
6285;0;0;"20230228";"FC - 900017142";53334.8600;0;"";"20230228";"";""
6285;0;0;"20230403";"RC - 500000206383";-123661.8100;0;"";"20230403";"";""
6297;0;0;"20230629";"RC - 9140";-809232.2200;0;"";"20230629";"";""
6301;0;0;"20220801";"RC - 8725";-0.0300;0;"";"20220801";"";""
6307;0;0;"20230617";"FC - 900018001";5767.2800;0;"";"20230617";"";""
6312;0;0;"20160120";"RC - 500003818";-118.9200;0;"";"20160120";"";""
6315;0;0;"20230630";"FC - 900018133";78471.8900;0;"";"20230630";"";""
6316;0;0;"20230617";"FC - 900018002";0.1200;0;"";"20230617";"";""
6316;0;0;"20230630";"FC - 900018134";163097.1100;0;"";"20230630";"";""
6318;0;0;"20230617";"FC - 900018003";316413.0200;0;"";"20230617";"";""
6318;0;0;"20230630";"FC - 900018139";73774.9100;0;"";"20230630";"";""
1161;0;0;"20201016";"FC - 900010519";12.5000;0;"";"20201016";"";""
6323;0;0;"20230617";"FC - 900018004";4979.6300;0;"";"20230617";"";""
6323;0;0;"20230630";"FC - 900018135";313522.7400;0;"";"20230630";"";""
6324;0;0;"20230417";"FC - 9000017530";61753.0800;0;"";"20230417";"";""
6324;0;0;"20230516";"FC - 900017742";58461.1200;0;"";"20230516";"";""
6324;0;0;"20230617";"FC - 900018005";70636.1700;0;"";"20230617";"";""
6338;0;0;"20200109";"RC - 5000006824";-5120.6300;0;"";"20200109";"";""
9932;0;0;"20230516";"FC - 900017743";518193.2000;0;"";"20230516";"";""
9932;0;0;"20230516";"FC - 900017744";697676.3200;0;"";"20230516";"";""
9932;0;0;"20230516";"FC - 900017745";695933.9200;0;"";"20230516";"";""
9932;0;0;"20230516";"FC - 900017746";344646.7200;0;"";"20230516";"";""
9932;0;0;"20230531";"FC - 900017869";688170.5600;0;"";"20230531";"";""
9932;0;0;"20230531";"FC - 900017870";659227.3600;0;"";"20230531";"";""
9932;0;0;"20230531";"FC - 900017871";655277.9200;0;"";"20230531";"";""
9932;0;0;"20230531";"FC - 900017872";203764.0000;0;"";"20230531";"";""
9932;0;0;"20230617";"FC - 900018006";680871.8400;0;"";"20230617";"";""
9932;0;0;"20230617";"FC - 900018007";698954.0800;0;"";"20230617";"";""
9932;0;0;"20230617";"FC - 900018008";698082.8800;0;"";"20230617";"";""
9932;0;0;"20230617";"FC - 900018009";684046.8800;0;"";"20230617";"";""
9932;0;0;"20230622";"FC - 900018010";213095.5200;0;"";"20230622";"";""
9932;0;0;"20230630";"FC - 900018136";701969.3900;0;"";"20230630";"";""
9932;0;0;"20230630";"FC - 900018137";723851.0500;0;"";"20230630";"";""
9932;0;0;"20230630";"FC - 900018138";631033.7500;0;"";"20230630";"";""
6346;0;0;"20181222";"RC - 5000005939";-1220.3800;0;"";"20181222";"";""
6348;0;0;"20200507";"RC - 5000007015";-9.0000;0;"";"20200507";"";""
6350;0;0;"20190924";"RC - 5000006277";-12414.7400;0;"";"20190924";"";""
6355;0;0;"20230608";"RC - 9120";-208221.5200;0;"";"20230608";"";""
6355;0;0;"20230622";"FC - 900018011";493115.7600;0;"";"20230622";"";""
6355;0;0;"20230630";"FC - 900018140";680314.7700;0;"";"20230630";"";""
6359;0;0;"20150618";"RC - 500003454";-1490.2900;0;"";"20150618";"";""
6365;0;0;"20230331";"FC - 900017387";12353.2300;0;"";"20230331";"";""
6365;0;0;"20230417";"FC - 900017565";176902.6000;0;"";"20230417";"";""
6365;0;0;"20230430";"FC - 900017608";117319.4200;0;"";"20230430";"";""
6365;0;0;"20230516";"FC - 900017748";189552.5500;0;"";"20230516";"";""
6365;0;0;"20230531";"FC - 900017874";67737.0100;0;"";"20230531";"";""
6365;0;0;"20230622";"FC - 900018012";347392.3300;0;"";"20230622";"";""
6365;0;0;"20230622";"FC - 900018092";69442.2600;0;"";"20230622";"";""
6365;0;0;"20230630";"FC - 900018141";415793.7500;0;"";"20230630";"";""
6367;0;0;"20230609";"FC - 2000000297";39022.5000;0;"";"20230609";"";""
6374;0;0;"20201216";"FC - 900010884";41310.9100;0;"";"20201216";"";""
1234;0;0;"20220930";"FC - 900015986";33.9100;0;"";"20220930";"";""
6379;0;0;"20230430";"FC - 900017609";3410.8100;0;"";"20230430";"";""
6379;0;0;"20230622";"FC - 900018013";354353.8300;0;"";"20230622";"";""
6379;0;0;"20230630";"FC - 900018142";136856.8100;0;"";"20230630";"";""
6383;0;0;"20230331";"FC - 900017389";54064.2500;0;"";"20230331";"";""
6383;0;0;"20230417";"FC - 900017502";57218.9600;0;"";"20230417";"";""
6383;0;0;"20230430";"FC - 900017610";56231.1200;0;"";"20230430";"";""
6383;0;0;"20230516";"FC - 900017750";60503.0200;0;"";"20230516";"";""
6383;0;0;"20230531";"FC - 900017875";60749.1400;0;"";"20230531";"";""
6383;0;0;"20230622";"FC - 900018014";134763.9900;0;"";"20230622";"";""
6383;0;0;"20230630";"FC - 900018143";67059.1700;0;"";"20230630";"";""
6387;0;0;"20130801";"RC - 5002226";-5298.2900;0;"";"20130801";"";""
6392;0;0;"20230430";"FC - 900017611";40935.8800;0;"";"20230430";"";""
6392;0;0;"20230516";"FC - 900017751";353111.5700;0;"";"20230516";"";""
6392;0;0;"20230531";"FC - 900017876";272377.6500;0;"";"20230531";"";""
6392;0;0;"20230622";"FC - 900018015";145392.3900;0;"";"20230622";"";""
6392;0;0;"20230713";"RC - 500000206694";-625489.2300;0;"";"20230713";"";""
892;0;0;"20230705";"RC - 500000206667";-118865.1600;0;"";"20230705";"";""
6401;0;0;"20210330";"RC - 5000007909";-0.3100;0;"";"20210330";"";""
6402;0;0;"20161125";"RC - 5000004458";-16719.8400;0;"";"20161125";"";""
6407;0;0;"20230630";"FC - 900018145";2793.5500;0;"";"20230630";"";""
6409;0;0;"20230622";"FC - 900018019";155410.9500;0;"";"20230622";"";""
6409;0;0;"20230630";"FC - 900018146";161932.8500;0;"";"20230630";"";""
6410;0;0;"20230622";"FC - 900018020";195328.9400;0;"";"20230622";"";""
6410;0;0;"20230630";"FC - 900018147";99752.4000;0;"";"20230630";"";""
6418;0;0;"20230430";"FC - 900017616";104874.6900;0;"";"20230430";"";""
6418;0;0;"20230516";"FC - 900017756";228647.6600;0;"";"20230516";"";""
6418;0;0;"20230531";"FC - 900017881";152925.8400;0;"";"20230531";"";""
6418;0;0;"20230622";"FC - 900018021";337987.9600;0;"";"20230622";"";""
6418;0;0;"20230630";"FC - 900018148";256486.0000;0;"";"20230630";"";""
6422;0;0;"20230622";"FC - 900018022";62233.2000;0;"";"20230622";"";""
6422;0;0;"20230630";"FC - 900018149";246951.3300;0;"";"20230630";"";""
6423;0;0;"20230531";"FC - 900017883";42362.1900;0;"";"20230531";"";""
6423;0;0;"20230622";"FC - 900018023";420025.6000;0;"";"20230622";"";""
6423;0;0;"20230630";"FC - 900018150";488822.3400;0;"";"20230630";"";""
6425;0;0;"20230516";"FC - 900017759";188791.3100;0;"";"20230516";"";""
6425;0;0;"20230531";"FC - 900017884";61771.7100;0;"";"20230531";"";""
6425;0;0;"20230622";"FC - 900018024";209774.9200;0;"";"20230622";"";""
6425;0;0;"20230630";"FC - 900018151";208258.9100;0;"";"20230630";"";""
6427;0;0;"20140902";"RC - 500002873";-892.6100;0;"";"20140902";"";""
1342;0;0;"20230417";"FC - 900017559";343929.1900;0;"";"20230417";"";""
1342;0;0;"20230430";"FC - 900017620";648435.3600;0;"";"20230430";"";""
1342;0;0;"20230430";"FC - 900017621";69862.3800;0;"";"20230430";"";""
1342;0;0;"20230516";"FC - 900017760";271576.4100;0;"";"20230516";"";""
1342;0;0;"20230516";"FC - 900017761";48074.5100;0;"";"20230516";"";""
1342;0;0;"20230622";"FC - 900018025";613016.9800;0;"";"20230622";"";""
1342;0;0;"20230630";"FC - 900018152";698711.1100;0;"";"20230630";"";""
7009;0;0;"20131217";"RC - 500001936";-1915.0300;0;"";"20131217";"";""
6437;0;0;"20221202";"RC - 8943";-24.0200;0;"";"20221202";"";""
6437;0;0;"20230531";"FC - 900017887";0.0700;0;"";"20230531";"";""
6438;0;0;"20230531";"FC - 900017889";323115.2400;0;"";"20230531";"";""
6438;0;0;"20230531";"FC - 900017890";130370.4900;0;"";"20230531";"";""
6438;0;0;"20230622";"FC - 900018026";708013.3500;0;"";"20230622";"";""
6438;0;0;"20230622";"FC - 900018027";742337.9000;0;"";"20230622";"";""
6438;0;0;"20230622";"FC - 900018028";576578.5500;0;"";"20230622";"";""
6438;0;0;"20230630";"FC - 900018153";759126.9000;0;"";"20230630";"";""
6438;0;0;"20230630";"FC - 900018154";759422.8700;0;"";"20230630";"";""
6438;0;0;"20230630";"FC - 900018155";714172.9700;0;"";"20230630";"";""
6439;0;0;"20170621";"RC - 5000204727";-180.5000;0;"";"20170621";"";""
6446;0;0;"20170607";"RC - 5000004719";-214.5300;0;"";"20170607";"";""
6448;0;0;"20230622";"FC - 900018029";32240.8700;0;"";"20230622";"";""
6448;0;0;"20230630";"FC - 900018156";67994.1400;0;"";"20230630";"";""
6448;0;0;"20230710";"RC - 9157";-158000.0000;0;"";"20230710";"";""
6451;0;0;"20230622";"FC - 900018030";416435.4600;0;"";"20230622";"";""
6451;0;0;"20230622";"FC - 900018031";66640.2700;0;"";"20230622";"";""
6451;0;0;"20230630";"FC - 900018157";750934.2200;0;"";"20230630";"";""
6451;0;0;"20230630";"FC - 900018158";673076.5300;0;"";"20230630";"";""
6459;0;0;"20230531";"FC - 900017894";45217.1500;0;"";"20230531";"";""
6459;0;0;"20230622";"FC - 900018032";66337.0400;0;"";"20230622";"";""
6459;0;0;"20230630";"FC - 900018159";66186.2700;0;"";"20230630";"";""
7011;0;0;"20220316";"FC - 900014341";106.5900;0;"";"20220316";"";""
6462;0;0;"20230628";"RC - 500000206629";-31811.3000;0;"";"20230628";"";""
6462;0;0;"20230630";"FC - 900018160";141381.2500;0;"";"20230630";"";""
6464;0;0;"20211111";"RC - 5000008300";-9944.2300;0;"";"20211111";"";""
6465;0;0;"20220426";"RC - 500000205315";-51050.5200;0;"";"20220426";"";""
6469;0;0;"20180911";"RC - 5000005713";-82.8200;0;"";"20180911";"";""
6502;0;0;"20210128";"RC - 5000007635";-2.3400;0;"";"20210128";"";""
6503;0;0;"20220629";"RC - 500000205529";-0.9800;0;"";"20220629";"";""
6503;0;0;"20230316";"FC - 900017280";133234.4300;0;"";"20230316";"";""
6503;0;0;"20230516";"FC - 900017769";73544.0900;0;"";"20230516";"";""
6512;0;0;"20230608";"RC - 500000206582";-0.1800;0;"";"20230608";"";""
6518;0;0;"20230522";"RC - 9107";-9000.0000;0;"";"20230522";"";""
6518;0;0;"20230531";"FC - 900017896";362332.8100;0;"";"20230531";"";""
6518;0;0;"20230622";"FC - 900018035";819782.5000;0;"";"20230622";"";""
6518;0;0;"20230622";"FC - 900018093";85633.1500;0;"";"20230622";"";""
6518;0;0;"20230630";"FC - 900018162";165867.2800;0;"";"20230630";"";""
6519;0;0;"20230630";"FC - 900018163";75395.8300;0;"";"20230630";"";""
6520;0;0;"20230630";"FC - 900018164";36176.8600;0;"";"20230630";"";""
6520;0;0;"20230430";"FC - 900017637";65991.2800;0;"";"20230430";"";""
6520;0;0;"20230430";"FC - 900017638";290496.2000;0;"";"20230430";"";""
6520;0;0;"20230516";"FC - 900017774";678227.9800;0;"";"20230516";"";""
6520;0;0;"20230516";"FC - 900017775";675031.8800;0;"";"20230516";"";""
6520;0;0;"20230516";"FC - 900017776";63748.6100;0;"";"20230516";"";""
6520;0;0;"20230531";"FC - 900017899";675397.7900;0;"";"20230531";"";""
6520;0;0;"20230531";"FC - 900017900";331895.2600;0;"";"20230531";"";""
6520;0;0;"20230622";"FC - 900018038";728967.5400;0;"";"20230622";"";""
6520;0;0;"20230622";"FC - 900018039";728363.1300;0;"";"20230622";"";""
6520;0;0;"20230622";"FC - 900018040";631682.3200;0;"";"20230622";"";""
6520;0;0;"20230630";"FC - 900018165";556535.8800;0;"";"20230630";"";""
6527;0;0;"20221231";"FC - 900016766";69049.2100;0;"";"20221231";"";""
6527;0;0;"20230316";"FC - 900017286";111289.9900;0;"";"20230316";"";""
6527;0;0;"20230531";"FC - 900017901";139187.9900;0;"";"20230531";"";""
6527;0;0;"20230630";"FC - 900018166";509665.3100;0;"";"20230630";"";""
1180;0;0;"20230616";"RC - 9128";-398674.0400;0;"";"20230616";"";""
1180;0;0;"20230622";"FC - 900018041";535069.2600;0;"";"20230622";"";""
1180;0;0;"20230630";"FC - 900018167";698920.2000;0;"";"20230630";"";""
1180;0;0;"20230630";"FC - 900018168";140720.5800;0;"";"20230630";"";""
6530;0;0;"20230331";"FC - 900017407";4471.0300;0;"";"20230331";"";""
6530;0;0;"20230417";"FC - 900017528";126690.6300;0;"";"20230417";"";""
6530;0;0;"20230430";"FC - 900017640";63580.1800;0;"";"20230430";"";""
6531;0;0;"20171024";"RC - 5000005059";-1228.3600;0;"";"20171024";"";""
6537;0;0;"20221017";"FC - 900016137";24201.5900;0;"";"20221017";"";""
6545;0;0;"20220716";"FC - 900015362";24861.9500;0;"";"20220716";"";""
6545;0;0;"20220912";"RC - 8809";-24862.2400;0;"";"20220912";"";""
6549;0;0;"20221206";"FC - 900016597";23912.4200;0;"";"20221206";"";""
6549;0;0;"20230623";"RC - 500000206606";-24625.9200;0;"";"20230623";"";""
6550;0;0;"20201125";"RC - 5000007505";-1581.7000;0;"";"20201125";"";""
6556;0;0;"20230608";"RC - 9119";-191990.4800;0;"";"20230608";"";""
6556;0;0;"20230622";"FC - 900018042";660809.6600;0;"";"20230622";"";""
6556;0;0;"20230622";"FC - 900018043";641397.7700;0;"";"20230622";"";""
6556;0;0;"20230622";"FC - 900018044";639076.0100;0;"";"20230622";"";""
6556;0;0;"20230622";"FC - 900018045";644810.9300;0;"";"20230622";"";""
6556;0;0;"20230622";"FC - 900018046";647202.8900;0;"";"20230622";"";""
6556;0;0;"20230622";"FC - 900018047";660598.4900;0;"";"20230622";"";""
6556;0;0;"20230622";"FC - 900018048";644830.7800;0;"";"20230622";"";""
6556;0;0;"20230622";"FC - 900018049";616632.4500;0;"";"20230622";"";""
6556;0;0;"20230622";"FC - 900018050";675801.1500;0;"";"20230622";"";""
6556;0;0;"20230622";"FC - 900018051";708661.2200;0;"";"20230622";"";""
6556;0;0;"20230622";"FC - 900018052";631414.1700;0;"";"20230622";"";""
6556;0;0;"20230622";"FC - 900018053";648283.6300;0;"";"20230622";"";""
6556;0;0;"20230622";"FC - 900018054";299624.5500;0;"";"20230622";"";""
6556;0;0;"20230630";"FC - 900018169";749126.3700;0;"";"20230630";"";""
6556;0;0;"20230630";"FC - 900018170";643683.6700;0;"";"20230630";"";""
6556;0;0;"20230630";"FC - 900018171";620238.2400;0;"";"20230630";"";""
6556;0;0;"20230630";"FC - 900018172";660132.4600;0;"";"20230630";"";""
6556;0;0;"20230630";"FC - 900018173";633380.7900;0;"";"20230630";"";""
6556;0;0;"20230630";"FC - 900018174";691764.2500;0;"";"20230630";"";""
6556;0;0;"20230630";"FC - 900018175";610083.9400;0;"";"20230630";"";""
6556;0;0;"20230630";"FC - 900018176";663801.6400;0;"";"20230630";"";""
6556;0;0;"20230630";"FC - 900018177";653482.7700;0;"";"20230630";"";""
6556;0;0;"20230630";"FC - 900018178";642072.4600;0;"";"20230630";"";""
6556;0;0;"20230630";"FC - 900018179";626494.9300;0;"";"20230630";"";""
6556;0;0;"20230630";"FC - 900018180";184231.6900;0;"";"20230630";"";""
6560;0;0;"20230202";"RC - 500000206196";-10718.2200;0;"";"20230202";"";""
6561;0;0;"20230516";"FC - 900017795";0.1900;0;"";"20230516";"";""
6561;0;0;"20230531";"FC - 900017917";64383.1300;0;"";"20230531";"";""
6561;0;0;"20230622";"FC - 900018055";231693.2200;0;"";"20230622";"";""
6561;0;0;"20230630";"FC - 900018181";85660.7400;0;"";"20230630";"";""
6563;0;0;"20230614";"RC - 500000206597";-4000.4100;0;"";"20230614";"";""
6563;0;0;"20230622";"FC - 900018056";76612.9700;0;"";"20230622";"";""
6563;0;0;"20230630";"FC - 900018182";149781.0500;0;"";"20230630";"";""
6567;0;0;"20230516";"FC - 900017797";127693.1400;0;"";"20230516";"";""
6569;0;0;"20220426";"RC - 8380";-0.1900;0;"";"20220426";"";""
6571;0;0;"20230706";"RC - 9155";-53517.4700;0;"";"20230706";"";""
6572;0;0;"20190222";"RC - 5000006037";-8465.8400;0;"";"20190222";"";""
6574;0;0;"20230213";"RC - 500000206234";-89522.6500;0;"";"20230213";"";""
6574;0;0;"20230216";"FC - 900017053";166510.7600;0;"";"20230216";"";""
6574;0;0;"20230228";"FC - 900017178";114810.1200;0;"";"20230228";"";""
6574;0;0;"20230316";"FC - 900017298";64427.1800;0;"";"20230316";"";""
6574;0;0;"20230331";"FC - 900017417";176379.2800;0;"";"20230331";"";""
6574;0;0;"20230417";"FC - 900017534";131705.8400;0;"";"20230417";"";""
6574;0;0;"20230430";"FC - 900017658";127099.3700;0;"";"20230430";"";""
6574;0;0;"20230516";"FC - 900017799";209103.1300;0;"";"20230516";"";""
6574;0;0;"20230531";"FC - 900017919";68585.8300;0;"";"20230531";"";""
6577;0;0;"20210401";"RC - 5000007832";-13278.2400;0;"";"20210401";"";""
6578;0;0;"20230530";"RC - 500000206555";-65.0600;0;"";"20230530";"";""
6606;0;0;"20211028";"RC - 50000009383";-2.9700;0;"";"20211028";"";""
6588;0;0;"20230622";"FC - 900018058";152783.4900;0;"";"20230622";"";""
6588;0;0;"20230630";"FC - 900018184";269026.5600;0;"";"20230630";"";""
6593;0;0;"20230622";"FC - 900018059";240797.2600;0;"";"20230622";"";""
6593;0;0;"20230630";"FC - 900018185";242682.4400;0;"";"20230630";"";""
6602;0;0;"20200822";"RC - 5000007303";-675.5400;0;"";"20200822";"";""
6604;0;0;"20230622";"FC - 900018060";223008.9900;0;"";"20230622";"";""
6604;0;0;"20230623";"RC - 9137";-300000.0000;0;"";"20230623";"";""
6604;0;0;"20230630";"FC - 900018186";138865.6500;0;"";"20230630";"";""
6605;0;0;"20230622";"FC - 900018061";58493.7400;0;"";"20230622";"";""
6605;0;0;"20230630";"FC - 900018187";67306.2500;0;"";"20230630";"";""
6607;0;0;"20220317";"N/C - 1900000054";-0.0100;0;"";"20220317";"";""
6608;0;0;"20200814";"RC - 5000007263";-1.4800;0;"";"20200814";"";""
6609;0;0;"20201031";"FC - 900010689";43.5300;0;"";"20201031";"";""
6610;0;0;"20211206";"RC - 5000009560";-0.7800;0;"";"20211206";"";""
6613;0;0;"20230609";"RC - 9123";-217623.0700;0;"";"20230609";"";""
6613;0;0;"20230630";"FC - 900018188";474989.1300;0;"";"20230630";"";""
6614;0;0;"20210226";"RC - 5000007698";-438.3400;0;"";"20210226";"";""
6615;0;0;"20230616";"RC - 9130";-71919.0900;0;"";"20230616";"";""
6615;0;0;"20230630";"FC - 900018189";131111.9700;0;"";"20230630";"";""
6616;0;0;"20210824";"FC - 900012815";129121.3600;0;"";"20210824";"";""
6616;0;0;"20210831";"FC - 900012888";22129.2000;0;"";"20210831";"";""
6617;0;0;"20230418";"RC - 500000206402";-1.0000;0;"";"20230418";"";""
6617;0;0;"20230608";"FC - 900017986";11132000.0000;0;"";"20230608";"";""
6620;0;0;"20210517";"FC - 900012086";31771.5700;0;"";"20210517";"";""
6621;0;0;"20220916";"FC - 900015892";5.2200;0;"";"20220916";"";""
6622;0;0;"20210907";"RC - 5000008220";-30.3000;0;"";"20210907";"";""
6623;0;0;"20221017";"FC - 900016154";14230.2700;0;"";"20221017";"";""
6623;0;0;"20221031";"FC - 900016277";46602.4200;0;"";"20221031";"";""
6623;0;0;"20221116";"FC - 900016413";99555.1700;0;"";"20221116";"";""
6623;0;0;"20221216";"FC - 900016659";49360.7400;0;"";"20221216";"";""
6623;0;0;"20221231";"FC - 900016787";49407.9300;0;"";"20221231";"";""
6623;0;0;"20230216";"FC - 900017066";52598.8200;0;"";"20230216";"";""
6623;0;0;"20230316";"FC - 900017307";56947.4400;0;"";"20230316";"";""
6623;0;0;"20230331";"FC - 900017421";167905.4000;0;"";"20230331";"";""
6623;0;0;"20230404";"RC - 9057";-300000.0000;0;"";"20230404";"";""
6623;0;0;"20230531";"FC - 900017925";64314.4000;0;"";"20230531";"";""
6625;0;0;"20221216";"FC - 900016660";53848.8700;0;"";"20221216";"";""
6625;0;0;"20221231";"FC - 900016788";313518.7400;0;"";"20221231";"";""
6625;0;0;"20230228";"FC - 900017187";105462.8700;0;"";"20230228";"";""
6627;0;0;"20211130";"FC - 900000357";2207.6500;0;"";"20211130";"";""
6630;0;0;"20230630";"FC - 900000440";173543.0400;0;"";"20230630";"";""
6632;0;0;"20230331";"FC - 900017423";57376.7500;0;"";"20230331";"";""
6632;0;0;"20230331";"RC - 8781";-57376.7500;0;"";"20230331";"";""
6633;0;0;"20220615";"RC - 500000205486";-1.0000;0;"";"20220615";"";""
6633;0;0;"20221231";"FC - 900000425";7453.1000;0;"";"20221231";"";""
6634;0;0;"20230622";"FC - 900018063";85493.7600;0;"";"20230622";"";""
6635;0;0;"20230531";"FC - 900017926";65562.1600;0;"";"20230531";"";""
6637;0;0;"20230622";"FC - 900018064";962297.2700;0;"";"20230622";"";""
6637;0;0;"20230622";"FC - 900018065";707292.2000;0;"";"20230622";"";""
6637;0;0;"20230630";"FC - 900018190";985528.6600;0;"";"20230630";"";""
6638;0;0;"20210204";"FC - 1800001586";963.1600;0;"";"20210204";"";""
6639;0;0;"20230617";"RC - 9135";-21.6500;0;"";"20230617";"";""
6639;0;0;"20230630";"FC - 900018191";864903.1700;0;"";"20230630";"";""
6639;0;0;"20230630";"FC - 900018192";905959.0800;0;"";"20230630";"";""
6639;0;0;"20230630";"FC - 900018193";340690.0200;0;"";"20230630";"";""
6640;0;0;"20230622";"FC - 900018068";11061.8000;0;"";"20230622";"";""
6640;0;0;"20230630";"FC - 900018194";83407.7200;0;"";"20230630";"";""
6641;0;0;"20230622";"FC - 900018069";0.0900;0;"";"20230622";"";""
6641;0;0;"20230630";"FC - 900018195";281305.6400;0;"";"20230630";"";""
6643;0;0;"20220421";"RC - 8601";-37000.0000;0;"";"20220421";"";""
6643;0;0;"20220427";"RC - 8603";-35998.0000;0;"";"20220427";"";""
6643;0;0;"20220430";"FC - 900014765";73011.4000;0;"";"20220430";"";""
6644;0;0;"20230616";"RC - 9126";-1296898.3700;0;"";"20230616";"";""
6644;0;0;"20230622";"FC - 900018070";706171.8300;0;"";"20230622";"";""
6644;0;0;"20230622";"FC - 900018071";726296.5800;0;"";"20230622";"";""
6644;0;0;"20230622";"FC - 900018072";593862.1900;0;"";"20230622";"";""
6644;0;0;"20230630";"FC - 900018196";720899.4800;0;"";"20230630";"";""
6644;0;0;"20230630";"FC - 900018197";718887.0100;0;"";"20230630";"";""
6644;0;0;"20230630";"FC - 900018198";518874.7400;0;"";"20230630";"";""
6645;0;0;"20230430";"FC - 900017669";6841.9900;0;"";"20230430";"";""
6645;0;0;"20230516";"FC - 900017810";60313.1800;0;"";"20230516";"";""
6645;0;0;"20230531";"FC - 900017933";61457.8400;0;"";"20230531";"";""
6645;0;0;"20230622";"FC - 900018073";68215.2600;0;"";"20230622";"";""
6645;0;0;"20230630";"FC - 900018199";68811.4300;0;"";"20230630";"";""
6647;0;0;"20221017";"FC - 900016160";30678.3000;0;"";"20221017";"";""
6647;0;0;"20221031";"FC - 900016283";52115.9100;0;"";"20221031";"";""
6647;0;0;"20221130";"FC - 900016541";49131.8700;0;"";"20221130";"";""
6647;0;0;"20221202";"RC - 8948";-182206.6000;0;"";"20221202";"";""
6648;0;0;"20230531";"FC - 900017934";67739.8100;0;"";"20230531";"";""
6648;0;0;"20230531";"FC - 900017953";24684.4100;0;"";"20230531";"";""
6648;0;0;"20230622";"FC - 900018087";270396.2800;0;"";"20230622";"";""
6648;0;0;"20230622";"FC - 900018088";75948.0700;0;"";"20230622";"";""
6648;0;0;"20230630";"FC - 900018200";185440.1400;0;"";"20230630";"";""
6649;0;0;"20221116";"FC - 900016426";90542.8400;0;"";"20221116";"";""
6649;0;0;"20221130";"FC - 900016544";49936.2200;0;"";"20221130";"";""
6649;0;0;"20221216";"FC - 900016670";56130.4500;0;"";"20221216";"";""
6649;0;0;"20221231";"FC - 900016796";16384.1300;0;"";"20221231";"";""
6649;0;0;"20230216";"FC - 900017074";17839.0100;0;"";"20230216";"";""
6649;0;0;"20230316";"FC - 900017313";43068.7300;0;"";"20230316";"";""
6649;0;0;"20230622";"FC - 900018089";106922.8600;0;"";"20230622";"";""
6649;0;0;"20230630";"FC - 900018201";77778.9900;0;"";"20230630";"";""
6651;0;0;"20230331";"FC - 900017429";326113.6400;0;"";"20230331";"";""
6651;0;0;"20230417";"FC - 900017557";60786.2900;0;"";"20230417";"";""
6651;0;0;"20230622";"FC - 900018074";132957.8200;0;"";"20230622";"";""
6651;0;0;"20230630";"FC - 900018202";137157.7400;0;"";"20230630";"";""
6659;0;0;"20230629";"RC - 9144";-22.4400;0;"";"20230629";"";""
6659;0;0;"20230630";"FC - 900018203";70686.7500;0;"";"20230630";"";""
6660;0;0;"20230630";"FC - 900018204";25271.7700;0;"";"20230630";"";""
6661;0;0;"20230710";"RC - 500000206674";-4830721.7500;0;"";"20230710";"";""
6661;0;0;"20230710";"FC - 900018251";4568355.0000;0;"";"20230710";"";""
6662;0;0;"20230430";"FC - 900017674";59454.5700;0;"";"20230430";"";""
6663;0;0;"20230512";"RC - 500000206501";-205.7300;0;"";"20230512";"";""
6664;0;0;"20230430";"FC - 900017675";58276.7400;0;"";"20230430";"";""
6665;0;0;"20230430";"FC - 900017720";57873.0900;0;"";"20230430";"";""
6811;0;0;"20190830";"RC - 5000006502";-2.3700;0;"";"20190830";"";""
6815;0;0;"20210412";"RC - 5000007994";-100.0000;0;"";"20210412";"";""
6815;0;0;"20210531";"RC - 500000204824";-1.1800;0;"";"20210531";"";""
7018;0;0;"20200528";"RC - 500000204719";-57.5000;0;"";"20200528";"";""
7025;0;0;"20210119";"FC - 900011169";3314.0300;0;"";"20210119";"";""
7032;0;0;"20230228";"FC - 900017196";117679.5200;0;"";"20230228";"";""
7032;0;0;"20230316";"FC - 900017319";125277.4700;0;"";"20230316";"";""
7032;0;0;"20230331";"FC - 900017433";56760.8600;0;"";"20230331";"";""
7032;0;0;"20230417";"RC - 500000206396";-299717.8500;0;"";"20230417";"";""
7032;0;0;"20230531";"FC - 900017938";75104.4100;0;"";"20230531";"";""
7032;0;0;"20230622";"FC - 900018077";70832.1900;0;"";"20230622";"";""
7032;0;0;"20230630";"FC - 900018207";70855.1800;0;"";"20230630";"";""
7038;0;0;"20230510";"RC - 9091";-235.0400;0;"";"20230510";"";""
7041;0;0;"20230131";"FC - 900016943";51785.5800;0;"";"20230131";"";""
7041;0;0;"20230216";"FC - 900017080";154238.7000;0;"";"20230216";"";""
7041;0;0;"20230228";"FC - 900017198";51379.0200;0;"";"20230228";"";""
7041;0;0;"20230316";"FC - 900017320";274736.5500;0;"";"20230316";"";""
7041;0;0;"20230406";"RC - 9060";-532139.8500;0;"";"20230406";"";""
7041;0;0;"20230531";"FC - 900017939";187228.1400;0;"";"20230531";"";""
7041;0;0;"20230622";"FC - 900018078";206629.7700;0;"";"20230622";"";""
7041;0;0;"20230630";"FC - 900018208";276004.1500;0;"";"20230630";"";""
7042;0;0;"20131211";"RC - 500001918";-12774.6600;0;"";"20131211";"";""
7042;0;0;"20170524";"RC - 500007093";-0.2400;0;"";"20170524";"";""
7046;0;0;"20220113";"FC - 2000000125";0.0100;0;"";"20220113";"";""
7046;0;0;"20220131";"FC - 900014013";57145.2800;0;"";"20220131";"";""
7046;0;0;"20220331";"FC - 900014507";36867.8500;0;"";"20220331";"";""
7046;0;0;"20221231";"FC - 900016800";61368.0500;0;"";"20221231";"";""
7046;0;0;"20230216";"FC - 900017081";68384.0000;0;"";"20230216";"";""
7046;0;0;"20230516";"FC - 900017817";77150.0800;0;"";"20230516";"";""
7046;0;0;"20230531";"FC - 900017940";71501.3200;0;"";"20230531";"";""
7048;0;0;"20160704";"RC - 500004110";-2120.0000;0;"";"20160704";"";""
7275;0;0;"20230516";"FC - 900017818";27494.8300;0;"";"20230516";"";""
7227;0;0;"20160713";"RC - 500004114";-68.5200;0;"";"20160713";"";""
7231;0;0;"20180514";"RC - 5000007372";-389.7000;0;"";"20180514";"";""
7254;0;0;"20220627";"RC - 8620";-1208.7800;0;"";"20220627";"";""
7259;0;0;"20200818";"RC - 500008628";-15.5900;0;"";"20200818";"";""
7262;0;0;"20230131";"FC - 900016944";247531.4100;0;"";"20230131";"";""
7262;0;0;"20230131";"FC - 900016945";523179.8000;0;"";"20230131";"";""
7262;0;0;"20230131";"FC - 900016946";514512.5700;0;"";"20230131";"";""
7262;0;0;"20230131";"FC - 900016947";536880.6300;0;"";"20230131";"";""
7262;0;0;"20230131";"FC - 900016948";427903.1900;0;"";"20230131";"";""
7262;0;0;"20230216";"FC - 900017082";546696.1500;0;"";"20230216";"";""
7262;0;0;"20230216";"FC - 900017083";487740.1100;0;"";"20230216";"";""
7280;0;0;"20230531";"FC - 900017941";170146.8100;0;"";"20230531";"";""
7280;0;0;"20230630";"FC - 900018209";177482.8000;0;"";"20230630";"";""
7285;0;0;"20221212";"RC - 500000206046";-0.6100;0;"";"20221212";"";""
7299;0;0;"20200407";"RC - 500000204727";-1656.9200;0;"";"20200407";"";""
7300;0;0;"20200707";"RC - 5000007201";-84.6500;0;"";"20200707";"";""
7303;0;0;"20230622";"RC - 500000206603";-31478.4000;0;"";"20230622";"";""
7303;0;0;"20230626";"RC - 500000206614";-297768.0000;0;"";"20230626";"";""
7303;0;0;"20230704";"RC - 500000206653";-208553.5700;0;"";"20230704";"";""
7307;0;0;"20230531";"FC - 900017943";25717.8500;0;"";"20230531";"";""
7307;0;0;"20230622";"FC - 900018080";726653.4000;0;"";"20230622";"";""
7307;0;0;"20230630";"FC - 900018211";817234.0000;0;"";"20230630";"";""
7309;0;0;"20230516";"FC - 900017822";12631.3500;0;"";"20230516";"";""
7309;0;0;"20230531";"FC - 900017944";235538.1200;0;"";"20230531";"";""
7310;0;0;"20200804";"FC - 1800001375";1.9300;0;"";"20200804";"";""
7600;0;0;"20230630";"FC - 900018212";283343.2800;0;"";"20230630";"";""
7600;0;0;"20230630";"RC - 9148";-8597.0500;0;"";"20230630";"";""
8006;0;0;"20221223";"RC - 8972";-84872.8700;0;"";"20221223";"";""
8006;0;0;"20221231";"FC - 900016809";44295.6800;0;"";"20221231";"";""
8006;0;0;"20230216";"FC - 900017089";49630.4500;0;"";"20230216";"";""
8006;0;0;"20230417";"FC - 900017541";56806.6000;0;"";"20230417";"";""
8006;0;0;"20230630";"FC - 900018213";136537.6100;0;"";"20230630";"";""
8019;0;0;"20230630";"FC - 900018214";360229.1100;0;"";"20230630";"";""
8019;0;0;"20230630";"RC - 9150";-490002.0800;0;"";"20230630";"";""
8035;0;0;"20140915";"RC - 500002773";-386.1800;0;"";"20140915";"";""
8035;0;0;"20230531";"FC - 900017947";192406.9400;0;"";"20230531";"";""
8035;0;0;"20230622";"FC - 900018083";81861.9500;0;"";"20230622";"";""
8053;0;0;"20230417";"FC - 900017520";50853.0400;0;"";"20230417";"";""
8053;0;0;"20230430";"FC - 900017685";224355.7800;0;"";"20230430";"";""
8053;0;0;"20230531";"FC - 900017948";71314.0200;0;"";"20230531";"";""
8087;0;0;"20170417";"RC - 5000004654";-69.4200;0;"";"20170417";"";""
8087;0;0;"20170418";"RC - 5000004655";-169.6100;0;"";"20170418";"";""
8087;0;0;"20170419";"RC - 5000004657";-1.5100;0;"";"20170419";"";""
8105;0;0;"20200529";"RC - 5000007032";-16.7000;0;"";"20200529";"";""
8150;0;0;"20230316";"N/D - 1900000071";224727.1100;0;"";"20230316";"";""
8150;0;0;"20230417";"FC - 900017511";2687.3400;0;"";"20230417";"";""
8150;0;0;"20230430";"FC - 1900000107";66172.4800;0;"";"20230430";"";""
8150;0;0;"20230531";"FC - 900017950";62526.8700;0;"";"20230531";"";""
8150;0;0;"20230622";"FC - 900018085";67475.6500;0;"";"20230622";"";""
8150;0;0;"20230630";"FC - 900018216";138077.9400;0;"";"20230630";"";""
8156;0;0;"20211217";"FC - 200000006";1.7000;0;"";"20211217";"";""
8184;0;0;"20221001";"RC - 500000205977";-55.2000;0;"";"20221001";"";""
8186;0;0;"20221130";"FC - 900016561";45736.0600;0;"";"20221130";"";""
8186;0;0;"20230417";"FC - 900017562";65773.7800;0;"";"20230417";"";""
8186;0;0;"20230430";"FC - 900017687";60897.4800;0;"";"20230430";"";""
8186;0;0;"20230516";"FC - 900017827";68175.7600;0;"";"20230516";"";""
8186;0;0;"20230622";"FC - 900018086";76481.4400;0;"";"20230622";"";""
8186;0;0;"20230630";"FC - 900018217";75318.3900;0;"";"20230630";"";""
8188;0;0;"20221226";"RC - 500000206152";-4.0000;0;"";"20221226";"";""
8195;0;0;"20230304";"RC - 500000206414";-0.3500;0;"";"20230304";"";""
5234;0;0;"20210313";"RC - 500000204843";-78.3600;0;"";"20210313";"";""
5294;0;0;"20200707";"RC - 5000007154";-0.0700;0;"";"20200707";"";""
5313;0;0;"20200708";"RC - 5000007155";-0.5000;0;"";"20200708";"";""
5469;0;0;"20201215";"RC - 500000204764";-7.8700;0;"";"20201215";"";""
5470;0;0;"20210625";"RC - 500000204848";-115.5400;0;"";"20210625";"";""
5470;0;0;"20210302";"FC - 1800001614";22208.3400;0;"";"20210302";"";""
5499;0;0;"20210204";"RC - 500000204842";-90.0000;0;"";"20210204";"";""
5499;0;0;"20220114";"RC - 500000205084";-12.6800;0;"";"20220114";"";""
5510;0;0;"20210304";"RC - 500000204783";-9.1200;0;"";"20210304";"";""
5652;0;0;"20230203";"RC - 500000206347";-0.3000;0;"";"20230203";"";""
5672;0;0;"20220719";"RC - 500000205670";-0.1100;0;"";"20220719";"";""
5692;0;0;"20220908";"RC - 500000205894";-0.3200;0;"";"20220908";"";""
5699;0;0;"20221024";"FC - 900016212";847000.0000;0;"";"20221024";"";""
5706;0;0;"20221126";"RC - 500000206174";-0.2800;0;"";"20221126";"";""
5738;0;0;"20230322";"FC - 2000000272";74679.9900;0;"";"20230322";"";""
5738;0;0;"20230322";"RC - 500000206415";-74680.0000;0;"";"20230322";"";""
5738;0;0;"20230711";"FC - 1100000775";24442.0000;0;"";"20230711";"";""
