6529;CAMINOS DEL PILAR SRL;;;CAMINOS DEL PILAR S.R.L.;30-71021184-8;GABINO EZEIZA 9419;0568;1;20230428;;1657;;;;0;1;;2
6459;EL FUTURO DEL OESTE S.A.;;;EL FUTURO DEL OESTE S.A.;30-71455500-2;CRUCERO GRAL BELGRANO 24;20220;1;20230428;;6620;;;;0;1;;2
6520;HORMIGONERA VILLEGAS S.A.;;;HORMIGONERA VILLEGAS S.A.;30-71410417-5;RUTA 33 KM 440;19319;1;20230428;;6230;;;;0;1;;2
6556;HUMEL SERVICE S.R.L.;;;HUMEL SERVICE S.R.L.;30-71524939-8;FRANCISCO BORGES 1949 DPTO 601;0481;1;20230428;;1636;;;;0;1;;2
6518;MULTISERV.DEL NORTE SRL;;;MULTISERVICIOS DEL NORTE S.R.L.;30-71510382-2;GARIBALDI 522;20364;1;20230428;;7000;;;;0;1;;2
6438;OLIVERA SERGIO GUSTAVO;;;OLIVERA SERGIO GUSTAVO;20-22942919-2;BDO. DE IRIGOYEN 146;0652;1;20230428;;1748;;;;0;1;;2
6451;SAN ANTONIO PREMOLD. SRL;;;SAN ANTONIO PREMOLD. SRL;30-71402803-7;SUIPACHA 576 P6 D1;1008;1;20230428;;2134;;;;0;1;;2
6512;TRANSPORTES CHILAVERT S.A;;;TRANSPORTES CHILAVERT S.A.;33-64345899-9;AV .P. GOYENA 1159 PISO 12 D. C;0402;1;20230428;;1406;;;;0;1;;2
6524;TTE. DE CARGA EL SERRANO ;;;TTE. DE CARGA EL SERRANO SRL;30-70869462-9;AVDA. CENTENARIO 1853;20818;1;20230428;;7403;;;;0;1;;2
148;AURELIA S.A.C.I.F.;;;AURELIA S.A.C.I.F.;30-51681359-4;Ruta Panamericana KM 35.5;0581;1;20230428;;1667;;;;0;1;;2
1333;PINT. DIST. Y APLIC. SRL;;;PINTURAS DISTRIB. Y APLICACION SRL;30-71522078-0;;2202;1;20230428;;3000;;;;0;1;;2
1310;TURBO GROUP PART S.R.L.;;;TURBO GROUP PART S.R.L.;30-71498193-1;Carlos Francisco Melo 3853;0436;1;20230428;;1602;;;;0;1;;2
324;V Y F PARRA;;;VANESA PARRA Y FEDERICO PARRA SH;30-71061812-3;;2202;1;20230428;;3000;;;;0;1;;2
870;VALVULAS Y BOMBAS SRL;;;VALVULAS Y BOMBAS SRL;30-70882615-0;Entre R�os 3057;0911;1;20230428;;2001;;;;0;1;;2
297;VICENTE MURILLO E HJOS Y ;;;VICENTE MURILLO E HJOS Y CIA S.C.;30-61341012-7;Jun�n 2260;2202;1;20230428;;3000;;;;0;1;;2
107;ZAGABRIA S.A.;;;ZAGABRIA S.A.;30-66718556-0;Crucero Gral. Belgran;2166;1;20230428;;2930;;;;0;1;;2
924;ZUCCONI OSCAR ALBERTO;;;ZUCCONI OSCAR ALBERTO;20-06150773-7;AV. SARMIENTO 1201;2166;1;20230428;;2930;;;;0;1;;2